/experiment/.venv-clean/lib/python3.12/site-packages/verl/workers/engine/__init__.py:31: UserWarning: torchtitan engine is not available: ModuleNotFoundError("No module named 'torchtitan'")
  warnings.warn(f"torchtitan engine is not available: {e!r}", stacklevel=1)
/experiment/.venv-clean/lib/python3.12/site-packages/verl/workers/engine/__init__.py:40: UserWarning: veomni engine is not available: ModuleNotFoundError("No module named 'veomni'")
  warnings.warn(f"veomni engine is not available: {e!r}", stacklevel=1)
/experiment/.venv-clean/lib/python3.12/site-packages/verl/workers/engine/__init__.py:49: UserWarning: automodel engine is not available: ModuleNotFoundError("No module named 'nemo_automodel'")
  warnings.warn(f"automodel engine is not available: {e!r}", stacklevel=1)
/experiment/.venv-clean/lib/python3.12/site-packages/verl/workers/engine/mindspeed/transformer_impl.py:24: UserWarning: NPU not support router replay for now.
  from verl.utils.megatron.router_replay_patch import RouterReplay
/experiment/.venv-clean/lib/python3.12/site-packages/verl/workers/engine/__init__.py:59: UserWarning: mindspeed engine is not available: ModuleNotFoundError("No module named 'megatron'")
  warnings.warn(f"mindspeed engine is not available: {e!r}", stacklevel=1)
/experiment/.venv-clean/lib/python3.12/site-packages/verl/workers/engine/__init__.py:69: UserWarning: megatron engine is not available: ModuleNotFoundError("No module named 'megatron'")
  warnings.warn(f"megatron engine is not available: {e!r}", stacklevel=1)
2026-09-19 08:52:41,813	WARNING services.py:2168 -- WARNING: The object store is using /experiment/.cache/ray instead of /dev/shm because /dev/shm has only 8587124736 bytes available. This will harm performance! You may be able to free up space by deleting files in /dev/shm. If you are inside a Docker container, you can increase /dev/shm size by passing '--shm-size=10.24gb' to 'docker run' (or add it to the run_options list in a Ray cluster config). Make sure to set this to more than 30% of available RAM.
2026-09-19 08:52:44,014	INFO worker.py:2013 -- Started a local Ray instance.
/experiment/.venv-clean/lib/python3.12/site-packages/ray/_private/worker.py:2052: FutureWarning: Tip: In future versions of Ray, Ray will no longer override accelerator visible devices env var if num_gpus=0 or num_gpus=None (default). To enable this behavior and turn off this error message, set RAY_ACCEL_ENV_VAR_OVERRIDE_ON_ZERO=0
  warnings.warn(
[36m(pid=50920)[0m WARNING:2026-09-19 08:52:52,264:Platform 'nvidia' (PlatformCUDA) is registered but not available. This may be due to this ray actor being a CPU-only actor.
[36m(pid=50920)[0m /experiment/.venv-clean/lib/python3.12/site-packages/verl/workers/engine/__init__.py:31: UserWarning: torchtitan engine is not available: ModuleNotFoundError("No module named 'torchtitan'")
[36m(pid=50920)[0m   warnings.warn(f"torchtitan engine is not available: {e!r}", stacklevel=1)
[36m(pid=50920)[0m /experiment/.venv-clean/lib/python3.12/site-packages/verl/workers/engine/__init__.py:40: UserWarning: veomni engine is not available: ModuleNotFoundError("No module named 'veomni'")
[36m(pid=50920)[0m   warnings.warn(f"veomni engine is not available: {e!r}", stacklevel=1)
[36m(pid=50920)[0m /experiment/.venv-clean/lib/python3.12/site-packages/verl/workers/engine/__init__.py:49: UserWarning: automodel engine is not available: ModuleNotFoundError("No module named 'nemo_automodel'")
[36m(pid=50920)[0m   warnings.warn(f"automodel engine is not available: {e!r}", stacklevel=1)
[36m(pid=50920)[0m /experiment/.venv-clean/lib/python3.12/site-packages/verl/workers/engine/mindspeed/transformer_impl.py:24: UserWarning: NPU not support router replay for now.
[36m(pid=50920)[0m   from verl.utils.megatron.router_replay_patch import RouterReplay
[36m(pid=50920)[0m /experiment/.venv-clean/lib/python3.12/site-packages/verl/workers/engine/__init__.py:59: UserWarning: mindspeed engine is not available: ModuleNotFoundError("No module named 'megatron'")
[36m(pid=50920)[0m   warnings.warn(f"mindspeed engine is not available: {e!r}", stacklevel=1)
[36m(pid=50920)[0m /experiment/.venv-clean/lib/python3.12/site-packages/verl/workers/engine/__init__.py:69: UserWarning: megatron engine is not available: ModuleNotFoundError("No module named 'megatron'")
[36m(pid=50920)[0m   warnings.warn(f"megatron engine is not available: {e!r}", stacklevel=1)
[36m(SpecoTaskRunner pid=50920)[0m WARNING:2026-09-19 08:52:54,039:[speco vllm compat] patched transformers.configuration_utils missing ALLOWED_ATTENTION_LAYER_TYPES for vLLM import
[36m(SpecoTaskRunner pid=50920)[0m W0919 08:52:55.101000 50920 torch/utils/cpp_extension.py:178] No CUDA runtime is found, using CUDA_HOME='/usr/local/cuda'
ray init kwargs: {'num_cpus': 16, 'runtime_env': {'env_vars': {'NCCL_DEBUG': 'WARN', 'VLLM_LOGGING_LEVEL': 'WARN', 'VLLM_ALLOW_RUNTIME_LORA_UPDATING': 'true', 'VLLM_DISABLE_COMPILE_CACHE': '1', 'HCCL_HOST_SOCKET_PORT_RANGE': 'auto', 'HCCL_NPU_SOCKET_PORT_RANGE': 'auto', 'HSA_NO_SCRATCH_RECLAIM': '1', 'VERL_FULL_DETERMINISM': '0', 'VLLM_BATCH_INVARIANT': '0', 'VERL_RL_INSIGHT_ENABLE': '0'}, 'working_dir': None}}
[36m(SpecoTaskRunner pid=50920)[0m SpecoTaskRunner hostname: 01938c56e757, PID: 50920
[36m(SpecoTaskRunner pid=50920)[0m {'actor_rollout_ref': {'actor': {'_target_': 'verl.workers.config.FSDPActorConfig',
[36m(SpecoTaskRunner pid=50920)[0m                                  'calculate_entropy': False,
[36m(SpecoTaskRunner pid=50920)[0m                                  'calculate_sum_pi_squared': False,
[36m(SpecoTaskRunner pid=50920)[0m                                  'checkpoint': {'_target_': 'verl.trainer.config.CheckpointConfig',
[36m(SpecoTaskRunner pid=50920)[0m                                                 'async_save': False,
[36m(SpecoTaskRunner pid=50920)[0m                                                 'load_contents': ['model',
[36m(SpecoTaskRunner pid=50920)[0m                                                                   'optimizer',
[36m(SpecoTaskRunner pid=50920)[0m                                                                   'extra'],
[36m(SpecoTaskRunner pid=50920)[0m                                                 'save_contents': ['model',
[36m(SpecoTaskRunner pid=50920)[0m                                                                   'optimizer',
[36m(SpecoTaskRunner pid=50920)[0m                                                                   'extra'],
[36m(SpecoTaskRunner pid=50920)[0m                                                 'strict': True},
[36m(SpecoTaskRunner pid=50920)[0m                                  'clip_ratio': 0.2,
[36m(SpecoTaskRunner pid=50920)[0m                                  'clip_ratio_c': 3.0,
[36m(SpecoTaskRunner pid=50920)[0m                                  'clip_ratio_high': 0.2,
[36m(SpecoTaskRunner pid=50920)[0m                                  'clip_ratio_low': 0.2,
[36m(SpecoTaskRunner pid=50920)[0m                                  'data_loader_seed': 42,
[36m(SpecoTaskRunner pid=50920)[0m                                  'entropy_checkpointing': False,
[36m(SpecoTaskRunner pid=50920)[0m                                  'entropy_coeff': 0,
[36m(SpecoTaskRunner pid=50920)[0m                                  'entropy_from_logits_chunk_size': 2048,
[36m(SpecoTaskRunner pid=50920)[0m                                  'entropy_from_logits_with_chunking': False,
[36m(SpecoTaskRunner pid=50920)[0m                                  'freeze_vision_tower': False,
[36m(SpecoTaskRunner pid=50920)[0m                                  'fsdp_config': {'_target_': 'verl.workers.config.FSDPEngineConfig',
[36m(SpecoTaskRunner pid=50920)[0m                                                  'dtype': 'bfloat16',
[36m(SpecoTaskRunner pid=50920)[0m                                                  'entropy_checkpointing': False,
[36m(SpecoTaskRunner pid=50920)[0m                                                  'entropy_from_logits_chunk_size': 2048,
[36m(SpecoTaskRunner pid=50920)[0m                                                  'entropy_from_logits_with_chunking': False,
[36m(SpecoTaskRunner pid=50920)[0m                                                  'forward_only': False,
[36m(SpecoTaskRunner pid=50920)[0m                                                  'forward_prefetch': False,
[36m(SpecoTaskRunner pid=50920)[0m                                                  'fsdp_size': -1,
[36m(SpecoTaskRunner pid=50920)[0m                                                  'full_determinism': False,
[36m(SpecoTaskRunner pid=50920)[0m                                                  'model_dtype': 'bf16',
[36m(SpecoTaskRunner pid=50920)[0m                                                  'offload_policy': False,
[36m(SpecoTaskRunner pid=50920)[0m                                                  'optimizer_offload': True,
[36m(SpecoTaskRunner pid=50920)[0m                                                  'pad_to_length': False,
[36m(SpecoTaskRunner pid=50920)[0m                                                  'pad_to_length_bucket': 1024,
[36m(SpecoTaskRunner pid=50920)[0m                                                  'param_offload': True,
[36m(SpecoTaskRunner pid=50920)[0m                                                  'qat': {'_target_': 'verl.workers.config.QATEngineConfig',
[36m(SpecoTaskRunner pid=50920)[0m                                                          'activation_observer': 'static_minmax',
[36m(SpecoTaskRunner pid=50920)[0m                                                          'enable': False,
[36m(SpecoTaskRunner pid=50920)[0m                                                          'group_size': 16,
[36m(SpecoTaskRunner pid=50920)[0m                                                          'ignore_patterns': ['lm_head',
[36m(SpecoTaskRunner pid=50920)[0m                                                                              'embed_tokens',
[36m(SpecoTaskRunner pid=50920)[0m                                                                              're:.*mlp.gate$'],
[36m(SpecoTaskRunner pid=50920)[0m                                                          'mode': 'w4a16',
[36m(SpecoTaskRunner pid=50920)[0m                                                          'quantization_config_path': None},
[36m(SpecoTaskRunner pid=50920)[0m                                                  'reshard_after_forward': True,
[36m(SpecoTaskRunner pid=50920)[0m                                                  'seed': 42,
[36m(SpecoTaskRunner pid=50920)[0m                                                  'strategy': 'fsdp',
[36m(SpecoTaskRunner pid=50920)[0m                                                  'ulysses_sequence_parallel_size': 1,
[36m(SpecoTaskRunner pid=50920)[0m                                                  'use_orig_params': False,
[36m(SpecoTaskRunner pid=50920)[0m                                                  'use_torch_compile': False,
[36m(SpecoTaskRunner pid=50920)[0m                                                  'wrap_policy': {'min_num_params': 0}},
[36m(SpecoTaskRunner pid=50920)[0m                                  'grad_clip': 1.0,
[36m(SpecoTaskRunner pid=50920)[0m                                  'kl_loss_coef': 0.001,
[36m(SpecoTaskRunner pid=50920)[0m                                  'kl_loss_type': 'low_var_kl',
[36m(SpecoTaskRunner pid=50920)[0m                                  'loss_agg_mode': 'token-mean',
[36m(SpecoTaskRunner pid=50920)[0m                                  'loss_scale_factor': None,
[36m(SpecoTaskRunner pid=50920)[0m                                  'optim': {'_target_': 'verl.workers.config.FSDPOptimizerConfig',
[36m(SpecoTaskRunner pid=50920)[0m                                            'betas': [0.9, 0.999],
[36m(SpecoTaskRunner pid=50920)[0m                                            'clip_grad': 1.0,
[36m(SpecoTaskRunner pid=50920)[0m                                            'lr': 1e-06,
[36m(SpecoTaskRunner pid=50920)[0m                                            'lr_scheduler_type': 'constant',
[36m(SpecoTaskRunner pid=50920)[0m                                            'lr_warmup_steps': -1,
[36m(SpecoTaskRunner pid=50920)[0m                                            'lr_warmup_steps_ratio': 0.0,
[36m(SpecoTaskRunner pid=50920)[0m                                            'min_lr_ratio': 0.0,
[36m(SpecoTaskRunner pid=50920)[0m                                            'num_cycles': 0.5,
[36m(SpecoTaskRunner pid=50920)[0m                                            'optimizer': 'AdamW',
[36m(SpecoTaskRunner pid=50920)[0m                                            'optimizer_impl': 'torch.optim',
[36m(SpecoTaskRunner pid=50920)[0m                                            'override_optimizer_config': None,
[36m(SpecoTaskRunner pid=50920)[0m                                            'total_training_steps': -1,
[36m(SpecoTaskRunner pid=50920)[0m                                            'warmup_style': None,
[36m(SpecoTaskRunner pid=50920)[0m                                            'weight_decay': 0.01,
[36m(SpecoTaskRunner pid=50920)[0m                                            'zero_indexed_step': True},
[36m(SpecoTaskRunner pid=50920)[0m                                  'pad_to_length': False,
[36m(SpecoTaskRunner pid=50920)[0m                                  'policy_loss': {'_target_': 'verl.workers.config.PolicyLossConfig',
[36m(SpecoTaskRunner pid=50920)[0m                                                  'clip_cov_lb': 1.0,
[36m(SpecoTaskRunner pid=50920)[0m                                                  'clip_cov_ratio': 0.0002,
[36m(SpecoTaskRunner pid=50920)[0m                                                  'clip_cov_ub': 5.0,
[36m(SpecoTaskRunner pid=50920)[0m                                                  'dro_beta': None,
[36m(SpecoTaskRunner pid=50920)[0m                                                  'kl_cov_ratio': 0.0002,
[36m(SpecoTaskRunner pid=50920)[0m                                                  'loss_mode': 'vanilla',
[36m(SpecoTaskRunner pid=50920)[0m                                                  'ppo_kl_coef': 0.1},
[36m(SpecoTaskRunner pid=50920)[0m                                  'ppo_epochs': 1,
[36m(SpecoTaskRunner pid=50920)[0m                                  'ppo_max_token_len_per_gpu': 16384,
[36m(SpecoTaskRunner pid=50920)[0m                                  'ppo_micro_batch_size': None,
[36m(SpecoTaskRunner pid=50920)[0m                                  'ppo_micro_batch_size_per_gpu': 1,
[36m(SpecoTaskRunner pid=50920)[0m                                  'ppo_mini_batch_size': 2,
[36m(SpecoTaskRunner pid=50920)[0m                                  'profiler': {'_target_': 'verl.utils.profiler.ProfilerConfig',
[36m(SpecoTaskRunner pid=50920)[0m                                               'all_ranks': False,
[36m(SpecoTaskRunner pid=50920)[0m                                               'enable': False,
[36m(SpecoTaskRunner pid=50920)[0m                                               'ranks': [],
[36m(SpecoTaskRunner pid=50920)[0m                                               'save_path': 'outputs/profile',
[36m(SpecoTaskRunner pid=50920)[0m                                               'tool': None,
[36m(SpecoTaskRunner pid=50920)[0m                                               'tool_config': {'npu': {'_target_': 'verl.utils.profiler.config.NPUToolConfig',
[36m(SpecoTaskRunner pid=50920)[0m                                                                       'analysis': True,
[36m(SpecoTaskRunner pid=50920)[0m                                                                       'contents': [],
[36m(SpecoTaskRunner pid=50920)[0m                                                                       'discrete': False,
[36m(SpecoTaskRunner pid=50920)[0m                                                                       'level': 'level0'},
[36m(SpecoTaskRunner pid=50920)[0m                                                               'nsys': {'_target_': 'verl.utils.profiler.config.NsightToolConfig',
[36m(SpecoTaskRunner pid=50920)[0m                                                                        'discrete': False},
[36m(SpecoTaskRunner pid=50920)[0m                                                               'precision_debugger': {'_target_': 'verl.utils.profiler.config.PrecisionDebuggerToolConfig',
[36m(SpecoTaskRunner pid=50920)[0m                                                                                      'config_path': None,
[36m(SpecoTaskRunner pid=50920)[0m                                                                                      'stages': None,
[36m(SpecoTaskRunner pid=50920)[0m                                                                                      'steps': None,
[36m(SpecoTaskRunner pid=50920)[0m                                                                                      'strict': False},
[36m(SpecoTaskRunner pid=50920)[0m                                                               'torch': {'_target_': 'verl.utils.profiler.config.TorchProfilerToolConfig',
[36m(SpecoTaskRunner pid=50920)[0m                                                                         'contents': [],
[36m(SpecoTaskRunner pid=50920)[0m                                                                         'discrete': False,
[36m(SpecoTaskRunner pid=50920)[0m                                                                         'schedule': {'_target_': 'verl.utils.profiler.config.TorchProfilerScheduleConfig',
[36m(SpecoTaskRunner pid=50920)[0m                                                                                      'active': 0,
[36m(SpecoTaskRunner pid=50920)[0m                                                                                      'repeat': 0,
[36m(SpecoTaskRunner pid=50920)[0m                                                                                      'skip_first': 0,
[36m(SpecoTaskRunner pid=50920)[0m                                                                                      'wait': 0,
[36m(SpecoTaskRunner pid=50920)[0m                                                                                      'warmup': 0}},
[36m(SpecoTaskRunner pid=50920)[0m                                                               'torch_memory': {'_target_': 'verl.utils.profiler.config.TorchMemoryToolConfig',
[36m(SpecoTaskRunner pid=50920)[0m                                                                                'stack_depth': 32,
[36m(SpecoTaskRunner pid=50920)[0m                                                                                'trace_alloc_max_entries': 100000}}},
[36m(SpecoTaskRunner pid=50920)[0m                                  'qat': {'activation_observer': 'static_minmax',
[36m(SpecoTaskRunner pid=50920)[0m                                          'enable': False,
[36m(SpecoTaskRunner pid=50920)[0m                                          'group_size': 16,
[36m(SpecoTaskRunner pid=50920)[0m                                          'ignore_patterns': ['lm_head',
[36m(SpecoTaskRunner pid=50920)[0m                                                              'embed_tokens',
[36m(SpecoTaskRunner pid=50920)[0m                                                              're:.*mlp.gate$'],
[36m(SpecoTaskRunner pid=50920)[0m                                          'mode': 'w4a16',
[36m(SpecoTaskRunner pid=50920)[0m                                          'quantization_config_path': None},
[36m(SpecoTaskRunner pid=50920)[0m                                  'rollout_n': 2,
[36m(SpecoTaskRunner pid=50920)[0m                                  'router_replay': {'_target_': 'verl.workers.config.RouterReplayConfig',
[36m(SpecoTaskRunner pid=50920)[0m                                                    'mode': 'disabled',
[36m(SpecoTaskRunner pid=50920)[0m                                                    'record_file': None,
[36m(SpecoTaskRunner pid=50920)[0m                                                    'replay_file': None},
[36m(SpecoTaskRunner pid=50920)[0m                                  'shuffle': False,
[36m(SpecoTaskRunner pid=50920)[0m                                  'strategy': 'fsdp2',
[36m(SpecoTaskRunner pid=50920)[0m                                  'tau_neg': 1.05,
[36m(SpecoTaskRunner pid=50920)[0m                                  'tau_pos': 1.0,
[36m(SpecoTaskRunner pid=50920)[0m                                  'ulysses_sequence_parallel_size': 1,
[36m(SpecoTaskRunner pid=50920)[0m                                  'use_dynamic_bsz': False,
[36m(SpecoTaskRunner pid=50920)[0m                                  'use_fused_kernels': False,
[36m(SpecoTaskRunner pid=50920)[0m                                  'use_kl_loss': False,
[36m(SpecoTaskRunner pid=50920)[0m                                  'use_prefix_grouper': False,
[36m(SpecoTaskRunner pid=50920)[0m                                  'use_remove_padding': True,
[36m(SpecoTaskRunner pid=50920)[0m                                  'use_torch_compile': True},
[36m(SpecoTaskRunner pid=50920)[0m                        'hybrid_engine': True,
[36m(SpecoTaskRunner pid=50920)[0m                        'model': {'_target_': 'verl.workers.config.HFModelConfig',
[36m(SpecoTaskRunner pid=50920)[0m                                  'custom_chat_template': None,
[36m(SpecoTaskRunner pid=50920)[0m                                  'enable_activation_offload': False,
[36m(SpecoTaskRunner pid=50920)[0m                                  'enable_gradient_checkpointing': True,
[36m(SpecoTaskRunner pid=50920)[0m                                  'exclude_modules': None,
[36m(SpecoTaskRunner pid=50920)[0m                                  'external_lib': None,
[36m(SpecoTaskRunner pid=50920)[0m                                  'fused_kernel_options': {'impl_backend': 'torch'},
[36m(SpecoTaskRunner pid=50920)[0m                                  'hf_config_path': None,
[36m(SpecoTaskRunner pid=50920)[0m                                  'lora': {'a2a_experimental': False,
[36m(SpecoTaskRunner pid=50920)[0m                                           'adapter_path': None,
[36m(SpecoTaskRunner pid=50920)[0m                                           'alpha': 32,
[36m(SpecoTaskRunner pid=50920)[0m                                           'dropout': 0.0,
[36m(SpecoTaskRunner pid=50920)[0m                                           'dropout_position': 'pre',
[36m(SpecoTaskRunner pid=50920)[0m                                           'dtype': None,
[36m(SpecoTaskRunner pid=50920)[0m                                           'exclude_modules': [],
[36m(SpecoTaskRunner pid=50920)[0m                                           'freeze_language_model': True,
[36m(SpecoTaskRunner pid=50920)[0m                                           'freeze_vision_model': True,
[36m(SpecoTaskRunner pid=50920)[0m                                           'freeze_vision_projection': True,
[36m(SpecoTaskRunner pid=50920)[0m                                           'lora_A_init_method': 'xavier',
[36m(SpecoTaskRunner pid=50920)[0m                                           'lora_B_init_method': 'zero',
[36m(SpecoTaskRunner pid=50920)[0m                                           'merge': False,
[36m(SpecoTaskRunner pid=50920)[0m                                           'rank': 0,
[36m(SpecoTaskRunner pid=50920)[0m                                           'target_modules': ['linear_qkv',
[36m(SpecoTaskRunner pid=50920)[0m                                                              'linear_proj',
[36m(SpecoTaskRunner pid=50920)[0m                                                              'linear_fc1',
[36m(SpecoTaskRunner pid=50920)[0m                                                              'linear_fc2'],
[36m(SpecoTaskRunner pid=50920)[0m                                           'type': 'lora'},
[36m(SpecoTaskRunner pid=50920)[0m                                  'lora_adapter_path': None,
[36m(SpecoTaskRunner pid=50920)[0m                                  'lora_alpha': 16,
[36m(SpecoTaskRunner pid=50920)[0m                                  'lora_rank': 0,
[36m(SpecoTaskRunner pid=50920)[0m                                  'mtp': {'_target_': 'verl.workers.config.MtpConfig',
[36m(SpecoTaskRunner pid=50920)[0m                                          'detach_encoder': False,
[36m(SpecoTaskRunner pid=50920)[0m                                          'enable': False,
[36m(SpecoTaskRunner pid=50920)[0m                                          'enable_rollout': False,
[36m(SpecoTaskRunner pid=50920)[0m                                          'enable_train': False,
[36m(SpecoTaskRunner pid=50920)[0m                                          'method': 'mtp',
[36m(SpecoTaskRunner pid=50920)[0m                                          'mtp_loss_scaling_factor': 0.1,
[36m(SpecoTaskRunner pid=50920)[0m                                          'num_speculative_tokens': 1,
[36m(SpecoTaskRunner pid=50920)[0m                                          'speculative_algorithm': 'EAGLE',
[36m(SpecoTaskRunner pid=50920)[0m                                          'speculative_eagle_topk': 1,
[36m(SpecoTaskRunner pid=50920)[0m                                          'speculative_num_draft_tokens': 4,
[36m(SpecoTaskRunner pid=50920)[0m                                          'speculative_num_steps': 3},
[36m(SpecoTaskRunner pid=50920)[0m                                  'override_config': {'attn_implementation': 'flash_attention_2'},
[36m(SpecoTaskRunner pid=50920)[0m                                  'path': '/experiment/models/target',
[36m(SpecoTaskRunner pid=50920)[0m                                  'target_modules': 'all-linear',
[36m(SpecoTaskRunner pid=50920)[0m                                  'tiled_mlp': {'enabled': False,
[36m(SpecoTaskRunner pid=50920)[0m                                                'num_shards': 4},
[36m(SpecoTaskRunner pid=50920)[0m                                  'tokenizer_path': None,
[36m(SpecoTaskRunner pid=50920)[0m                                  'trust_remote_code': False,
[36m(SpecoTaskRunner pid=50920)[0m                                  'use_fused_kernels': False,
[36m(SpecoTaskRunner pid=50920)[0m                                  'use_liger': False,
[36m(SpecoTaskRunner pid=50920)[0m                                  'use_remove_padding': True,
[36m(SpecoTaskRunner pid=50920)[0m                                  'use_shm': False},
[36m(SpecoTaskRunner pid=50920)[0m                        'nccl_timeout': 600,
[36m(SpecoTaskRunner pid=50920)[0m                        'ref': {'_target_': 'verl.workers.config.FSDPActorConfig',
[36m(SpecoTaskRunner pid=50920)[0m                                'entropy_checkpointing': False,
[36m(SpecoTaskRunner pid=50920)[0m                                'entropy_from_logits_chunk_size': 2048,
[36m(SpecoTaskRunner pid=50920)[0m                                'entropy_from_logits_with_chunking': False,
[36m(SpecoTaskRunner pid=50920)[0m                                'fsdp_config': {'_target_': 'verl.workers.config.FSDPEngineConfig',
[36m(SpecoTaskRunner pid=50920)[0m                                                'dtype': 'bfloat16',
[36m(SpecoTaskRunner pid=50920)[0m                                                'entropy_checkpointing': False,
[36m(SpecoTaskRunner pid=50920)[0m                                                'entropy_from_logits_chunk_size': 2048,
[36m(SpecoTaskRunner pid=50920)[0m                                                'entropy_from_logits_with_chunking': False,
[36m(SpecoTaskRunner pid=50920)[0m                                                'forward_only': True,
[36m(SpecoTaskRunner pid=50920)[0m                                                'forward_prefetch': False,
[36m(SpecoTaskRunner pid=50920)[0m                                                'fsdp_size': -1,
[36m(SpecoTaskRunner pid=50920)[0m                                                'full_determinism': False,
[36m(SpecoTaskRunner pid=50920)[0m                                                'model_dtype': 'fp32',
[36m(SpecoTaskRunner pid=50920)[0m                                                'offload_policy': False,
[36m(SpecoTaskRunner pid=50920)[0m                                                'optimizer_offload': False,
[36m(SpecoTaskRunner pid=50920)[0m                                                'pad_to_length': False,
[36m(SpecoTaskRunner pid=50920)[0m                                                'pad_to_length_bucket': 1024,
[36m(SpecoTaskRunner pid=50920)[0m                                                'param_offload': False,
[36m(SpecoTaskRunner pid=50920)[0m                                                'qat': {'_target_': 'verl.workers.config.QATEngineConfig',
[36m(SpecoTaskRunner pid=50920)[0m                                                        'activation_observer': 'static_minmax',
[36m(SpecoTaskRunner pid=50920)[0m                                                        'enable': False,
[36m(SpecoTaskRunner pid=50920)[0m                                                        'group_size': 16,
[36m(SpecoTaskRunner pid=50920)[0m                                                        'ignore_patterns': ['lm_head',
[36m(SpecoTaskRunner pid=50920)[0m                                                                            'embed_tokens',
[36m(SpecoTaskRunner pid=50920)[0m                                                                            're:.*mlp.gate$'],
[36m(SpecoTaskRunner pid=50920)[0m                                                        'mode': 'w4a16',
[36m(SpecoTaskRunner pid=50920)[0m                                                        'quantization_config_path': None},
[36m(SpecoTaskRunner pid=50920)[0m                                                'reshard_after_forward': True,
[36m(SpecoTaskRunner pid=50920)[0m                                                'seed': 42,
[36m(SpecoTaskRunner pid=50920)[0m                                                'strategy': 'fsdp',
[36m(SpecoTaskRunner pid=50920)[0m                                                'ulysses_sequence_parallel_size': 1,
[36m(SpecoTaskRunner pid=50920)[0m                                                'use_orig_params': False,
[36m(SpecoTaskRunner pid=50920)[0m                                                'use_torch_compile': True,
[36m(SpecoTaskRunner pid=50920)[0m                                                'wrap_policy': {'min_num_params': 0}},
[36m(SpecoTaskRunner pid=50920)[0m                                'log_prob_max_token_len_per_gpu': 16384,
[36m(SpecoTaskRunner pid=50920)[0m                                'log_prob_micro_batch_size': None,
[36m(SpecoTaskRunner pid=50920)[0m                                'log_prob_micro_batch_size_per_gpu': None,
[36m(SpecoTaskRunner pid=50920)[0m                                'log_prob_use_dynamic_bsz': False,
[36m(SpecoTaskRunner pid=50920)[0m                                'pad_to_length': False,
[36m(SpecoTaskRunner pid=50920)[0m                                'profiler': {'_target_': 'verl.utils.profiler.ProfilerConfig',
[36m(SpecoTaskRunner pid=50920)[0m                                             'all_ranks': False,
[36m(SpecoTaskRunner pid=50920)[0m                                             'enable': False,
[36m(SpecoTaskRunner pid=50920)[0m                                             'ranks': [],
[36m(SpecoTaskRunner pid=50920)[0m                                             'save_path': 'outputs/profile',
[36m(SpecoTaskRunner pid=50920)[0m                                             'tool': None,
[36m(SpecoTaskRunner pid=50920)[0m                                             'tool_config': {'npu': {'_target_': 'verl.utils.profiler.config.NPUToolConfig',
[36m(SpecoTaskRunner pid=50920)[0m                                                                     'analysis': True,
[36m(SpecoTaskRunner pid=50920)[0m                                                                     'contents': [],
[36m(SpecoTaskRunner pid=50920)[0m                                                                     'discrete': False,
[36m(SpecoTaskRunner pid=50920)[0m                                                                     'level': 'level0'},
[36m(SpecoTaskRunner pid=50920)[0m                                                             'nsys': {'_target_': 'verl.utils.profiler.config.NsightToolConfig',
[36m(SpecoTaskRunner pid=50920)[0m                                                                      'discrete': False},
[36m(SpecoTaskRunner pid=50920)[0m                                                             'precision_debugger': {'_target_': 'verl.utils.profiler.config.PrecisionDebuggerToolConfig',
[36m(SpecoTaskRunner pid=50920)[0m                                                                                    'config_path': None,
[36m(SpecoTaskRunner pid=50920)[0m                                                                                    'stages': None,
[36m(SpecoTaskRunner pid=50920)[0m                                                                                    'steps': None,
[36m(SpecoTaskRunner pid=50920)[0m                                                                                    'strict': False},
[36m(SpecoTaskRunner pid=50920)[0m                                                             'torch': {'_target_': 'verl.utils.profiler.config.TorchProfilerToolConfig',
[36m(SpecoTaskRunner pid=50920)[0m                                                                       'contents': [],
[36m(SpecoTaskRunner pid=50920)[0m                                                                       'discrete': False,
[36m(SpecoTaskRunner pid=50920)[0m                                                                       'schedule': {'_target_': 'verl.utils.profiler.config.TorchProfilerScheduleConfig',
[36m(SpecoTaskRunner pid=50920)[0m                                                                                    'active': 0,
[36m(SpecoTaskRunner pid=50920)[0m                                                                                    'repeat': 0,
[36m(SpecoTaskRunner pid=50920)[0m                                                                                    'skip_first': 0,
[36m(SpecoTaskRunner pid=50920)[0m                                                                                    'wait': 0,
[36m(SpecoTaskRunner pid=50920)[0m                                                                                    'warmup': 0}},
[36m(SpecoTaskRunner pid=50920)[0m                                                             'torch_memory': {'_target_': 'verl.utils.profiler.config.TorchMemoryToolConfig',
[36m(SpecoTaskRunner pid=50920)[0m                                                                              'stack_depth': 32,
[36m(SpecoTaskRunner pid=50920)[0m                                                                              'trace_alloc_max_entries': 100000}}},
[36m(SpecoTaskRunner pid=50920)[0m                                'rollout_n': 2,
[36m(SpecoTaskRunner pid=50920)[0m                                'router_replay': {'_target_': 'verl.workers.config.RouterReplayConfig',
[36m(SpecoTaskRunner pid=50920)[0m                                                  'mode': 'disabled',
[36m(SpecoTaskRunner pid=50920)[0m                                                  'record_file': None,
[36m(SpecoTaskRunner pid=50920)[0m                                                  'replay_file': None},
[36m(SpecoTaskRunner pid=50920)[0m                                'strategy': 'fsdp2',
[36m(SpecoTaskRunner pid=50920)[0m                                'ulysses_sequence_parallel_size': 1,
[36m(SpecoTaskRunner pid=50920)[0m                                'use_torch_compile': True},
[36m(SpecoTaskRunner pid=50920)[0m                        'rollout': {'_target_': 'verl.workers.config.RolloutConfig',
[36m(SpecoTaskRunner pid=50920)[0m                                    'agent': {'_target_': 'verl.workers.config.AgentLoopConfig',
[36m(SpecoTaskRunner pid=50920)[0m                                              'agent_loop_config_path': None,
[36m(SpecoTaskRunner pid=50920)[0m                                              'custom_async_server': {'_target_': 'verl.workers.config.CustomAsyncServerConfig',
[36m(SpecoTaskRunner pid=50920)[0m                                                                      'name': None,
[36m(SpecoTaskRunner pid=50920)[0m                                                                      'path': None},
[36m(SpecoTaskRunner pid=50920)[0m                                              'default_agent_loop': 'single_turn_agent',
[36m(SpecoTaskRunner pid=50920)[0m                                              'num_workers': 2},
[36m(SpecoTaskRunner pid=50920)[0m                                    'calculate_log_probs': True,
[36m(SpecoTaskRunner pid=50920)[0m                                    'checkpoint_engine': {'_target_': 'verl.workers.config.CheckpointEngineConfig',
[36m(SpecoTaskRunner pid=50920)[0m                                                          'backend': 'naive',
[36m(SpecoTaskRunner pid=50920)[0m                                                          'custom_backend_module': None,
[36m(SpecoTaskRunner pid=50920)[0m                                                          'engine_kwargs': {},
[36m(SpecoTaskRunner pid=50920)[0m                                                          'update_weights_bucket_megabytes': 10240},
[36m(SpecoTaskRunner pid=50920)[0m                                    'cudagraph_capture_sizes': None,
[36m(SpecoTaskRunner pid=50920)[0m                                    'data_parallel_size': 1,
[36m(SpecoTaskRunner pid=50920)[0m                                    'disable_log_stats': True,
[36m(SpecoTaskRunner pid=50920)[0m                                    'disaggregation': {'bootstrap_port': None,
[36m(SpecoTaskRunner pid=50920)[0m                                                       'decode_replicas': 1,
[36m(SpecoTaskRunner pid=50920)[0m                                                       'decode_tensor_model_parallel_size': None,
[36m(SpecoTaskRunner pid=50920)[0m                                                       'enabled': False,
[36m(SpecoTaskRunner pid=50920)[0m                                                       'ib_device': None,
[36m(SpecoTaskRunner pid=50920)[0m                                                       'prefill_replicas': 1,
[36m(SpecoTaskRunner pid=50920)[0m                                                       'transfer_backend': 'nixl'},
[36m(SpecoTaskRunner pid=50920)[0m                                    'do_sample': True,
[36m(SpecoTaskRunner pid=50920)[0m                                    'drafter': {'checkpoint_path': None,
[36m(SpecoTaskRunner pid=50920)[0m                                                'enable': True,
[36m(SpecoTaskRunner pid=50920)[0m                                                'enable_drafter_training': True,
[36m(SpecoTaskRunner pid=50920)[0m                                                'model_path': '/experiment/models/eagle',
[36m(SpecoTaskRunner pid=50920)[0m                                                'rollout': {'cuda_graph_max_bs': None,
[36m(SpecoTaskRunner pid=50920)[0m                                                            'spec_steps': 3,
[36m(SpecoTaskRunner pid=50920)[0m                                                            'spec_topk': 1,
[36m(SpecoTaskRunner pid=50920)[0m                                                            'spec_verify_tokens': 3},
[36m(SpecoTaskRunner pid=50920)[0m                                                'speculative_algorithm': 'EAGLE3',
[36m(SpecoTaskRunner pid=50920)[0m                                                'training': {'allow_sglang_prenorm_last_layer': False,
[36m(SpecoTaskRunner pid=50920)[0m                                                             'batch_size_per_gpu': 1,
[36m(SpecoTaskRunner pid=50920)[0m                                                             'collect_hidden_states_from_old_logprob': True,
[36m(SpecoTaskRunner pid=50920)[0m                                                             'collect_hidden_states_from_sgl': False,
[36m(SpecoTaskRunner pid=50920)[0m                                                             'collect_interval_steps': 1,
[36m(SpecoTaskRunner pid=50920)[0m                                                             'collection_sample_rate': 1.0,
[36m(SpecoTaskRunner pid=50920)[0m                                                             'current_max_samples': 2048,
[36m(SpecoTaskRunner pid=50920)[0m                                                             'data_buffer_max_size': 1024,
[36m(SpecoTaskRunner pid=50920)[0m                                                             'dflash2_block_size': 8,
[36m(SpecoTaskRunner pid=50920)[0m                                                             'dflash2_conv_group_size': 16,
[36m(SpecoTaskRunner pid=50920)[0m                                                             'dflash2_conv_kernel_size': 2,
[36m(SpecoTaskRunner pid=50920)[0m                                                             'dflash2_hidden_size': None,
[36m(SpecoTaskRunner pid=50920)[0m                                                             'dflash2_loss_decay_gamma': 7.0,
[36m(SpecoTaskRunner pid=50920)[0m                                                             'dflash2_mask_token_id': None,
[36m(SpecoTaskRunner pid=50920)[0m                                                             'dflash2_num_anchors': 512,
[36m(SpecoTaskRunner pid=50920)[0m                                                             'dflash2_num_hidden_layers': 5,
[36m(SpecoTaskRunner pid=50920)[0m                                                             'dflash2_num_target_layers': 5,
[36m(SpecoTaskRunner pid=50920)[0m                                                             'dflash2_selector_loss_weight': 1.0,
[36m(SpecoTaskRunner pid=50920)[0m                                                             'dflash2_selector_rank': 256,
[36m(SpecoTaskRunner pid=50920)[0m                                                             'dflash2_selector_top_k': 16,
[36m(SpecoTaskRunner pid=50920)[0m                                                             'dflash2_target_layer_ids': None,
[36m(SpecoTaskRunner pid=50920)[0m                                                             'dflash_block_size': 16,
[36m(SpecoTaskRunner pid=50920)[0m                                                             'dflash_front_position_count': 0,
[36m(SpecoTaskRunner pid=50920)[0m                                                             'dflash_front_position_weight': 1.0,
[36m(SpecoTaskRunner pid=50920)[0m                                                             'dflash_hard_sample_ratio': 0.0,
[36m(SpecoTaskRunner pid=50920)[0m                                                             'dflash_hidden_size': None,
[36m(SpecoTaskRunner pid=50920)[0m                                                             'dflash_loss_decay_gamma': 7.0,
[36m(SpecoTaskRunner pid=50920)[0m                                                             'dflash_loss_mode': 'full_vocab',
[36m(SpecoTaskRunner pid=50920)[0m                                                             'dflash_mask_token_id': None,
[36m(SpecoTaskRunner pid=50920)[0m                                                             'dflash_max_window': 512,
[36m(SpecoTaskRunner pid=50920)[0m                                                             'dflash_num_anchors': 512,
[36m(SpecoTaskRunner pid=50920)[0m                                                             'dflash_num_hidden_layers': 1,
[36m(SpecoTaskRunner pid=50920)[0m                                                             'dflash_num_target_layers': 5,
[36m(SpecoTaskRunner pid=50920)[0m                                                             'dflash_sampled_ce_negatives': 0,
[36m(SpecoTaskRunner pid=50920)[0m                                                             'dflash_target_layer_ids': None,
[36m(SpecoTaskRunner pid=50920)[0m                                                             'domino_block_size': 16,
[36m(SpecoTaskRunner pid=50920)[0m                                                             'domino_emb_dim': 256,
[36m(SpecoTaskRunner pid=50920)[0m                                                             'domino_gru_hidden_dim': 1024,
[36m(SpecoTaskRunner pid=50920)[0m                                                             'domino_hidden_size': None,
[36m(SpecoTaskRunner pid=50920)[0m                                                             'domino_lambda_base_decay_steps': 2000,
[36m(SpecoTaskRunner pid=50920)[0m                                                             'domino_lambda_base_start': 1.0,
[36m(SpecoTaskRunner pid=50920)[0m                                                             'domino_loss_decay_gamma': 7.0,
[36m(SpecoTaskRunner pid=50920)[0m                                                             'domino_mask_token_id': None,
[36m(SpecoTaskRunner pid=50920)[0m                                                             'domino_max_window': 512,
[36m(SpecoTaskRunner pid=50920)[0m                                                             'domino_num_anchors': 512,
[36m(SpecoTaskRunner pid=50920)[0m                                                             'domino_num_hidden_layers': 5,
[36m(SpecoTaskRunner pid=50920)[0m                                                             'domino_num_target_layers': 5,
[36m(SpecoTaskRunner pid=50920)[0m                                                             'domino_pure_draft_prefix_len': 1,
[36m(SpecoTaskRunner pid=50920)[0m                                                             'domino_shift_label': True,
[36m(SpecoTaskRunner pid=50920)[0m                                                             'domino_target_layer_ids': None,
[36m(SpecoTaskRunner pid=50920)[0m                                                             'draft_update_flush_after': True,
[36m(SpecoTaskRunner pid=50920)[0m                                                             'draft_update_flush_before': True,
[36m(SpecoTaskRunner pid=50920)[0m                                                             'draft_update_pause_generation': True,
[36m(SpecoTaskRunner pid=50920)[0m                                                             'draft_update_use_shm': None,
[36m(SpecoTaskRunner pid=50920)[0m                                                             'draft_update_weights_bucket_megabytes': None,
[36m(SpecoTaskRunner pid=50920)[0m                                                             'dspark_block_size': 7,
[36m(SpecoTaskRunner pid=50920)[0m                                                             'dspark_ce_loss_alpha': 0.1,
[36m(SpecoTaskRunner pid=50920)[0m                                                             'dspark_confidence_head_alpha': 0.0,
[36m(SpecoTaskRunner pid=50920)[0m                                                             'dspark_confidence_head_with_markov': True,
[36m(SpecoTaskRunner pid=50920)[0m                                                             'dspark_confidence_loss_alpha': 0.0,
[36m(SpecoTaskRunner pid=50920)[0m                                                             'dspark_debug_log': False,
[36m(SpecoTaskRunner pid=50920)[0m                                                             'dspark_debug_log_first_n': 2,
[36m(SpecoTaskRunner pid=50920)[0m                                                             'dspark_debug_log_interval': 100,
[36m(SpecoTaskRunner pid=50920)[0m                                                             'dspark_hard_sample_ratio': 0.0,
[36m(SpecoTaskRunner pid=50920)[0m                                                             'dspark_hidden_size': None,
[36m(SpecoTaskRunner pid=50920)[0m                                                             'dspark_l1_chunk_size': 0,
[36m(SpecoTaskRunner pid=50920)[0m                                                             'dspark_l1_loss_alpha': 0.9,
[36m(SpecoTaskRunner pid=50920)[0m                                                             'dspark_loss_decay_gamma': 7.0,
[36m(SpecoTaskRunner pid=50920)[0m                                                             'dspark_loss_mode': 'full_vocab',
[36m(SpecoTaskRunner pid=50920)[0m                                                             'dspark_markov_head_type': 'vanilla',
[36m(SpecoTaskRunner pid=50920)[0m                                                             'dspark_markov_rank': 256,
[36m(SpecoTaskRunner pid=50920)[0m                                                             'dspark_mask_token_id': None,
[36m(SpecoTaskRunner pid=50920)[0m                                                             'dspark_max_window': 512,
[36m(SpecoTaskRunner pid=50920)[0m                                                             'dspark_num_anchors': 32,
[36m(SpecoTaskRunner pid=50920)[0m                                                             'dspark_num_hidden_layers': 5,
[36m(SpecoTaskRunner pid=50920)[0m                                                             'dspark_num_target_layers': 5,
[36m(SpecoTaskRunner pid=50920)[0m                                                             'dspark_sampled_ce_negatives': 0,
[36m(SpecoTaskRunner pid=50920)[0m                                                             'dspark_target_layer_ids': None,
[36m(SpecoTaskRunner pid=50920)[0m                                                             'eagle1_feature_noise': 0.0,
[36m(SpecoTaskRunner pid=50920)[0m                                                             'eagle1_hidden_loss_weight': 1.0,
[36m(SpecoTaskRunner pid=50920)[0m                                                             'eagle1_num_hidden_layers': 1,
[36m(SpecoTaskRunner pid=50920)[0m                                                             'eagle1_token_loss_weight': 0.1,
[36m(SpecoTaskRunner pid=50920)[0m                                                             'eagle3_target_layer_ids': None,
[36m(SpecoTaskRunner pid=50920)[0m                                                             'feature_store': {'flush_interval_steps': 1,
[36m(SpecoTaskRunner pid=50920)[0m                                                                               'max_sample_step': None,
[36m(SpecoTaskRunner pid=50920)[0m                                                                               'max_samples_per_shard': 1024,
[36m(SpecoTaskRunner pid=50920)[0m                                                                               'max_seq_len': 512,
[36m(SpecoTaskRunner pid=50920)[0m                                                                               'min_sample_step': None,
[36m(SpecoTaskRunner pid=50920)[0m                                                                               'path': None,
[36m(SpecoTaskRunner pid=50920)[0m                                                                               'prefetch_depth': 2,
[36m(SpecoTaskRunner pid=50920)[0m                                                                               'repeat': True,
[36m(SpecoTaskRunner pid=50920)[0m                                                                               'shuffle': True,
[36m(SpecoTaskRunner pid=50920)[0m                                                                               'strict_schema': True,
[36m(SpecoTaskRunner pid=50920)[0m                                                                               'tokenizer_path': None,
[36m(SpecoTaskRunner pid=50920)[0m                                                                               'train_on': 'last_assistant',
[36m(SpecoTaskRunner pid=50920)[0m                                                                               'trust_remote_code': False,
[36m(SpecoTaskRunner pid=50920)[0m                                                                               'type': 'torch_shard',
[36m(SpecoTaskRunner pid=50920)[0m                                                                               'window_mode': 'loss'},
[36m(SpecoTaskRunner pid=50920)[0m                                                             'hidden_state_clip_value': 10000.0,
[36m(SpecoTaskRunner pid=50920)[0m                                                             'hidden_state_max_tokens_per_sample': None,
[36m(SpecoTaskRunner pid=50920)[0m                                                             'hidden_state_random_max_offset': None,
[36m(SpecoTaskRunner pid=50920)[0m                                                             'hidden_state_random_seed_by_step': True,
[36m(SpecoTaskRunner pid=50920)[0m                                                             'hidden_state_window_min_rows': 32,
[36m(SpecoTaskRunner pid=50920)[0m                                                             'hidden_state_window_mode': 'front',
[36m(SpecoTaskRunner pid=50920)[0m                                                             'hidden_state_window_tokens_per_sample': 32,
[36m(SpecoTaskRunner pid=50920)[0m                                                             'logits_coverage_mask_min_ratio': 0.1,
[36m(SpecoTaskRunner pid=50920)[0m                                                             'logits_coverage_mask_require_top1': False,
[36m(SpecoTaskRunner pid=50920)[0m                                                             'logits_sparse_min_intersection': 1,
[36m(SpecoTaskRunner pid=50920)[0m                                                             'logits_sparse_min_mass': None,
[36m(SpecoTaskRunner pid=50920)[0m                                                             'logits_topk': 128,
[36m(SpecoTaskRunner pid=50920)[0m                                                             'lr': 1e-05,
[36m(SpecoTaskRunner pid=50920)[0m                                                             'lr_decay_steps': 100,
[36m(SpecoTaskRunner pid=50920)[0m                                                             'lr_scheduler_type': 'constant',
[36m(SpecoTaskRunner pid=50920)[0m                                                             'lr_warmup_steps': 0,
[36m(SpecoTaskRunner pid=50920)[0m                                                             'max_collect_samples_per_step_per_replica': 16,
[36m(SpecoTaskRunner pid=50920)[0m                                                             'max_collect_tokens_per_step_per_replica': 16384,
[36m(SpecoTaskRunner pid=50920)[0m                                                             'max_seq_len': 8192,
[36m(SpecoTaskRunner pid=50920)[0m                                                             'min_lr_ratio': 0.1,
[36m(SpecoTaskRunner pid=50920)[0m                                                             'mode': 'online',
[36m(SpecoTaskRunner pid=50920)[0m                                                             'old_logprob_hidden_capture_impl': 'forward_hook',
[36m(SpecoTaskRunner pid=50920)[0m                                                             'park_hccl_after_drafter_training': False,
[36m(SpecoTaskRunner pid=50920)[0m                                                             'peagle_down_sample_ratio': 0.7,
[36m(SpecoTaskRunner pid=50920)[0m                                                             'peagle_down_sample_ratio_min': 0.2,
[36m(SpecoTaskRunner pid=50920)[0m                                                             'peagle_draft_vocab_size': None,
[36m(SpecoTaskRunner pid=50920)[0m                                                             'peagle_fc_norm': False,
[36m(SpecoTaskRunner pid=50920)[0m                                                             'peagle_mask_token_id': None,
[36m(SpecoTaskRunner pid=50920)[0m                                                             'peagle_num_aux_hidden_states': 3,
[36m(SpecoTaskRunner pid=50920)[0m                                                             'peagle_num_depths': 8,
[36m(SpecoTaskRunner pid=50920)[0m                                                             'peagle_num_draft_layers': 4,
[36m(SpecoTaskRunner pid=50920)[0m                                                             'publish_async': True,
[36m(SpecoTaskRunner pid=50920)[0m                                                             'publish_dtype': None,
[36m(SpecoTaskRunner pid=50920)[0m                                                             'publish_interval_steps': 1,
[36m(SpecoTaskRunner pid=50920)[0m                                                             'publish_param_name_patterns': None,
[36m(SpecoTaskRunner pid=50920)[0m                                                             'resume_trainer_state_from_checkpoint': True,
[36m(SpecoTaskRunner pid=50920)[0m                                                             'sample_last_n_steps': 20,
[36m(SpecoTaskRunner pid=50920)[0m                                                             'save_full_drafter_checkpoint': True,
[36m(SpecoTaskRunner pid=50920)[0m                                                             'skip_heavy_cleanup_after_drafter_training': False,
[36m(SpecoTaskRunner pid=50920)[0m                                                             'step': 1,
[36m(SpecoTaskRunner pid=50920)[0m                                                             'target_lm_head_row_restricted_sync': True,
[36m(SpecoTaskRunner pid=50920)[0m                                                             'train_batches_per_cycle': 4,
[36m(SpecoTaskRunner pid=50920)[0m                                                             'training_interval_steps': 1,
[36m(SpecoTaskRunner pid=50920)[0m                                                             'transfer_queue': {'backend': {'SimpleStorage': {'num_data_storage_units': 8,
[36m(SpecoTaskRunner pid=50920)[0m                                                                                                              'total_storage_size': 100000},
[36m(SpecoTaskRunner pid=50920)[0m                                                                                            'storage_backend': 'SimpleStorage'},
[36m(SpecoTaskRunner pid=50920)[0m                                                                                'connect_timeout_seconds': 120,
[36m(SpecoTaskRunner pid=50920)[0m                                                                                'controller': {'polling_mode': True},
[36m(SpecoTaskRunner pid=50920)[0m                                                                                'drop_last': True,
[36m(SpecoTaskRunner pid=50920)[0m                                                                                'enable': False,
[36m(SpecoTaskRunner pid=50920)[0m                                                                                'expected_feature': {'algorithm': None,
[36m(SpecoTaskRunner pid=50920)[0m                                                                                                     'hidden_dtype': None,
[36m(SpecoTaskRunner pid=50920)[0m                                                                                                     'hidden_states_layout': None,
[36m(SpecoTaskRunner pid=50920)[0m                                                                                                     'target_layer_ids': None,
[36m(SpecoTaskRunner pid=50920)[0m                                                                                                     'target_model_path': None,
[36m(SpecoTaskRunner pid=50920)[0m                                                                                                     'target_revision': None,
[36m(SpecoTaskRunner pid=50920)[0m                                                                                                     'tokenizer_fingerprint': None},
[36m(SpecoTaskRunner pid=50920)[0m                                                                                'package_version': '0.1.10',
[36m(SpecoTaskRunner pid=50920)[0m                                                                                'partition_id': 'speco_drafter_features',
[36m(SpecoTaskRunner pid=50920)[0m                                                                                'poll_interval_seconds': 0.5,
[36m(SpecoTaskRunner pid=50920)[0m                                                                                'ray': {'address': None,
[36m(SpecoTaskRunner pid=50920)[0m                                                                                        'namespace': 'speco-drafter'},
[36m(SpecoTaskRunner pid=50920)[0m                                                                                'run_id': None,
[36m(SpecoTaskRunner pid=50920)[0m                                                                                'schema_version': 2},
[36m(SpecoTaskRunner pid=50920)[0m                                                             'ttt_length': 1,
[36m(SpecoTaskRunner pid=50920)[0m                                                             'use_data_buffer': False,
[36m(SpecoTaskRunner pid=50920)[0m                                                             'use_logits': False,
[36m(SpecoTaskRunner pid=50920)[0m                                                             'vocab_mapping_path': None,
[36m(SpecoTaskRunner pid=50920)[0m                                                             'warmup_style': None},
[36m(SpecoTaskRunner pid=50920)[0m                                                'vllm': {'allow_lossy_speculative_sampling': False,
[36m(SpecoTaskRunner pid=50920)[0m                                                         'draft_tensor_parallel_size': None,
[36m(SpecoTaskRunner pid=50920)[0m                                                         'enforce_eager': None,
[36m(SpecoTaskRunner pid=50920)[0m                                                         'max_model_len': None,
[36m(SpecoTaskRunner pid=50920)[0m                                                         'speculative_config_overrides': {}},
[36m(SpecoTaskRunner pid=50920)[0m                                                'world_size': 16},
[36m(SpecoTaskRunner pid=50920)[0m                                    'dtype': 'bfloat16',
[36m(SpecoTaskRunner pid=50920)[0m                                    'enable_chunked_prefill': True,
[36m(SpecoTaskRunner pid=50920)[0m                                    'enable_prefix_caching': True,
[36m(SpecoTaskRunner pid=50920)[0m                                    'enable_rollout_routing_replay': False,
[36m(SpecoTaskRunner pid=50920)[0m                                    'enforce_eager': True,
[36m(SpecoTaskRunner pid=50920)[0m                                    'engine_kwargs': {'sglang': {},
[36m(SpecoTaskRunner pid=50920)[0m                                                      'trtllm': {},
[36m(SpecoTaskRunner pid=50920)[0m                                                      'vllm': {}},
[36m(SpecoTaskRunner pid=50920)[0m                                    'expert_parallel_size': 1,
[36m(SpecoTaskRunner pid=50920)[0m                                    'free_cache_engine': True,
[36m(SpecoTaskRunner pid=50920)[0m                                    'full_determinism': False,
[36m(SpecoTaskRunner pid=50920)[0m                                    'gpu_memory_utilization': 0.25,
[36m(SpecoTaskRunner pid=50920)[0m                                    'ignore_eos': False,
[36m(SpecoTaskRunner pid=50920)[0m                                    'layered_summon': False,
[36m(SpecoTaskRunner pid=50920)[0m                                    'load_format': 'auto',
[36m(SpecoTaskRunner pid=50920)[0m                                    'log_prob_max_token_len_per_gpu': 16384,
[36m(SpecoTaskRunner pid=50920)[0m                                    'log_prob_micro_batch_size': None,
[36m(SpecoTaskRunner pid=50920)[0m                                    'log_prob_micro_batch_size_per_gpu': 1,
[36m(SpecoTaskRunner pid=50920)[0m                                    'log_prob_use_dynamic_bsz': False,
[36m(SpecoTaskRunner pid=50920)[0m                                    'logprobs_mode': 'processed_logprobs',
[36m(SpecoTaskRunner pid=50920)[0m                                    'max_model_len': 256,
[36m(SpecoTaskRunner pid=50920)[0m                                    'max_num_batched_tokens': 8192,
[36m(SpecoTaskRunner pid=50920)[0m                                    'max_num_seqs': 4,
[36m(SpecoTaskRunner pid=50920)[0m                                    'mode': 'async',
[36m(SpecoTaskRunner pid=50920)[0m                                    'moe_load_balance_metrics_interval': 0,
[36m(SpecoTaskRunner pid=50920)[0m                                    'mtp': {'_target_': 'verl.workers.config.MtpConfig',
[36m(SpecoTaskRunner pid=50920)[0m                                            'detach_encoder': False,
[36m(SpecoTaskRunner pid=50920)[0m                                            'enable': False,
[36m(SpecoTaskRunner pid=50920)[0m                                            'enable_rollout': False,
[36m(SpecoTaskRunner pid=50920)[0m                                            'enable_train': False,
[36m(SpecoTaskRunner pid=50920)[0m                                            'method': 'mtp',
[36m(SpecoTaskRunner pid=50920)[0m                                            'mtp_loss_scaling_factor': 0.1,
[36m(SpecoTaskRunner pid=50920)[0m                                            'num_speculative_tokens': 1,
[36m(SpecoTaskRunner pid=50920)[0m                                            'speculative_algorithm': 'EAGLE',
[36m(SpecoTaskRunner pid=50920)[0m                                            'speculative_eagle_topk': 1,
[36m(SpecoTaskRunner pid=50920)[0m                                            'speculative_num_draft_tokens': 4,
[36m(SpecoTaskRunner pid=50920)[0m                                            'speculative_num_steps': 3},
[36m(SpecoTaskRunner pid=50920)[0m                                    'multi_stage_wake_up': False,
[36m(SpecoTaskRunner pid=50920)[0m                                    'multi_turn': {'_target_': 'verl.workers.config.MultiTurnConfig',
[36m(SpecoTaskRunner pid=50920)[0m                                                   'enable': False,
[36m(SpecoTaskRunner pid=50920)[0m                                                   'format': 'hermes',
[36m(SpecoTaskRunner pid=50920)[0m                                                   'function_tool_path': None,
[36m(SpecoTaskRunner pid=50920)[0m                                                   'max_assistant_turns': None,
[36m(SpecoTaskRunner pid=50920)[0m                                                   'max_parallel_calls': 1,
[36m(SpecoTaskRunner pid=50920)[0m                                                   'max_tool_response_length': 256,
[36m(SpecoTaskRunner pid=50920)[0m                                                   'max_user_turns': None,
[36m(SpecoTaskRunner pid=50920)[0m                                                   'num_repeat_rollouts': None,
[36m(SpecoTaskRunner pid=50920)[0m                                                   'tokenization_sanity_check_mode': 'strict',
[36m(SpecoTaskRunner pid=50920)[0m                                                   'tool_config_path': None,
[36m(SpecoTaskRunner pid=50920)[0m                                                   'tool_response_truncate_side': 'middle',
[36m(SpecoTaskRunner pid=50920)[0m                                                   'use_inference_chat_template': False},
[36m(SpecoTaskRunner pid=50920)[0m                                    'n': 2,
[36m(SpecoTaskRunner pid=50920)[0m                                    'n_gpus_per_node': 2,
[36m(SpecoTaskRunner pid=50920)[0m                                    'name': 'vllm',
[36m(SpecoTaskRunner pid=50920)[0m                                    'nnodes': 0,
[36m(SpecoTaskRunner pid=50920)[0m                                    'over_sample_rate': 0,
[36m(SpecoTaskRunner pid=50920)[0m                                    'pipeline_model_parallel_size': 1,
[36m(SpecoTaskRunner pid=50920)[0m                                    'profiler': {'_target_': 'verl.utils.profiler.ProfilerConfig',
[36m(SpecoTaskRunner pid=50920)[0m                                                 'all_ranks': False,
[36m(SpecoTaskRunner pid=50920)[0m                                                 'enable': False,
[36m(SpecoTaskRunner pid=50920)[0m                                                 'ranks': [],
[36m(SpecoTaskRunner pid=50920)[0m                                                 'save_path': 'outputs/profile',
[36m(SpecoTaskRunner pid=50920)[0m                                                 'tool': None,
[36m(SpecoTaskRunner pid=50920)[0m                                                 'tool_config': {'npu': {'_target_': 'verl.utils.profiler.config.NPUToolConfig',
[36m(SpecoTaskRunner pid=50920)[0m                                                                         'analysis': True,
[36m(SpecoTaskRunner pid=50920)[0m                                                                         'contents': [],
[36m(SpecoTaskRunner pid=50920)[0m                                                                         'discrete': False,
[36m(SpecoTaskRunner pid=50920)[0m                                                                         'level': 'level0',
[36m(SpecoTaskRunner pid=50920)[0m                                                                         'profile_token_end': None,
[36m(SpecoTaskRunner pid=50920)[0m                                                                         'profile_token_start': None},
[36m(SpecoTaskRunner pid=50920)[0m                                                                 'precision_debugger': {'_target_': 'verl.utils.profiler.config.PrecisionDebuggerToolConfig',
[36m(SpecoTaskRunner pid=50920)[0m                                                                                        'config_path': None,
[36m(SpecoTaskRunner pid=50920)[0m                                                                                        'stages': None,
[36m(SpecoTaskRunner pid=50920)[0m                                                                                        'steps': None,
[36m(SpecoTaskRunner pid=50920)[0m                                                                                        'strict': False},
[36m(SpecoTaskRunner pid=50920)[0m                                                                 'torch': {'_target_': 'verl.utils.profiler.config.TorchProfilerToolConfig',
[36m(SpecoTaskRunner pid=50920)[0m                                                                           'contents': [],
[36m(SpecoTaskRunner pid=50920)[0m                                                                           'discrete': False,
[36m(SpecoTaskRunner pid=50920)[0m                                                                           'profile_token_end': None,
[36m(SpecoTaskRunner pid=50920)[0m                                                                           'profile_token_start': None}}},
[36m(SpecoTaskRunner pid=50920)[0m                                    'prometheus': {'_target_': 'verl.workers.config.PrometheusConfig',
[36m(SpecoTaskRunner pid=50920)[0m                                                   'enable': False,
[36m(SpecoTaskRunner pid=50920)[0m                                                   'file': '/tmp/ray/session_latest/metrics/prometheus/prometheus.yml',
[36m(SpecoTaskRunner pid=50920)[0m                                                   'port': 9090,
[36m(SpecoTaskRunner pid=50920)[0m                                                   'served_model_name': '/experiment/models/target'},
[36m(SpecoTaskRunner pid=50920)[0m                                    'prompt_length': 128,
[36m(SpecoTaskRunner pid=50920)[0m                                    'qat': {'_target_': 'verl.workers.config.QATEngineConfig',
[36m(SpecoTaskRunner pid=50920)[0m                                            'activation_observer': 'static_minmax',
[36m(SpecoTaskRunner pid=50920)[0m                                            'enable': False,
[36m(SpecoTaskRunner pid=50920)[0m                                            'group_size': 16,
[36m(SpecoTaskRunner pid=50920)[0m                                            'ignore_patterns': ['lm_head',
[36m(SpecoTaskRunner pid=50920)[0m                                                                'embed_tokens',
[36m(SpecoTaskRunner pid=50920)[0m                                                                're:.*mlp.gate$'],
[36m(SpecoTaskRunner pid=50920)[0m                                            'mode': 'w4a16',
[36m(SpecoTaskRunner pid=50920)[0m                                            'quantization_config_path': None},
[36m(SpecoTaskRunner pid=50920)[0m                                    'quantization': None,
[36m(SpecoTaskRunner pid=50920)[0m                                    'quantization_config_file': None,
[36m(SpecoTaskRunner pid=50920)[0m                                    'response_length': 64,
[36m(SpecoTaskRunner pid=50920)[0m                                    'scheduling_policy': 'fcfs',
[36m(SpecoTaskRunner pid=50920)[0m                                    'seed': 42,
[36m(SpecoTaskRunner pid=50920)[0m                                    'skip_tokenizer_init': True,
[36m(SpecoTaskRunner pid=50920)[0m                                    'temperature': 1.0,
[36m(SpecoTaskRunner pid=50920)[0m                                    'tensor_model_parallel_size': 2,
[36m(SpecoTaskRunner pid=50920)[0m                                    'top_k': -1,
[36m(SpecoTaskRunner pid=50920)[0m                                    'top_p': 1,
[36m(SpecoTaskRunner pid=50920)[0m                                    'trace': {'_target_': 'verl.workers.config.TraceConfig',
[36m(SpecoTaskRunner pid=50920)[0m                                              'backend': None,
[36m(SpecoTaskRunner pid=50920)[0m                                              'experiment_name': 'eagle3-compat',
[36m(SpecoTaskRunner pid=50920)[0m                                              'max_samples_per_step_per_worker': None,
[36m(SpecoTaskRunner pid=50920)[0m                                              'project_name': 'speco-l20',
[36m(SpecoTaskRunner pid=50920)[0m                                              'token2text': False},
[36m(SpecoTaskRunner pid=50920)[0m                                    'val_kwargs': {'_target_': 'verl.workers.config.SamplingConfig',
[36m(SpecoTaskRunner pid=50920)[0m                                                   'do_sample': False,
[36m(SpecoTaskRunner pid=50920)[0m                                                   'n': 1,
[36m(SpecoTaskRunner pid=50920)[0m                                                   'temperature': 0,
[36m(SpecoTaskRunner pid=50920)[0m                                                   'top_k': -1,
[36m(SpecoTaskRunner pid=50920)[0m                                                   'top_p': 1.0}}},
[36m(SpecoTaskRunner pid=50920)[0m  'algorithm': {'_target_': 'verl.trainer.config.AlgoConfig',
[36m(SpecoTaskRunner pid=50920)[0m                'adv_estimator': 'grpo',
[36m(SpecoTaskRunner pid=50920)[0m                'filter_groups': {'_target_': 'verl.trainer.config.FilterGroupsConfig',
[36m(SpecoTaskRunner pid=50920)[0m                                  'enable': False,
[36m(SpecoTaskRunner pid=50920)[0m                                  'max_inflight_gen_batches': 1,
[36m(SpecoTaskRunner pid=50920)[0m                                  'max_num_gen_batches': 0,
[36m(SpecoTaskRunner pid=50920)[0m                                  'metric': None},
[36m(SpecoTaskRunner pid=50920)[0m                'gamma': 1.0,
[36m(SpecoTaskRunner pid=50920)[0m                'kl_ctrl': {'_target_': 'verl.trainer.config.KLControlConfig',
[36m(SpecoTaskRunner pid=50920)[0m                            'horizon': 10000,
[36m(SpecoTaskRunner pid=50920)[0m                            'kl_coef': 0.001,
[36m(SpecoTaskRunner pid=50920)[0m                            'target_kl': 0.1,
[36m(SpecoTaskRunner pid=50920)[0m                            'type': 'fixed'},
[36m(SpecoTaskRunner pid=50920)[0m                'kl_penalty': 'kl',
[36m(SpecoTaskRunner pid=50920)[0m                'lam': 1.0,
[36m(SpecoTaskRunner pid=50920)[0m                'norm_adv_by_std_in_grpo': True,
[36m(SpecoTaskRunner pid=50920)[0m                'pf_ppo': {'reweight_method': 'pow', 'weight_pow': 2.0},
[36m(SpecoTaskRunner pid=50920)[0m                'rollout_correction': {'bypass_mode': False,
[36m(SpecoTaskRunner pid=50920)[0m                                       'loss_type': 'ppo_clip',
[36m(SpecoTaskRunner pid=50920)[0m                                       'rollout_is': None,
[36m(SpecoTaskRunner pid=50920)[0m                                       'rollout_is_batch_normalize': False,
[36m(SpecoTaskRunner pid=50920)[0m                                       'rollout_is_threshold': 2.0,
[36m(SpecoTaskRunner pid=50920)[0m                                       'rollout_rs': None,
[36m(SpecoTaskRunner pid=50920)[0m                                       'rollout_rs_threshold': None},
[36m(SpecoTaskRunner pid=50920)[0m                'use_kl_in_reward': False,
[36m(SpecoTaskRunner pid=50920)[0m                'use_pf_ppo': False},
[36m(SpecoTaskRunner pid=50920)[0m  'critic': {'_target_': 'verl.workers.config.FSDPCriticConfig',
[36m(SpecoTaskRunner pid=50920)[0m             'checkpoint': {'_target_': 'verl.trainer.config.CheckpointConfig',
[36m(SpecoTaskRunner pid=50920)[0m                            'async_save': False,
[36m(SpecoTaskRunner pid=50920)[0m                            'load_contents': ['model', 'optimizer', 'extra'],
[36m(SpecoTaskRunner pid=50920)[0m                            'save_contents': ['model', 'optimizer', 'extra']},
[36m(SpecoTaskRunner pid=50920)[0m             'cliprange_value': 0.5,
[36m(SpecoTaskRunner pid=50920)[0m             'data_loader_seed': 42,
[36m(SpecoTaskRunner pid=50920)[0m             'enable': None,
[36m(SpecoTaskRunner pid=50920)[0m             'forward_max_token_len_per_gpu': 32768,
[36m(SpecoTaskRunner pid=50920)[0m             'forward_micro_batch_size': None,
[36m(SpecoTaskRunner pid=50920)[0m             'forward_micro_batch_size_per_gpu': None,
[36m(SpecoTaskRunner pid=50920)[0m             'fsdp': {'_target_': 'verl.workers.config.FSDPEngineConfig',
[36m(SpecoTaskRunner pid=50920)[0m                      'dtype': 'bfloat16',
[36m(SpecoTaskRunner pid=50920)[0m                      'entropy_checkpointing': False,
[36m(SpecoTaskRunner pid=50920)[0m                      'entropy_from_logits_chunk_size': 2048,
[36m(SpecoTaskRunner pid=50920)[0m                      'entropy_from_logits_with_chunking': False,
[36m(SpecoTaskRunner pid=50920)[0m                      'forward_only': False,
[36m(SpecoTaskRunner pid=50920)[0m                      'forward_prefetch': False,
[36m(SpecoTaskRunner pid=50920)[0m                      'fsdp_size': -1,
[36m(SpecoTaskRunner pid=50920)[0m                      'full_determinism': False,
[36m(SpecoTaskRunner pid=50920)[0m                      'model_dtype': 'fp32',
[36m(SpecoTaskRunner pid=50920)[0m                      'offload_policy': False,
[36m(SpecoTaskRunner pid=50920)[0m                      'optimizer_offload': False,
[36m(SpecoTaskRunner pid=50920)[0m                      'pad_to_length': False,
[36m(SpecoTaskRunner pid=50920)[0m                      'pad_to_length_bucket': 1024,
[36m(SpecoTaskRunner pid=50920)[0m                      'param_offload': False,
[36m(SpecoTaskRunner pid=50920)[0m                      'qat': {'_target_': 'verl.workers.config.QATEngineConfig',
[36m(SpecoTaskRunner pid=50920)[0m                              'activation_observer': 'static_minmax',
[36m(SpecoTaskRunner pid=50920)[0m                              'enable': False,
[36m(SpecoTaskRunner pid=50920)[0m                              'group_size': 16,
[36m(SpecoTaskRunner pid=50920)[0m                              'ignore_patterns': ['lm_head',
[36m(SpecoTaskRunner pid=50920)[0m                                                  'embed_tokens',
[36m(SpecoTaskRunner pid=50920)[0m                                                  're:.*mlp.gate$'],
[36m(SpecoTaskRunner pid=50920)[0m                              'mode': 'w4a16',
[36m(SpecoTaskRunner pid=50920)[0m                              'quantization_config_path': None},
[36m(SpecoTaskRunner pid=50920)[0m                      'reshard_after_forward': True,
[36m(SpecoTaskRunner pid=50920)[0m                      'seed': 42,
[36m(SpecoTaskRunner pid=50920)[0m                      'strategy': 'fsdp',
[36m(SpecoTaskRunner pid=50920)[0m                      'ulysses_sequence_parallel_size': 1,
[36m(SpecoTaskRunner pid=50920)[0m                      'use_orig_params': False,
[36m(SpecoTaskRunner pid=50920)[0m                      'use_torch_compile': True,
[36m(SpecoTaskRunner pid=50920)[0m                      'wrap_policy': {'min_num_params': 0}},
[36m(SpecoTaskRunner pid=50920)[0m             'grad_clip': 1.0,
[36m(SpecoTaskRunner pid=50920)[0m             'loss_agg_mode': 'token-mean',
[36m(SpecoTaskRunner pid=50920)[0m             'loss_scale_factor': None,
[36m(SpecoTaskRunner pid=50920)[0m             'model': {'_target_': 'verl.workers.config.HFModelConfig',
[36m(SpecoTaskRunner pid=50920)[0m                       'custom_chat_template': None,
[36m(SpecoTaskRunner pid=50920)[0m                       'enable_activation_offload': False,
[36m(SpecoTaskRunner pid=50920)[0m                       'enable_gradient_checkpointing': True,
[36m(SpecoTaskRunner pid=50920)[0m                       'exclude_modules': None,
[36m(SpecoTaskRunner pid=50920)[0m                       'external_lib': None,
[36m(SpecoTaskRunner pid=50920)[0m                       'fused_kernel_options': {'impl_backend': 'torch'},
[36m(SpecoTaskRunner pid=50920)[0m                       'hf_config_path': None,
[36m(SpecoTaskRunner pid=50920)[0m                       'lora': {'a2a_experimental': False,
[36m(SpecoTaskRunner pid=50920)[0m                                'adapter_path': None,
[36m(SpecoTaskRunner pid=50920)[0m                                'alpha': 32,
[36m(SpecoTaskRunner pid=50920)[0m                                'dropout': 0.0,
[36m(SpecoTaskRunner pid=50920)[0m                                'dropout_position': 'pre',
[36m(SpecoTaskRunner pid=50920)[0m                                'dtype': None,
[36m(SpecoTaskRunner pid=50920)[0m                                'exclude_modules': [],
[36m(SpecoTaskRunner pid=50920)[0m                                'freeze_language_model': True,
[36m(SpecoTaskRunner pid=50920)[0m                                'freeze_vision_model': True,
[36m(SpecoTaskRunner pid=50920)[0m                                'freeze_vision_projection': True,
[36m(SpecoTaskRunner pid=50920)[0m                                'lora_A_init_method': 'xavier',
[36m(SpecoTaskRunner pid=50920)[0m                                'lora_B_init_method': 'zero',
[36m(SpecoTaskRunner pid=50920)[0m                                'merge': False,
[36m(SpecoTaskRunner pid=50920)[0m                                'rank': 0,
[36m(SpecoTaskRunner pid=50920)[0m                                'target_modules': ['linear_qkv',
[36m(SpecoTaskRunner pid=50920)[0m                                                   'linear_proj',
[36m(SpecoTaskRunner pid=50920)[0m                                                   'linear_fc1',
[36m(SpecoTaskRunner pid=50920)[0m                                                   'linear_fc2'],
[36m(SpecoTaskRunner pid=50920)[0m                                'type': 'lora'},
[36m(SpecoTaskRunner pid=50920)[0m                       'lora_adapter_path': None,
[36m(SpecoTaskRunner pid=50920)[0m                       'lora_alpha': 16,
[36m(SpecoTaskRunner pid=50920)[0m                       'lora_rank': 0,
[36m(SpecoTaskRunner pid=50920)[0m                       'mtp': {'_target_': 'verl.workers.config.MtpConfig',
[36m(SpecoTaskRunner pid=50920)[0m                               'detach_encoder': False,
[36m(SpecoTaskRunner pid=50920)[0m                               'enable': False,
[36m(SpecoTaskRunner pid=50920)[0m                               'enable_rollout': False,
[36m(SpecoTaskRunner pid=50920)[0m                               'enable_train': False,
[36m(SpecoTaskRunner pid=50920)[0m                               'method': 'mtp',
[36m(SpecoTaskRunner pid=50920)[0m                               'mtp_loss_scaling_factor': 0.1,
[36m(SpecoTaskRunner pid=50920)[0m                               'num_speculative_tokens': 1,
[36m(SpecoTaskRunner pid=50920)[0m                               'speculative_algorithm': 'EAGLE',
[36m(SpecoTaskRunner pid=50920)[0m                               'speculative_eagle_topk': 1,
[36m(SpecoTaskRunner pid=50920)[0m                               'speculative_num_draft_tokens': 4,
[36m(SpecoTaskRunner pid=50920)[0m                               'speculative_num_steps': 3},
[36m(SpecoTaskRunner pid=50920)[0m                       'override_config': {},
[36m(SpecoTaskRunner pid=50920)[0m                       'path': '~/models/deepseek-llm-7b-chat',
[36m(SpecoTaskRunner pid=50920)[0m                       'target_modules': 'all-linear',
[36m(SpecoTaskRunner pid=50920)[0m                       'tiled_mlp': {'enabled': False, 'num_shards': 4},
[36m(SpecoTaskRunner pid=50920)[0m                       'tokenizer_path': None,
[36m(SpecoTaskRunner pid=50920)[0m                       'trust_remote_code': False,
[36m(SpecoTaskRunner pid=50920)[0m                       'use_fused_kernels': False,
[36m(SpecoTaskRunner pid=50920)[0m                       'use_liger': False,
[36m(SpecoTaskRunner pid=50920)[0m                       'use_remove_padding': True,
[36m(SpecoTaskRunner pid=50920)[0m                       'use_shm': False},
[36m(SpecoTaskRunner pid=50920)[0m             'optim': {'_target_': 'verl.workers.config.FSDPOptimizerConfig',
[36m(SpecoTaskRunner pid=50920)[0m                       'betas': [0.9, 0.999],
[36m(SpecoTaskRunner pid=50920)[0m                       'clip_grad': 1.0,
[36m(SpecoTaskRunner pid=50920)[0m                       'lr': 1e-05,
[36m(SpecoTaskRunner pid=50920)[0m                       'lr_scheduler_type': 'constant',
[36m(SpecoTaskRunner pid=50920)[0m                       'lr_warmup_steps': -1,
[36m(SpecoTaskRunner pid=50920)[0m                       'lr_warmup_steps_ratio': 0.0,
[36m(SpecoTaskRunner pid=50920)[0m                       'min_lr_ratio': 0.0,
[36m(SpecoTaskRunner pid=50920)[0m                       'num_cycles': 0.5,
[36m(SpecoTaskRunner pid=50920)[0m                       'optimizer': 'AdamW',
[36m(SpecoTaskRunner pid=50920)[0m                       'optimizer_impl': 'torch.optim',
[36m(SpecoTaskRunner pid=50920)[0m                       'override_optimizer_config': None,
[36m(SpecoTaskRunner pid=50920)[0m                       'total_training_steps': -1,
[36m(SpecoTaskRunner pid=50920)[0m                       'warmup_style': None,
[36m(SpecoTaskRunner pid=50920)[0m                       'weight_decay': 0.01,
[36m(SpecoTaskRunner pid=50920)[0m                       'zero_indexed_step': True},
[36m(SpecoTaskRunner pid=50920)[0m             'ppo_epochs': 1,
[36m(SpecoTaskRunner pid=50920)[0m             'ppo_max_token_len_per_gpu': 32768,
[36m(SpecoTaskRunner pid=50920)[0m             'ppo_micro_batch_size': None,
[36m(SpecoTaskRunner pid=50920)[0m             'ppo_micro_batch_size_per_gpu': None,
[36m(SpecoTaskRunner pid=50920)[0m             'ppo_mini_batch_size': 2,
[36m(SpecoTaskRunner pid=50920)[0m             'profiler': {'_target_': 'verl.utils.profiler.ProfilerConfig',
[36m(SpecoTaskRunner pid=50920)[0m                          'all_ranks': False,
[36m(SpecoTaskRunner pid=50920)[0m                          'enable': False,
[36m(SpecoTaskRunner pid=50920)[0m                          'ranks': [],
[36m(SpecoTaskRunner pid=50920)[0m                          'save_path': 'outputs/profile',
[36m(SpecoTaskRunner pid=50920)[0m                          'tool': None,
[36m(SpecoTaskRunner pid=50920)[0m                          'tool_config': {'npu': {'_target_': 'verl.utils.profiler.config.NPUToolConfig',
[36m(SpecoTaskRunner pid=50920)[0m                                                  'analysis': True,
[36m(SpecoTaskRunner pid=50920)[0m                                                  'contents': [],
[36m(SpecoTaskRunner pid=50920)[0m                                                  'discrete': False,
[36m(SpecoTaskRunner pid=50920)[0m                                                  'level': 'level0'},
[36m(SpecoTaskRunner pid=50920)[0m                                          'nsys': {'_target_': 'verl.utils.profiler.config.NsightToolConfig',
[36m(SpecoTaskRunner pid=50920)[0m                                                   'discrete': False},
[36m(SpecoTaskRunner pid=50920)[0m                                          'precision_debugger': {'_target_': 'verl.utils.profiler.config.PrecisionDebuggerToolConfig',
[36m(SpecoTaskRunner pid=50920)[0m                                                                 'config_path': None,
[36m(SpecoTaskRunner pid=50920)[0m                                                                 'stages': None,
[36m(SpecoTaskRunner pid=50920)[0m                                                                 'steps': None,
[36m(SpecoTaskRunner pid=50920)[0m                                                                 'strict': False},
[36m(SpecoTaskRunner pid=50920)[0m                                          'torch': {'_target_': 'verl.utils.profiler.config.TorchProfilerToolConfig',
[36m(SpecoTaskRunner pid=50920)[0m                                                    'contents': [],
[36m(SpecoTaskRunner pid=50920)[0m                                                    'discrete': False,
[36m(SpecoTaskRunner pid=50920)[0m                                                    'schedule': {'_target_': 'verl.utils.profiler.config.TorchProfilerScheduleConfig',
[36m(SpecoTaskRunner pid=50920)[0m                                                                 'active': 0,
[36m(SpecoTaskRunner pid=50920)[0m                                                                 'repeat': 0,
[36m(SpecoTaskRunner pid=50920)[0m                                                                 'skip_first': 0,
[36m(SpecoTaskRunner pid=50920)[0m                                                                 'wait': 0,
[36m(SpecoTaskRunner pid=50920)[0m                                                                 'warmup': 0}},
[36m(SpecoTaskRunner pid=50920)[0m                                          'torch_memory': {'_target_': 'verl.utils.profiler.config.TorchMemoryToolConfig',
[36m(SpecoTaskRunner pid=50920)[0m                                                           'stack_depth': 32,
[36m(SpecoTaskRunner pid=50920)[0m                                                           'trace_alloc_max_entries': 100000}}},
[36m(SpecoTaskRunner pid=50920)[0m             'rollout_n': 2,
[36m(SpecoTaskRunner pid=50920)[0m             'shuffle': False,
[36m(SpecoTaskRunner pid=50920)[0m             'strategy': 'fsdp',
[36m(SpecoTaskRunner pid=50920)[0m             'ulysses_sequence_parallel_size': 1,
[36m(SpecoTaskRunner pid=50920)[0m             'use_dynamic_bsz': False},
[36m(SpecoTaskRunner pid=50920)[0m  'custom_reward_function':
[36m(SpecoTaskRunner pid=50920)[0m {'name': None, 'path': None},
[36m(SpecoTaskRunner pid=50920)[0m  'data':
[36m(SpecoTaskRunner pid=50920)[0m {'apply_chat_template_kwargs': {},
[36m(SpecoTaskRunner pid=50920)[0m           'audio_key': 'audios',
[36m(SpecoTaskRunner pid=50920)[0m           'continuous_token': {'enable': False, 'model_family': 'auto'},
[36m(SpecoTaskRunner pid=50920)[0m           'custom_cls': {'name': None, 'path': None},
[36m(SpecoTaskRunner pid=50920)[0m           'dataloader_num_workers': 8,
[36m(SpecoTaskRunner pid=50920)[0m           'filter_overlong_prompts': False,
[36m(SpecoTaskRunner pid=50920)[0m           'filter_overlong_prompts_workers': 1,
[36m(SpecoTaskRunner pid=50920)[0m           'function_tool_path': None,
[36m(SpecoTaskRunner pid=50920)[0m           'gen_batch_size': None,
[36m(SpecoTaskRunner pid=50920)[0m           'image_key': 'images',
[36m(SpecoTaskRunner pid=50920)[0m           'image_patch_size': 14,
[36m(SpecoTaskRunner pid=50920)[0m           'max_prompt_length': 128,
[36m(SpecoTaskRunner pid=50920)[0m           'max_response_length': 64,
[36m(SpecoTaskRunner pid=50920)[0m           'mm_processor_kwargs': {},
[36m(SpecoTaskRunner pid=50920)[0m           'prompt_key': 'prompt',
[36m(SpecoTaskRunner pid=50920)[0m           'return_full_prompt': False,
[36m(SpecoTaskRunner pid=50920)[0m           'return_multi_modal_inputs': True,
[36m(SpecoTaskRunner pid=50920)[0m           'return_raw_chat': True,
[36m(SpecoTaskRunner pid=50920)[0m           'return_raw_input_ids': False,
[36m(SpecoTaskRunner pid=50920)[0m           'reward_fn_key': 'data_source',
[36m(SpecoTaskRunner pid=50920)[0m           'seed': None,
[36m(SpecoTaskRunner pid=50920)[0m           'shuffle': True,
[36m(SpecoTaskRunner pid=50920)[0m           'tokenizer': None,
[36m(SpecoTaskRunner pid=50920)[0m           'tool_config_path': None,
[36m(SpecoTaskRunner pid=50920)[0m           'train_batch_size': 2,
[36m(SpecoTaskRunner pid=50920)[0m           'train_files': '/experiment/evidence/l20-20260919/train.parquet',
[36m(SpecoTaskRunner pid=50920)[0m           'train_max_samples': -1,
[36m(SpecoTaskRunner pid=50920)[0m           'truncation': 'error',
[36m(SpecoTaskRunner pid=50920)[0m           'trust_remote_code': False,
[36m(SpecoTaskRunner pid=50920)[0m           'use_shm': False,
[36m(SpecoTaskRunner pid=50920)[0m           'val_batch_size': None,
[36m(SpecoTaskRunner pid=50920)[0m           'val_files': '/experiment/evidence/l20-20260919/val.parquet',
[36m(SpecoTaskRunner pid=50920)[0m           'val_max_samples': -1,
[36m(SpecoTaskRunner pid=50920)[0m           'validation_shuffle': False,
[36m(SpecoTaskRunner pid=50920)[0m           'video_key': 'videos'},
[36m(SpecoTaskRunner pid=50920)[0m  'distillation': {'_target_': 'verl.workers.config.DistillationConfig',
[36m(SpecoTaskRunner pid=50920)[0m                   'distillation_loss': {'_target_': 'verl.workers.config.DistillationLossConfig',
[36m(SpecoTaskRunner pid=50920)[0m                                         'clip_ratio': 0.2,
[36m(SpecoTaskRunner pid=50920)[0m                                         'clip_ratio_high': 0.2,
[36m(SpecoTaskRunner pid=50920)[0m                                         'clip_ratio_low': 0.2,
[36m(SpecoTaskRunner pid=50920)[0m                                         'distillation_loss_coef': 1.0,
[36m(SpecoTaskRunner pid=50920)[0m                                         'log_prob_min_clamp': None,
[36m(SpecoTaskRunner pid=50920)[0m                                         'loss_max_clamp': None,
[36m(SpecoTaskRunner pid=50920)[0m                                         'loss_mode': 'k3',
[36m(SpecoTaskRunner pid=50920)[0m                                         'policy_loss_mode': 'vanilla',
[36m(SpecoTaskRunner pid=50920)[0m                                         'topk': 32,
[36m(SpecoTaskRunner pid=50920)[0m                                         'use_policy_gradient': False,
[36m(SpecoTaskRunner pid=50920)[0m                                         'use_task_rewards': True},
[36m(SpecoTaskRunner pid=50920)[0m                   'enabled': False,
[36m(SpecoTaskRunner pid=50920)[0m                   'n_gpus_per_node': 8,
[36m(SpecoTaskRunner pid=50920)[0m                   'nnodes': 0,
[36m(SpecoTaskRunner pid=50920)[0m                   'teacher_key': 'data_source',
[36m(SpecoTaskRunner pid=50920)[0m                   'teacher_models': {'teacher_model': {'_target_': 'verl.workers.config.DistillationTeacherModelConfig',
[36m(SpecoTaskRunner pid=50920)[0m                                                        'inference': {'_target_': 'verl.workers.config.RolloutConfig',
[36m(SpecoTaskRunner pid=50920)[0m                                                                      'cudagraph_capture_sizes': None,
[36m(SpecoTaskRunner pid=50920)[0m                                                                      'data_parallel_size': 1,
[36m(SpecoTaskRunner pid=50920)[0m                                                                      'disable_log_stats': True,
[36m(SpecoTaskRunner pid=50920)[0m                                                                      'dtype': 'bfloat16',
[36m(SpecoTaskRunner pid=50920)[0m                                                                      'enable_chunked_prefill': True,
[36m(SpecoTaskRunner pid=50920)[0m                                                                      'enable_prefix_caching': True,
[36m(SpecoTaskRunner pid=50920)[0m                                                                      'enforce_eager': True,
[36m(SpecoTaskRunner pid=50920)[0m                                                                      'engine_kwargs': {},
[36m(SpecoTaskRunner pid=50920)[0m                                                                      'expert_parallel_size': 1,
[36m(SpecoTaskRunner pid=50920)[0m                                                                      'free_cache_engine': True,
[36m(SpecoTaskRunner pid=50920)[0m                                                                      'gpu_memory_utilization': 0.5,
[36m(SpecoTaskRunner pid=50920)[0m                                                                      'limit_images': None,
[36m(SpecoTaskRunner pid=50920)[0m                                                                      'load_format': 'auto',
[36m(SpecoTaskRunner pid=50920)[0m                                                                      'max_model_len': None,
[36m(SpecoTaskRunner pid=50920)[0m                                                                      'max_num_batched_tokens': 8192,
[36m(SpecoTaskRunner pid=50920)[0m                                                                      'max_num_seqs': 1024,
[36m(SpecoTaskRunner pid=50920)[0m                                                                      'name': 'vllm',
[36m(SpecoTaskRunner pid=50920)[0m                                                                      'prompt_length': 128,
[36m(SpecoTaskRunner pid=50920)[0m                                                                      'response_length': 64,
[36m(SpecoTaskRunner pid=50920)[0m                                                                      'skip_tokenizer_init': True,
[36m(SpecoTaskRunner pid=50920)[0m                                                                      'temperature': 1.0,
[36m(SpecoTaskRunner pid=50920)[0m                                                                      'tensor_model_parallel_size': 2},
[36m(SpecoTaskRunner pid=50920)[0m                                                        'key': None,
[36m(SpecoTaskRunner pid=50920)[0m                                                        'model_path': None,
[36m(SpecoTaskRunner pid=50920)[0m                                                        'num_replicas': 0}}},
[36m(SpecoTaskRunner pid=50920)[0m  'global_profiler': {'_target_': 'verl.utils.profiler.ProfilerConfig',
[36m(SpecoTaskRunner pid=50920)[0m                      'global_tool_config': {'nsys': {'_target_': 'verl.utils.profiler.config.NsightToolConfig',
[36m(SpecoTaskRunner pid=50920)[0m                                                      'controller_nsight_options': {'cuda-graph-trace': 'graph',
[36m(SpecoTaskRunner pid=50920)[0m                                                                                    'cuda-memory-usage': 'true',
[36m(SpecoTaskRunner pid=50920)[0m                                                                                    'trace': 'cuda,nvtx,cublas,ucx'},
[36m(SpecoTaskRunner pid=50920)[0m                                                      'discrete': False,
[36m(SpecoTaskRunner pid=50920)[0m                                                      'worker_nsight_options': {'capture-range': 'cudaProfilerApi',
[36m(SpecoTaskRunner pid=50920)[0m                                                                                'capture-range-end': None,
[36m(SpecoTaskRunner pid=50920)[0m                                                                                'cuda-graph-trace': 'graph',
[36m(SpecoTaskRunner pid=50920)[0m                                                                                'cuda-memory-usage': 'true',
[36m(SpecoTaskRunner pid=50920)[0m                                                                                'kill': 'none',
[36m(SpecoTaskRunner pid=50920)[0m                                                                                'trace': 'cuda,nvtx,cublas,ucx'}},
[36m(SpecoTaskRunner pid=50920)[0m                                             'precision_debugger': {'_target_': 'verl.utils.profiler.config.PrecisionDebuggerToolConfig',
[36m(SpecoTaskRunner pid=50920)[0m                                                                    'config_path': None,
[36m(SpecoTaskRunner pid=50920)[0m                                                                    'stages': None,
[36m(SpecoTaskRunner pid=50920)[0m                                                                    'steps': None,
[36m(SpecoTaskRunner pid=50920)[0m                                                                    'strict': False},
[36m(SpecoTaskRunner pid=50920)[0m                                             'torch_memory': {'context': 'all',
[36m(SpecoTaskRunner pid=50920)[0m                                                              'kw_args': {},
[36m(SpecoTaskRunner pid=50920)[0m                                                              'stack_depth': 32,
[36m(SpecoTaskRunner pid=50920)[0m                                                              'stacks': 'all',
[36m(SpecoTaskRunner pid=50920)[0m                                                              'trace_alloc_max_entries': 100000}},
[36m(SpecoTaskRunner pid=50920)[0m                      'profile_continuous_steps': False,
[36m(SpecoTaskRunner pid=50920)[0m                      'save_path': 'outputs/profile',
[36m(SpecoTaskRunner pid=50920)[0m                      'steps': None,
[36m(SpecoTaskRunner pid=50920)[0m                      'tool': None},
[36m(SpecoTaskRunner pid=50920)[0m  'model_engine': 'dp',
[36m(SpecoTaskRunner pid=50920)[0m  'ray_kwargs': {'ray_init': {'num_cpus': 16}, 'timeline_json_file': None},
[36m(SpecoTaskRunner pid=50920)[0m  'reward': {'_target_': 'verl.workers.config.RewardConfig',
[36m(SpecoTaskRunner pid=50920)[0m             'custom_reward_function': {'name': 'compute_score', 'path': None},
[36m(SpecoTaskRunner pid=50920)[0m             'num_workers': 8,
[36m(SpecoTaskRunner pid=50920)[0m             'reward_manager': {'_target_': 'verl.workers.config.reward.RewardManagerConfig',
[36m(SpecoTaskRunner pid=50920)[0m                                'module': {'_target_': 'verl.trainer.config.config.ModuleConfig',
[36m(SpecoTaskRunner pid=50920)[0m                                           'name': 'custom_reward_manager',
[36m(SpecoTaskRunner pid=50920)[0m                                           'path': None},
[36m(SpecoTaskRunner pid=50920)[0m                                'name': 'naive',
[36m(SpecoTaskRunner pid=50920)[0m                                'source': 'register'},
[36m(SpecoTaskRunner pid=50920)[0m             'reward_model': {'_target_': 'verl.workers.config.RewardModelConfig',
[36m(SpecoTaskRunner pid=50920)[0m                              'enable': False,
[36m(SpecoTaskRunner pid=50920)[0m                              'enable_resource_pool': False,
[36m(SpecoTaskRunner pid=50920)[0m                              'model_path': None,
[36m(SpecoTaskRunner pid=50920)[0m                              'n_gpus_per_node': 8,
[36m(SpecoTaskRunner pid=50920)[0m                              'nnodes': 0,
[36m(SpecoTaskRunner pid=50920)[0m                              'rollout': {'_target_': 'verl.workers.config.RolloutConfig',
[36m(SpecoTaskRunner pid=50920)[0m                                          'cudagraph_capture_sizes': None,
[36m(SpecoTaskRunner pid=50920)[0m                                          'data_parallel_size': 1,
[36m(SpecoTaskRunner pid=50920)[0m                                          'disable_log_stats': True,
[36m(SpecoTaskRunner pid=50920)[0m                                          'disaggregation': {'bootstrap_port': None,
[36m(SpecoTaskRunner pid=50920)[0m                                                             'decode_replicas': 1,
[36m(SpecoTaskRunner pid=50920)[0m                                                             'decode_tensor_model_parallel_size': None,
[36m(SpecoTaskRunner pid=50920)[0m                                                             'enabled': False,
[36m(SpecoTaskRunner pid=50920)[0m                                                             'ib_device': None,
[36m(SpecoTaskRunner pid=50920)[0m                                                             'prefill_replicas': 1,
[36m(SpecoTaskRunner pid=50920)[0m                                                             'transfer_backend': 'nixl'},
[36m(SpecoTaskRunner pid=50920)[0m                                          'do_sample': True,
[36m(SpecoTaskRunner pid=50920)[0m                                          'dtype': 'bfloat16',
[36m(SpecoTaskRunner pid=50920)[0m                                          'enable_chunked_prefill': True,
[36m(SpecoTaskRunner pid=50920)[0m                                          'enable_prefix_caching': True,
[36m(SpecoTaskRunner pid=50920)[0m                                          'enforce_eager': True,
[36m(SpecoTaskRunner pid=50920)[0m                                          'engine_kwargs': {},
[36m(SpecoTaskRunner pid=50920)[0m                                          'expert_parallel_size': 1,
[36m(SpecoTaskRunner pid=50920)[0m                                          'free_cache_engine': True,
[36m(SpecoTaskRunner pid=50920)[0m                                          'full_determinism': False,
[36m(SpecoTaskRunner pid=50920)[0m                                          'gpu_memory_utilization': 0.5,
[36m(SpecoTaskRunner pid=50920)[0m                                          'ignore_eos': False,
[36m(SpecoTaskRunner pid=50920)[0m                                          'layered_summon': False,
[36m(SpecoTaskRunner pid=50920)[0m                                          'limit_images': None,
[36m(SpecoTaskRunner pid=50920)[0m                                          'load_format': 'auto',
[36m(SpecoTaskRunner pid=50920)[0m                                          'max_model_len': None,
[36m(SpecoTaskRunner pid=50920)[0m                                          'max_num_batched_tokens': 8192,
[36m(SpecoTaskRunner pid=50920)[0m                                          'max_num_seqs': 1024,
[36m(SpecoTaskRunner pid=50920)[0m                                          'mtp': None,
[36m(SpecoTaskRunner pid=50920)[0m                                          'multi_stage_wake_up': False,
[36m(SpecoTaskRunner pid=50920)[0m                                          'n': 1,
[36m(SpecoTaskRunner pid=50920)[0m                                          'name': '???',
[36m(SpecoTaskRunner pid=50920)[0m                                          'pipeline_model_parallel_size': 1,
[36m(SpecoTaskRunner pid=50920)[0m                                          'prompt_length': 2048,
[36m(SpecoTaskRunner pid=50920)[0m                                          'quantization': None,
[36m(SpecoTaskRunner pid=50920)[0m                                          'quantization_config_file': None,
[36m(SpecoTaskRunner pid=50920)[0m                                          'response_length': 2048,
[36m(SpecoTaskRunner pid=50920)[0m                                          'scheduling_policy': 'fcfs',
[36m(SpecoTaskRunner pid=50920)[0m                                          'seed': 42,
[36m(SpecoTaskRunner pid=50920)[0m                                          'skip_tokenizer_init': False,
[36m(SpecoTaskRunner pid=50920)[0m                                          'temperature': 1.0,
[36m(SpecoTaskRunner pid=50920)[0m                                          'tensor_model_parallel_size': 2,
[36m(SpecoTaskRunner pid=50920)[0m                                          'top_k': -1,
[36m(SpecoTaskRunner pid=50920)[0m                                          'top_p': 1}},
[36m(SpecoTaskRunner pid=50920)[0m             'sandbox_fusion': {'_target_': 'verl.workers.config.SandboxFusionConfig',
[36m(SpecoTaskRunner pid=50920)[0m                                'max_concurrent': 64,
[36m(SpecoTaskRunner pid=50920)[0m                                'memory_limit_mb': 1024,
[36m(SpecoTaskRunner pid=50920)[0m                                'url': None}},
[36m(SpecoTaskRunner pid=50920)[0m  'reward_model': {'enable': None,
[36m(SpecoTaskRunner pid=50920)[0m                   'enable_resource_pool': None,
[36m(SpecoTaskRunner pid=50920)[0m                   'model': {'external_lib': None,
[36m(SpecoTaskRunner pid=50920)[0m                             'path': None,
[36m(SpecoTaskRunner pid=50920)[0m                             'trust_remote_code': None},
[36m(SpecoTaskRunner pid=50920)[0m                   'n_gpus_per_node': None,
[36m(SpecoTaskRunner pid=50920)[0m                   'nnodes': None,
[36m(SpecoTaskRunner pid=50920)[0m                   'num_workers': None,
[36m(SpecoTaskRunner pid=50920)[0m                   'reward_loop_class_name': None,
[36m(SpecoTaskRunner pid=50920)[0m                   'reward_loop_module_path': None,
[36m(SpecoTaskRunner pid=50920)[0m                   'reward_loop_source': None,
[36m(SpecoTaskRunner pid=50920)[0m                   'reward_manager': None,
[36m(SpecoTaskRunner pid=50920)[0m                   'rollout': {'cudagraph_capture_sizes': None,
[36m(SpecoTaskRunner pid=50920)[0m                               'data_parallel_size': None,
[36m(SpecoTaskRunner pid=50920)[0m                               'disable_log_stats': None,
[36m(SpecoTaskRunner pid=50920)[0m                               'dtype': None,
[36m(SpecoTaskRunner pid=50920)[0m                               'enable_chunked_prefill': None,
[36m(SpecoTaskRunner pid=50920)[0m                               'enable_prefix_caching': None,
[36m(SpecoTaskRunner pid=50920)[0m                               'enforce_eager': None,
[36m(SpecoTaskRunner pid=50920)[0m                               'engine_kwargs': None,
[36m(SpecoTaskRunner pid=50920)[0m                               'expert_parallel_size': None,
[36m(SpecoTaskRunner pid=50920)[0m                               'free_cache_engine': None,
[36m(SpecoTaskRunner pid=50920)[0m                               'gpu_memory_utilization': None,
[36m(SpecoTaskRunner pid=50920)[0m                               'limit_images': None,
[36m(SpecoTaskRunner pid=50920)[0m                               'load_format': None,
[36m(SpecoTaskRunner pid=50920)[0m                               'max_model_len': None,
[36m(SpecoTaskRunner pid=50920)[0m                               'max_num_batched_tokens': None,
[36m(SpecoTaskRunner pid=50920)[0m                               'max_num_seqs': None,
[36m(SpecoTaskRunner pid=50920)[0m                               'name': None,
[36m(SpecoTaskRunner pid=50920)[0m                               'prompt_length': None,
[36m(SpecoTaskRunner pid=50920)[0m                               'response_length': None,
[36m(SpecoTaskRunner pid=50920)[0m                               'skip_tokenizer_init': None,
[36m(SpecoTaskRunner pid=50920)[0m                               'tensor_model_parallel_size': None}},
[36m(SpecoTaskRunner pid=50920)[0m  'sandbox_fusion': {'max_concurrent': None,
[36m(SpecoTaskRunner pid=50920)[0m                     'memory_limit_mb': None,
[36m(SpecoTaskRunner pid=50920)[0m                     'url': None},
[36m(SpecoTaskRunner pid=50920)[0m  'skip': {'_target_': 'verl.utils.skip.SkipManagerConfig',
[36m(SpecoTaskRunner pid=50920)[0m           'async_rollout': {'action': 'cache',
[36m(SpecoTaskRunner pid=50920)[0m                             'dump_dir': '~/.verl/rollout_dump',
[36m(SpecoTaskRunner pid=50920)[0m                             'enable': False,
[36m(SpecoTaskRunner pid=50920)[0m                             'steps': []},
[36m(SpecoTaskRunner pid=50920)[0m           'rollout': {'action': 'cache',
[36m(SpecoTaskRunner pid=50920)[0m                       'dump_dir': '~/.verl/rollout_dump',
[36m(SpecoTaskRunner pid=50920)[0m                       'enable': False,
[36m(SpecoTaskRunner pid=50920)[0m                       'steps': []},
[36m(SpecoTaskRunner pid=50920)[0m           'rollout_tq': {'action': 'cache',
[36m(SpecoTaskRunner pid=50920)[0m                          'dump_dir': '~/.verl/rollout_dump',
[36m(SpecoTaskRunner pid=50920)[0m                          'enable': False,
[36m(SpecoTaskRunner pid=50920)[0m                          'steps': []}},
[36m(SpecoTaskRunner pid=50920)[0m  'speco': {'compatibility': {'policy': 'warn',
[36m(SpecoTaskRunner pid=50920)[0m                              'require_verl_base_branch': 'release/v0.8.0',
[36m(SpecoTaskRunner pid=50920)[0m                              'require_verl_base_version': '0.8.0',
[36m(SpecoTaskRunner pid=50920)[0m                              'strict_env': 'VERL_SPECO_STRICT_VERL'},
[36m(SpecoTaskRunner pid=50920)[0m            'enable': True,
[36m(SpecoTaskRunner pid=50920)[0m            'runtime': {'weight_update_mode': 'compat'},
[36m(SpecoTaskRunner pid=50920)[0m            'standalone_tq_producer': {'generation_max_tokens': 511,
[36m(SpecoTaskRunner pid=50920)[0m                                       'hidden_dtype': 'bfloat16',
[36m(SpecoTaskRunner pid=50920)[0m                                       'input_path': None,
[36m(SpecoTaskRunner pid=50920)[0m                                       'input_queue_size': 32,
[36m(SpecoTaskRunner pid=50920)[0m                                       'max_feature_length': 512,
[36m(SpecoTaskRunner pid=50920)[0m                                       'max_inflight_requests': 16,
[36m(SpecoTaskRunner pid=50920)[0m                                       'max_pending_samples': 1024,
[36m(SpecoTaskRunner pid=50920)[0m                                       'max_samples': 0,
[36m(SpecoTaskRunner pid=50920)[0m                                       'max_sequence_length': 8192,
[36m(SpecoTaskRunner pid=50920)[0m                                       'owner_ready_timeout_seconds': 120,
[36m(SpecoTaskRunner pid=50920)[0m                                       'pending_poll_interval_seconds': 0.5,
[36m(SpecoTaskRunner pid=50920)[0m                                       'per_endpoint_concurrency': 4,
[36m(SpecoTaskRunner pid=50920)[0m                                       'publish_queue_size': 16,
[36m(SpecoTaskRunner pid=50920)[0m                                       'request_timeout': 120,
[36m(SpecoTaskRunner pid=50920)[0m                                       'resume_checkpoint_path': None,
[36m(SpecoTaskRunner pid=50920)[0m                                       'target_layer_ids': None,
[36m(SpecoTaskRunner pid=50920)[0m                                       'target_model_id': None,
[36m(SpecoTaskRunner pid=50920)[0m                                       'target_model_revision': None,
[36m(SpecoTaskRunner pid=50920)[0m                                       'tokenizer_fingerprint': None,
[36m(SpecoTaskRunner pid=50920)[0m                                       'tokenizer_path': None,
[36m(SpecoTaskRunner pid=50920)[0m                                       'trust_remote_code': False,
[36m(SpecoTaskRunner pid=50920)[0m                                       'vllm_endpoints': ['http://localhost:8000/v1'],
[36m(SpecoTaskRunner pid=50920)[0m                                       'vllm_model': None},
[36m(SpecoTaskRunner pid=50920)[0m            'trainer': {'ray_trainer': 'verl_speco.trainer.speco_ray_trainer.SpecoRayPPOTrainer',
[36m(SpecoTaskRunner pid=50920)[0m                        'task_runner': 'verl_speco.integration.task_runner.SpecoTaskRunner'},
[36m(SpecoTaskRunner pid=50920)[0m            'verl_base': {'branch': 'release/v0.8.0',
[36m(SpecoTaskRunner pid=50920)[0m                          'source_modifications_allowed': False,
[36m(SpecoTaskRunner pid=50920)[0m                          'supported_branches': ['release/v0.8.0',
[36m(SpecoTaskRunner pid=50920)[0m                                                 'release/v0.9.0'],
[36m(SpecoTaskRunner pid=50920)[0m                          'supported_versions': ['0.8.0', '0.9.0'],
[36m(SpecoTaskRunner pid=50920)[0m                          'version': '0.8.0'}},
[36m(SpecoTaskRunner pid=50920)[0m  'trainer': {'balance_batch': True,
[36m(SpecoTaskRunner pid=50920)[0m              'critic_warmup': 0,
[36m(SpecoTaskRunner pid=50920)[0m              'default_hdfs_dir': None,
[36m(SpecoTaskRunner pid=50920)[0m              'default_local_dir': '/experiment/evidence/l20-20260919/checkpoints',
[36m(SpecoTaskRunner pid=50920)[0m              'del_local_ckpt_after_load': False,
[36m(SpecoTaskRunner pid=50920)[0m              'device': 'cuda',
[36m(SpecoTaskRunner pid=50920)[0m              'esi_redundant_time': 0,
[36m(SpecoTaskRunner pid=50920)[0m              'experiment_name': 'eagle3-compat',
[36m(SpecoTaskRunner pid=50920)[0m              'log_val_generations': 0,
[36m(SpecoTaskRunner pid=50920)[0m              'logger': ['console'],[36m(SpecoTaskRunner pid=50920)[0m WARNING:2026-09-19 08:52:59,091:SPECO vLLM worker import compatibility enabled: SpecoVLLMCompatActorRolloutRefWorker
[36m(SpecoTaskRunner pid=50920)[0m /experiment/variants/eagle-alias/verl_speco/integration/task_runner.py:228: UserWarning: Disabled critic as algorithm.adv_estimator != gae. If it is not intended, please set critic.enable=True
[36m(SpecoTaskRunner pid=50920)[0m   use_critic=need_critic(config),
[36m(SpecoTaskRunner pid=50920)[0m
Generating train split: 0 examples [00:00, ? examples/s]
Generating train split: 16 examples [00:00, 3789.96 examples/s]
[36m(SpecoTaskRunner pid=50920)[0m
Generating train split: 0 examples [00:00, ? examples/s]
Generating train split: 4 examples [00:00, 2186.81 examples/s]
[36m(SpecoTaskRunner pid=50920)[0m /experiment/variants/eagle-alias/verl_speco/trainer/speco_ray_trainer.py:397: FutureWarning: Warning: Class 'verl.trainer.ppo.ray_trainer.RayPPOTrainer' is deprecated. Please use 'Legacy trainer is deprecated, and wil be removed in v0.9.0. Please use `trainer.use_v1=True` instead.' instead.
[36m(SpecoTaskRunner pid=50920)[0m   super().__init__(*args, **kwargs)
[36m(SpecoTaskRunner pid=50920)[0m /experiment/.venv-clean/lib/python3.12/site-packages/verl/trainer/ppo/ray_trainer.py:348: UserWarning: Disabled critic as algorithm.adv_estimator != gae. If it is not intended, please set critic.enable=True
[36m(SpecoTaskRunner pid=50920)[0m   self.use_critic = need_critic(self.config)
[36m(SpecoTaskRunner pid=50920)[0m /experiment/.venv-clean/lib/python3.12/site-packages/torchdata/stateful_dataloader/stateful_dataloader.py:379: UserWarning: 'set_vital' is deprecated, please do not call
[36m(SpecoTaskRunner pid=50920)[0m   torch.set_vital("Dataloader", "enabled", "True")  # type: ignore[attr-defined]
[36m(WorkerDict pid=51134)[0m /experiment/.venv-clean/lib/python3.12/site-packages/verl/workers/engine/__init__.py:31: UserWarning: torchtitan engine is not available: ModuleNotFoundError("No module named 'torchtitan'")
[36m(WorkerDict pid=51134)[0m   warnings.warn(f"torchtitan engine is not available: {e!r}", stacklevel=1)
[36m(WorkerDict pid=51134)[0m /experiment/.venv-clean/lib/python3.12/site-packages/verl/workers/engine/__init__.py:40: UserWarning: veomni engine is not available: ModuleNotFoundError("No module named 'veomni'")
[36m(WorkerDict pid=51134)[0m   warnings.warn(f"veomni engine is not available: {e!r}", stacklevel=1)
[36m(WorkerDict pid=51134)[0m /experiment/.venv-clean/lib/python3.12/site-packages/verl/workers/engine/__init__.py:49: UserWarning: automodel engine is not available: ModuleNotFoundError("No module named 'nemo_automodel'")
[36m(WorkerDict pid=51134)[0m   warnings.warn(f"automodel engine is not available: {e!r}", stacklevel=1)
[36m(WorkerDict pid=51134)[0m /experiment/.venv-clean/lib/python3.12/site-packages/verl/workers/engine/mindspeed/transformer_impl.py:24: UserWarning: NPU not support router replay for now.
[36m(WorkerDict pid=51134)[0m   from verl.utils.megatron.router_replay_patch import RouterReplay
[36m(WorkerDict pid=51134)[0m /experiment/.venv-clean/lib/python3.12/site-packages/verl/workers/engine/__init__.py:59: UserWarning: mindspeed engine is not available: ModuleNotFoundError("No module named 'megatron'")
[36m(WorkerDict pid=51134)[0m   warnings.warn(f"mindspeed engine is not available: {e!r}", stacklevel=1)
[36m(WorkerDict pid=51134)[0m /experiment/.venv-clean/lib/python3.12/site-packages/verl/workers/engine/__init__.py:69: UserWarning: megatron engine is not available: ModuleNotFoundError("No module named 'megatron'")
[36m(WorkerDict pid=51134)[0m   warnings.warn(f"megatron engine is not available: {e!r}", stacklevel=1)
[36m(WorkerDict pid=51133)[0m WARNING:2026-09-19 08:53:10,373:[speco vllm compat] patched transformers.configuration_utils missing ALLOWED_ATTENTION_LAYER_TYPES for vLLM import
[36m(WorkerDict pid=51133)[0m WARNING:2026-09-19 08:53:14,519:SPECO old-logprob hidden ObjectRef batch postprocess patch active: module=verl.workers.engine.fsdp.transformer_impl
[36m(WorkerDict pid=51133)[0m WARNING:2026-09-19 08:53:14,519:SPECO old-logprob hidden ObjectRef postprocess patch active
[36m(WorkerDict pid=51133)[0m WARNING:2026-09-19 08:53:14,522:SPECO old-logprob aggregate_output patch active
[36m(WorkerDict pid=51133)[0m WARNING:2026-09-19 08:53:14,522:SPECO old-logprob hidden runtime patch active: actor_backend=fsdp
[36m(WorkerDict pid=51133)[0m WARNING:2026-09-19 08:53:14,523:Unable to install SPECO old-logprob Megatron patch: No module named 'megatron'
[36m(WorkerDict pid=51133)[0m
Loading weights:   0%|          | 0/398 [00:00<?, ?it/s]
[36m(WorkerDict pid=51133)[0m /experiment/.venv-clean/lib/python3.12/site-packages/verl/workers/engine/__init__.py:31: UserWarning: torchtitan engine is not available: ModuleNotFoundError("No module named 'torchtitan'")
[36m(WorkerDict pid=51133)[0m   warnings.warn(f"torchtitan engine is not available: {e!r}", stacklevel=1)
[36m(WorkerDict pid=51133)[0m /experiment/.venv-clean/lib/python3.12/site-packages/verl/workers/engine/__init__.py:40: UserWarning: veomni engine is not available: ModuleNotFoundError("No module named 'veomni'")
[36m(WorkerDict pid=51133)[0m   warnings.warn(f"veomni engine is not available: {e!r}", stacklevel=1)
[36m(WorkerDict pid=51133)[0m /experiment/.venv-clean/lib/python3.12/site-packages/verl/workers/engine/__init__.py:49: UserWarning: automodel engine is not available: ModuleNotFoundError("No module named 'nemo_automodel'")
[36m(WorkerDict pid=51133)[0m   warnings.warn(f"automodel engine is not available: {e!r}", stacklevel=1)
[36m(WorkerDict pid=51133)[0m /experiment/.venv-clean/lib/python3.12/site-packages/verl/workers/engine/mindspeed/transformer_impl.py:24: UserWarning: NPU not support router replay for now.
[36m(WorkerDict pid=51133)[0m   from verl.utils.megatron.router_replay_patch import RouterReplay
[36m(WorkerDict pid=51133)[0m /experiment/.venv-clean/lib/python3.12/site-packages/verl/workers/engine/__init__.py:59: UserWarning: mindspeed engine is not available: ModuleNotFoundError("No module named 'megatron'")
[36m(WorkerDict pid=51133)[0m   warnings.warn(f"mindspeed engine is not available: {e!r}", stacklevel=1)
[36m(WorkerDict pid=51133)[0m /experiment/.venv-clean/lib/python3.12/site-packages/verl/workers/engine/__init__.py:69: UserWarning: megatron engine is not available: ModuleNotFoundError("No module named 'megatron'")
[36m(WorkerDict pid=51133)[0m   warnings.warn(f"megatron engine is not available: {e!r}", stacklevel=1)
[36m(WorkerDict pid=51134)[0m WARNING:2026-09-19 08:53:10,326:[speco vllm compat] patched transformers.configuration_utils missing ALLOWED_ATTENTION_LAYER_TYPES for vLLM import
[36m(WorkerDict pid=51133)[0m
Loading weights: 100%|██████████| 398/398 [00:00<00:00, 5024.45it/s]
[36m(WorkerDict pid=51134)[0m
Loading weights:  84%|████████▍ | 334/398 [00:00<00:00, 3334.20it/s]
[36m(pid=51406)[0m WARNING:2026-09-19 08:53:32,310:[speco vllm compat] patched transformers.configuration_utils missing ALLOWED_ATTENTION_LAYER_TYPES for vLLM import
[36m(WorkerDict pid=51134)[0m WARNING:2026-09-19 08:53:14,445:SPECO old-logprob hidden ObjectRef batch postprocess patch active: module=verl.workers.engine.fsdp.transformer_impl
[36m(WorkerDict pid=51134)[0m WARNING:2026-09-19 08:53:14,446:SPECO old-logprob hidden ObjectRef postprocess patch active
[36m(WorkerDict pid=51134)[0m WARNING:2026-09-19 08:53:14,449:SPECO old-logprob aggregate_output patch active
[36m(WorkerDict pid=51134)[0m WARNING:2026-09-19 08:53:14,449:SPECO old-logprob hidden runtime patch active: actor_backend=fsdp
[36m(WorkerDict pid=51134)[0m WARNING:2026-09-19 08:53:14,450:Unable to install SPECO old-logprob Megatron patch: No module named 'megatron'
[36m(WorkerDict pid=51134)[0m
Loading weights:   0%|          | 0/398 [00:00<?, ?it/s]
[36m(WorkerDict pid=51134)[0m
Loading weights: 100%|██████████| 398/398 [00:00<00:00, 3264.41it/s]

[36m(SpecoTaskRunner pid=50920)[0m              'max_actor_ckpt_to_keep': None,
[36m(SpecoTaskRunner pid=50920)[0m              'max_critic_ckpt_to_keep': None,
[36m(SpecoTaskRunner pid=50920)[0m              'n_gpus_per_node': 2,
[36m(SpecoTaskRunner pid=50920)[0m              'nnodes': 1,
[36m(SpecoTaskRunner pid=50920)[0m              'project_name': 'speco-l20',
[36m(SpecoTaskRunner pid=50920)[0m              'ray_wait_register_center_timeout': 300,
[36m(SpecoTaskRunner pid=50920)[0m              'resume_from_path': None,
[36m(SpecoTaskRunner pid=50920)[0m              'resume_mode': 'auto',
[36m(SpecoTaskRunner pid=50920)[0m              'rollout_data_dir': None,
[36m(SpecoTaskRunner pid=50920)[0m              'save_freq': -1,
[36m(SpecoTaskRunner pid=50920)[0m              'test_freq': -1,
[36m(SpecoTaskRunner pid=50920)[0m              'total_epochs': 3,
[36m(SpecoTaskRunner pid=50920)[0m              'total_training_steps': 20,
[36m(SpecoTaskRunner pid=50920)[0m              'use_v1': False,
[36m(SpecoTaskRunner pid=50920)[0m              'v1': {'colocate_async': {'num_warmup_batches': 1},
[36m(SpecoTaskRunner pid=50920)[0m                     'sampler': {'custom_sampler': {'name': None, 'path': None},
[36m(SpecoTaskRunner pid=50920)[0m                                 'max_off_policy_strategy': 'drop',
[36m(SpecoTaskRunner pid=50920)[0m                                 'max_off_policy_threshold': 8,
[36m(SpecoTaskRunner pid=50920)[0m                                 'sampler_kwargs': {},
[36m(SpecoTaskRunner pid=50920)[0m                                 'sync_refill_failed_groups': False},
[36m(SpecoTaskRunner pid=50920)[0m                     'separate_async': {'num_warmup_batches': 1,
[36m(SpecoTaskRunner pid=50920)[0m                                        'parameter_sync_step': 4},
[36m(SpecoTaskRunner pid=50920)[0m                     'sync': {},
[36m(SpecoTaskRunner pid=50920)[0m                     'trainer_mode': 'sync'},
[36m(SpecoTaskRunner pid=50920)[0m              'val_before_train': False,
[36m(SpecoTaskRunner pid=50920)[0m              'val_only': False,
[36m(SpecoTaskRunner pid=50920)[0m              'validation_data_dir': None},
[36m(SpecoTaskRunner pid=50920)[0m  'transfer_queue': {'backend': {'MooncakeStore': {'auto_init': False,
[36m(SpecoTaskRunner pid=50920)[0m                                                   'device_name': '',
[36m(SpecoTaskRunner pid=50920)[0m                                                   'global_segment_size': 4294967296,
[36m(SpecoTaskRunner pid=50920)[0m                                                   'local_buffer_size': 1073741824,
[36m(SpecoTaskRunner pid=50920)[0m                                                   'local_hostname': 'localhost',
[36m(SpecoTaskRunner pid=50920)[0m                                                   'master_server_address': 'localhost:50124',
[36m(SpecoTaskRunner pid=50920)[0m                                                   'metadata_server': 'localhost:50123',
[36m(SpecoTaskRunner pid=50920)[0m                                                   'protocol': 'tcp'},
[36m(SpecoTaskRunner pid=50920)[0m                                 'SimpleStorage': {'num_data_storage_units': 8,
[36m(SpecoTaskRunner pid=50920)[0m                                                   'total_storage_size': 100000},
[36m(SpecoTaskRunner pid=50920)[0m                                 'storage_backend': 'SimpleStorage'},
[36m(SpecoTaskRunner pid=50920)[0m                     'enable': False,
[36m(SpecoTaskRunner pid=50920)[0m                     'metrics': {'enabled': False, 'port': 0}}}
[36m(SpecoTaskRunner pid=50920)[0m [validate_config] All configuration checks passed successfully!
[36m(SpecoTaskRunner pid=50920)[0m Using dataset class: RLHFDataset
[36m(SpecoTaskRunner pid=50920)[0m dataset len: 16
[36m(SpecoTaskRunner pid=50920)[0m Using dataset class: RLHFDataset
[36m(SpecoTaskRunner pid=50920)[0m dataset len: 4
[36m(SpecoTaskRunner pid=50920)[0m Size of train dataloader: 8, Size of val dataloader: 1
[36m(SpecoTaskRunner pid=50920)[0m Total training steps: 20
[36m(SpecoTaskRunner pid=50920)[0m Checkpoint tracker file does not exist: /experiment/evidence/l20-20260919/checkpoints/latest_checkpointed_iteration.txt
[36m(SpecoTaskRunner pid=50920)[0m colocated worker base class <class 'verl.single_controller.base.worker.Worker'>
[36m(WorkerDict pid=51133)[0m Monkey patch _flash_attention_forward in transformers.integrations.flash_attention
[36m(WorkerDict pid=51133)[0m Skipping monkey patch for Qwen3ForCausalLM as use_fused_kernels is False or fused_kernels_backend is torch
[36m(WorkerDict pid=51133)[0m Qwen3ForCausalLM contains 4.02B parameters
[36m(WorkerDict pid=51133)[0m Before FSDP, memory allocated (GB): 0.00, memory reserved (GB): 0.00, device memory used/total (GB): 1.19/44.39
[36m(WorkerDict pid=51133)[0m After FSDP, memory allocated (GB): 3.77, memory reserved (GB): 4.69, device memory used/total (GB): 6.11/44.39
[36m(WorkerDict pid=51133)[0m Total steps: 20, num_warmup_steps: 0
[36m(SpecoVLLMHttpServer pid=51406)[0m ['serve',
[36m(SpecoVLLMHttpServer pid=51406)[0m  '/experiment/models/target',
[36m(SpecoVLLMHttpServer pid=51406)[0m  '--dtype',
[36m(SpecoVLLMHttpServer pid=51406)[0m  'bfloat16',
[36m(SpecoVLLMHttpServer pid=51406)[0m  '--load_format',
[36m(SpecoVLLMHttpServer pid=51406)[0m  'auto',
[36m(SpecoVLLMHttpServer pid=51406)[0m  '--distributed_executor_backend',
[36m(SpecoVLLMHttpServer pid=51406)[0m  'mp',
[36m(SpecoVLLMHttpServer pid=51406)[0m  '--worker_extension_cls',
[36m(SpecoVLLMHttpServer pid=51406)[0m  'verl_speco.integration.vllm_runtime.SpecoVLLMColocateWorkerExtension',
[36m(SpecoVLLMHttpServer pid=51406)[0m  '--max_model_len',
[36m(SpecoVLLMHttpServer pid=51406)[0m  '256',
[36m(SpecoVLLMHttpServer pid=51406)[0m  '--max_num_seqs',
[36m(SpecoVLLMHttpServer pid=51406)[0m  '4',
[36m(SpecoVLLMHttpServer pid=51406)[0m  '--enable_chunked_prefill',
[36m(SpecoVLLMHttpServer pid=51406)[0m  '--max_num_batched_tokens',
[36m(SpecoVLLMHttpServer pid=51406)[0m  '8192',
[36m(SpecoVLLMHttpServer pid=51406)[0m  '--enable_prefix_caching',
[36m(SpecoVLLMHttpServer pid=51406)[0m  '--enable_sleep_mode',
[36m(SpecoVLLMHttpServer pid=51406)[0m  '--logprobs_mode',
[36m(SpecoVLLMHttpServer pid=51406)[0m  'processed_logprobs',
[36m(SpecoVLLMHttpServer pid=51406)[0m  '--enforce_eager',
[36m(SpecoVLLMHttpServer pid=51406)[0m  '--gpu_memory_utilization',
[36m(SpecoVLLMHttpServer pid=51406)[0m  '0.25',
[36m(SpecoVLLMHttpServer pid=51406)[0m  '--disable_log_stats',
[36m(SpecoVLLMHttpServer pid=51406)[0m  '--tensor_parallel_size',
[36m(SpecoVLLMHttpServer pid=51406)[0m  '2',
[36m(SpecoVLLMHttpServer pid=51406)[0m  '--seed',
[36m(SpecoVLLMHttpServer pid=51406)[0m  '42',
[36m(SpecoVLLMHttpServer pid=51406)[0m  '--override_generation_config',
[36m(SpecoVLLMHttpServer pid=51406)[0m  '{"temperature": 1.0, "top_k": -1, "top_p": 1, "repetition_penalty": 1.0, '
[36m(SpecoVLLMHttpServer pid=51406)[0m  '"max_new_tokens": 64}',
[36m(SpecoVLLMHttpServer pid=51406)[0m  '--hf_overrides',
[36m(SpecoVLLMHttpServer pid=51406)[0m  '{}',
[36m(SpecoVLLMHttpServer pid=51406)[0m  '--scheduling_policy',
[36m(SpecoVLLMHttpServer pid=51406)[0m  'fcfs',
[36m(SpecoVLLMHttpServer pid=51406)[0m  '--compilation_config',
[36m(SpecoVLLMHttpServer pid=51406)[0m  '{"cudagraph_mode": "FULL_AND_PIECEWISE"}',
[36m(SpecoVLLMHttpServer pid=51406)[0m  '--speculative_config',
[36m(SpecoVLLMHttpServer pid=51406)[0m  '{"method": "eagle3", "num_speculative_tokens": 3, "draft_sample_method": '
[36m(SpecoVLLMHttpServer pid=51406)[0m  '"greedy", "model": "/experiment/models/eagle"}']
[36m(WorkerDict pid=51134)[0m Monkey patch _flash_attention_forward in transformers.integrations.flash_attention
[36m(WorkerDict pid=51134)[0m Skipping monkey patch for Qwen3ForCausalLM as use_fused_kernels is False or fused_kernels_backend is torch
[36m(SpecoVLLMHttpServer pid=51406)[0m WARNING 09-19 08:53:41 [scheduler.py:306] max_num_batched_tokens (8192) exceeds max_num_seqs * max_model_len (1024). This may lead to unexpected behavior.[36m(SpecoVLLMHttpServer pid=51406)[0m WARNING:2026-09-19 08:53:48,318:[speco vllm compat] patched transformers.configuration_utils missing ALLOWED_ATTENTION_LAYER_TYPES for vLLM import
[36m(SpecoVLLMHttpServer pid=51406)[0m WARNING:2026-09-19 08:54:08,111:[speco vllm compat] patched transformers.configuration_utils missing ALLOWED_ATTENTION_LAYER_TYPES for vLLM import
[36m(SpecoVLLMHttpServer pid=51406)[0m WARNING:2026-09-19 08:54:08,351:[speco vllm compat] patched transformers.configuration_utils missing ALLOWED_ATTENTION_LAYER_TYPES for vLLM import
[36m(SpecoVLLMHttpServer pid=51406)[0m (Worker_TP0 pid=52090)
Loading safetensors checkpoint shards:   0% Completed | 0/3 [00:00<?, ?it/s]
[36m(SpecoVLLMHttpServer pid=51406)[0m (Worker_TP0 pid=52090)
Loading safetensors checkpoint shards:  33% Completed | 1/3 [00:00<00:00,  2.30it/s]
[36m(SpecoVLLMHttpServer pid=51406)[0m (Worker_TP0 pid=52090)
Loading safetensors checkpoint shards:  67% Completed | 2/3 [00:00<00:00,  2.05it/s]
[36m(SpecoVLLMHttpServer pid=51406)[0m (Worker_TP0 pid=52090)
Loading safetensors checkpoint shards: 100% Completed | 3/3 [00:01<00:00,  2.84it/s]
[36m(SpecoVLLMHttpServer pid=51406)[0m (Worker_TP0 pid=52090)
[36m(SpecoVLLMHttpServer pid=51406)[0m (Worker_TP0 pid=52090)
Loading safetensors checkpoint shards:   0% Completed | 0/1 [00:00<?, ?it/s]
[36m(SpecoVLLMHttpServer pid=51406)[0m (Worker_TP0 pid=52090)
Loading safetensors checkpoint shards: 100% Completed | 1/1 [00:00<00:00, 1612.57it/s]
[36m(SpecoVLLMHttpServer pid=51406)[0m (Worker_TP0 pid=52090)
[36m(SpecoVLLMHttpServer pid=51406)[0m (Worker_TP1 pid=52091) WARNING:2026-09-19 08:54:19,671:[speco draft sleep] drafter state saved before level-2 sleep (17 tensors)
[36m(SpecoVLLMHttpServer pid=51406)[0m (Worker_TP0 pid=52090) WARNING:2026-09-19 08:54:19,675:[speco draft sleep] drafter state saved before level-2 sleep (17 tensors)
[36m(GlobalRequestLoadBalancer pid=52297)[0m WARNING:2026-09-19 08:54:24,883:[speco vllm compat] patched transformers.configuration_utils missing ALLOWED_ATTENTION_LAYER_TYPES for vLLM import
[36m(GlobalRequestLoadBalancer pid=52297)[0m W0919 08:54:27.237000 52297 torch/utils/cpp_extension.py:178] No CUDA runtime is found, using CUDA_HOME='/usr/local/cuda'
[36m(SpecoWorker pid=52389)[0m INFO:2026-09-19 08:54:33,934:Loading EAGLE3 drafter weights from /experiment/models/eagle (drafter_step=unknown)
[36m(SpecoWorker pid=52412)[0m
Loading weights:   0%|          | 0/15 [00:00<?, ?it/s]
Loading weights: 100%|██████████| 15/15 [00:00<00:00, 34875.03it/s]
[36m(WorkerDict pid=51133)[0m /experiment/.venv-clean/lib/python3.12/site-packages/verl/plugin/platform/platform_cuda.py:99: FutureWarning: torch.cuda._set_allocator_settings is deprecated. Use torch._C._accelerator_setAllocatorSettings instead.
[36m(WorkerDict pid=51133)[0m   torch.cuda.memory._set_allocator_settings(settings)
[36m(SpecoWorker pid=52412)[0m INFO:2026-09-19 08:54:33,934:Loading EAGLE3 drafter weights from /experiment/models/eagle (drafter_step=unknown)
[36m(SpecoWorker pid=52389)[0m
Loading weights:   0%|          | 0/15 [00:00<?, ?it/s]
Loading weights: 100%|██████████| 15/15 [00:00<00:00, 23967.45it/s]
[36m(SpecoVLLMHttpServer pid=51406)[0m (Worker_TP1 pid=52091) WARNING:2026-09-19 08:54:44,467:[speco draft wake_up] drafter state restored after level-2 wake_up (17 tensors, revision=0)
[36m(SpecoVLLMHttpServer pid=51406)[0m (Worker_TP0 pid=52090) WARNING:2026-09-19 08:54:44,468:[speco draft wake_up] drafter state restored after level-2 wake_up (17 tensors, revision=0)
[36m(SpecoTaskRunner pid=50920)[0m
Training Progress:   0%|          | 0/20 [00:00<?, ?it/s]
[36m(AgentLoopWorker pid=52298)[0m WARNING:2026-09-19 08:54:48,680:Platform 'nvidia' (PlatformCUDA) is registered but not available. This may be due to this ray actor being a CPU-only actor.
[36m(WorkerDict pid=51134)[0m /experiment/.venv-clean/lib/python3.12/site-packages/verl/plugin/platform/platform_cuda.py:99: FutureWarning: torch.cuda._set_allocator_settings is deprecated. Use torch._C._accelerator_setAllocatorSettings instead.
[36m(WorkerDict pid=51134)[0m   torch.cuda.memory._set_allocator_settings(settings)
[36m(AgentLoopWorker pid=52298)[0m WARNING:2026-09-19 08:54:48,808:[speco vllm compat] patched transformers.configuration_utils missing ALLOWED_ATTENTION_LAYER_TYPES for vLLM import
[36m(AgentLoopWorker pid=52300)[0m W0919 08:54:51.321000 52300 torch/utils/cpp_extension.py:178] No CUDA runtime is found, using CUDA_HOME='/usr/local/cuda'
[36m(RewardLoopWorker pid=51398)[0m WARNING:2026-09-19 08:54:57,606:Platform 'nvidia' (PlatformCUDA) is registered but not available. This may be due to this ray actor being a CPU-only actor.[32m [repeated 2x across cluster] (Ray deduplicates logs by default. Set RAY_DEDUP_LOGS=0 to disable log deduplication, or see https://docs.ray.io/en/master/ray-observability/user-guides/configure-logging.html#log-deduplication for more options.)[0m
[36m(AgentLoopWorker pid=52300)[0m WARNING:2026-09-19 08:54:48,800:[speco vllm compat] patched transformers.configuration_utils missing ALLOWED_ATTENTION_LAYER_TYPES for vLLM import
[36m(AgentLoopWorker pid=52298)[0m W0919 08:54:51.285000 52298 torch/utils/cpp_extension.py:178] No CUDA runtime is found, using CUDA_HOME='/usr/local/cuda'
[36m(SpecoVLLMHttpServer pid=51406)[0m (Worker_TP1 pid=52091) WARNING:2026-09-19 08:54:58,051:[speco draft sleep] drafter state saved before level-2 sleep (17 tensors)
[36m(SpecoVLLMHttpServer pid=51406)[0m (Worker_TP0 pid=52090) WARNING:2026-09-19 08:54:58,051:[speco draft sleep] drafter state saved before level-2 sleep (17 tensors)
[36m(SpecoTaskRunner pid=50920)[0m W0919 08:54:59.001000 50920 torch/fx/_symbolic_trace.py:56] is_fx_tracing will return true for both fx.symbolic_trace and torch.export. Please use is_fx_tracing_symbolic_tracing() for specifically fx.symbolic_trace or torch.compiler.is_compiling() for specifically torch.export/compile.
[36m(SpecoWorker pid=52412)[0m Using blocking ray.get inside async actor. This blocks the event loop. Please use `await` on object ref with asyncio.gather if you want to yield execution to the event loop instead.
[36m(RewardLoopWorker pid=51401)[0m WARNING:2026-09-19 08:54:57,605:Platform 'nvidia' (PlatformCUDA) is registered but not available. This may be due to this ray actor being a CPU-only actor.[32m [repeated 3x across cluster][0m
[36m(WorkerDict pid=51133)[0m [rank0]:W0919 08:55:01.158000 51133 torch/fx/_symbolic_trace.py:56] is_fx_tracing will return true for both fx.symbolic_trace and torch.export. Please use is_fx_tracing_symbolic_tracing() for specifically fx.symbolic_trace or torch.compiler.is_compiling() for specifically torch.export/compile.[32m [repeated 2x across cluster][0m
[36m(SpecoWorker pid=52412)[0m INFO:2026-09-19 08:55:29,384:using ttt_length 1, no need to cache hidden states
[36m(SpecoWorker pid=52389)[0m Using blocking ray.get inside async actor. This blocks the event loop. Please use `await` on object ref with asyncio.gather if you want to yield execution to the event loop instead.
[36m(SpecoWorker pid=52389)[0m /usr/local/lib/python3.12/dist-packages/torch/distributed/c10d_logger.py:83: FutureWarning: `torch.distributed.all_gather_into_tensor` is deprecated. Please use `torch.distributed.all_gather_single` instead.
[36m(SpecoWorker pid=52389)[0m   return func(*args, **kwargs)
[36m(SpecoWorker pid=52389)[0m INFO:2026-09-19 08:55:29,384:using ttt_length 1, no need to cache hidden states
[36m(SpecoWorker pid=52389)[0m INFO:2026-09-19 08:55:54,087:[drafter loss] step=1 optimizer_step_total=1 lr=1.000e-05 loss=4.6838 vloss=0.0000 ploss=4.6838
[36m(SpecoVLLMHttpServer pid=51406)[0m (Worker_TP0 pid=52090) WARNING:2026-09-19 08:55:57,860:[speco draft wake_up] drafter state restored after level-2 wake_up (17 tensors, revision=0)
[36m(SpecoVLLMHttpServer pid=51406)[0m (Worker_TP1 pid=52091) WARNING:2026-09-19 08:55:57,866:[speco draft wake_up] drafter state restored after level-2 wake_up (17 tensors, revision=0)

[36m(SpecoVLLMHttpServer pid=51406)[0m WARNING 09-19 08:53:41 [vllm.py:1371] Enforce eager set, disabling torch.compile and CUDAGraphs. This is equivalent to setting -cc.mode=none -cc.cudagraph_mode=none
[36m(SpecoVLLMHttpServer pid=51406)[0m WARNING 09-19 08:53:41 [vllm.py:1406] Inductor compilation was disabled by user settings, optimizations settings that are only active during inductor compilation will be ignored.
[36m(SpecoVLLMHttpServer pid=51406)[0m WARNING 09-19 08:53:44 [system_utils.py:157] We must use the `spawn` multiprocessing start method. Overriding VLLM_WORKER_MULTIPROC_METHOD to 'spawn'. See https://docs.vllm.ai/en/latest/usage/troubleshooting.html#python-multiprocessing for more information. Reasons: In a Ray actor and can only be spawned; CUDA is initialized
[36m(SpecoVLLMHttpServer pid=51406)[0m (Worker pid=52091) WARNING 09-19 08:54:09 [symm_mem.py:67] SymmMemCommunicator: Device capability 8.9 not supported, communicator is not available.
[36m(SpecoVLLMHttpServer pid=51406)[0m (Worker pid=52090) WARNING 09-19 08:54:09 [symm_mem.py:67] SymmMemCommunicator: Device capability 8.9 not supported, communicator is not available.
[36m(SpecoVLLMHttpServer pid=51406)[0m (Worker pid=52091) WARNING 09-19 08:54:09 [flashinfer_all_reduce.py:383] FlashInfer All Reduce is disabled because it is not supported for world_size=2.
[36m(SpecoVLLMHttpServer pid=51406)[0m (Worker pid=52090) WARNING 09-19 08:54:09 [flashinfer_all_reduce.py:383] FlashInfer All Reduce is disabled because it is not supported for world_size=2.
[36m(SpecoVLLMHttpServer pid=51406)[0m (EngineCore pid=52053) WARNING 09-19 08:54:12 [torch_utils.py:265] OMP_NUM_THREADS=4 is set; leaving Torch threads at 4 for serving. Multi-threaded torch CPU ops during serving can degrade performance through spin-wait contention and cgroup CPU-quota throttling.
[36m(SpecoVLLMHttpServer pid=51406)[0m (Worker_TP0 pid=52090) WARNING 09-19 08:54:16 [torch_utils.py:265] OMP_NUM_THREADS=4 is set; leaving Torch threads at 4 for serving. Multi-threaded torch CPU ops during serving can degrade performance through spin-wait contention and cgroup CPU-quota throttling.
[36m(SpecoVLLMHttpServer pid=51406)[0m (EngineCore pid=52053) WARNING 09-19 08:54:17 [vllm.py:1371] Enforce eager set, disabling torch.compile and CUDAGraphs. This is equivalent to setting -cc.mode=none -cc.cudagraph_mode=none
[36m(SpecoVLLMHttpServer pid=51406)[0m (EngineCore pid=52053) WARNING 09-19 08:54:17 [vllm.py:1406] Inductor compilation was disabled by user settings, optimizations settings that are only active during inductor compilation will be ignored.
[36m(SpecoVLLMHttpServer pid=51406)[0m WARNING 09-19 08:54:17 [api_router.py:28] LoRA dynamic loading & unloading is enabled in the API server. This should ONLY be used for local development!
[36m(SpecoVLLMHttpServer pid=51406)[0m WARNING 09-19 08:54:18 [model.py:1759] Default vLLM sampling parameters have been overridden by the model's `generation_config.json`: `{'repetition_penalty': 1.0, 'temperature': 1.0, 'top_k': -1, 'top_p': 1, 'max_tokens': 64}`. If this is not intended, please relaunch vLLM instance with `--generation-config vllm`.
[36m(SpecoTaskRunner pid=50920)[0m LLMServerManager: ['172.17.0.6:39827']
[36m(AgentLoopWorker pid=52298)[0m Using dataset class: RLHFDataset
[36m(SpecoWorker pid=52389)[0m Set draft model tie_word_embeddings to False
[36m(SpecoTaskRunner pid=50920)[0m Checkpoint tracker file does not exist: /experiment/evidence/l20-20260919/checkpoints/latest_checkpointed_iteration.txt
[36m(SpecoTaskRunner pid=50920)[0m Training from scratch
[36m(AgentLoopWorker pid=52300)[0m Using dataset class: RLHFDataset
[36m(SpecoWorker pid=52412)[0m Set draft model tie_word_embeddings to False
[36m(SpecoVLLMHttpServer pid=51406)[0m (Worker_TP0 pid=52090) [speco vllm weight sync] NPU staging decision enabled=0 reason=not_shm pid=52090 local_rank=0 use_shm=0
[36m(SpecoVLLMHttpServer pid=51406)[0m (Worker_TP1 pid=52091) [speco vllm weight sync] NPU staging decision enabled=0 reason=not_shm pid=52091 local_rank=1 use_shm=0
[36m(SpecoVLLMHttpServer pid=51406)[0m WARNING 09-19 08:54:55 [input_processor.py:315] Passing raw prompts to InputProcessor is deprecated and will be removed in the future. You should instead pass the outputs of Renderer.render_cmpl() or Renderer.render_chat().
[36m(SpecoVLLMHttpServer pid=51406)[0m (Worker_TP0 pid=52090) WARNING 09-19 08:54:56 [jit_monitor.py:141] Triton kernel JIT compilation during inference: _topk_log_softmax_kernel. This causes a latency spike; consider extending warmup to cover this shape/config.
[36m(SpecoVLLMHttpServer pid=51406)[0m (Worker_TP0 pid=52090) WARNING 09-19 08:54:56 [jit_monitor.py:141] Triton kernel JIT compilation during inference: _compute_local_logits_stats_kernel. This causes a latency spike; consider extending warmup to cover this shape/config.
[36m(SpecoVLLMHttpServer pid=51406)[0m (Worker_TP0 pid=52090) WARNING 09-19 08:54:56 [jit_monitor.py:141] Triton kernel JIT compilation during inference: _rejection_kernel. This causes a latency spike; consider extending warmup to cover this shape/config.
[36m(SpecoVLLMHttpServer pid=51406)[0m (Worker_TP0 pid=52090) WARNING 09-19 08:54:56 [jit_monitor.py:141] Triton kernel JIT compilation during inference: _resample_kernel. This causes a latency spike; consider extending warmup to cover this shape/config.
[36m(SpecoTaskRunner pid=50920)[0m step:1 - global_seqlen/min:176 - global_seqlen/max:178 - global_seqlen/minmax_diff:2 - global_seqlen/balanced_min:177 - global_seqlen/balanced_max:177 - global_seqlen/mean:177.0 - actor/entropy:0.0 - perf/mfu/actor_infer:0.004320861663285197 - training/rollout_probs_diff_valid:1 - training/rollout_probs_diff_max:0.07475548982620239 - training/rollout_probs_diff_mean:0.0052774399518966675 - training/rollout_probs_diff_std:0.01305945310741663 - training/rollout_actor_probs_pearson_corr:0.9982432723045349 - rollout_corr/training_ppl:1.254441738128662 - rollout_corr/training_log_ppl:0.22337254881858826 - rollout_corr/kl:0.004829115699976683 - rollout_corr/k3_kl:0.0019212067127227783 - rollout_corr/rollout_ppl:1.248766303062439 - rollout_corr/rollout_log_ppl:0.21854344010353088 - rollout_corr/log_ppl_diff:0.004829119890928268 - rollout_corr/log_ppl_abs_diff:0.007018011063337326 - rollout_corr/log_ppl_diff_max:0.01261487603187561 - rollout_corr/log_ppl_diff_min:-0.003092855215072632 - rollout_corr/ppl_ratio:1.0048658847808838 - rollout_corr/chi2_token:-0.0022088289260864258 - rollout_corr/chi2_seq:-0.22360551357269287 - actor/pg_clipfrac:np.float64(0.0) - actor/ppo_kl:np.float64(0.0) - actor/pg_clipfrac_lower:np.float64(0.0) - actor/pg_loss:np.float64(0.0) - actor/loss:np.float64(0.0) - actor/grad_norm:np.float64(0.0) - actor/lr:np.float64(1e-06) - actor/perf/max_memory_allocated_gb:np.float64(20.874370098114014) - actor/perf/max_memory_reserved_gb:np.float64(27.607421875) - actor/perf/cpu_memory_used_gb:np.float64(182.00127792358398) - perf/mfu/actor:np.float64(0.004483200505581053) - drafter/raw_drafter_samples:np.float64(4.0) - drafter/collected_samples:np.float64(2.0) - drafter/collect_interval_matched:np.float64(1.0) - drafter/collection_plan_used:np.float64(1.0) - drafter/collection_plan_collect:np.float64(1.0) - drafter/collection_plan_reason:np.float64(7.0) - drafter/collection_plan_source:np.float64(2.0) - drafter/collection_plan_interval_matched:np.float64(1.0) - drafter/collection_plan_training_interval_matched:np.float64(1.0) - drafter/collection_attempted:np.float64(1.0) - drafter/collection_completed:np.float64(1.0) - drafter/collection_outcome_reason:np.float64(1.0) - drafter/collection_rejected_samples:np.float64(0.0) - drafter/collection_worker_results:np.float64(1.0) - drafter/collection_finalized:np.float64(1.0) - drafter/collection_expired_stages:np.float64(0.0) - timing_s/drafter_collection_rpc:np.float64(0.04452456600120058) - drafter/scheduler_used:np.float64(1.0) - drafter/schedule_launch:np.float64(1.0) - drafter/schedule_interval_matched:np.float64(1.0) - drafter/schedule_strategy:np.float64(0.0) - drafter/schedule_reason:np.float64(10.0) - drafter/target_lm_head_apply_deferred:np.float64(1.0) - drafter/target_lm_head_selected_rows:np.float64(32000.0) - drafter/target_lm_head_source_vocab_size:np.float64(151936.0) - drafter/target_lm_head_direct_sparse_export:np.float64(0.0) - timing_s/drafter_sync_target_lm_head_fetch:np.float64(1.9520577679977578) - timing_s/drafter_sync_target_lm_head_dispatch:np.float64(0.5307791349987383) - drafter/train_interval_matched:np.float64(1.0) - drafter/target_lm_head_synced:np.float64(1.0) - timing_s/drafter_sync_target_lm_head:np.float64(2.5106160059985996) - timing_s/drafter_sync_target_lm_head_apply:np.float64(0.5312389109967626) - timing_s/drafter_sync_target_lm_head_wait:np.float64(0.00045977599802426994) - timing_s/drafter_sync_target_lm_head_overlap_window:np.float64(19.206860401001904) - drafter/trained:np.float64(1.0) - drafter/train_successful_steps_max:np.int64(1) - drafter/train_no_trainable_batch:np.float64(0.0) - drafter/train_activation_failed:np.float64(0.0) - drafter/train_attempted_batches_max:np.int64(1) - drafter/train_buffer_size_before_min:np.int64(2) - drafter/train_buffer_size_after_min:np.int64(0) - drafter/train_optimizer_step_max:np.int64(1) - drafter/train_worker_results_consistent:np.float64(1.0) - drafter/train_worker_ids_consistent:np.float64(1.0) - drafter/train_worker_incarnations_consistent:np.float64(1.0) - drafter/train_plan_ids_consistent:np.float64(1.0) - drafter/train_source_steps_consistent:np.float64(1.0) - drafter/train_data_versions_consistent:np.float64(1.0) - drafter/train_target_versions_consistent:np.float64(1.0) - drafter/train_successful_steps_consistent:np.float64(1.0) - drafter/train_optimizer_steps_consistent:np.float64(1.0) - drafter/train_publish_leader_count:np.float64(1.0) - drafter/train_publish_leader_snapshot_ready:np.float64(1.0) - timing_s/drafter_prepare_batch:np.float64(0.14506912231445312) - timing_s/drafter_forward_loss:np.float64(24.254403352737427) - timing_s/drafter_reduce_loss:np.float64(0.004630327224731445) - timing_s/drafter_backward:np.float64(0.15059113502502441) - timing_s/drafter_optimizer:np.float64(0.3356056213378906) - timing_s/drafter_publish_snapshot:np.float64(0.788642406463623) - timing_s/drafter_worker_training_loop:np.float64(24.957568883895874) - timing_s/drafter_worker_cleanup:np.float64(2.2470483779907227) - timing_s/drafter_worker_elapsed:np.float64(27.195886373519897) - timing_s/drafter_train_rpc:np.float64(27.731124026002362) - drafter/runtime_state:np.float64(3.0) - drafter/runtime_completed_batches:np.float64(1.0) - drafter/runtime_inflight:np.float64(0.0) - timing_s/drafter_runtime_batch_average:np.float64(27.731124026002362) - timing_s/drafter_outer_unaccounted:np.float64(0.011345312999765156) - drafter/publish_attempted:np.float64(1.0) - drafter/published:np.float64(1.0) - timing_s/drafter_publish_wait_pending:np.float64(1.2006999895675108e-05) - timing_s/drafter_publish_fetch_snapshot:np.float64(2.197316920999583) - timing_s/drafter_publish_update_weights:np.float64(0.0015695270012656692) - training/global_step:1 - training/epoch:0 - critic/score/mean:0.0 - critic/score/max:0.0 - critic/score/min:0.0 - critic/rewards/mean:0.0 - critic/rewards/max:0.0 - critic/rewards/min:0.0 - critic/advantages/mean:0.0 - critic/advantages/max:0.0 - critic/advantages/min:0.0 - critic/returns/mean:0.0 - critic/returns/max:0.0 - critic/returns/min:0.0 - response_length/mean:64.0 - response_length/max:64.0 - response_length/min:64.0 - response_length/clip_ratio:1.0 - response_length_non_aborted/mean:64.0 - response_length_non_aborted/max:64.0 - response_length_non_aborted/min:64.0 - response_length_non_aborted/clip_ratio:1.0 - response/aborted_ratio:0.0 - prompt_length/mean:24.5 - prompt_length/max:25.0 - prompt_length/min:24.0 - prompt_length/clip_ratio:0.0 - num_turns/min:np.int32(2) - num_turns/max:np.int32(2) - num_turns/mean:np.float64(2.0) - timing_s/start_profile:0.0007738969979982357 - timing_s/agent_loop/num_preempted/min:np.int64(-1) - timing_s/agent_loop/num_preempted/max:np.int64(-1) - timing_s/agent_loop/num_preempted/mean:np.float64(-1.0) - timing_s/agent_loop/generate_sequences/min:np.float64(8.566121489999205) - timing_s/agent_loop/generate_sequences/max:np.float64(8.715448759998253) - timing_s/agent_loop/generate_sequences/mean:np.float64(8.651868426749388) - timing_s/agent_loop/tool_calls/min:np.float64(0.0) - timing_s/agent_loop/tool_calls/max:np.float64(0.0) - timing_s/agent_loop/tool_calls/mean:np.float64(0.0) - timing_s/agent_loop/compute_score/min:np.float64(0.17733384399980423) - timing_s/agent_loop/compute_score/max:np.float64(0.2737952919997042) - timing_s/agent_loop/compute_score/mean:np.float64(0.21279048574979242) - timing_s/agent_loop/slowest/generate_sequences:np.float64(8.709503932001098) - timing_s/agent_loop/slowest/tool_calls:np.float64(0.0) - timing_s/agent_loop/slowest/compute_score:np.float64(0.18673862899959204) - timing_s/agent_loop/slowest/num_preempted:np.int64(-1) - timing_s/agent_loop/slowest/prompt_length:25 - timing_s/agent_loop/slowest/response_length:64 - timing_s/gen:9.98535892200016 - timing_s/reward:4.789000013261102e-05 - timing_s/old_log_prob:8.438207351999154 - timing_s/adv:0.006859328001155518 - timing_s/update_actor:19.20688010500089 - timing_s/drafter:30.253085345000727 - drafter/spec_decode/mean_acceptance_length:1.8880597014925373 - timing_s/update_weights:6.219802561998222 - timing_s/step:74.12542321699948 - timing_s/stop_profile:0.00017442499665776268 - timing_per_token_ms/update_actor:54.256723460454495 - timing_per_token_ms/gen:39.00530828906312 - timing_per_token_ms/adv:0.019376632771625758 - perf/total_num_tokens:354 - perf/time_per_step:74.12542321699948 - perf/throughput:2.3878447139767274[36m(SpecoTaskRunner pid=50920)[0m
Training Progress:   5%|▌         | 1/20 [01:15<23:56, 75.60s/it]
[36m(SpecoWorker pid=52412)[0m /usr/local/lib/python3.12/dist-packages/torch/distributed/c10d_logger.py:83: FutureWarning: `torch.distributed.all_gather_into_tensor` is deprecated. Please use `torch.distributed.all_gather_single` instead.
[36m(SpecoWorker pid=52412)[0m   return func(*args, **kwargs)
[36m(SpecoWorker pid=52389)[0m WARNING:2026-09-19 08:56:01,699:[speco publish reclaim] role=producer global_steps=1 num_weights=13 payload_cleared=1 allocator=glibc action=malloc_trim heap_trimmed=True elapsed_sec=0.358 memory_before=(rss_gib=5.22 anon_gib=3.67 rss_shmem_gib=0.64 node_unavailable_gib=204.48 available_gib=299.01 cached_gib=317.03 node_shmem_gib=36.41 dev_shm_used_gib=0.07 dirty_gib=23.07 writeback_gib=0.03) memory_after=(rss_gib=5.17 anon_gib=3.63 rss_shmem_gib=0.64 node_unavailable_gib=203.73 available_gib=299.76 cached_gib=317.07 node_shmem_gib=36.41 dev_shm_used_gib=0.07 dirty_gib=23.08 writeback_gib=0.05)
[36m(WorkerDict pid=51133)[0m Using blocking ray.get inside async actor. This blocks the event loop. Please use `await` on object ref with asyncio.gather if you want to yield execution to the event loop instead.
[36m(WorkerDict pid=51134)[0m WARNING:2026-09-19 08:56:02,859:[speco draft update] backend=vllm native_draft_update=disabled weight_update_mode=auto path=compat fallback_reason=vllm: native draft update unavailable: vllm: start_draft_weight_update, finish_weight_update, server start_draft_weight_update RPC, supports_draft_weight_update
[36m(WorkerDict pid=51134)[0m WARNING:2026-09-19 08:56:03,459:[speco publish materialize] async=True global_steps=1 elapsed_sec=0.600 num_weights=13
[36m(SpecoVLLMHttpServer pid=51406)[0m (Worker_TP1 pid=52091) WARNING:2026-09-19 08:56:04,249:SPECO committed online drafter revision=1 loaded_params=13
[36m(SpecoVLLMHttpServer pid=51406)[0m (Worker_TP1 pid=52091) WARNING:2026-09-19 08:56:04,249:[speco-diag:sampling_mode] draft_sample_method=greedy draft_logits=None(greedy) proposer=EagleSpeculator
[36m(SpecoVLLMHttpServer pid=51406)[0m (Worker_TP0 pid=52090) WARNING:2026-09-19 08:56:04,254:SPECO committed online drafter revision=1 loaded_params=13
[36m(SpecoVLLMHttpServer pid=51406)[0m (Worker_TP0 pid=52090) WARNING:2026-09-19 08:56:04,254:[speco-diag:sampling_mode] draft_sample_method=greedy draft_logits=None(greedy) proposer=EagleSpeculator
[36m(WorkerDict pid=51134)[0m WARNING:2026-09-19 08:56:05,156:[speco publish reclaim] role=consumer async=True global_steps=1 num_weights=13 payload_cleared=1 allocator=glibc action=malloc_trim heap_trimmed=True elapsed_sec=0.478 memory_before=(rss_gib=18.87 anon_gib=7.19 rss_shmem_gib=10.58 node_unavailable_gib=204.42 available_gib=299.07 cached_gib=317.22 node_shmem_gib=36.41 dev_shm_used_gib=0.07 dirty_gib=23.02 writeback_gib=0.08) memory_after=(rss_gib=17.41 anon_gib=5.72 rss_shmem_gib=10.58 node_unavailable_gib=201.83 available_gib=301.66 cached_gib=317.23 node_shmem_gib=36.41 dev_shm_used_gib=0.07 dirty_gib=23.02 writeback_gib=0.03)
[36m(RewardLoopWorker pid=51403)[0m WARNING:2026-09-19 08:56:06,272:Platform 'nvidia' (PlatformCUDA) is registered but not available. This may be due to this ray actor being a CPU-only actor.
[36m(SpecoVLLMHttpServer pid=51406)[0m (Worker_TP1 pid=52091) WARNING:2026-09-19 08:56:06,737:[speco draft sleep] drafter state saved before level-2 sleep (17 tensors)
[36m(SpecoVLLMHttpServer pid=51406)[0m (Worker_TP0 pid=52090) WARNING:2026-09-19 08:56:06,744:[speco draft sleep] drafter state saved before level-2 sleep (17 tensors)
[36m(WorkerDict pid=51134)[0m Using blocking ray.get inside async actor. This blocks the event loop. Please use `await` on object ref with asyncio.gather if you want to yield execution to the event loop instead.
[36m(SpecoWorker pid=52389)[0m INFO:2026-09-19 08:56:23,215:using ttt_length 1, no need to cache hidden states
[36m(RewardLoopWorker pid=51405)[0m WARNING:2026-09-19 08:56:06,354:Platform 'nvidia' (PlatformCUDA) is registered but not available. This may be due to this ray actor being a CPU-only actor.
[36m(SpecoWorker pid=52389)[0m INFO:2026-09-19 08:56:24,161:[drafter loss] step=1 optimizer_step_total=2 lr=1.000e-05 loss=4.2885 vloss=0.0000 ploss=4.2885
[36m(SpecoVLLMHttpServer pid=51406)[0m (Worker_TP1 pid=52091) WARNING:2026-09-19 08:56:28,627:[speco draft wake_up] drafter state restored after level-2 wake_up (17 tensors, revision=1)
[36m(SpecoVLLMHttpServer pid=51406)[0m (Worker_TP0 pid=52090) WARNING:2026-09-19 08:56:28,637:[speco draft wake_up] drafter state restored after level-2 wake_up (17 tensors, revision=1)
[36m(SpecoWorker pid=52412)[0m INFO:2026-09-19 08:56:23,213:using ttt_length 1, no need to cache hidden states

[36m(SpecoTaskRunner pid=50920)[0m step:2 - global_seqlen/min:176 - global_seqlen/max:178 - global_seqlen/minmax_diff:2 - global_seqlen/balanced_min:177 - global_seqlen/balanced_max:177 - global_seqlen/mean:177.0 - actor/entropy:0.0 - perf/mfu/actor_infer:0.010266472218916113 - training/rollout_probs_diff_valid:1 - training/rollout_probs_diff_max:0.12436869740486145 - training/rollout_probs_diff_mean:0.005186168476939201 - training/rollout_probs_diff_std:0.014585979282855988 - training/rollout_actor_probs_pearson_corr:0.9966651201248169 - rollout_corr/training_ppl:1.1596518754959106 - rollout_corr/training_log_ppl:0.1466575413942337 - rollout_corr/kl:0.0010962409432977438 - rollout_corr/k3_kl:0.0006223060190677643 - rollout_corr/rollout_ppl:1.1583244800567627 - rollout_corr/rollout_log_ppl:0.1455613076686859 - rollout_corr/log_ppl_diff:0.0010962383821606636 - rollout_corr/log_ppl_abs_diff:0.005631926469504833 - rollout_corr/log_ppl_diff_max:0.007288694381713867 - rollout_corr/log_ppl_diff_min:-0.005947232246398926 - rollout_corr/ppl_ratio:1.0011132955551147 - rollout_corr/chi2_token:0.0002442598342895508 - rollout_corr/chi2_seq:0.12002027034759521 - actor/pg_clipfrac:np.float64(0.0) - actor/ppo_kl:np.float64(0.0) - actor/pg_clipfrac_lower:np.float64(0.0) - actor/pg_loss:np.float64(0.0) - actor/loss:np.float64(0.0) - actor/grad_norm:np.float64(0.0) - actor/lr:np.float64(1e-06) - actor/perf/max_memory_allocated_gb:np.float64(28.541846752166748) - actor/perf/max_memory_reserved_gb:np.float64(37.9921875) - actor/perf/cpu_memory_used_gb:np.float64(205.81488037109375) - perf/mfu/actor:np.float64(0.010377026934651774) - drafter/raw_drafter_samples:np.float64(4.0) - drafter/collected_samples:np.float64(2.0) - drafter/collect_interval_matched:np.float64(1.0) - drafter/collection_plan_used:np.float64(1.0) - drafter/collection_plan_collect:np.float64(1.0) - drafter/collection_plan_reason:np.float64(7.0) - drafter/collection_plan_source:np.float64(2.0) - drafter/collection_plan_interval_matched:np.float64(1.0) - drafter/collection_plan_training_interval_matched:np.float64(1.0) - drafter/collection_attempted:np.float64(1.0) - drafter/collection_completed:np.float64(1.0) - drafter/collection_outcome_reason:np.float64(1.0) - drafter/collection_rejected_samples:np.float64(0.0) - drafter/collection_worker_results:np.float64(1.0) - drafter/collection_finalized:np.float64(1.0) - drafter/collection_expired_stages:np.float64(0.0) - timing_s/drafter_collection_rpc:np.float64(0.28817625700321514) - drafter/scheduler_used:np.float64(1.0) - drafter/schedule_launch:np.float64(1.0) - drafter/schedule_interval_matched:np.float64(1.0) - drafter/schedule_strategy:np.float64(0.0) - drafter/schedule_reason:np.float64(10.0) - drafter/target_lm_head_apply_deferred:np.float64(1.0) - drafter/target_lm_head_selected_rows:np.float64(32000.0) - drafter/target_lm_head_source_vocab_size:np.float64(151936.0) - drafter/target_lm_head_direct_sparse_export:np.float64(0.0) - timing_s/drafter_sync_target_lm_head_fetch:np.float64(2.032435962002637) - timing_s/drafter_sync_target_lm_head_dispatch:np.float64(0.37122222399921156) - drafter/train_interval_matched:np.float64(1.0) - drafter/target_lm_head_synced:np.float64(1.0) - timing_s/drafter_sync_target_lm_head:np.float64(2.4178236490006384) - timing_s/drafter_sync_target_lm_head_apply:np.float64(0.3715980209999543) - timing_s/drafter_sync_target_lm_head_wait:np.float64(0.00037579700074275024) - timing_s/drafter_sync_target_lm_head_overlap_window:np.float64(7.390008008998848) - drafter/trained:np.float64(1.0) - drafter/train_successful_steps_max:np.int64(1) - drafter/train_no_trainable_batch:np.float64(0.0) - drafter/train_activation_failed:np.float64(0.0) - drafter/train_attempted_batches_max:np.int64(1) - drafter/train_buffer_size_before_min:np.int64(2) - drafter/train_buffer_size_after_min:np.int64(0) - drafter/train_optimizer_step_max:np.int64(2) - drafter/train_worker_results_consistent:np.float64(1.0) - drafter/train_worker_ids_consistent:np.float64(1.0) - drafter/train_worker_incarnations_consistent:np.float64(1.0) - drafter/train_plan_ids_consistent:np.float64(1.0) - drafter/train_source_steps_consistent:np.float64(1.0) - drafter/train_data_versions_consistent:np.float64(1.0) - drafter/train_target_versions_consistent:np.float64(1.0) - drafter/train_successful_steps_consistent:np.float64(1.0) - drafter/train_optimizer_steps_consistent:np.float64(1.0) - drafter/train_publish_leader_count:np.float64(1.0) - drafter/train_publish_leader_snapshot_ready:np.float64(1.0) - timing_s/drafter_prepare_batch:np.float64(0.0038912296295166016) - timing_s/drafter_forward_loss:np.float64(0.7937173843383789) - timing_s/drafter_reduce_loss:np.float64(0.001506805419921875) - timing_s/drafter_backward:np.float64(0.015009403228759766) - timing_s/drafter_optimizer:np.float64(0.1390063762664795) - timing_s/drafter_publish_snapshot:np.float64(0.7421085834503174) - timing_s/drafter_worker_training_loop:np.float64(2.123863458633423) - timing_s/drafter_worker_cleanup:np.float64(3.1266562938690186) - timing_s/drafter_worker_elapsed:np.float64(4.24161696434021) - timing_s/drafter_train_rpc:np.float64(4.758714167997823) - drafter/runtime_state:np.float64(3.0) - drafter/runtime_completed_batches:np.float64(1.0) - drafter/runtime_inflight:np.float64(0.0) - timing_s/drafter_runtime_batch_average:np.float64(4.758714167997823) - timing_s/drafter_outer_unaccounted:np.float64(0.009632150002289563) - drafter/publish_attempted:np.float64(1.0) - drafter/published:np.float64(1.0) - timing_s/drafter_publish_wait_pending:np.float64(1.10950022644829e-05) - timing_s/drafter_publish_fetch_snapshot:np.float64(1.2203761090022454) - timing_s/drafter_publish_update_weights:np.float64(0.0015175120024650823) - training/global_step:2 - training/epoch:0 - critic/score/mean:0.0 - critic/score/max:0.0 - critic/score/min:0.0 - critic/rewards/mean:0.0 - critic/rewards/max:0.0 - critic/rewards/min:0.0 - critic/advantages/mean:0.0 - critic/advantages/max:0.0 - critic/advantages/min:0.0 - critic/returns/mean:0.0 - critic/returns/max:0.0 - critic/returns/min:0.0 - response_length/mean:64.0 - response_length/max:64.0 - response_length/min:64.0 - response_length/clip_ratio:1.0 - response_length_non_aborted/mean:64.0 - response_length_non_aborted/max:64.0 - response_length_non_aborted/min:64.0 - response_length_non_aborted/clip_ratio:1.0 - response/aborted_ratio:0.0 - prompt_length/mean:24.5 - prompt_length/max:25.0 - prompt_length/min:24.0 - prompt_length/clip_ratio:0.0 - num_turns/min:np.int32(2) - num_turns/max:np.int32(2) - num_turns/mean:np.float64(2.0) - timing_s/start_profile:0.00015073300164658576 - timing_s/agent_loop/num_preempted/min:np.int64(-1) - timing_s/agent_loop/num_preempted/max:np.int64(-1) - timing_s/agent_loop/num_preempted/mean:np.float64(-1.0) - timing_s/agent_loop/generate_sequences/min:np.float64(0.9840659440014861) - timing_s/agent_loop/generate_sequences/max:np.float64(1.0862696209987917) - timing_s/agent_loop/generate_sequences/mean:np.float64(1.0287484317505005) - timing_s/agent_loop/tool_calls/min:np.float64(0.0) - timing_s/agent_loop/tool_calls/max:np.float64(0.0) - timing_s/agent_loop/tool_calls/mean:np.float64(0.0) - timing_s/agent_loop/compute_score/min:np.float64(0.014760953999939375) - timing_s/agent_loop/compute_score/max:np.float64(0.11160708600073121) - timing_s/agent_loop/compute_score/mean:np.float64(0.07542973774980055) - timing_s/agent_loop/slowest/generate_sequences:np.float64(1.0862696209987917) - timing_s/agent_loop/slowest/tool_calls:np.float64(0.0) - timing_s/agent_loop/slowest/compute_score:np.float64(0.09017666900035692) - timing_s/agent_loop/slowest/num_preempted:np.int64(-1) - timing_s/agent_loop/slowest/prompt_length:24 - timing_s/agent_loop/slowest/response_length:64 - timing_s/gen:4.81471545200111 - timing_s/reward:3.314899731776677e-05 - timing_s/old_log_prob:5.420884113002103 - timing_s/adv:0.0036218899986124597 - timing_s/update_actor:7.39004923000175 - timing_s/drafter:7.186169967000751 - drafter/spec_decode/mean_acceptance_length:1.8602941176470589 - timing_s/update_weights:5.34901634400012 - timing_s/step:30.171481510002195 - timing_s/stop_profile:0.00014775700037716888 - timing_per_token_ms/update_actor:20.875845282490822 - timing_per_token_ms/gen:18.807482234379336 - timing_per_token_ms/adv:0.010231327679696214 - perf/total_num_tokens:354 - perf/time_per_step:30.171481510002195 - perf/throughput:5.866466979466105[36m(SpecoTaskRunner pid=50920)[0m
Training Progress:  10%|█         | 2/20 [01:45<14:39, 48.88s/it]
[36m(SpecoWorker pid=52389)[0m WARNING:2026-09-19 08:56:32,801:[speco publish reclaim] role=producer global_steps=2 num_weights=13 payload_cleared=1 allocator=glibc action=malloc_trim heap_trimmed=True elapsed_sec=0.287 memory_before=(rss_gib=5.32 anon_gib=3.77 rss_shmem_gib=0.64 node_unavailable_gib=208.15 available_gib=295.33 cached_gib=316.59 node_shmem_gib=36.51 dev_shm_used_gib=0.07 dirty_gib=22.39 writeback_gib=0.03) memory_after=(rss_gib=5.18 anon_gib=3.63 rss_shmem_gib=0.64 node_unavailable_gib=207.79 available_gib=295.69 cached_gib=316.52 node_shmem_gib=36.42 dev_shm_used_gib=0.07 dirty_gib=22.41 writeback_gib=0.03)
[36m(WorkerDict pid=51134)[0m WARNING:2026-09-19 08:56:33,277:[speco publish materialize] async=True global_steps=2 elapsed_sec=0.469 num_weights=13
[36m(SpecoVLLMHttpServer pid=51406)[0m (Worker_TP0 pid=52090) WARNING:2026-09-19 08:56:33,397:SPECO committed online drafter revision=2 loaded_params=13
[36m(SpecoVLLMHttpServer pid=51406)[0m (Worker_TP1 pid=52091) WARNING:2026-09-19 08:56:33,399:SPECO committed online drafter revision=2 loaded_params=13
[36m(WorkerDict pid=51134)[0m WARNING:2026-09-19 08:56:34,387:[speco publish reclaim] role=consumer async=True global_steps=2 num_weights=13 payload_cleared=1 allocator=glibc action=malloc_trim heap_trimmed=True elapsed_sec=0.552 memory_before=(rss_gib=20.22 anon_gib=8.54 rss_shmem_gib=10.58 node_unavailable_gib=208.26 available_gib=295.23 cached_gib=316.59 node_shmem_gib=36.43 dev_shm_used_gib=0.07 dirty_gib=22.37 writeback_gib=0.05) memory_after=(rss_gib=17.41 anon_gib=5.73 rss_shmem_gib=10.58 node_unavailable_gib=203.75 available_gib=299.74 cached_gib=316.62 node_shmem_gib=36.44 dev_shm_used_gib=0.07 dirty_gib=22.37 writeback_gib=0.05)
[36m(RewardLoopWorker pid=51400)[0m WARNING:2026-09-19 08:56:35,399:Platform 'nvidia' (PlatformCUDA) is registered but not available. This may be due to this ray actor being a CPU-only actor.
[36m(SpecoVLLMHttpServer pid=51406)[0m (Worker_TP1 pid=52091) WARNING:2026-09-19 08:56:35,931:[speco draft sleep] drafter state saved before level-2 sleep (17 tensors)
[36m(SpecoVLLMHttpServer pid=51406)[0m (Worker_TP0 pid=52090) WARNING:2026-09-19 08:56:35,933:[speco draft sleep] drafter state saved before level-2 sleep (17 tensors)
[36m(SpecoWorker pid=52412)[0m INFO:2026-09-19 08:56:51,674:using ttt_length 1, no need to cache hidden states
[36m(SpecoWorker pid=52389)[0m INFO:2026-09-19 08:56:51,919:[drafter loss] step=1 optimizer_step_total=3 lr=1.000e-05 loss=3.9939 vloss=0.0000 ploss=3.9939
[36m(SpecoVLLMHttpServer pid=51406)[0m (Worker_TP1 pid=52091) WARNING:2026-09-19 08:56:56,303:[speco draft wake_up] drafter state restored after level-2 wake_up (17 tensors, revision=2)
[36m(SpecoVLLMHttpServer pid=51406)[0m (Worker_TP0 pid=52090) WARNING:2026-09-19 08:56:56,303:[speco draft wake_up] drafter state restored after level-2 wake_up (17 tensors, revision=2)

[36m(SpecoTaskRunner pid=50920)[0m step:3 - global_seqlen/min:176 - global_seqlen/max:178 - global_seqlen/minmax_diff:2 - global_seqlen/balanced_min:177 - global_seqlen/balanced_max:177 - global_seqlen/mean:177.0 - actor/entropy:0.0 - perf/mfu/actor_infer:0.010316550329260392 - training/rollout_probs_diff_valid:1 - training/rollout_probs_diff_max:0.12432566285133362 - training/rollout_probs_diff_mean:0.006394471041858196 - training/rollout_probs_diff_std:0.01605682261288166 - training/rollout_actor_probs_pearson_corr:0.9968376755714417 - rollout_corr/training_ppl:1.2064279317855835 - rollout_corr/training_log_ppl:0.18548035621643066 - rollout_corr/kl:-0.0030134269036352634 - rollout_corr/k3_kl:0.001282805809751153 - rollout_corr/rollout_ppl:1.210239052772522 - rollout_corr/rollout_log_ppl:0.1884937882423401 - rollout_corr/log_ppl_diff:-0.003013426437973976 - rollout_corr/log_ppl_abs_diff:0.004068030044436455 - rollout_corr/log_ppl_diff_max:0.0021092072129249573 - rollout_corr/log_ppl_diff_min:-0.0056639015674591064 - rollout_corr/ppl_ratio:0.9969959855079651 - rollout_corr/chi2_token:0.011127948760986328 - rollout_corr/chi2_seq:0.579702615737915 - actor/pg_clipfrac:np.float64(0.0) - actor/ppo_kl:np.float64(0.0) - actor/pg_clipfrac_lower:np.float64(0.0) - actor/pg_loss:np.float64(0.0) - actor/loss:np.float64(0.0) - actor/grad_norm:np.float64(0.0) - actor/lr:np.float64(1e-06) - actor/perf/max_memory_allocated_gb:np.float64(28.541846752166748) - actor/perf/max_memory_reserved_gb:np.float64(37.9921875) - actor/perf/cpu_memory_used_gb:np.float64(210.05664443969727) - perf/mfu/actor:np.float64(0.010363706117624116) - drafter/raw_drafter_samples:np.float64(4.0) - drafter/collected_samples:np.float64(2.0) - drafter/collect_interval_matched:np.float64(1.0) - drafter/collection_plan_used:np.float64(1.0) - drafter/collection_plan_collect:np.float64(1.0) - drafter/collection_plan_reason:np.float64(7.0) - drafter/collection_plan_source:np.float64(2.0) - drafter/collection_plan_interval_matched:np.float64(1.0) - drafter/collection_plan_training_interval_matched:np.float64(1.0) - drafter/collection_attempted:np.float64(1.0) - drafter/collection_completed:np.float64(1.0) - drafter/collection_outcome_reason:np.float64(1.0) - drafter/collection_rejected_samples:np.float64(0.0) - drafter/collection_worker_results:np.float64(1.0) - drafter/collection_finalized:np.float64(1.0) - drafter/collection_expired_stages:np.float64(0.0) - timing_s/drafter_collection_rpc:np.float64(0.03425472000162699) - drafter/scheduler_used:np.float64(1.0) - drafter/schedule_launch:np.float64(1.0) - drafter/schedule_interval_matched:np.float64(1.0) - drafter/schedule_strategy:np.float64(0.0) - drafter/schedule_reason:np.float64(10.0) - drafter/target_lm_head_apply_deferred:np.float64(1.0) - drafter/target_lm_head_selected_rows:np.float64(32000.0) - drafter/target_lm_head_source_vocab_size:np.float64(151936.0) - drafter/target_lm_head_direct_sparse_export:np.float64(0.0) - timing_s/drafter_sync_target_lm_head_fetch:np.float64(2.464654536997841) - timing_s/drafter_sync_target_lm_head_dispatch:np.float64(1.1429660800022248) - drafter/train_interval_matched:np.float64(1.0) - drafter/target_lm_head_synced:np.float64(1.0) - timing_s/drafter_sync_target_lm_head:np.float64(3.6209325380004884) - timing_s/drafter_sync_target_lm_head_apply:np.float64(1.1433132660022238) - timing_s/drafter_sync_target_lm_head_wait:np.float64(0.00034718599999905564) - timing_s/drafter_sync_target_lm_head_overlap_window:np.float64(7.18402201400022) - drafter/trained:np.float64(1.0) - drafter/train_successful_steps_max:np.int64(1) - drafter/train_no_trainable_batch:np.float64(0.0) - drafter/train_activation_failed:np.float64(0.0) - drafter/train_attempted_batches_max:np.int64(1) - drafter/train_buffer_size_before_min:np.int64(2) - drafter/train_buffer_size_after_min:np.int64(0) - drafter/train_optimizer_step_max:np.int64(3) - drafter/train_worker_results_consistent:np.float64(1.0) - drafter/train_worker_ids_consistent:np.float64(1.0) - drafter/train_worker_incarnations_consistent:np.float64(1.0) - drafter/train_plan_ids_consistent:np.float64(1.0) - drafter/train_source_steps_consistent:np.float64(1.0) - drafter/train_data_versions_consistent:np.float64(1.0) - drafter/train_target_versions_consistent:np.float64(1.0) - drafter/train_successful_steps_consistent:np.float64(1.0) - drafter/train_optimizer_steps_consistent:np.float64(1.0) - drafter/train_publish_leader_count:np.float64(1.0) - drafter/train_publish_leader_snapshot_ready:np.float64(1.0) - timing_s/drafter_prepare_batch:np.float64(0.004256248474121094) - timing_s/drafter_forward_loss:np.float64(0.09778904914855957) - timing_s/drafter_reduce_loss:np.float64(0.001425027847290039) - timing_s/drafter_backward:np.float64(0.01608419418334961) - timing_s/drafter_optimizer:np.float64(0.13471126556396484) - timing_s/drafter_publish_snapshot:np.float64(0.7382149696350098) - timing_s/drafter_worker_training_loop:np.float64(1.3348596096038818) - timing_s/drafter_worker_cleanup:np.float64(2.9897470474243164) - timing_s/drafter_worker_elapsed:np.float64(3.4088096618652344) - timing_s/drafter_train_rpc:np.float64(3.9887819479990867) - drafter/runtime_state:np.float64(3.0) - drafter/runtime_completed_batches:np.float64(1.0) - drafter/runtime_inflight:np.float64(0.0) - timing_s/drafter_runtime_batch_average:np.float64(3.9887819479990867) - timing_s/drafter_outer_unaccounted:np.float64(0.009745919000124559) - drafter/publish_attempted:np.float64(1.0) - drafter/published:np.float64(1.0) - timing_s/drafter_publish_wait_pending:np.float64(3.1509989639744163e-06) - timing_s/drafter_publish_fetch_snapshot:np.float64(0.8418218890001299) - timing_s/drafter_publish_update_weights:np.float64(0.0015010309980425518) - training/global_step:3 - training/epoch:0 - critic/score/mean:0.0 - critic/score/max:0.0 - critic/score/min:0.0 - critic/rewards/mean:0.0 - critic/rewards/max:0.0 - critic/rewards/min:0.0 - critic/advantages/mean:0.0 - critic/advantages/max:0.0 - critic/advantages/min:0.0 - critic/returns/mean:0.0 - critic/returns/max:0.0 - critic/returns/min:0.0 - response_length/mean:64.0 - response_length/max:64.0 - response_length/min:64.0 - response_length/clip_ratio:1.0 - response_length_non_aborted/mean:64.0 - response_length_non_aborted/max:64.0 - response_length_non_aborted/min:64.0 - response_length_non_aborted/clip_ratio:1.0 - response/aborted_ratio:0.0 - prompt_length/mean:24.5 - prompt_length/max:25.0 - prompt_length/min:24.0 - prompt_length/clip_ratio:0.0 - num_turns/min:np.int32(2) - num_turns/max:np.int32(2) - num_turns/mean:np.float64(2.0) - timing_s/start_profile:0.00012206099927425385 - timing_s/agent_loop/num_preempted/min:np.int64(-1) - timing_s/agent_loop/num_preempted/max:np.int64(-1) - timing_s/agent_loop/num_preempted/mean:np.float64(-1.0) - timing_s/agent_loop/generate_sequences/min:np.float64(0.9035239400000137) - timing_s/agent_loop/generate_sequences/max:np.float64(1.1332054970007448) - timing_s/agent_loop/generate_sequences/mean:np.float64(1.0462047394994443) - timing_s/agent_loop/tool_calls/min:np.float64(0.0) - timing_s/agent_loop/tool_calls/max:np.float64(0.0) - timing_s/agent_loop/tool_calls/mean:np.float64(0.0) - timing_s/agent_loop/compute_score/min:np.float64(0.010932436998700723) - timing_s/agent_loop/compute_score/max:np.float64(0.1093295480022789) - timing_s/agent_loop/compute_score/mean:np.float64(0.039158897499874) - timing_s/agent_loop/slowest/generate_sequences:np.float64(1.1332054970007448) - timing_s/agent_loop/slowest/tool_calls:np.float64(0.0) - timing_s/agent_loop/slowest/compute_score:np.float64(0.016646262996800942) - timing_s/agent_loop/slowest/num_preempted:np.int64(-1) - timing_s/agent_loop/slowest/prompt_length:24 - timing_s/agent_loop/slowest/response_length:64 - timing_s/gen:3.7613428690019646 - timing_s/reward:7.810998795321211e-06 - timing_s/old_log_prob:3.689142104001803 - timing_s/adv:0.0035009819985134527 - timing_s/update_actor:7.1840025530000275 - timing_s/drafter:7.6194604049997 - drafter/spec_decode/mean_acceptance_length:1.9389312977099236 - timing_s/update_weights:5.351913286001945 - timing_s/step:27.6132617559997 - timing_s/stop_profile:0.0001457899998058565 - timing_per_token_ms/update_actor:20.29379252259895 - timing_per_token_ms/gen:14.692745582038924 - timing_per_token_ms/adv:0.009889779656817662 - perf/total_num_tokens:354 - perf/time_per_step:27.6132617559997 - perf/throughput:6.409963501017482[36m(SpecoTaskRunner pid=50920)[0m
Training Progress:  15%|█▌        | 3/20 [02:13<11:05, 39.18s/it]
[36m(SpecoWorker pid=52389)[0m INFO:2026-09-19 08:56:51,671:using ttt_length 1, no need to cache hidden states
[36m(SpecoWorker pid=52389)[0m WARNING:2026-09-19 08:57:00,424:[speco publish reclaim] role=producer global_steps=3 num_weights=13 payload_cleared=1 allocator=glibc action=malloc_trim heap_trimmed=True elapsed_sec=0.223 memory_before=(rss_gib=5.38 anon_gib=3.83 rss_shmem_gib=0.64 node_unavailable_gib=216.37 available_gib=287.12 cached_gib=309.29 node_shmem_gib=36.45 dev_shm_used_gib=0.07 dirty_gib=22.29 writeback_gib=0.05) memory_after=(rss_gib=5.16 anon_gib=3.61 rss_shmem_gib=0.64 node_unavailable_gib=215.97 available_gib=287.52 cached_gib=309.31 node_shmem_gib=36.45 dev_shm_used_gib=0.07 dirty_gib=22.29 writeback_gib=0.07)
[36m(WorkerDict pid=51134)[0m WARNING:2026-09-19 08:57:00,964:[speco publish materialize] async=True global_steps=3 elapsed_sec=0.533 num_weights=13
[36m(SpecoVLLMHttpServer pid=51406)[0m (Worker_TP1 pid=52091) WARNING:2026-09-19 08:57:01,044:SPECO committed online drafter revision=3 loaded_params=13
[36m(SpecoVLLMHttpServer pid=51406)[0m (Worker_TP0 pid=52090) WARNING:2026-09-19 08:57:01,044:SPECO committed online drafter revision=3 loaded_params=13
[36m(WorkerDict pid=51134)[0m WARNING:2026-09-19 08:57:01,917:[speco publish reclaim] role=consumer async=True global_steps=3 num_weights=13 payload_cleared=1 allocator=glibc action=malloc_trim heap_trimmed=True elapsed_sec=0.451 memory_before=(rss_gib=18.40 anon_gib=6.71 rss_shmem_gib=10.58 node_unavailable_gib=216.31 available_gib=287.17 cached_gib=308.61 node_shmem_gib=36.45 dev_shm_used_gib=0.07 dirty_gib=22.23 writeback_gib=0.05) memory_after=(rss_gib=17.41 anon_gib=5.73 rss_shmem_gib=10.58 node_unavailable_gib=214.84 available_gib=288.64 cached_gib=308.68 node_shmem_gib=36.51 dev_shm_used_gib=0.07 dirty_gib=22.22 writeback_gib=0.03)
[36m(SpecoVLLMHttpServer pid=51406)[0m (Worker_TP1 pid=52091) WARNING:2026-09-19 08:57:03,875:[speco draft sleep] drafter state saved before level-2 sleep (17 tensors)
[36m(SpecoVLLMHttpServer pid=51406)[0m (Worker_TP0 pid=52090) WARNING:2026-09-19 08:57:03,880:[speco draft sleep] drafter state saved before level-2 sleep (17 tensors)
[36m(SpecoWorker pid=52412)[0m INFO:2026-09-19 08:57:18,336:using ttt_length 1, no need to cache hidden states
[36m(SpecoWorker pid=52389)[0m INFO:2026-09-19 08:57:18,584:[drafter loss] step=1 optimizer_step_total=4 lr=1.000e-05 loss=4.8836 vloss=0.0000 ploss=4.8836
[36m(SpecoVLLMHttpServer pid=51406)[0m (Worker_TP1 pid=52091) WARNING:2026-09-19 08:57:22,166:[speco draft wake_up] drafter state restored after level-2 wake_up (17 tensors, revision=3)
[36m(SpecoVLLMHttpServer pid=51406)[0m (Worker_TP0 pid=52090) WARNING:2026-09-19 08:57:22,196:[speco draft wake_up] drafter state restored after level-2 wake_up (17 tensors, revision=3)

[36m(SpecoTaskRunner pid=50920)[0m step:4 - global_seqlen/min:176 - global_seqlen/max:176 - global_seqlen/minmax_diff:0 - global_seqlen/balanced_min:176 - global_seqlen/balanced_max:176 - global_seqlen/mean:176.0 - actor/entropy:0.0 - perf/mfu/actor_infer:0.007639448491268565 - training/rollout_probs_diff_valid:1 - training/rollout_probs_diff_max:0.11684519052505493 - training/rollout_probs_diff_mean:0.0069982632994651794 - training/rollout_probs_diff_std:0.01697321981191635 - training/rollout_actor_probs_pearson_corr:0.995887815952301 - rollout_corr/training_ppl:1.1626455783843994 - rollout_corr/training_log_ppl:0.15027129650115967 - rollout_corr/kl:-2.650194801390171e-06 - rollout_corr/k3_kl:0.0010915275197476149 - rollout_corr/rollout_ppl:1.1626808643341064 - rollout_corr/rollout_log_ppl:0.15027393400669098 - rollout_corr/log_ppl_diff:-2.648681402206421e-06 - rollout_corr/log_ppl_abs_diff:0.002445947378873825 - rollout_corr/log_ppl_diff_max:0.003809213638305664 - rollout_corr/log_ppl_diff_min:-0.0028340965509414673 - rollout_corr/ppl_ratio:1.0000008344650269 - rollout_corr/chi2_token:0.004369854927062988 - rollout_corr/chi2_seq:0.056204795837402344 - actor/pg_clipfrac:np.float64(0.0) - actor/ppo_kl:np.float64(0.0) - actor/pg_clipfrac_lower:np.float64(0.0) - actor/pg_loss:np.float64(0.0) - actor/loss:np.float64(0.0) - actor/grad_norm:np.float64(0.0) - actor/lr:np.float64(1e-06) - actor/perf/max_memory_allocated_gb:np.float64(28.541846752166748) - actor/perf/max_memory_reserved_gb:np.float64(37.9921875) - actor/perf/cpu_memory_used_gb:np.float64(222.90547943115234) - perf/mfu/actor:np.float64(0.010114076270650103) - drafter/raw_drafter_samples:np.float64(4.0) - drafter/collected_samples:np.float64(2.0) - drafter/collect_interval_matched:np.float64(1.0) - drafter/collection_plan_used:np.float64(1.0) - drafter/collection_plan_collect:np.float64(1.0) - drafter/collection_plan_reason:np.float64(7.0) - drafter/collection_plan_source:np.float64(2.0) - drafter/collection_plan_interval_matched:np.float64(1.0) - drafter/collection_plan_training_interval_matched:np.float64(1.0) - drafter/collection_attempted:np.float64(1.0) - drafter/collection_completed:np.float64(1.0) - drafter/collection_outcome_reason:np.float64(1.0) - drafter/collection_rejected_samples:np.float64(0.0) - drafter/collection_worker_results:np.float64(1.0) - drafter/collection_finalized:np.float64(1.0) - drafter/collection_expired_stages:np.float64(0.0) - timing_s/drafter_collection_rpc:np.float64(0.02967163100038306) - drafter/scheduler_used:np.float64(1.0) - drafter/schedule_launch:np.float64(1.0) - drafter/schedule_interval_matched:np.float64(1.0) - drafter/schedule_strategy:np.float64(0.0) - drafter/schedule_reason:np.float64(10.0) - drafter/target_lm_head_apply_deferred:np.float64(1.0) - drafter/target_lm_head_selected_rows:np.float64(32000.0) - drafter/target_lm_head_source_vocab_size:np.float64(151936.0) - drafter/target_lm_head_direct_sparse_export:np.float64(0.0) - timing_s/drafter_sync_target_lm_head_fetch:np.float64(1.8276046720020531) - timing_s/drafter_sync_target_lm_head_dispatch:np.float64(0.32982287100094254) - drafter/train_interval_matched:np.float64(1.0) - drafter/target_lm_head_synced:np.float64(1.0) - timing_s/drafter_sync_target_lm_head:np.float64(2.510956524001813) - timing_s/drafter_sync_target_lm_head_apply:np.float64(0.33026669200262404) - timing_s/drafter_sync_target_lm_head_wait:np.float64(0.0004438210016814992) - timing_s/drafter_sync_target_lm_head_overlap_window:np.float64(6.742576200998883) - drafter/trained:np.float64(1.0) - drafter/train_successful_steps_max:np.int64(1) - drafter/train_no_trainable_batch:np.float64(0.0) - drafter/train_activation_failed:np.float64(0.0) - drafter/train_attempted_batches_max:np.int64(1) - drafter/train_buffer_size_before_min:np.int64(2) - drafter/train_buffer_size_after_min:np.int64(0) - drafter/train_optimizer_step_max:np.int64(4) - drafter/train_worker_results_consistent:np.float64(1.0) - drafter/train_worker_ids_consistent:np.float64(1.0) - drafter/train_worker_incarnations_consistent:np.float64(1.0) - drafter/train_plan_ids_consistent:np.float64(1.0) - drafter/train_source_steps_consistent:np.float64(1.0) - drafter/train_data_versions_consistent:np.float64(1.0) - drafter/train_target_versions_consistent:np.float64(1.0) - drafter/train_successful_steps_consistent:np.float64(1.0) - drafter/train_optimizer_steps_consistent:np.float64(1.0) - drafter/train_publish_leader_count:np.float64(1.0) - drafter/train_publish_leader_snapshot_ready:np.float64(1.0) - timing_s/drafter_prepare_batch:np.float64(0.0032949447631835938) - timing_s/drafter_forward_loss:np.float64(0.09813714027404785) - timing_s/drafter_reduce_loss:np.float64(0.0014209747314453125) - timing_s/drafter_backward:np.float64(0.05935502052307129) - timing_s/drafter_optimizer:np.float64(0.09329819679260254) - timing_s/drafter_publish_snapshot:np.float64(0.8459055423736572) - timing_s/drafter_worker_training_loop:np.float64(0.25490403175354004) - timing_s/drafter_worker_cleanup:np.float64(1.910581350326538) - timing_s/drafter_worker_elapsed:np.float64(2.4853692054748535) - timing_s/drafter_train_rpc:np.float64(3.0493987429981644) - drafter/runtime_state:np.float64(3.0) - drafter/runtime_completed_batches:np.float64(1.0) - drafter/runtime_inflight:np.float64(0.0) - timing_s/drafter_runtime_batch_average:np.float64(3.0493987429981644) - timing_s/drafter_outer_unaccounted:np.float64(0.007049522999295732) - drafter/publish_attempted:np.float64(1.0) - drafter/published:np.float64(1.0) - timing_s/drafter_publish_wait_pending:np.float64(1.3285996828926727e-05) - timing_s/drafter_publish_fetch_snapshot:np.float64(1.7014219539996702) - timing_s/drafter_publish_update_weights:np.float64(0.0015389910004159901) - training/global_step:4 - training/epoch:0 - critic/score/mean:0.0 - critic/score/max:0.0 - critic/score/min:0.0 - critic/rewards/mean:0.0 - critic/rewards/max:0.0 - critic/rewards/min:0.0 - critic/advantages/mean:0.0 - critic/advantages/max:0.0 - critic/advantages/min:0.0 - critic/returns/mean:0.0 - critic/returns/max:0.0 - critic/returns/min:0.0 - response_length/mean:64.0 - response_length/max:64.0 - response_length/min:64.0 - response_length/clip_ratio:1.0 - response_length_non_aborted/mean:64.0 - response_length_non_aborted/max:64.0 - response_length_non_aborted/min:64.0 - response_length_non_aborted/clip_ratio:1.0 - response/aborted_ratio:0.0 - prompt_length/mean:24.0 - prompt_length/max:24.0 - prompt_length/min:24.0 - prompt_length/clip_ratio:0.0 - num_turns/min:np.int32(2) - num_turns/max:np.int32(2) - num_turns/mean:np.float64(2.0) - timing_s/start_profile:0.00014118699982645921 - timing_s/agent_loop/num_preempted/min:np.int64(-1) - timing_s/agent_loop/num_preempted/max:np.int64(-1) - timing_s/agent_loop/num_preempted/mean:np.float64(-1.0) - timing_s/agent_loop/generate_sequences/min:np.float64(1.06193363499915) - timing_s/agent_loop/generate_sequences/max:np.float64(1.2112393060015165) - timing_s/agent_loop/generate_sequences/mean:np.float64(1.1640227722509735) - timing_s/agent_loop/tool_calls/min:np.float64(0.0) - timing_s/agent_loop/tool_calls/max:np.float64(0.0) - timing_s/agent_loop/tool_calls/mean:np.float64(0.0) - timing_s/agent_loop/compute_score/min:np.float64(0.011753034999856027) - timing_s/agent_loop/compute_score/max:np.float64(0.02022417099942686) - timing_s/agent_loop/compute_score/mean:np.float64(0.014599084749534086) - timing_s/agent_loop/slowest/generate_sequences:np.float64(1.2112393060015165) - timing_s/agent_loop/slowest/tool_calls:np.float64(0.0) - timing_s/agent_loop/slowest/compute_score:np.float64(0.014341739999508718) - timing_s/agent_loop/slowest/num_preempted:np.int64(-1) - timing_s/agent_loop/slowest/prompt_length:24 - timing_s/agent_loop/slowest/response_length:64 - timing_s/gen:3.6904969889983477 - timing_s/reward:2.6806003006640822e-05 - timing_s/old_log_prob:4.371307232999243 - timing_s/adv:0.001568734001921257 - timing_s/update_actor:6.742555745000573 - timing_s/drafter:5.567404789999273 - drafter/spec_decode/mean_acceptance_length:1.7094594594594594 - timing_s/update_weights:5.443554297999071 - timing_s/step:25.82284644000174 - timing_s/stop_profile:0.00017195499822264537 - timing_per_token_ms/update_actor:19.154987911933443 - timing_per_token_ms/gen:14.416003863274796 - timing_per_token_ms/adv:0.004456630687276298 - perf/total_num_tokens:352 - perf/time_per_step:25.82284644000174 - perf/throughput:6.815670007910566[36m(SpecoTaskRunner pid=50920)[0m
Training Progress:  20%|██        | 4/20 [02:39<09:02, 33.91s/it]
[36m(SpecoWorker pid=52389)[0m INFO:2026-09-19 08:57:18,336:using ttt_length 1, no need to cache hidden states
[36m(SpecoWorker pid=52389)[0m WARNING:2026-09-19 08:57:25,519:[speco publish reclaim] role=producer global_steps=4 num_weights=13 payload_cleared=1 allocator=glibc action=malloc_trim heap_trimmed=True elapsed_sec=0.255 memory_before=(rss_gib=5.36 anon_gib=3.81 rss_shmem_gib=0.64 node_unavailable_gib=224.10 available_gib=279.38 cached_gib=301.73 node_shmem_gib=36.45 dev_shm_used_gib=0.07 dirty_gib=22.30 writeback_gib=0.03) memory_after=(rss_gib=5.17 anon_gib=3.62 rss_shmem_gib=0.64 node_unavailable_gib=223.91 available_gib=279.57 cached_gib=301.75 node_shmem_gib=36.45 dev_shm_used_gib=0.07 dirty_gib=22.29 writeback_gib=0.04)
[36m(WorkerDict pid=51134)[0m WARNING:2026-09-19 08:57:26,897:[speco publish materialize] async=True global_steps=4 elapsed_sec=0.633 num_weights=13
[36m(SpecoVLLMHttpServer pid=51406)[0m (Worker_TP0 pid=52090) WARNING:2026-09-19 08:57:27,148:SPECO committed online drafter revision=4 loaded_params=13
[36m(SpecoVLLMHttpServer pid=51406)[0m (Worker_TP1 pid=52091) WARNING:2026-09-19 08:57:27,152:SPECO committed online drafter revision=4 loaded_params=13
[36m(WorkerDict pid=51134)[0m WARNING:2026-09-19 08:57:28,151:[speco publish reclaim] role=consumer async=True global_steps=4 num_weights=13 payload_cleared=1 allocator=glibc action=malloc_trim heap_trimmed=True elapsed_sec=0.569 memory_before=(rss_gib=18.28 anon_gib=6.59 rss_shmem_gib=10.58 node_unavailable_gib=224.69 available_gib=278.80 cached_gib=301.46 node_shmem_gib=36.59 dev_shm_used_gib=0.07 dirty_gib=22.24 writeback_gib=0.04) memory_after=(rss_gib=17.44 anon_gib=5.75 rss_shmem_gib=10.58 node_unavailable_gib=223.45 available_gib=280.04 cached_gib=301.33 node_shmem_gib=36.45 dev_shm_used_gib=0.07 dirty_gib=22.21 writeback_gib=0.02)
[36m(RewardLoopWorker pid=51399)[0m WARNING:2026-09-19 08:57:29,566:Platform 'nvidia' (PlatformCUDA) is registered but not available. This may be due to this ray actor being a CPU-only actor.
[36m(SpecoVLLMHttpServer pid=51406)[0m (Worker_TP1 pid=52091) WARNING:2026-09-19 08:57:29,994:[speco draft sleep] drafter state saved before level-2 sleep (17 tensors)
[36m(SpecoVLLMHttpServer pid=51406)[0m (Worker_TP0 pid=52090) WARNING:2026-09-19 08:57:29,998:[speco draft sleep] drafter state saved before level-2 sleep (17 tensors)
[36m(SpecoWorker pid=52412)[0m INFO:2026-09-19 08:57:44,505:using ttt_length 1, no need to cache hidden states
[36m(SpecoWorker pid=52389)[0m INFO:2026-09-19 08:57:44,752:[drafter loss] step=1 optimizer_step_total=5 lr=1.000e-05 loss=3.9072 vloss=0.0000 ploss=3.9072
[36m(SpecoVLLMHttpServer pid=51406)[0m (Worker_TP0 pid=52090) WARNING:2026-09-19 08:57:48,161:[speco draft wake_up] drafter state restored after level-2 wake_up (17 tensors, revision=4)
[36m(SpecoVLLMHttpServer pid=51406)[0m (Worker_TP1 pid=52091) WARNING:2026-09-19 08:57:48,162:[speco draft wake_up] drafter state restored after level-2 wake_up (17 tensors, revision=4)

[36m(SpecoTaskRunner pid=50920)[0m step:5 - global_seqlen/min:176 - global_seqlen/max:178 - global_seqlen/minmax_diff:2 - global_seqlen/balanced_min:177 - global_seqlen/balanced_max:177 - global_seqlen/mean:177.0 - actor/entropy:0.0 - perf/mfu/actor_infer:0.010250258600136087 - training/rollout_probs_diff_valid:1 - training/rollout_probs_diff_max:0.09448415040969849 - training/rollout_probs_diff_mean:0.004424829501658678 - training/rollout_probs_diff_std:0.012577543966472149 - training/rollout_actor_probs_pearson_corr:0.9983030557632446 - rollout_corr/training_ppl:1.2397372722625732 - rollout_corr/training_log_ppl:0.21258172392845154 - rollout_corr/kl:0.0016232100315392017 - rollout_corr/k3_kl:0.0005370050203055143 - rollout_corr/rollout_ppl:1.2377512454986572 - rollout_corr/rollout_log_ppl:0.2109585404396057 - rollout_corr/log_ppl_diff:0.0016232021152973175 - rollout_corr/log_ppl_abs_diff:0.002729300409555435 - rollout_corr/log_ppl_diff_max:0.004488825798034668 - rollout_corr/log_ppl_diff_min:-0.0022121965885162354 - rollout_corr/ppl_ratio:1.001628041267395 - rollout_corr/chi2_token:-0.001089930534362793 - rollout_corr/chi2_seq:-0.1390538215637207 - actor/pg_clipfrac:np.float64(0.0) - actor/ppo_kl:np.float64(0.0) - actor/pg_clipfrac_lower:np.float64(0.0) - actor/pg_loss:np.float64(0.0) - actor/loss:np.float64(0.0) - actor/grad_norm:np.float64(0.0) - actor/lr:np.float64(1e-06) - actor/perf/max_memory_allocated_gb:np.float64(28.541846752166748) - actor/perf/max_memory_reserved_gb:np.float64(37.9921875) - actor/perf/cpu_memory_used_gb:np.float64(221.58183670043945) - perf/mfu/actor:np.float64(0.010162817017283825) - drafter/raw_drafter_samples:np.float64(4.0) - drafter/collected_samples:np.float64(2.0) - drafter/collect_interval_matched:np.float64(1.0) - drafter/collection_plan_used:np.float64(1.0) - drafter/collection_plan_collect:np.float64(1.0) - drafter/collection_plan_reason:np.float64(7.0) - drafter/collection_plan_source:np.float64(2.0) - drafter/collection_plan_interval_matched:np.float64(1.0) - drafter/collection_plan_training_interval_matched:np.float64(1.0) - drafter/collection_attempted:np.float64(1.0) - drafter/collection_completed:np.float64(1.0) - drafter/collection_outcome_reason:np.float64(1.0) - drafter/collection_rejected_samples:np.float64(0.0) - drafter/collection_worker_results:np.float64(1.0) - drafter/collection_finalized:np.float64(1.0) - drafter/collection_expired_stages:np.float64(0.0) - timing_s/drafter_collection_rpc:np.float64(0.028576569999131607) - drafter/scheduler_used:np.float64(1.0) - drafter/schedule_launch:np.float64(1.0) - drafter/schedule_interval_matched:np.float64(1.0) - drafter/schedule_strategy:np.float64(0.0) - drafter/schedule_reason:np.float64(10.0) - drafter/target_lm_head_apply_deferred:np.float64(1.0) - drafter/target_lm_head_selected_rows:np.float64(32000.0) - drafter/target_lm_head_source_vocab_size:np.float64(151936.0) - drafter/target_lm_head_direct_sparse_export:np.float64(0.0) - timing_s/drafter_sync_target_lm_head_fetch:np.float64(2.2137839709976106) - timing_s/drafter_sync_target_lm_head_dispatch:np.float64(0.9234783070023695) - drafter/train_interval_matched:np.float64(1.0) - drafter/target_lm_head_synced:np.float64(1.0) - timing_s/drafter_sync_target_lm_head:np.float64(3.1492318710006657) - timing_s/drafter_sync_target_lm_head_apply:np.float64(0.9238456330022018) - timing_s/drafter_sync_target_lm_head_wait:np.float64(0.00036732599983224645) - timing_s/drafter_sync_target_lm_head_overlap_window:np.float64(7.088778424000338) - drafter/trained:np.float64(1.0) - drafter/train_successful_steps_max:np.int64(1) - drafter/train_no_trainable_batch:np.float64(0.0) - drafter/train_activation_failed:np.float64(0.0) - drafter/train_attempted_batches_max:np.int64(1) - drafter/train_buffer_size_before_min:np.int64(2) - drafter/train_buffer_size_after_min:np.int64(0) - drafter/train_optimizer_step_max:np.int64(5) - drafter/train_worker_results_consistent:np.float64(1.0) - drafter/train_worker_ids_consistent:np.float64(1.0) - drafter/train_worker_incarnations_consistent:np.float64(1.0) - drafter/train_plan_ids_consistent:np.float64(1.0) - drafter/train_source_steps_consistent:np.float64(1.0) - drafter/train_data_versions_consistent:np.float64(1.0) - drafter/train_target_versions_consistent:np.float64(1.0) - drafter/train_successful_steps_consistent:np.float64(1.0) - drafter/train_optimizer_steps_consistent:np.float64(1.0) - drafter/train_publish_leader_count:np.float64(1.0) - drafter/train_publish_leader_snapshot_ready:np.float64(1.0) - timing_s/drafter_prepare_batch:np.float64(0.0034940242767333984) - timing_s/drafter_forward_loss:np.float64(0.09703588485717773) - timing_s/drafter_reduce_loss:np.float64(0.0013790130615234375) - timing_s/drafter_backward:np.float64(0.029482126235961914) - timing_s/drafter_optimizer:np.float64(0.13344287872314453) - timing_s/drafter_publish_snapshot:np.float64(0.7940042018890381) - timing_s/drafter_worker_training_loop:np.float64(0.25387024879455566) - timing_s/drafter_worker_cleanup:np.float64(1.8714847564697266) - timing_s/drafter_worker_elapsed:np.float64(2.3402223587036133) - timing_s/drafter_train_rpc:np.float64(2.94629320400054) - drafter/runtime_state:np.float64(3.0) - drafter/runtime_completed_batches:np.float64(1.0) - drafter/runtime_inflight:np.float64(0.0) - timing_s/drafter_runtime_batch_average:np.float64(2.94629320400054) - timing_s/drafter_outer_unaccounted:np.float64(0.00936298499800614) - drafter/publish_attempted:np.float64(1.0) - drafter/published:np.float64(1.0) - timing_s/drafter_publish_wait_pending:np.float64(3.3609976526349783e-06) - timing_s/drafter_publish_fetch_snapshot:np.float64(1.07404741800201) - timing_s/drafter_publish_update_weights:np.float64(0.0014654710030299611) - training/global_step:5 - training/epoch:0 - critic/score/mean:0.0 - critic/score/max:0.0 - critic/score/min:0.0 - critic/rewards/mean:0.0 - critic/rewards/max:0.0 - critic/rewards/min:0.0 - critic/advantages/mean:0.0 - critic/advantages/max:0.0 - critic/advantages/min:0.0 - critic/returns/mean:0.0 - critic/returns/max:0.0 - critic/returns/min:0.0 - response_length/mean:64.0 - response_length/max:64.0 - response_length/min:64.0 - response_length/clip_ratio:1.0 - response_length_non_aborted/mean:64.0 - response_length_non_aborted/max:64.0 - response_length_non_aborted/min:64.0 - response_length_non_aborted/clip_ratio:1.0 - response/aborted_ratio:0.0 - prompt_length/mean:24.5 - prompt_length/max:25.0 - prompt_length/min:24.0 - prompt_length/clip_ratio:0.0 - num_turns/min:np.int32(2) - num_turns/max:np.int32(2) - num_turns/mean:np.float64(2.0) - timing_s/start_profile:0.00012202699872432277 - timing_s/agent_loop/num_preempted/min:np.int64(-1) - timing_s/agent_loop/num_preempted/max:np.int64(-1) - timing_s/agent_loop/num_preempted/mean:np.float64(-1.0) - timing_s/agent_loop/generate_sequences/min:np.float64(1.012897412001621) - timing_s/agent_loop/generate_sequences/max:np.float64(1.2198651990001963) - timing_s/agent_loop/generate_sequences/mean:np.float64(1.099061365000125) - timing_s/agent_loop/tool_calls/min:np.float64(0.0) - timing_s/agent_loop/tool_calls/max:np.float64(0.0) - timing_s/agent_loop/tool_calls/mean:np.float64(0.0) - timing_s/agent_loop/compute_score/min:np.float64(0.006614793997869128) - timing_s/agent_loop/compute_score/max:np.float64(0.28788296499988064) - timing_s/agent_loop/compute_score/mean:np.float64(0.08021326324887923) - timing_s/agent_loop/slowest/generate_sequences:np.float64(1.012897412001621) - timing_s/agent_loop/slowest/tool_calls:np.float64(0.0) - timing_s/agent_loop/slowest/compute_score:np.float64(0.28788296499988064) - timing_s/agent_loop/slowest/num_preempted:np.int64(-1) - timing_s/agent_loop/slowest/prompt_length:24 - timing_s/agent_loop/slowest/response_length:64 - timing_s/gen:3.85961018099988 - timing_s/reward:1.188799797091633e-05 - timing_s/old_log_prob:3.5113010049972218 - timing_s/adv:0.003512785999191692 - timing_s/update_actor:7.0888157690023945 - timing_s/drafter:6.104888059999212 - drafter/spec_decode/mean_acceptance_length:1.9172932330827068 - timing_s/update_weights:4.5868124369990255 - timing_s/step:25.159196435000922 - timing_s/stop_profile:0.00014849600120214745 - timing_per_token_ms/update_actor:20.02490330226665 - timing_per_token_ms/gen:15.076602269530781 - timing_per_token_ms/adv:0.009923124291501955 - perf/total_num_tokens:354 - perf/time_per_step:25.159196435000922 - perf/throughput:7.03520084424324[36m(SpecoTaskRunner pid=50920)[0m
Training Progress:  25%|██▌       | 5/20 [03:04<07:41, 30.78s/it]
[36m(SpecoWorker pid=52389)[0m INFO:2026-09-19 08:57:44,505:using ttt_length 1, no need to cache hidden states
[36m(SpecoWorker pid=52389)[0m WARNING:2026-09-19 08:57:51,299:[speco publish reclaim] role=producer global_steps=5 num_weights=13 payload_cleared=1 allocator=glibc action=malloc_trim heap_trimmed=True elapsed_sec=0.227 memory_before=(rss_gib=5.45 anon_gib=3.90 rss_shmem_gib=0.64 node_unavailable_gib=217.88 available_gib=285.60 cached_gib=302.84 node_shmem_gib=36.46 dev_shm_used_gib=0.07 dirty_gib=22.27 writeback_gib=0.02) memory_after=(rss_gib=5.16 anon_gib=3.61 rss_shmem_gib=0.64 node_unavailable_gib=217.60 available_gib=285.89 cached_gib=302.85 node_shmem_gib=36.46 dev_shm_used_gib=0.07 dirty_gib=22.26 writeback_gib=0.03)
[36m(WorkerDict pid=51134)[0m WARNING:2026-09-19 08:57:51,862:[speco publish materialize] async=True global_steps=5 elapsed_sec=0.432 num_weights=13
[36m(SpecoVLLMHttpServer pid=51406)[0m (Worker_TP0 pid=52090) WARNING:2026-09-19 08:57:51,986:SPECO committed online drafter revision=5 loaded_params=13
[36m(SpecoVLLMHttpServer pid=51406)[0m (Worker_TP1 pid=52091) WARNING:2026-09-19 08:57:52,928:SPECO committed online drafter revision=5 loaded_params=13
[36m(WorkerDict pid=51134)[0m WARNING:2026-09-19 08:57:53,777:[speco publish reclaim] role=consumer async=True global_steps=5 num_weights=13 payload_cleared=1 allocator=glibc action=malloc_trim heap_trimmed=True elapsed_sec=0.449 memory_before=(rss_gib=18.41 anon_gib=6.73 rss_shmem_gib=10.58 node_unavailable_gib=218.63 available_gib=284.86 cached_gib=303.08 node_shmem_gib=36.46 dev_shm_used_gib=0.07 dirty_gib=22.30 writeback_gib=0.05) memory_after=(rss_gib=17.44 anon_gib=5.76 rss_shmem_gib=10.58 node_unavailable_gib=216.87 available_gib=286.62 cached_gib=303.09 node_shmem_gib=36.46 dev_shm_used_gib=0.07 dirty_gib=22.30 writeback_gib=0.02)
[36m(SpecoVLLMHttpServer pid=51406)[0m (Worker_TP1 pid=52091) WARNING:2026-09-19 08:57:55,376:[speco draft sleep] drafter state saved before level-2 sleep (17 tensors)
[36m(SpecoVLLMHttpServer pid=51406)[0m (Worker_TP0 pid=52090) WARNING:2026-09-19 08:57:55,380:[speco draft sleep] drafter state saved before level-2 sleep (17 tensors)
[36m(SpecoWorker pid=52412)[0m INFO:2026-09-19 08:58:08,901:using ttt_length 1, no need to cache hidden states
[36m(SpecoWorker pid=52389)[0m INFO:2026-09-19 08:58:09,503:[drafter loss] step=1 optimizer_step_total=6 lr=1.000e-05 loss=3.3221 vloss=0.0000 ploss=3.3221
[36m(SpecoVLLMHttpServer pid=51406)[0m (Worker_TP1 pid=52091) WARNING:2026-09-19 08:58:12,977:[speco draft wake_up] drafter state restored after level-2 wake_up (17 tensors, revision=5)
[36m(SpecoVLLMHttpServer pid=51406)[0m (Worker_TP0 pid=52090) WARNING:2026-09-19 08:58:12,978:[speco draft wake_up] drafter state restored after level-2 wake_up (17 tensors, revision=5)

[36m(SpecoTaskRunner pid=50920)[0m step:6 - global_seqlen/min:176 - global_seqlen/max:178 - global_seqlen/minmax_diff:2 - global_seqlen/balanced_min:177 - global_seqlen/balanced_max:177 - global_seqlen/mean:177.0 - actor/entropy:0.0 - perf/mfu/actor_infer:0.010375820462864711 - training/rollout_probs_diff_valid:1 - training/rollout_probs_diff_max:0.07695066928863525 - training/rollout_probs_diff_mean:0.004684106446802616 - training/rollout_probs_diff_std:0.013721059076488018 - training/rollout_actor_probs_pearson_corr:0.9974778890609741 - rollout_corr/training_ppl:1.1844487190246582 - rollout_corr/training_log_ppl:0.1667477935552597 - rollout_corr/kl:0.0031991489231586456 - rollout_corr/k3_kl:0.0006456829141825438 - rollout_corr/rollout_ppl:1.1806033849716187 - rollout_corr/rollout_log_ppl:0.16354864835739136 - rollout_corr/log_ppl_diff:0.0031991489231586456 - rollout_corr/log_ppl_abs_diff:0.0032860226929187775 - rollout_corr/log_ppl_diff_max:0.006667524576187134 - rollout_corr/log_ppl_diff_min:-0.00017374753952026367 - rollout_corr/ppl_ratio:1.0032074451446533 - rollout_corr/chi2_token:-0.0038167238235473633 - rollout_corr/chi2_seq:-0.3008142113685608 - actor/pg_clipfrac:np.float64(0.0) - actor/ppo_kl:np.float64(0.0) - actor/pg_clipfrac_lower:np.float64(0.0) - actor/pg_loss:np.float64(0.0) - actor/loss:np.float64(0.0) - actor/grad_norm:np.float64(0.0) - actor/lr:np.float64(1e-06) - actor/perf/max_memory_allocated_gb:np.float64(28.541846752166748) - actor/perf/max_memory_reserved_gb:np.float64(37.9921875) - actor/perf/cpu_memory_used_gb:np.float64(219.4703826904297) - perf/mfu/actor:np.float64(0.010125051113935454) - drafter/raw_drafter_samples:np.float64(4.0) - drafter/collected_samples:np.float64(2.0) - drafter/collect_interval_matched:np.float64(1.0) - drafter/collection_plan_used:np.float64(1.0) - drafter/collection_plan_collect:np.float64(1.0) - drafter/collection_plan_reason:np.float64(7.0) - drafter/collection_plan_source:np.float64(2.0) - drafter/collection_plan_interval_matched:np.float64(1.0) - drafter/collection_plan_training_interval_matched:np.float64(1.0) - drafter/collection_attempted:np.float64(1.0) - drafter/collection_completed:np.float64(1.0) - drafter/collection_outcome_reason:np.float64(1.0) - drafter/collection_rejected_samples:np.float64(0.0) - drafter/collection_worker_results:np.float64(1.0) - drafter/collection_finalized:np.float64(1.0) - drafter/collection_expired_stages:np.float64(0.0) - timing_s/drafter_collection_rpc:np.float64(0.03212140399773489) - drafter/scheduler_used:np.float64(1.0) - drafter/schedule_launch:np.float64(1.0) - drafter/schedule_interval_matched:np.float64(1.0) - drafter/schedule_strategy:np.float64(0.0) - drafter/schedule_reason:np.float64(10.0) - drafter/target_lm_head_apply_deferred:np.float64(1.0) - drafter/target_lm_head_selected_rows:np.float64(32000.0) - drafter/target_lm_head_source_vocab_size:np.float64(151936.0) - drafter/target_lm_head_direct_sparse_export:np.float64(0.0) - timing_s/drafter_sync_target_lm_head_fetch:np.float64(1.84782108500076) - timing_s/drafter_sync_target_lm_head_dispatch:np.float64(0.3677695179976581) - drafter/train_interval_matched:np.float64(1.0) - drafter/target_lm_head_synced:np.float64(1.0) - timing_s/drafter_sync_target_lm_head:np.float64(2.228162922998308) - timing_s/drafter_sync_target_lm_head_apply:np.float64(0.3681392779981252) - timing_s/drafter_sync_target_lm_head_wait:np.float64(0.0003697600004670676) - timing_s/drafter_sync_target_lm_head_overlap_window:np.float64(6.708257610000146) - drafter/trained:np.float64(1.0) - drafter/train_successful_steps_max:np.int64(1) - drafter/train_no_trainable_batch:np.float64(0.0) - drafter/train_activation_failed:np.float64(0.0) - drafter/train_attempted_batches_max:np.int64(1) - drafter/train_buffer_size_before_min:np.int64(2) - drafter/train_buffer_size_after_min:np.int64(0) - drafter/train_optimizer_step_max:np.int64(6) - drafter/train_worker_results_consistent:np.float64(1.0) - drafter/train_worker_ids_consistent:np.float64(1.0) - drafter/train_worker_incarnations_consistent:np.float64(1.0) - drafter/train_plan_ids_consistent:np.float64(1.0) - drafter/train_source_steps_consistent:np.float64(1.0) - drafter/train_data_versions_consistent:np.float64(1.0) - drafter/train_target_versions_consistent:np.float64(1.0) - drafter/train_successful_steps_consistent:np.float64(1.0) - drafter/train_optimizer_steps_consistent:np.float64(1.0) - drafter/train_publish_leader_count:np.float64(1.0) - drafter/train_publish_leader_snapshot_ready:np.float64(1.0) - timing_s/drafter_prepare_batch:np.float64(0.0029942989349365234) - timing_s/drafter_forward_loss:np.float64(0.45066165924072266) - timing_s/drafter_reduce_loss:np.float64(0.0019190311431884766) - timing_s/drafter_backward:np.float64(0.05585646629333496) - timing_s/drafter_optimizer:np.float64(0.10052013397216797) - timing_s/drafter_publish_snapshot:np.float64(0.8865008354187012) - timing_s/drafter_worker_training_loop:np.float64(0.6076810359954834) - timing_s/drafter_worker_cleanup:np.float64(1.9906306266784668) - timing_s/drafter_worker_elapsed:np.float64(2.8884940147399902) - timing_s/drafter_train_rpc:np.float64(3.4845770610008913) - drafter/runtime_state:np.float64(3.0) - drafter/runtime_completed_batches:np.float64(1.0) - drafter/runtime_inflight:np.float64(0.0) - timing_s/drafter_runtime_batch_average:np.float64(3.4845770610008913) - timing_s/drafter_outer_unaccounted:np.float64(0.008988931003841572) - drafter/publish_attempted:np.float64(1.0) - drafter/published:np.float64(1.0) - timing_s/drafter_publish_wait_pending:np.float64(1.1854001058964059e-05) - timing_s/drafter_publish_fetch_snapshot:np.float64(2.5006866229996376) - timing_s/drafter_publish_update_weights:np.float64(0.0017204260002472438) - training/global_step:6 - training/epoch:0 - critic/score/mean:0.0 - critic/score/max:0.0 - critic/score/min:0.0 - critic/rewards/mean:0.0 - critic/rewards/max:0.0 - critic/rewards/min:0.0 - critic/advantages/mean:0.0 - critic/advantages/max:0.0 - critic/advantages/min:0.0 - critic/returns/mean:0.0 - critic/returns/max:0.0 - critic/returns/min:0.0 - response_length/mean:64.0 - response_length/max:64.0 - response_length/min:64.0 - response_length/clip_ratio:1.0 - response_length_non_aborted/mean:64.0 - response_length_non_aborted/max:64.0 - response_length_non_aborted/min:64.0 - response_length_non_aborted/clip_ratio:1.0 - response/aborted_ratio:0.0 - prompt_length/mean:24.5 - prompt_length/max:25.0 - prompt_length/min:24.0 - prompt_length/clip_ratio:0.0 - num_turns/min:np.int32(2) - num_turns/max:np.int32(2) - num_turns/mean:np.float64(2.0) - timing_s/start_profile:0.00015117899965844117 - timing_s/agent_loop/num_preempted/min:np.int64(-1) - timing_s/agent_loop/num_preempted/max:np.int64(-1) - timing_s/agent_loop/num_preempted/mean:np.float64(-1.0) - timing_s/agent_loop/generate_sequences/min:np.float64(0.9890569039998809) - timing_s/agent_loop/generate_sequences/max:np.float64(1.184904835998168) - timing_s/agent_loop/generate_sequences/mean:np.float64(1.0461808129994097) - timing_s/agent_loop/tool_calls/min:np.float64(0.0) - timing_s/agent_loop/tool_calls/max:np.float64(0.0) - timing_s/agent_loop/tool_calls/mean:np.float64(0.0) - timing_s/agent_loop/compute_score/min:np.float64(0.009523351000098046) - timing_s/agent_loop/compute_score/max:np.float64(0.011933536003198242) - timing_s/agent_loop/compute_score/mean:np.float64(0.010899160251028661) - timing_s/agent_loop/slowest/generate_sequences:np.float64(1.184904835998168) - timing_s/agent_loop/slowest/tool_calls:np.float64(0.0) - timing_s/agent_loop/slowest/compute_score:np.float64(0.011363014000380645) - timing_s/agent_loop/slowest/num_preempted:np.int64(-1) - timing_s/agent_loop/slowest/prompt_length:24 - timing_s/agent_loop/slowest/response_length:64 - timing_s/gen:4.0492950640000345 - timing_s/reward:2.5768000341486186e-05 - timing_s/old_log_prob:3.8047984590011765 - timing_s/adv:0.003599042996938806 - timing_s/update_actor:6.708281815997907 - timing_s/drafter:5.721728915003041 - drafter/spec_decode/mean_acceptance_length:1.8955223880597014 - timing_s/update_weights:6.499041319999378 - timing_s/step:26.793109701000503 - timing_s/stop_profile:0.00015973499830579385 - timing_per_token_ms/update_actor:18.94994863276245 - timing_per_token_ms/gen:15.817558843750135 - timing_per_token_ms/adv:0.01016678812694578 - perf/total_num_tokens:354 - perf/time_per_step:26.793109701000503 - perf/throughput:6.606176064489838[36m(SpecoTaskRunner pid=50920)[0m
Training Progress:  30%|███       | 6/20 [03:31<06:51, 29.42s/it]
[36m(SpecoWorker pid=52389)[0m INFO:2026-09-19 08:58:08,901:using ttt_length 1, no need to cache hidden states
[36m(SpecoWorker pid=52389)[0m WARNING:2026-09-19 08:58:17,314:[speco publish reclaim] role=producer global_steps=6 num_weights=13 payload_cleared=1 allocator=glibc action=malloc_trim heap_trimmed=True elapsed_sec=0.235 memory_before=(rss_gib=5.35 anon_gib=3.80 rss_shmem_gib=0.64 node_unavailable_gib=214.85 available_gib=288.64 cached_gib=304.51 node_shmem_gib=36.66 dev_shm_used_gib=0.07 dirty_gib=22.12 writeback_gib=0.05) memory_after=(rss_gib=5.14 anon_gib=3.59 rss_shmem_gib=0.64 node_unavailable_gib=214.70 available_gib=288.78 cached_gib=304.31 node_shmem_gib=36.46 dev_shm_used_gib=0.07 dirty_gib=22.11 writeback_gib=0.05)
[36m(WorkerDict pid=51134)[0m WARNING:2026-09-19 08:58:18,718:[speco publish materialize] async=True global_steps=6 elapsed_sec=0.430 num_weights=13
[36m(SpecoVLLMHttpServer pid=51406)[0m (Worker_TP0 pid=52090) WARNING:2026-09-19 08:58:19,124:SPECO committed online drafter revision=6 loaded_params=13
[36m(SpecoVLLMHttpServer pid=51406)[0m (Worker_TP1 pid=52091) WARNING:2026-09-19 08:58:19,233:SPECO committed online drafter revision=6 loaded_params=13
[36m(WorkerDict pid=51134)[0m WARNING:2026-09-19 08:58:21,092:[speco publish reclaim] role=consumer async=True global_steps=6 num_weights=13 payload_cleared=1 allocator=glibc action=malloc_trim heap_trimmed=True elapsed_sec=0.430 memory_before=(rss_gib=18.21 anon_gib=6.52 rss_shmem_gib=10.58 node_unavailable_gib=214.79 available_gib=288.70 cached_gib=304.55 node_shmem_gib=36.46 dev_shm_used_gib=0.07 dirty_gib=22.06 writeback_gib=0.10) memory_after=(rss_gib=17.44 anon_gib=5.76 rss_shmem_gib=10.58 node_unavailable_gib=214.15 available_gib=289.34 cached_gib=304.56 node_shmem_gib=36.46 dev_shm_used_gib=0.07 dirty_gib=22.05 writeback_gib=0.06)
[36m(SpecoVLLMHttpServer pid=51406)[0m (Worker_TP0 pid=52090) WARNING:2026-09-19 08:58:22,588:[speco draft sleep] drafter state saved before level-2 sleep (17 tensors)
[36m(SpecoVLLMHttpServer pid=51406)[0m (Worker_TP1 pid=52091) WARNING:2026-09-19 08:58:22,592:[speco draft sleep] drafter state saved before level-2 sleep (17 tensors)
[36m(SpecoWorker pid=52412)[0m INFO:2026-09-19 08:58:35,338:using ttt_length 1, no need to cache hidden states
[36m(SpecoWorker pid=52389)[0m INFO:2026-09-19 08:58:36,193:[drafter loss] step=1 optimizer_step_total=7 lr=1.000e-05 loss=2.7731 vloss=0.0000 ploss=2.7731
[36m(SpecoVLLMHttpServer pid=51406)[0m (Worker_TP0 pid=52090) WARNING:2026-09-19 08:58:39,576:[speco draft wake_up] drafter state restored after level-2 wake_up (17 tensors, revision=6)
[36m(SpecoVLLMHttpServer pid=51406)[0m (Worker_TP1 pid=52091) WARNING:2026-09-19 08:58:39,576:[speco draft wake_up] drafter state restored after level-2 wake_up (17 tensors, revision=6)

[36m(SpecoTaskRunner pid=50920)[0m step:7 - global_seqlen/min:176 - global_seqlen/max:178 - global_seqlen/minmax_diff:2 - global_seqlen/balanced_min:177 - global_seqlen/balanced_max:177 - global_seqlen/mean:177.0 - actor/entropy:0.0 - perf/mfu/actor_infer:0.010413980492749381 - training/rollout_probs_diff_valid:1 - training/rollout_probs_diff_max:0.07465368509292603 - training/rollout_probs_diff_mean:0.004627457819879055 - training/rollout_probs_diff_std:0.013064795173704624 - training/rollout_actor_probs_pearson_corr:0.9979633688926697 - rollout_corr/training_ppl:1.2271881103515625 - rollout_corr/training_log_ppl:0.2005806863307953 - rollout_corr/kl:0.0012732172617688775 - rollout_corr/k3_kl:0.0006186598911881447 - rollout_corr/rollout_ppl:1.2254316806793213 - rollout_corr/rollout_log_ppl:0.19930747151374817 - rollout_corr/log_ppl_diff:0.0012732166796922684 - rollout_corr/log_ppl_abs_diff:0.0033323485404253006 - rollout_corr/log_ppl_diff_max:0.005577102303504944 - rollout_corr/log_ppl_diff_min:-0.0041182637214660645 - rollout_corr/ppl_ratio:1.0012803077697754 - rollout_corr/chi2_token:-0.00012314319610595703 - rollout_corr/chi2_seq:-0.05442744493484497 - actor/pg_clipfrac:np.float64(0.0) - actor/ppo_kl:np.float64(0.0) - actor/pg_clipfrac_lower:np.float64(0.0) - actor/pg_loss:np.float64(0.0) - actor/loss:np.float64(0.0) - actor/grad_norm:np.float64(0.0) - actor/lr:np.float64(1e-06) - actor/perf/max_memory_allocated_gb:np.float64(28.541846752166748) - actor/perf/max_memory_reserved_gb:np.float64(37.9921875) - actor/perf/cpu_memory_used_gb:np.float64(215.8088150024414) - perf/mfu/actor:np.float64(0.01025321514673223) - drafter/raw_drafter_samples:np.float64(4.0) - drafter/collected_samples:np.float64(2.0) - drafter/collect_interval_matched:np.float64(1.0) - drafter/collection_plan_used:np.float64(1.0) - drafter/collection_plan_collect:np.float64(1.0) - drafter/collection_plan_reason:np.float64(7.0) - drafter/collection_plan_source:np.float64(2.0) - drafter/collection_plan_interval_matched:np.float64(1.0) - drafter/collection_plan_training_interval_matched:np.float64(1.0) - drafter/collection_attempted:np.float64(1.0) - drafter/collection_completed:np.float64(1.0) - drafter/collection_outcome_reason:np.float64(1.0) - drafter/collection_rejected_samples:np.float64(0.0) - drafter/collection_worker_results:np.float64(1.0) - drafter/collection_finalized:np.float64(1.0) - drafter/collection_expired_stages:np.float64(0.0) - timing_s/drafter_collection_rpc:np.float64(0.032271450996631756) - drafter/scheduler_used:np.float64(1.0) - drafter/schedule_launch:np.float64(1.0) - drafter/schedule_interval_matched:np.float64(1.0) - drafter/schedule_strategy:np.float64(0.0) - drafter/schedule_reason:np.float64(10.0) - drafter/target_lm_head_apply_deferred:np.float64(1.0) - drafter/target_lm_head_selected_rows:np.float64(32000.0) - drafter/target_lm_head_source_vocab_size:np.float64(151936.0) - drafter/target_lm_head_direct_sparse_export:np.float64(0.0) - timing_s/drafter_sync_target_lm_head_fetch:np.float64(1.7247293180007546) - timing_s/drafter_sync_target_lm_head_dispatch:np.float64(0.4014214630005881) - drafter/train_interval_matched:np.float64(1.0) - drafter/target_lm_head_synced:np.float64(1.0) - timing_s/drafter_sync_target_lm_head:np.float64(2.1412501109989535) - timing_s/drafter_sync_target_lm_head_apply:np.float64(0.40176951499961433) - timing_s/drafter_sync_target_lm_head_wait:np.float64(0.000348051999026211) - timing_s/drafter_sync_target_lm_head_overlap_window:np.float64(6.575097767999978) - drafter/trained:np.float64(1.0) - drafter/train_successful_steps_max:np.int64(1) - drafter/train_no_trainable_batch:np.float64(0.0) - drafter/train_activation_failed:np.float64(0.0) - drafter/train_attempted_batches_max:np.int64(1) - drafter/train_buffer_size_before_min:np.int64(2) - drafter/train_buffer_size_after_min:np.int64(0) - drafter/train_optimizer_step_max:np.int64(7) - drafter/train_worker_results_consistent:np.float64(1.0) - drafter/train_worker_ids_consistent:np.float64(1.0) - drafter/train_worker_incarnations_consistent:np.float64(1.0) - drafter/train_plan_ids_consistent:np.float64(1.0) - drafter/train_source_steps_consistent:np.float64(1.0) - drafter/train_data_versions_consistent:np.float64(1.0) - drafter/train_target_versions_consistent:np.float64(1.0) - drafter/train_successful_steps_consistent:np.float64(1.0) - drafter/train_optimizer_steps_consistent:np.float64(1.0) - drafter/train_publish_leader_count:np.float64(1.0) - drafter/train_publish_leader_snapshot_ready:np.float64(1.0) - timing_s/drafter_prepare_batch:np.float64(0.0033829212188720703) - timing_s/drafter_forward_loss:np.float64(0.7046184539794922) - timing_s/drafter_reduce_loss:np.float64(0.0013778209686279297) - timing_s/drafter_backward:np.float64(0.02864813804626465) - timing_s/drafter_optimizer:np.float64(0.135483980178833) - timing_s/drafter_publish_snapshot:np.float64(0.8149495124816895) - timing_s/drafter_worker_training_loop:np.float64(0.8614256381988525) - timing_s/drafter_worker_cleanup:np.float64(1.9372191429138184) - timing_s/drafter_worker_elapsed:np.float64(2.9318690299987793) - timing_s/drafter_train_rpc:np.float64(3.5306359179994615) - drafter/runtime_state:np.float64(3.0) - drafter/runtime_completed_batches:np.float64(1.0) - drafter/runtime_inflight:np.float64(0.0) - timing_s/drafter_runtime_batch_average:np.float64(3.5306359179994615) - timing_s/drafter_outer_unaccounted:np.float64(0.010292069004208315) - drafter/publish_attempted:np.float64(1.0) - drafter/published:np.float64(1.0) - timing_s/drafter_publish_wait_pending:np.float64(3.03499837173149e-06) - timing_s/drafter_publish_fetch_snapshot:np.float64(1.2565095769969048) - timing_s/drafter_publish_update_weights:np.float64(0.0014087769995967392) - training/global_step:7 - training/epoch:0 - critic/score/mean:0.0 - critic/score/max:0.0 - critic/score/min:0.0 - critic/rewards/mean:0.0 - critic/rewards/max:0.0 - critic/rewards/min:0.0 - critic/advantages/mean:0.0 - critic/advantages/max:0.0 - critic/advantages/min:0.0 - critic/returns/mean:0.0 - critic/returns/max:0.0 - critic/returns/min:0.0 - response_length/mean:64.0 - response_length/max:64.0 - response_length/min:64.0 - response_length/clip_ratio:1.0 - response_length_non_aborted/mean:64.0 - response_length_non_aborted/max:64.0 - response_length_non_aborted/min:64.0 - response_length_non_aborted/clip_ratio:1.0 - response/aborted_ratio:0.0 - prompt_length/mean:24.5 - prompt_length/max:25.0 - prompt_length/min:24.0 - prompt_length/clip_ratio:0.0 - num_turns/min:np.int32(2) - num_turns/max:np.int32(2) - num_turns/mean:np.float64(2.0) - timing_s/start_profile:0.00013560500156017952 - timing_s/agent_loop/num_preempted/min:np.int64(-1) - timing_s/agent_loop/num_preempted/max:np.int64(-1) - timing_s/agent_loop/num_preempted/mean:np.float64(-1.0) - timing_s/agent_loop/generate_sequences/min:np.float64(0.9890313550022256) - timing_s/agent_loop/generate_sequences/max:np.float64(1.0715313180007797) - timing_s/agent_loop/generate_sequences/mean:np.float64(1.0247144170007232) - timing_s/agent_loop/tool_calls/min:np.float64(0.0) - timing_s/agent_loop/tool_calls/max:np.float64(0.0) - timing_s/agent_loop/tool_calls/mean:np.float64(0.0) - timing_s/agent_loop/compute_score/min:np.float64(0.007344924000790343) - timing_s/agent_loop/compute_score/max:np.float64(0.014432395000767428) - timing_s/agent_loop/compute_score/mean:np.float64(0.010177975751503254) - timing_s/agent_loop/slowest/generate_sequences:np.float64(1.0715313180007797) - timing_s/agent_loop/slowest/tool_calls:np.float64(0.0) - timing_s/agent_loop/slowest/compute_score:np.float64(0.014432395000767428) - timing_s/agent_loop/slowest/num_preempted:np.int64(-1) - timing_s/agent_loop/slowest/prompt_length:24 - timing_s/agent_loop/slowest/response_length:64 - timing_s/gen:4.424933792000957 - timing_s/reward:3.0713999876752496e-05 - timing_s/old_log_prob:3.2796265590004623 - timing_s/adv:0.0036365060004754923 - timing_s/update_actor:6.575080922997586 - timing_s/drafter:5.682178098002623 - drafter/spec_decode/mean_acceptance_length:1.8888888888888888 - timing_s/update_weights:4.934229916001641 - timing_s/step:24.906224112997734 - timing_s/stop_profile:0.00014748900139238685 - timing_per_token_ms/update_actor:18.573674923721995 - timing_per_token_ms/gen:17.284897625003737 - timing_per_token_ms/adv:0.010272615820552238 - perf/total_num_tokens:354 - perf/time_per_step:24.906224112997734 - perf/throughput:7.106657323766293[36m(SpecoTaskRunner pid=50920)[0m
Training Progress:  35%|███▌      | 7/20 [03:56<06:03, 27.95s/it]
[36m(SpecoWorker pid=52389)[0m INFO:2026-09-19 08:58:35,337:using ttt_length 1, no need to cache hidden states
[36m(SpecoWorker pid=52389)[0m WARNING:2026-09-19 08:58:43,197:[speco publish reclaim] role=producer global_steps=7 num_weights=13 payload_cleared=1 allocator=glibc action=malloc_trim heap_trimmed=True elapsed_sec=0.224 memory_before=(rss_gib=5.37 anon_gib=3.83 rss_shmem_gib=0.64 node_unavailable_gib=211.62 available_gib=291.87 cached_gib=305.71 node_shmem_gib=36.46 dev_shm_used_gib=0.07 dirty_gib=21.78 writeback_gib=0.06) memory_after=(rss_gib=5.16 anon_gib=3.61 rss_shmem_gib=0.64 node_unavailable_gib=211.46 available_gib=292.03 cached_gib=305.96 node_shmem_gib=36.70 dev_shm_used_gib=0.07 dirty_gib=21.78 writeback_gib=0.06)
[36m(WorkerDict pid=51134)[0m WARNING:2026-09-19 08:58:43,676:[speco publish materialize] async=True global_steps=7 elapsed_sec=0.473 num_weights=13
[36m(SpecoVLLMHttpServer pid=51406)[0m (Worker_TP1 pid=52091) WARNING:2026-09-19 08:58:43,768:SPECO committed online drafter revision=7 loaded_params=13
[36m(SpecoVLLMHttpServer pid=51406)[0m (Worker_TP0 pid=52090) WARNING:2026-09-19 08:58:43,769:SPECO committed online drafter revision=7 loaded_params=13
[36m(WorkerDict pid=51134)[0m WARNING:2026-09-19 08:58:44,589:[speco publish reclaim] role=consumer async=True global_steps=7 num_weights=13 payload_cleared=1 allocator=glibc action=malloc_trim heap_trimmed=True elapsed_sec=0.431 memory_before=(rss_gib=18.15 anon_gib=6.47 rss_shmem_gib=10.58 node_unavailable_gib=212.83 available_gib=290.65 cached_gib=305.73 node_shmem_gib=36.46 dev_shm_used_gib=0.07 dirty_gib=21.74 writeback_gib=0.04) memory_after=(rss_gib=17.44 anon_gib=5.76 rss_shmem_gib=10.58 node_unavailable_gib=211.62 available_gib=291.87 cached_gib=305.77 node_shmem_gib=36.46 dev_shm_used_gib=0.07 dirty_gib=21.74 writeback_gib=0.06)
[36m(SpecoVLLMHttpServer pid=51406)[0m (Worker_TP1 pid=52091) WARNING:2026-09-19 08:58:46,169:[speco draft sleep] drafter state saved before level-2 sleep (17 tensors)
[36m(SpecoVLLMHttpServer pid=51406)[0m (Worker_TP0 pid=52090) WARNING:2026-09-19 08:58:46,170:[speco draft sleep] drafter state saved before level-2 sleep (17 tensors)
[36m(SpecoWorker pid=52389)[0m INFO:2026-09-19 08:59:00,985:using ttt_length 1, no need to cache hidden states
[36m(SpecoWorker pid=52389)[0m INFO:2026-09-19 08:59:01,793:[drafter loss] step=1 optimizer_step_total=8 lr=1.000e-05 loss=3.4207 vloss=0.0000 ploss=3.4207
[36m(SpecoVLLMHttpServer pid=51406)[0m (Worker_TP0 pid=52090) WARNING:2026-09-19 08:59:05,375:[speco draft wake_up] drafter state restored after level-2 wake_up (17 tensors, revision=7)
[36m(SpecoVLLMHttpServer pid=51406)[0m (Worker_TP1 pid=52091) WARNING:2026-09-19 08:59:05,375:[speco draft wake_up] drafter state restored after level-2 wake_up (17 tensors, revision=7)

[36m(SpecoTaskRunner pid=50920)[0m step:8 - global_seqlen/min:176 - global_seqlen/max:176 - global_seqlen/minmax_diff:0 - global_seqlen/balanced_min:176 - global_seqlen/balanced_max:176 - global_seqlen/mean:176.0 - actor/entropy:0.0 - perf/mfu/actor_infer:0.006206260804352343 - training/rollout_probs_diff_valid:1 - training/rollout_probs_diff_max:0.0981212854385376 - training/rollout_probs_diff_mean:0.0058153062127530575 - training/rollout_probs_diff_std:0.014897461049258709 - training/rollout_actor_probs_pearson_corr:0.9967513084411621 - rollout_corr/training_ppl:1.1614856719970703 - rollout_corr/training_log_ppl:0.14884284138679504 - rollout_corr/kl:0.0013446544762700796 - rollout_corr/k3_kl:0.0005599204450845718 - rollout_corr/rollout_ppl:1.1597627401351929 - rollout_corr/rollout_log_ppl:0.14749819040298462 - rollout_corr/log_ppl_diff:0.0013446509838104248 - rollout_corr/log_ppl_abs_diff:0.004266098141670227 - rollout_corr/log_ppl_diff_max:0.004649743437767029 - rollout_corr/log_ppl_diff_min:-0.0058428943157196045 - rollout_corr/ppl_ratio:1.0013543367385864 - rollout_corr/chi2_token:-0.0004380941390991211 - rollout_corr/chi2_seq:-0.005492210388183594 - actor/pg_clipfrac:np.float64(0.0) - actor/ppo_kl:np.float64(0.0) - actor/pg_clipfrac_lower:np.float64(0.0) - actor/pg_loss:np.float64(0.0) - actor/loss:np.float64(0.0) - actor/grad_norm:np.float64(0.0) - actor/lr:np.float64(1e-06) - actor/perf/max_memory_allocated_gb:np.float64(28.541846752166748) - actor/perf/max_memory_reserved_gb:np.float64(37.9921875) - actor/perf/cpu_memory_used_gb:np.float64(213.2253761291504) - perf/mfu/actor:np.float64(0.01033711201817081) - drafter/raw_drafter_samples:np.float64(4.0) - drafter/collected_samples:np.float64(2.0) - drafter/collect_interval_matched:np.float64(1.0) - drafter/collection_plan_used:np.float64(1.0) - drafter/collection_plan_collect:np.float64(1.0) - drafter/collection_plan_reason:np.float64(7.0) - drafter/collection_plan_source:np.float64(2.0) - drafter/collection_plan_interval_matched:np.float64(1.0) - drafter/collection_plan_training_interval_matched:np.float64(1.0) - drafter/collection_attempted:np.float64(1.0) - drafter/collection_completed:np.float64(1.0) - drafter/collection_outcome_reason:np.float64(1.0) - drafter/collection_rejected_samples:np.float64(0.0) - drafter/collection_worker_results:np.float64(1.0) - drafter/collection_finalized:np.float64(1.0) - drafter/collection_expired_stages:np.float64(0.0) - timing_s/drafter_collection_rpc:np.float64(0.22554884599958314) - drafter/scheduler_used:np.float64(1.0) - drafter/schedule_launch:np.float64(1.0) - drafter/schedule_interval_matched:np.float64(1.0) - drafter/schedule_strategy:np.float64(0.0) - drafter/schedule_reason:np.float64(10.0) - drafter/target_lm_head_apply_deferred:np.float64(1.0) - drafter/target_lm_head_selected_rows:np.float64(32000.0) - drafter/target_lm_head_source_vocab_size:np.float64(151936.0) - drafter/target_lm_head_direct_sparse_export:np.float64(0.0) - timing_s/drafter_sync_target_lm_head_fetch:np.float64(1.818780372999754) - timing_s/drafter_sync_target_lm_head_dispatch:np.float64(0.22433083500072826) - drafter/train_interval_matched:np.float64(1.0) - drafter/target_lm_head_synced:np.float64(1.0) - timing_s/drafter_sync_target_lm_head:np.float64(2.055705652001052) - timing_s/drafter_sync_target_lm_head_apply:np.float64(0.22468288600066444) - timing_s/drafter_sync_target_lm_head_wait:np.float64(0.00035205099993618205) - timing_s/drafter_sync_target_lm_head_overlap_window:np.float64(6.618048999000166) - drafter/trained:np.float64(1.0) - drafter/train_successful_steps_max:np.int64(1) - drafter/train_no_trainable_batch:np.float64(0.0) - drafter/train_activation_failed:np.float64(0.0) - drafter/train_attempted_batches_max:np.int64(1) - drafter/train_buffer_size_before_min:np.int64(2) - drafter/train_buffer_size_after_min:np.int64(0) - drafter/train_optimizer_step_max:np.int64(8) - drafter/train_worker_results_consistent:np.float64(1.0) - drafter/train_worker_ids_consistent:np.float64(1.0) - drafter/train_worker_incarnations_consistent:np.float64(1.0) - drafter/train_plan_ids_consistent:np.float64(1.0) - drafter/train_source_steps_consistent:np.float64(1.0) - drafter/train_data_versions_consistent:np.float64(1.0) - drafter/train_target_versions_consistent:np.float64(1.0) - drafter/train_successful_steps_consistent:np.float64(1.0) - drafter/train_optimizer_steps_consistent:np.float64(1.0) - drafter/train_publish_leader_count:np.float64(1.0) - drafter/train_publish_leader_snapshot_ready:np.float64(1.0) - timing_s/drafter_prepare_batch:np.float64(0.004311084747314453) - timing_s/drafter_forward_loss:np.float64(0.6578969955444336) - timing_s/drafter_reduce_loss:np.float64(0.0013399124145507812) - timing_s/drafter_backward:np.float64(0.028636932373046875) - timing_s/drafter_optimizer:np.float64(0.135850191116333) - timing_s/drafter_publish_snapshot:np.float64(0.7939324378967285) - timing_s/drafter_worker_training_loop:np.float64(1.0914182662963867) - timing_s/drafter_worker_cleanup:np.float64(2.2248709201812744) - timing_s/drafter_worker_elapsed:np.float64(3.194201946258545) - timing_s/drafter_train_rpc:np.float64(3.793164173999685) - drafter/runtime_state:np.float64(3.0) - drafter/runtime_completed_batches:np.float64(1.0) - drafter/runtime_inflight:np.float64(0.0) - timing_s/drafter_runtime_batch_average:np.float64(3.793164173999685) - timing_s/drafter_outer_unaccounted:np.float64(0.009372489999805111) - drafter/publish_attempted:np.float64(1.0) - drafter/published:np.float64(1.0) - timing_s/drafter_publish_wait_pending:np.float64(3.355002263560891e-06) - timing_s/drafter_publish_fetch_snapshot:np.float64(0.8904596399988804) - timing_s/drafter_publish_update_weights:np.float64(0.0015816330014786217) - training/global_step:8 - training/epoch:0 - critic/score/mean:0.0 - critic/score/max:0.0 - critic/score/min:0.0 - critic/rewards/mean:0.0 - critic/rewards/max:0.0 - critic/rewards/min:0.0 - critic/advantages/mean:0.0 - critic/advantages/max:0.0 - critic/advantages/min:0.0 - critic/returns/mean:0.0 - critic/returns/max:0.0 - critic/returns/min:0.0 - response_length/mean:64.0 - response_length/max:64.0 - response_length/min:64.0 - response_length/clip_ratio:1.0 - response_length_non_aborted/mean:64.0 - response_length_non_aborted/max:64.0 - response_length_non_aborted/min:64.0 - response_length_non_aborted/clip_ratio:1.0 - response/aborted_ratio:0.0 - prompt_length/mean:24.0 - prompt_length/max:24.0 - prompt_length/min:24.0 - prompt_length/clip_ratio:0.0 - num_turns/min:np.int32(2) - num_turns/max:np.int32(2) - num_turns/mean:np.float64(2.0) - timing_s/start_profile:0.00013844899876858108 - timing_s/agent_loop/num_preempted/min:np.int64(-1) - timing_s/agent_loop/num_preempted/max:np.int64(-1) - timing_s/agent_loop/num_preempted/mean:np.float64(-1.0) - timing_s/agent_loop/generate_sequences/min:np.float64(1.0137402850014041) - timing_s/agent_loop/generate_sequences/max:np.float64(1.132612434001203) - timing_s/agent_loop/generate_sequences/mean:np.float64(1.052970003250266) - timing_s/agent_loop/tool_calls/min:np.float64(0.0) - timing_s/agent_loop/tool_calls/max:np.float64(0.0) - timing_s/agent_loop/tool_calls/mean:np.float64(0.0) - timing_s/agent_loop/compute_score/min:np.float64(0.010097742000652943) - timing_s/agent_loop/compute_score/max:np.float64(0.0113247510016663) - timing_s/agent_loop/compute_score/mean:np.float64(0.01064669874995161) - timing_s/agent_loop/slowest/generate_sequences:np.float64(1.132612434001203) - timing_s/agent_loop/slowest/tool_calls:np.float64(0.0) - timing_s/agent_loop/slowest/compute_score:np.float64(0.01052648899712949) - timing_s/agent_loop/slowest/num_preempted:np.int64(-1) - timing_s/agent_loop/slowest/prompt_length:24 - timing_s/agent_loop/slowest/response_length:64 - timing_s/gen:4.135454086997925 - timing_s/reward:2.6810001145349815e-05 - timing_s/old_log_prob:4.344356576999417 - timing_s/adv:0.0035708780014829244 - timing_s/update_actor:6.618087006998394 - timing_s/drafter:5.858242316000542 - drafter/spec_decode/mean_acceptance_length:1.8489208633093526 - timing_s/update_weights:4.391985032998491 - timing_s/step:25.35796524000034 - timing_s/stop_profile:0.00014311999984784052 - timing_per_token_ms/update_actor:18.801383542609074 - timing_per_token_ms/gen:16.154117527335643 - timing_per_token_ms/adv:0.010144539776940126 - perf/total_num_tokens:352 - perf/time_per_step:25.35796524000034 - perf/throughput:6.940619972235503[36m(SpecoTaskRunner pid=50920)[0m
Training Progress:  40%|████      | 8/20 [04:21<05:25, 27.13s/it]
[36m(SpecoWorker pid=52412)[0m INFO:2026-09-19 08:59:00,985:using ttt_length 1, no need to cache hidden states
[36m(SpecoWorker pid=52389)[0m WARNING:2026-09-19 08:59:08,563:[speco publish reclaim] role=producer global_steps=8 num_weights=13 payload_cleared=1 allocator=glibc action=malloc_trim heap_trimmed=True elapsed_sec=0.209 memory_before=(rss_gib=5.41 anon_gib=3.86 rss_shmem_gib=0.64 node_unavailable_gib=203.16 available_gib=300.33 cached_gib=307.58 node_shmem_gib=36.57 dev_shm_used_gib=0.07 dirty_gib=21.59 writeback_gib=0.05) memory_after=(rss_gib=5.16 anon_gib=3.61 rss_shmem_gib=0.64 node_unavailable_gib=202.87 available_gib=300.62 cached_gib=307.42 node_shmem_gib=36.42 dev_shm_used_gib=0.07 dirty_gib=21.57 writeback_gib=0.04)
[36m(WorkerDict pid=51134)[0m WARNING:2026-09-19 08:59:09,019:[speco publish materialize] async=True global_steps=8 elapsed_sec=0.449 num_weights=13
[36m(SpecoVLLMHttpServer pid=51406)[0m (Worker_TP1 pid=52091) WARNING:2026-09-19 08:59:09,148:SPECO committed online drafter revision=8 loaded_params=13
[36m(SpecoVLLMHttpServer pid=51406)[0m (Worker_TP0 pid=52090) WARNING:2026-09-19 08:59:09,150:SPECO committed online drafter revision=8 loaded_params=13
[36m(WorkerDict pid=51134)[0m WARNING:2026-09-19 08:59:09,980:[speco publish reclaim] role=consumer async=True global_steps=8 num_weights=13 payload_cleared=1 allocator=glibc action=malloc_trim heap_trimmed=True elapsed_sec=0.433 memory_before=(rss_gib=18.14 anon_gib=6.46 rss_shmem_gib=10.58 node_unavailable_gib=204.39 available_gib=299.09 cached_gib=307.51 node_shmem_gib=36.42 dev_shm_used_gib=0.07 dirty_gib=21.58 writeback_gib=0.02) memory_after=(rss_gib=17.44 anon_gib=5.76 rss_shmem_gib=10.58 node_unavailable_gib=203.32 available_gib=300.16 cached_gib=307.67 node_shmem_gib=36.54 dev_shm_used_gib=0.07 dirty_gib=21.55 writeback_gib=0.05)
[36m(SpecoVLLMHttpServer pid=51406)[0m (Worker_TP1 pid=52091) WARNING:2026-09-19 08:59:11,532:[speco draft sleep] drafter state saved before level-2 sleep (17 tensors)
[36m(SpecoVLLMHttpServer pid=51406)[0m (Worker_TP0 pid=52090) WARNING:2026-09-19 08:59:11,532:[speco draft sleep] drafter state saved before level-2 sleep (17 tensors)
[36m(SpecoWorker pid=52412)[0m INFO:2026-09-19 08:59:24,541:using ttt_length 1, no need to cache hidden states
[36m(SpecoWorker pid=52389)[0m INFO:2026-09-19 08:59:24,783:[drafter loss] step=1 optimizer_step_total=9 lr=1.000e-05 loss=3.9163 vloss=0.0000 ploss=3.9163
[36m(SpecoVLLMHttpServer pid=51406)[0m (Worker_TP0 pid=52090) WARNING:2026-09-19 08:59:28,118:[speco draft wake_up] drafter state restored after level-2 wake_up (17 tensors, revision=8)
[36m(SpecoVLLMHttpServer pid=51406)[0m (Worker_TP1 pid=52091) WARNING:2026-09-19 08:59:28,120:[speco draft wake_up] drafter state restored after level-2 wake_up (17 tensors, revision=8)

[36m(SpecoTaskRunner pid=50920)[0m step:9 - global_seqlen/min:176 - global_seqlen/max:178 - global_seqlen/minmax_diff:2 - global_seqlen/balanced_min:177 - global_seqlen/balanced_max:177 - global_seqlen/mean:177.0 - actor/entropy:0.0 - perf/mfu/actor_infer:0.010068857156502827 - training/rollout_probs_diff_valid:1 - training/rollout_probs_diff_max:0.0632900595664978 - training/rollout_probs_diff_mean:0.004970028065145016 - training/rollout_probs_diff_std:0.013546716421842575 - training/rollout_actor_probs_pearson_corr:0.9971383213996887 - rollout_corr/training_ppl:1.146697759628296 - rollout_corr/training_log_ppl:0.13520966470241547 - rollout_corr/kl:0.0008116104872897267 - rollout_corr/k3_kl:0.0005114080850034952 - rollout_corr/rollout_ppl:1.1458983421325684 - rollout_corr/rollout_log_ppl:0.13439804315567017 - rollout_corr/log_ppl_diff:0.0008116168901324272 - rollout_corr/log_ppl_abs_diff:0.0026379255577921867 - rollout_corr/log_ppl_diff_max:0.003794487565755844 - rollout_corr/log_ppl_diff_min:-0.003652617335319519 - rollout_corr/ppl_ratio:1.0008156299591064 - rollout_corr/chi2_token:0.0004278421401977539 - rollout_corr/chi2_seq:-0.03719067573547363 - actor/pg_clipfrac:np.float64(0.0) - actor/ppo_kl:np.float64(0.0) - actor/pg_clipfrac_lower:np.float64(0.0) - actor/pg_loss:np.float64(0.0) - actor/loss:np.float64(0.0) - actor/grad_norm:np.float64(0.0) - actor/lr:np.float64(1e-06) - actor/perf/max_memory_allocated_gb:np.float64(28.541846752166748) - actor/perf/max_memory_reserved_gb:np.float64(37.9921875) - actor/perf/cpu_memory_used_gb:np.float64(205.1835594177246) - perf/mfu/actor:np.float64(0.010282782924978313) - drafter/raw_drafter_samples:np.float64(4.0) - drafter/collected_samples:np.float64(2.0) - drafter/collect_interval_matched:np.float64(1.0) - drafter/collection_plan_used:np.float64(1.0) - drafter/collection_plan_collect:np.float64(1.0) - drafter/collection_plan_reason:np.float64(7.0) - drafter/collection_plan_source:np.float64(2.0) - drafter/collection_plan_interval_matched:np.float64(1.0) - drafter/collection_plan_training_interval_matched:np.float64(1.0) - drafter/collection_attempted:np.float64(1.0) - drafter/collection_completed:np.float64(1.0) - drafter/collection_outcome_reason:np.float64(1.0) - drafter/collection_rejected_samples:np.float64(0.0) - drafter/collection_worker_results:np.float64(1.0) - drafter/collection_finalized:np.float64(1.0) - drafter/collection_expired_stages:np.float64(0.0) - timing_s/drafter_collection_rpc:np.float64(0.02919290799763985) - drafter/scheduler_used:np.float64(1.0) - drafter/schedule_launch:np.float64(1.0) - drafter/schedule_interval_matched:np.float64(1.0) - drafter/schedule_strategy:np.float64(0.0) - drafter/schedule_reason:np.float64(10.0) - drafter/target_lm_head_apply_deferred:np.float64(1.0) - drafter/target_lm_head_selected_rows:np.float64(32000.0) - drafter/target_lm_head_source_vocab_size:np.float64(151936.0) - drafter/target_lm_head_direct_sparse_export:np.float64(0.0) - timing_s/drafter_sync_target_lm_head_fetch:np.float64(1.8619991470004607) - timing_s/drafter_sync_target_lm_head_dispatch:np.float64(0.2639668730007543) - drafter/train_interval_matched:np.float64(1.0) - drafter/target_lm_head_synced:np.float64(1.0) - timing_s/drafter_sync_target_lm_head:np.float64(2.14432358200429) - timing_s/drafter_sync_target_lm_head_apply:np.float64(0.2643126940020011) - timing_s/drafter_sync_target_lm_head_wait:np.float64(0.00034582100124680437) - timing_s/drafter_sync_target_lm_head_overlap_window:np.float64(6.778772189998563) - drafter/trained:np.float64(1.0) - drafter/train_successful_steps_max:np.int64(1) - drafter/train_no_trainable_batch:np.float64(0.0) - drafter/train_activation_failed:np.float64(0.0) - drafter/train_attempted_batches_max:np.int64(1) - drafter/train_buffer_size_before_min:np.int64(2) - drafter/train_buffer_size_after_min:np.int64(0) - drafter/train_optimizer_step_max:np.int64(9) - drafter/train_worker_results_consistent:np.float64(1.0) - drafter/train_worker_ids_consistent:np.float64(1.0) - drafter/train_worker_incarnations_consistent:np.float64(1.0) - drafter/train_plan_ids_consistent:np.float64(1.0) - drafter/train_source_steps_consistent:np.float64(1.0) - drafter/train_data_versions_consistent:np.float64(1.0) - drafter/train_target_versions_consistent:np.float64(1.0) - drafter/train_successful_steps_consistent:np.float64(1.0) - drafter/train_optimizer_steps_consistent:np.float64(1.0) - drafter/train_publish_leader_count:np.float64(1.0) - drafter/train_publish_leader_snapshot_ready:np.float64(1.0) - timing_s/drafter_prepare_batch:np.float64(0.004326820373535156) - timing_s/drafter_forward_loss:np.float64(0.0951223373413086) - timing_s/drafter_reduce_loss:np.float64(0.0017733573913574219) - timing_s/drafter_backward:np.float64(0.02780318260192871) - timing_s/drafter_optimizer:np.float64(0.13345575332641602) - timing_s/drafter_publish_snapshot:np.float64(0.8207004070281982) - timing_s/drafter_worker_training_loop:np.float64(0.25034666061401367) - timing_s/drafter_worker_cleanup:np.float64(1.8854467868804932) - timing_s/drafter_worker_elapsed:np.float64(2.3822619915008545) - timing_s/drafter_train_rpc:np.float64(2.981494763000228) - drafter/runtime_state:np.float64(3.0) - drafter/runtime_completed_batches:np.float64(1.0) - drafter/runtime_inflight:np.float64(0.0) - timing_s/drafter_runtime_batch_average:np.float64(2.981494763000228) - timing_s/drafter_outer_unaccounted:np.float64(0.009510727995802881) - drafter/publish_attempted:np.float64(1.0) - drafter/published:np.float64(1.0) - timing_s/drafter_publish_wait_pending:np.float64(3.3569995139259845e-06) - timing_s/drafter_publish_fetch_snapshot:np.float64(1.461090837001393) - timing_s/drafter_publish_update_weights:np.float64(0.0014373859994520899) - training/global_step:9 - training/epoch:1 - critic/score/mean:0.0 - critic/score/max:0.0 - critic/score/min:0.0 - critic/rewards/mean:0.0 - critic/rewards/max:0.0 - critic/rewards/min:0.0 - critic/advantages/mean:0.0 - critic/advantages/max:0.0 - critic/advantages/min:0.0 - critic/returns/mean:0.0 - critic/returns/max:0.0 - critic/returns/min:0.0 - response_length/mean:64.0 - response_length/max:64.0 - response_length/min:64.0 - response_length/clip_ratio:1.0 - response_length_non_aborted/mean:64.0 - response_length_non_aborted/max:64.0 - response_length_non_aborted/min:64.0 - response_length_non_aborted/clip_ratio:1.0 - response/aborted_ratio:0.0 - prompt_length/mean:24.5 - prompt_length/max:25.0 - prompt_length/min:24.0 - prompt_length/clip_ratio:0.0 - num_turns/min:np.int32(2) - num_turns/max:np.int32(2) - num_turns/mean:np.float64(2.0) - timing_s/start_profile:0.0005646589997923002 - timing_s/agent_loop/num_preempted/min:np.int64(-1) - timing_s/agent_loop/num_preempted/max:np.int64(-1) - timing_s/agent_loop/num_preempted/mean:np.float64(-1.0) - timing_s/agent_loop/generate_sequences/min:np.float64(0.8240640629992413) - timing_s/agent_loop/generate_sequences/max:np.float64(1.068003653002961) - timing_s/agent_loop/generate_sequences/mean:np.float64(0.9736229857498984) - timing_s/agent_loop/tool_calls/min:np.float64(0.0) - timing_s/agent_loop/tool_calls/max:np.float64(0.0) - timing_s/agent_loop/tool_calls/mean:np.float64(0.0) - timing_s/agent_loop/compute_score/min:np.float64(0.010670907999156043) - timing_s/agent_loop/compute_score/max:np.float64(0.012740401001792634) - timing_s/agent_loop/compute_score/mean:np.float64(0.011662011250336946) - timing_s/agent_loop/slowest/generate_sequences:np.float64(1.068003653002961) - timing_s/agent_loop/slowest/tool_calls:np.float64(0.0) - timing_s/agent_loop/slowest/compute_score:np.float64(0.012740401001792634) - timing_s/agent_loop/slowest/num_preempted:np.int64(-1) - timing_s/agent_loop/slowest/prompt_length:24 - timing_s/agent_loop/slowest/response_length:64 - timing_s/gen:2.7718692230009765 - timing_s/reward:2.7066002076026052e-05 - timing_s/old_log_prob:3.3154704099979426 - timing_s/adv:0.0036888939976051915 - timing_s/update_actor:6.77875125999708 - timing_s/drafter:5.135329073000321 - drafter/spec_decode/mean_acceptance_length:1.9765625 - timing_s/update_weights:4.667639659000997 - timing_s/step:22.678303689997847 - timing_s/stop_profile:0.0001592839980730787 - timing_per_token_ms/update_actor:19.14901485874881 - timing_per_token_ms/gen:10.827614152347564 - timing_per_token_ms/adv:0.010420604513009015 - perf/total_num_tokens:354 - perf/time_per_step:22.678303689997847 - perf/throughput:7.8048165515159305[36m(SpecoTaskRunner pid=50920)[0m
Training Progress:  45%|████▌     | 9/20 [04:44<04:44, 25.84s/it]
[36m(SpecoWorker pid=52389)[0m INFO:2026-09-19 08:59:24,540:using ttt_length 1, no need to cache hidden states
[36m(SpecoWorker pid=52389)[0m WARNING:2026-09-19 08:59:31,582:[speco publish reclaim] role=producer global_steps=9 num_weights=13 payload_cleared=1 allocator=glibc action=malloc_trim heap_trimmed=True elapsed_sec=0.210 memory_before=(rss_gib=5.42 anon_gib=3.88 rss_shmem_gib=0.64 node_unavailable_gib=203.97 available_gib=299.52 cached_gib=308.60 node_shmem_gib=36.42 dev_shm_used_gib=0.07 dirty_gib=21.43 writeback_gib=0.04) memory_after=(rss_gib=5.16 anon_gib=3.61 rss_shmem_gib=0.64 node_unavailable_gib=203.51 available_gib=299.97 cached_gib=308.62 node_shmem_gib=36.42 dev_shm_used_gib=0.07 dirty_gib=21.42 writeback_gib=0.05)
[36m(WorkerDict pid=51134)[0m WARNING:2026-09-19 08:59:32,024:[speco publish materialize] async=True global_steps=9 elapsed_sec=0.435 num_weights=13
[36m(SpecoVLLMHttpServer pid=51406)[0m (Worker_TP1 pid=52091) WARNING:2026-09-19 08:59:32,076:SPECO committed online drafter revision=9 loaded_params=13
[36m(SpecoVLLMHttpServer pid=51406)[0m (Worker_TP0 pid=52090) WARNING:2026-09-19 08:59:32,079:SPECO committed online drafter revision=9 loaded_params=13
[36m(WorkerDict pid=51134)[0m WARNING:2026-09-19 08:59:33,124:[speco publish reclaim] role=consumer async=True global_steps=9 num_weights=13 payload_cleared=1 allocator=glibc action=malloc_trim heap_trimmed=True elapsed_sec=0.440 memory_before=(rss_gib=18.37 anon_gib=6.69 rss_shmem_gib=10.58 node_unavailable_gib=204.97 available_gib=298.51 cached_gib=308.69 node_shmem_gib=36.42 dev_shm_used_gib=0.07 dirty_gib=21.40 writeback_gib=0.02) memory_after=(rss_gib=17.44 anon_gib=5.76 rss_shmem_gib=10.58 node_unavailable_gib=204.10 available_gib=299.38 cached_gib=308.76 node_shmem_gib=36.42 dev_shm_used_gib=0.07 dirty_gib=21.44 writeback_gib=0.03)
[36m(SpecoVLLMHttpServer pid=51406)[0m (Worker_TP1 pid=52091) WARNING:2026-09-19 08:59:35,416:[speco draft sleep] drafter state saved before level-2 sleep (17 tensors)
[36m(SpecoVLLMHttpServer pid=51406)[0m (Worker_TP0 pid=52090) WARNING:2026-09-19 08:59:35,418:[speco draft sleep] drafter state saved before level-2 sleep (17 tensors)
[36m(SpecoWorker pid=52412)[0m INFO:2026-09-19 08:59:48,614:using ttt_length 1, no need to cache hidden states
[36m(SpecoWorker pid=52389)[0m INFO:2026-09-19 08:59:48,861:[drafter loss] step=1 optimizer_step_total=10 lr=1.000e-05 loss=3.2679 vloss=0.0000 ploss=3.2679
[36m(SpecoVLLMHttpServer pid=51406)[0m (Worker_TP0 pid=52090) WARNING:2026-09-19 08:59:52,126:[speco draft wake_up] drafter state restored after level-2 wake_up (17 tensors, revision=9)
[36m(SpecoVLLMHttpServer pid=51406)[0m (Worker_TP1 pid=52091) WARNING:2026-09-19 08:59:52,134:[speco draft wake_up] drafter state restored after level-2 wake_up (17 tensors, revision=9)

[36m(SpecoTaskRunner pid=50920)[0m step:10 - global_seqlen/min:176 - global_seqlen/max:176 - global_seqlen/minmax_diff:0 - global_seqlen/balanced_min:176 - global_seqlen/balanced_max:176 - global_seqlen/mean:176.0 - actor/entropy:0.0 - perf/mfu/actor_infer:0.010424605303450464 - training/rollout_probs_diff_valid:1 - training/rollout_probs_diff_max:0.10706716775894165 - training/rollout_probs_diff_mean:0.007276046089828014 - training/rollout_probs_diff_std:0.016377264633774757 - training/rollout_actor_probs_pearson_corr:0.9968076348304749 - rollout_corr/training_ppl:1.2074726819992065 - rollout_corr/training_log_ppl:0.18799453973770142 - rollout_corr/kl:0.006309916265308857 - rollout_corr/k3_kl:0.001121644163504243 - rollout_corr/rollout_ppl:1.1998114585876465 - rollout_corr/rollout_log_ppl:0.18168461322784424 - rollout_corr/log_ppl_diff:0.006309915333986282 - rollout_corr/log_ppl_abs_diff:0.0069888196885585785 - rollout_corr/log_ppl_diff_max:0.0143812894821167 - rollout_corr/log_ppl_diff_min:-0.0013578087091445923 - rollout_corr/ppl_ratio:1.0063468217849731 - rollout_corr/chi2_token:-0.008382618427276611 - rollout_corr/chi2_seq:-0.424224853515625 - actor/pg_clipfrac:np.float64(0.0) - actor/ppo_kl:np.float64(0.0) - actor/pg_clipfrac_lower:np.float64(0.0) - actor/pg_loss:np.float64(0.0) - actor/loss:np.float64(0.0) - actor/grad_norm:np.float64(0.0) - actor/lr:np.float64(1e-06) - actor/perf/max_memory_allocated_gb:np.float64(28.541846752166748) - actor/perf/max_memory_reserved_gb:np.float64(37.9921875) - actor/perf/cpu_memory_used_gb:np.float64(204.39015579223633) - perf/mfu/actor:np.float64(0.010217209225659976) - drafter/raw_drafter_samples:np.float64(4.0) - drafter/collected_samples:np.float64(2.0) - drafter/collect_interval_matched:np.float64(1.0) - drafter/collection_plan_used:np.float64(1.0) - drafter/collection_plan_collect:np.float64(1.0) - drafter/collection_plan_reason:np.float64(7.0) - drafter/collection_plan_source:np.float64(2.0) - drafter/collection_plan_interval_matched:np.float64(1.0) - drafter/collection_plan_training_interval_matched:np.float64(1.0) - drafter/collection_attempted:np.float64(1.0) - drafter/collection_completed:np.float64(1.0) - drafter/collection_outcome_reason:np.float64(1.0) - drafter/collection_rejected_samples:np.float64(0.0) - drafter/collection_worker_results:np.float64(1.0) - drafter/collection_finalized:np.float64(1.0) - drafter/collection_expired_stages:np.float64(0.0) - timing_s/drafter_collection_rpc:np.float64(0.06203091200222843) - drafter/scheduler_used:np.float64(1.0) - drafter/schedule_launch:np.float64(1.0) - drafter/schedule_interval_matched:np.float64(1.0) - drafter/schedule_strategy:np.float64(0.0) - drafter/schedule_reason:np.float64(10.0) - drafter/target_lm_head_apply_deferred:np.float64(1.0) - drafter/target_lm_head_selected_rows:np.float64(32000.0) - drafter/target_lm_head_source_vocab_size:np.float64(151936.0) - drafter/target_lm_head_direct_sparse_export:np.float64(0.0) - timing_s/drafter_sync_target_lm_head_fetch:np.float64(1.9596184760011965) - timing_s/drafter_sync_target_lm_head_dispatch:np.float64(0.2591498319998209) - drafter/train_interval_matched:np.float64(1.0) - drafter/target_lm_head_synced:np.float64(1.0) - timing_s/drafter_sync_target_lm_head:np.float64(2.230476489996363) - timing_s/drafter_sync_target_lm_head_apply:np.float64(0.25948557099764) - timing_s/drafter_sync_target_lm_head_wait:np.float64(0.00033573899781913497) - timing_s/drafter_sync_target_lm_head_overlap_window:np.float64(6.380383142000937) - drafter/trained:np.float64(1.0) - drafter/train_successful_steps_max:np.int64(1) - drafter/train_no_trainable_batch:np.float64(0.0) - drafter/train_activation_failed:np.float64(0.0) - drafter/train_attempted_batches_max:np.int64(1) - drafter/train_buffer_size_before_min:np.int64(2) - drafter/train_buffer_size_after_min:np.int64(0) - drafter/train_optimizer_step_max:np.int64(10) - drafter/train_worker_results_consistent:np.float64(1.0) - drafter/train_worker_ids_consistent:np.float64(1.0) - drafter/train_worker_incarnations_consistent:np.float64(1.0) - drafter/train_plan_ids_consistent:np.float64(1.0) - drafter/train_source_steps_consistent:np.float64(1.0) - drafter/train_data_versions_consistent:np.float64(1.0) - drafter/train_target_versions_consistent:np.float64(1.0) - drafter/train_successful_steps_consistent:np.float64(1.0) - drafter/train_optimizer_steps_consistent:np.float64(1.0) - drafter/train_publish_leader_count:np.float64(1.0) - drafter/train_publish_leader_snapshot_ready:np.float64(1.0) - timing_s/drafter_prepare_batch:np.float64(0.0038793087005615234) - timing_s/drafter_forward_loss:np.float64(0.09824228286743164) - timing_s/drafter_reduce_loss:np.float64(0.0013554096221923828) - timing_s/drafter_backward:np.float64(0.029124021530151367) - timing_s/drafter_optimizer:np.float64(0.12137675285339355) - timing_s/drafter_publish_snapshot:np.float64(0.8087501525878906) - timing_s/drafter_worker_training_loop:np.float64(0.2562754154205322) - timing_s/drafter_worker_cleanup:np.float64(1.8435704708099365) - timing_s/drafter_worker_elapsed:np.float64(2.327319860458374) - timing_s/drafter_train_rpc:np.float64(2.9327859400000307) - drafter/runtime_state:np.float64(3.0) - drafter/runtime_completed_batches:np.float64(1.0) - drafter/runtime_inflight:np.float64(0.0) - timing_s/drafter_runtime_batch_average:np.float64(2.9327859400000307) - timing_s/drafter_outer_unaccounted:np.float64(0.008119430003716843) - drafter/publish_attempted:np.float64(1.0) - drafter/published:np.float64(1.0) - timing_s/drafter_publish_wait_pending:np.float64(3.2749994716141373e-06) - timing_s/drafter_publish_fetch_snapshot:np.float64(1.31940423800188) - timing_s/drafter_publish_update_weights:np.float64(0.001476000001275679) - training/global_step:10 - training/epoch:1 - critic/score/mean:0.0 - critic/score/max:0.0 - critic/score/min:0.0 - critic/rewards/mean:0.0 - critic/rewards/max:0.0 - critic/rewards/min:0.0 - critic/advantages/mean:0.0 - critic/advantages/max:0.0 - critic/advantages/min:0.0 - critic/returns/mean:0.0 - critic/returns/max:0.0 - critic/returns/min:0.0 - response_length/mean:64.0 - response_length/max:64.0 - response_length/min:64.0 - response_length/clip_ratio:1.0 - response_length_non_aborted/mean:64.0 - response_length_non_aborted/max:64.0 - response_length_non_aborted/min:64.0 - response_length_non_aborted/clip_ratio:1.0 - response/aborted_ratio:0.0 - prompt_length/mean:24.0 - prompt_length/max:24.0 - prompt_length/min:24.0 - prompt_length/clip_ratio:0.0 - num_turns/min:np.int32(2) - num_turns/max:np.int32(2) - num_turns/mean:np.float64(2.0) - timing_s/start_profile:0.0001257069998246152 - timing_s/agent_loop/num_preempted/min:np.int64(-1) - timing_s/agent_loop/num_preempted/max:np.int64(-1) - timing_s/agent_loop/num_preempted/mean:np.float64(-1.0) - timing_s/agent_loop/generate_sequences/min:np.float64(0.9840549039981852) - timing_s/agent_loop/generate_sequences/max:np.float64(1.1464841240012902) - timing_s/agent_loop/generate_sequences/mean:np.float64(1.0895887347487587) - timing_s/agent_loop/tool_calls/min:np.float64(0.0) - timing_s/agent_loop/tool_calls/max:np.float64(0.0) - timing_s/agent_loop/tool_calls/mean:np.float64(0.0) - timing_s/agent_loop/compute_score/min:np.float64(0.010371907999797259) - timing_s/agent_loop/compute_score/max:np.float64(0.013191399997595) - timing_s/agent_loop/compute_score/mean:np.float64(0.011438779749369132) - timing_s/agent_loop/slowest/generate_sequences:np.float64(1.1464841240012902) - timing_s/agent_loop/slowest/tool_calls:np.float64(0.0) - timing_s/agent_loop/slowest/compute_score:np.float64(0.011279764999926556) - timing_s/agent_loop/slowest/num_preempted:np.int64(-1) - timing_s/agent_loop/slowest/prompt_length:24 - timing_s/agent_loop/slowest/response_length:64 - timing_s/gen:4.006890344000567 - timing_s/reward:2.813800165313296e-05 - timing_s/old_log_prob:3.7706459799992444 - timing_s/adv:0.0034371870024187956 - timing_s/update_actor:6.380362170002627 - timing_s/drafter:5.1713818600001105 - drafter/spec_decode/mean_acceptance_length:1.8169014084507042 - timing_s/update_weights:4.48351933399681 - timing_s/step:23.82216305900147 - timing_s/stop_profile:0.00014085699876886792 - timing_per_token_ms/update_actor:18.12602889205292 - timing_per_token_ms/gen:15.651915406252215 - timing_per_token_ms/adv:0.009764735802326124 - perf/total_num_tokens:352 - perf/time_per_step:23.82216305900147 - perf/throughput:7.388078050011351[36m(SpecoTaskRunner pid=50920)[0m
Training Progress:  50%|█████     | 10/20 [05:08<04:12, 25.22s/it]
[36m(SpecoWorker pid=52389)[0m INFO:2026-09-19 08:59:48,611:using ttt_length 1, no need to cache hidden states
[36m(SpecoWorker pid=52389)[0m WARNING:2026-09-19 08:59:55,413:[speco publish reclaim] role=producer global_steps=10 num_weights=13 payload_cleared=1 allocator=glibc action=malloc_trim heap_trimmed=True elapsed_sec=0.219 memory_before=(rss_gib=5.41 anon_gib=3.86 rss_shmem_gib=0.64 node_unavailable_gib=204.48 available_gib=299.00 cached_gib=310.13 node_shmem_gib=36.43 dev_shm_used_gib=0.07 dirty_gib=21.44 writeback_gib=0.03) memory_after=(rss_gib=5.16 anon_gib=3.61 rss_shmem_gib=0.64 node_unavailable_gib=204.18 available_gib=299.31 cached_gib=310.14 node_shmem_gib=36.43 dev_shm_used_gib=0.07 dirty_gib=21.43 writeback_gib=0.02)
[36m(WorkerDict pid=51134)[0m WARNING:2026-09-19 08:59:55,899:[speco publish materialize] async=True global_steps=10 elapsed_sec=0.479 num_weights=13
[36m(SpecoVLLMHttpServer pid=51406)[0m (Worker_TP0 pid=52090) WARNING:2026-09-19 08:59:55,946:SPECO committed online drafter revision=10 loaded_params=13
[36m(SpecoVLLMHttpServer pid=51406)[0m (Worker_TP1 pid=52091) WARNING:2026-09-19 08:59:55,947:SPECO committed online drafter revision=10 loaded_params=13
[36m(WorkerDict pid=51134)[0m WARNING:2026-09-19 08:59:56,840:[speco publish reclaim] role=consumer async=True global_steps=10 num_weights=13 payload_cleared=1 allocator=glibc action=malloc_trim heap_trimmed=True elapsed_sec=0.490 memory_before=(rss_gib=18.44 anon_gib=6.75 rss_shmem_gib=10.58 node_unavailable_gib=205.15 available_gib=298.34 cached_gib=310.19 node_shmem_gib=36.42 dev_shm_used_gib=0.07 dirty_gib=21.35 writeback_gib=0.12) memory_after=(rss_gib=17.44 anon_gib=5.76 rss_shmem_gib=10.58 node_unavailable_gib=203.70 available_gib=299.79 cached_gib=310.25 node_shmem_gib=36.47 dev_shm_used_gib=0.07 dirty_gib=21.35 writeback_gib=0.04)
[36m(SpecoVLLMHttpServer pid=51406)[0m (Worker_TP0 pid=52090) WARNING:2026-09-19 08:59:58,313:[speco draft sleep] drafter state saved before level-2 sleep (17 tensors)
[36m(SpecoVLLMHttpServer pid=51406)[0m (Worker_TP1 pid=52091) WARNING:2026-09-19 08:59:58,348:[speco draft sleep] drafter state saved before level-2 sleep (17 tensors)
[36m(SpecoWorker pid=52412)[0m INFO:2026-09-19 09:00:12,129:using ttt_length 1, no need to cache hidden states
[36m(SpecoWorker pid=52389)[0m INFO:2026-09-19 09:00:12,377:[drafter loss] step=1 optimizer_step_total=11 lr=1.000e-05 loss=3.2380 vloss=0.0000 ploss=3.2380
[36m(SpecoVLLMHttpServer pid=51406)[0m (Worker_TP1 pid=52091) WARNING:2026-09-19 09:00:15,950:[speco draft wake_up] drafter state restored after level-2 wake_up (17 tensors, revision=10)
[36m(SpecoVLLMHttpServer pid=51406)[0m (Worker_TP0 pid=52090) WARNING:2026-09-19 09:00:15,952:[speco draft wake_up] drafter state restored after level-2 wake_up (17 tensors, revision=10)

[36m(SpecoTaskRunner pid=50920)[0m step:11 - global_seqlen/min:176 - global_seqlen/max:178 - global_seqlen/minmax_diff:2 - global_seqlen/balanced_min:177 - global_seqlen/balanced_max:177 - global_seqlen/mean:177.0 - actor/entropy:0.0 - perf/mfu/actor_infer:0.010503122437322016 - training/rollout_probs_diff_valid:1 - training/rollout_probs_diff_max:0.12304607033729553 - training/rollout_probs_diff_mean:0.005296935793012381 - training/rollout_probs_diff_std:0.015207132324576378 - training/rollout_actor_probs_pearson_corr:0.9976543188095093 - rollout_corr/training_ppl:1.266395926475525 - rollout_corr/training_log_ppl:0.22790217399597168 - rollout_corr/kl:0.002233011880889535 - rollout_corr/k3_kl:0.0009520661551505327 - rollout_corr/rollout_ppl:1.2637214660644531 - rollout_corr/rollout_log_ppl:0.22566917538642883 - rollout_corr/log_ppl_diff:0.002233009785413742 - rollout_corr/log_ppl_abs_diff:0.002610962837934494 - rollout_corr/log_ppl_diff_max:0.006030097603797913 - rollout_corr/log_ppl_diff_min:-0.0007559061050415039 - rollout_corr/ppl_ratio:1.0022389888763428 - rollout_corr/chi2_token:-0.0007857680320739746 - rollout_corr/chi2_seq:-0.206476092338562 - actor/pg_clipfrac:np.float64(0.0) - actor/ppo_kl:np.float64(0.0) - actor/pg_clipfrac_lower:np.float64(0.0) - actor/pg_loss:np.float64(0.0) - actor/loss:np.float64(0.0) - actor/grad_norm:np.float64(0.0) - actor/lr:np.float64(1e-06) - actor/perf/max_memory_allocated_gb:np.float64(28.541846752166748) - actor/perf/max_memory_reserved_gb:np.float64(37.9921875) - actor/perf/cpu_memory_used_gb:np.float64(204.2997932434082) - perf/mfu/actor:np.float64(0.010306365033895893) - drafter/raw_drafter_samples:np.float64(4.0) - drafter/collected_samples:np.float64(2.0) - drafter/collect_interval_matched:np.float64(1.0) - drafter/collection_plan_used:np.float64(1.0) - drafter/collection_plan_collect:np.float64(1.0) - drafter/collection_plan_reason:np.float64(7.0) - drafter/collection_plan_source:np.float64(2.0) - drafter/collection_plan_interval_matched:np.float64(1.0) - drafter/collection_plan_training_interval_matched:np.float64(1.0) - drafter/collection_attempted:np.float64(1.0) - drafter/collection_completed:np.float64(1.0) - drafter/collection_outcome_reason:np.float64(1.0) - drafter/collection_rejected_samples:np.float64(0.0) - drafter/collection_worker_results:np.float64(1.0) - drafter/collection_finalized:np.float64(1.0) - drafter/collection_expired_stages:np.float64(0.0) - timing_s/drafter_collection_rpc:np.float64(0.031056435000209603) - drafter/scheduler_used:np.float64(1.0) - drafter/schedule_launch:np.float64(1.0) - drafter/schedule_interval_matched:np.float64(1.0) - drafter/schedule_strategy:np.float64(0.0) - drafter/schedule_reason:np.float64(10.0) - drafter/target_lm_head_apply_deferred:np.float64(1.0) - drafter/target_lm_head_selected_rows:np.float64(32000.0) - drafter/target_lm_head_source_vocab_size:np.float64(151936.0) - drafter/target_lm_head_direct_sparse_export:np.float64(0.0) - timing_s/drafter_sync_target_lm_head_fetch:np.float64(2.2920741090019874) - timing_s/drafter_sync_target_lm_head_dispatch:np.float64(0.6013459360001434) - drafter/train_interval_matched:np.float64(1.0) - drafter/target_lm_head_synced:np.float64(1.0) - timing_s/drafter_sync_target_lm_head:np.float64(2.905479506996926) - timing_s/drafter_sync_target_lm_head_apply:np.float64(0.6016813209971588) - timing_s/drafter_sync_target_lm_head_wait:np.float64(0.0003353849970153533) - timing_s/drafter_sync_target_lm_head_overlap_window:np.float64(6.581989070000418) - drafter/trained:np.float64(1.0) - drafter/train_successful_steps_max:np.int64(1) - drafter/train_no_trainable_batch:np.float64(0.0) - drafter/train_activation_failed:np.float64(0.0) - drafter/train_attempted_batches_max:np.int64(1) - drafter/train_buffer_size_before_min:np.int64(2) - drafter/train_buffer_size_after_min:np.int64(0) - drafter/train_optimizer_step_max:np.int64(11) - drafter/train_worker_results_consistent:np.float64(1.0) - drafter/train_worker_ids_consistent:np.float64(1.0) - drafter/train_worker_incarnations_consistent:np.float64(1.0) - drafter/train_plan_ids_consistent:np.float64(1.0) - drafter/train_source_steps_consistent:np.float64(1.0) - drafter/train_data_versions_consistent:np.float64(1.0) - drafter/train_target_versions_consistent:np.float64(1.0) - drafter/train_successful_steps_consistent:np.float64(1.0) - drafter/train_optimizer_steps_consistent:np.float64(1.0) - drafter/train_publish_leader_count:np.float64(1.0) - drafter/train_publish_leader_snapshot_ready:np.float64(1.0) - timing_s/drafter_prepare_batch:np.float64(0.004540443420410156) - timing_s/drafter_forward_loss:np.float64(0.10816574096679688) - timing_s/drafter_reduce_loss:np.float64(0.0012371540069580078) - timing_s/drafter_backward:np.float64(0.05374860763549805) - timing_s/drafter_optimizer:np.float64(0.0932304859161377) - timing_s/drafter_publish_snapshot:np.float64(0.8110575675964355) - timing_s/drafter_worker_training_loop:np.float64(0.5363781452178955) - timing_s/drafter_worker_cleanup:np.float64(2.132138967514038) - timing_s/drafter_worker_elapsed:np.float64(2.6155552864074707) - timing_s/drafter_train_rpc:np.float64(3.210513186000753) - drafter/runtime_state:np.float64(3.0) - drafter/runtime_completed_batches:np.float64(1.0) - drafter/runtime_inflight:np.float64(0.0) - timing_s/drafter_runtime_batch_average:np.float64(3.210513186000753) - timing_s/drafter_outer_unaccounted:np.float64(0.009165094001218677) - drafter/publish_attempted:np.float64(1.0) - drafter/published:np.float64(1.0) - timing_s/drafter_publish_wait_pending:np.float64(1.5750010788906366e-06) - timing_s/drafter_publish_fetch_snapshot:np.float64(2.6480999090017576) - timing_s/drafter_publish_update_weights:np.float64(0.0014164589993015397) - training/global_step:11 - training/epoch:1 - critic/score/mean:0.0 - critic/score/max:0.0 - critic/score/min:0.0 - critic/rewards/mean:0.0 - critic/rewards/max:0.0 - critic/rewards/min:0.0 - critic/advantages/mean:0.0 - critic/advantages/max:0.0 - critic/advantages/min:0.0 - critic/returns/mean:0.0 - critic/returns/max:0.0 - critic/returns/min:0.0 - response_length/mean:64.0 - response_length/max:64.0 - response_length/min:64.0 - response_length/clip_ratio:1.0 - response_length_non_aborted/mean:64.0 - response_length_non_aborted/max:64.0 - response_length_non_aborted/min:64.0 - response_length_non_aborted/clip_ratio:1.0 - response/aborted_ratio:0.0 - prompt_length/mean:24.5 - prompt_length/max:25.0 - prompt_length/min:24.0 - prompt_length/clip_ratio:0.0 - num_turns/min:np.int32(2) - num_turns/max:np.int32(2) - num_turns/mean:np.float64(2.0) - timing_s/start_profile:7.458600157406181e-05 - timing_s/agent_loop/num_preempted/min:np.int64(-1) - timing_s/agent_loop/num_preempted/max:np.int64(-1) - timing_s/agent_loop/num_preempted/mean:np.float64(-1.0) - timing_s/agent_loop/generate_sequences/min:np.float64(0.952305773000262) - timing_s/agent_loop/generate_sequences/max:np.float64(1.0603630109981168) - timing_s/agent_loop/generate_sequences/mean:np.float64(1.000003732749974) - timing_s/agent_loop/tool_calls/min:np.float64(0.0) - timing_s/agent_loop/tool_calls/max:np.float64(0.0) - timing_s/agent_loop/tool_calls/mean:np.float64(0.0) - timing_s/agent_loop/compute_score/min:np.float64(0.009984256001189351) - timing_s/agent_loop/compute_score/max:np.float64(0.012199111999507295) - timing_s/agent_loop/compute_score/mean:np.float64(0.01082442350070778) - timing_s/agent_loop/slowest/generate_sequences:np.float64(1.0603630109981168) - timing_s/agent_loop/slowest/tool_calls:np.float64(0.0) - timing_s/agent_loop/slowest/compute_score:np.float64(0.009984256001189351) - timing_s/agent_loop/slowest/num_preempted:np.int64(-1) - timing_s/agent_loop/slowest/prompt_length:25 - timing_s/agent_loop/slowest/response_length:64 - timing_s/gen:3.063732112001162 - timing_s/reward:2.768800186458975e-05 - timing_s/old_log_prob:3.519448590999673 - timing_s/adv:0.0035570660002122167 - timing_s/update_actor:6.582024917002855 - timing_s/drafter:6.125157786998898 - drafter/spec_decode/mean_acceptance_length:1.9922480620155039 - timing_s/update_weights:5.835624405997805 - timing_s/step:25.13583982199998 - timing_s/stop_profile:0.00015732600149931386 - timing_per_token_ms/update_actor:18.593290725996763 - timing_per_token_ms/gen:11.96770356250454 - timing_per_token_ms/adv:0.010048209040147506 - perf/total_num_tokens:354 - perf/time_per_step:25.13583982199998 - perf/throughput:7.0417380622023975[36m(SpecoTaskRunner pid=50920)[0m
Training Progress:  55%|█████▌    | 11/20 [05:33<03:46, 25.20s/it]
[36m(SpecoWorker pid=52389)[0m INFO:2026-09-19 09:00:12,126:using ttt_length 1, no need to cache hidden states
[36m(SpecoWorker pid=52389)[0m WARNING:2026-09-19 09:00:20,562:[speco publish reclaim] role=producer global_steps=11 num_weights=13 payload_cleared=1 allocator=glibc action=malloc_trim heap_trimmed=True elapsed_sec=0.214 memory_before=(rss_gib=5.43 anon_gib=3.88 rss_shmem_gib=0.64 node_unavailable_gib=203.48 available_gib=300.01 cached_gib=311.79 node_shmem_gib=36.42 dev_shm_used_gib=0.07 dirty_gib=21.56 writeback_gib=0.03) memory_after=(rss_gib=5.16 anon_gib=3.61 rss_shmem_gib=0.64 node_unavailable_gib=203.20 available_gib=300.29 cached_gib=311.82 node_shmem_gib=36.42 dev_shm_used_gib=0.07 dirty_gib=21.55 writeback_gib=0.05)
[36m(WorkerDict pid=51134)[0m WARNING:2026-09-19 09:00:20,937:[speco publish materialize] async=True global_steps=11 elapsed_sec=0.369 num_weights=13
[36m(SpecoVLLMHttpServer pid=51406)[0m (Worker_TP1 pid=52091) WARNING:2026-09-19 09:00:21,051:SPECO committed online drafter revision=11 loaded_params=13
[36m(SpecoVLLMHttpServer pid=51406)[0m (Worker_TP0 pid=52090) WARNING:2026-09-19 09:00:21,053:SPECO committed online drafter revision=11 loaded_params=13
[36m(WorkerDict pid=51134)[0m WARNING:2026-09-19 09:00:21,876:[speco publish reclaim] role=consumer async=True global_steps=11 num_weights=13 payload_cleared=1 allocator=glibc action=malloc_trim heap_trimmed=True elapsed_sec=0.432 memory_before=(rss_gib=18.29 anon_gib=6.60 rss_shmem_gib=10.58 node_unavailable_gib=204.82 available_gib=298.66 cached_gib=311.85 node_shmem_gib=36.43 dev_shm_used_gib=0.07 dirty_gib=21.55 writeback_gib=0.03) memory_after=(rss_gib=17.44 anon_gib=5.76 rss_shmem_gib=10.58 node_unavailable_gib=204.10 available_gib=299.39 cached_gib=311.87 node_shmem_gib=36.43 dev_shm_used_gib=0.07 dirty_gib=21.55 writeback_gib=0.02)
[36m(SpecoVLLMHttpServer pid=51406)[0m (Worker_TP1 pid=52091) WARNING:2026-09-19 09:00:23,535:[speco draft sleep] drafter state saved before level-2 sleep (17 tensors)
[36m(SpecoVLLMHttpServer pid=51406)[0m (Worker_TP0 pid=52090) WARNING:2026-09-19 09:00:23,537:[speco draft sleep] drafter state saved before level-2 sleep (17 tensors)
[36m(SpecoWorker pid=52389)[0m INFO:2026-09-19 09:00:38,221:using ttt_length 1, no need to cache hidden states
[36m(SpecoWorker pid=52389)[0m INFO:2026-09-19 09:00:38,584:[drafter loss] step=1 optimizer_step_total=12 lr=1.000e-05 loss=4.4496 vloss=0.0000 ploss=4.4496
[36m(SpecoVLLMHttpServer pid=51406)[0m (Worker_TP1 pid=52091) WARNING:2026-09-19 09:00:41,984:[speco draft wake_up] drafter state restored after level-2 wake_up (17 tensors, revision=11)
[36m(SpecoVLLMHttpServer pid=51406)[0m (Worker_TP0 pid=52090) WARNING:2026-09-19 09:00:41,985:[speco draft wake_up] drafter state restored after level-2 wake_up (17 tensors, revision=11)

[36m(SpecoTaskRunner pid=50920)[0m step:12 - global_seqlen/min:176 - global_seqlen/max:178 - global_seqlen/minmax_diff:2 - global_seqlen/balanced_min:177 - global_seqlen/balanced_max:177 - global_seqlen/mean:177.0 - actor/entropy:0.0 - perf/mfu/actor_infer:0.010528190503551561 - training/rollout_probs_diff_valid:1 - training/rollout_probs_diff_max:0.061183810234069824 - training/rollout_probs_diff_mean:0.004946642555296421 - training/rollout_probs_diff_std:0.012645559385418892 - training/rollout_actor_probs_pearson_corr:0.9980807304382324 - rollout_corr/training_ppl:1.2049033641815186 - rollout_corr/training_log_ppl:0.1862250566482544 - rollout_corr/kl:0.0009041792363859713 - rollout_corr/k3_kl:0.0005182863678783178 - rollout_corr/rollout_ppl:1.2037670612335205 - rollout_corr/rollout_log_ppl:0.1853208690881729 - rollout_corr/log_ppl_diff:0.0009041763842105865 - rollout_corr/log_ppl_abs_diff:0.0020962990820407867 - rollout_corr/log_ppl_diff_max:0.004015117883682251 - rollout_corr/log_ppl_diff_min:-0.0020888149738311768 - rollout_corr/ppl_ratio:1.000907301902771 - rollout_corr/chi2_token:0.0002046823501586914 - rollout_corr/chi2_seq:-0.07031446695327759 - actor/pg_clipfrac:np.float64(0.0) - actor/ppo_kl:np.float64(0.0) - actor/pg_clipfrac_lower:np.float64(0.0) - actor/pg_loss:np.float64(0.0) - actor/loss:np.float64(0.0) - actor/grad_norm:np.float64(0.0) - actor/lr:np.float64(1e-06) - actor/perf/max_memory_allocated_gb:np.float64(28.541846752166748) - actor/perf/max_memory_reserved_gb:np.float64(37.9921875) - actor/perf/cpu_memory_used_gb:np.float64(204.47835540771484) - perf/mfu/actor:np.float64(0.010175460992693779) - drafter/raw_drafter_samples:np.float64(4.0) - drafter/collected_samples:np.float64(2.0) - drafter/collect_interval_matched:np.float64(1.0) - drafter/collection_plan_used:np.float64(1.0) - drafter/collection_plan_collect:np.float64(1.0) - drafter/collection_plan_reason:np.float64(7.0) - drafter/collection_plan_source:np.float64(2.0) - drafter/collection_plan_interval_matched:np.float64(1.0) - drafter/collection_plan_training_interval_matched:np.float64(1.0) - drafter/collection_attempted:np.float64(1.0) - drafter/collection_completed:np.float64(1.0) - drafter/collection_outcome_reason:np.float64(1.0) - drafter/collection_rejected_samples:np.float64(0.0) - drafter/collection_worker_results:np.float64(1.0) - drafter/collection_finalized:np.float64(1.0) - drafter/collection_expired_stages:np.float64(0.0) - timing_s/drafter_collection_rpc:np.float64(0.02819703899876913) - drafter/scheduler_used:np.float64(1.0) - drafter/schedule_launch:np.float64(1.0) - drafter/schedule_interval_matched:np.float64(1.0) - drafter/schedule_strategy:np.float64(0.0) - drafter/schedule_reason:np.float64(10.0) - drafter/target_lm_head_apply_deferred:np.float64(1.0) - drafter/target_lm_head_selected_rows:np.float64(32000.0) - drafter/target_lm_head_source_vocab_size:np.float64(151936.0) - drafter/target_lm_head_direct_sparse_export:np.float64(0.0) - timing_s/drafter_sync_target_lm_head_fetch:np.float64(2.0841552290003165) - timing_s/drafter_sync_target_lm_head_dispatch:np.float64(1.262285378001252) - drafter/train_interval_matched:np.float64(1.0) - drafter/target_lm_head_synced:np.float64(1.0) - timing_s/drafter_sync_target_lm_head:np.float64(3.3616814500019245) - timing_s/drafter_sync_target_lm_head_apply:np.float64(1.2626422960020136) - timing_s/drafter_sync_target_lm_head_wait:np.float64(0.00035691800076165237) - timing_s/drafter_sync_target_lm_head_overlap_window:np.float64(6.545874864998041) - drafter/trained:np.float64(1.0) - drafter/train_successful_steps_max:np.int64(1) - drafter/train_no_trainable_batch:np.float64(0.0) - drafter/train_activation_failed:np.float64(0.0) - drafter/train_attempted_batches_max:np.int64(1) - drafter/train_buffer_size_before_min:np.int64(2) - drafter/train_buffer_size_after_min:np.int64(0) - drafter/train_optimizer_step_max:np.int64(12) - drafter/train_worker_results_consistent:np.float64(1.0) - drafter/train_worker_ids_consistent:np.float64(1.0) - drafter/train_worker_incarnations_consistent:np.float64(1.0) - drafter/train_plan_ids_consistent:np.float64(1.0) - drafter/train_source_steps_consistent:np.float64(1.0) - drafter/train_data_versions_consistent:np.float64(1.0) - drafter/train_target_versions_consistent:np.float64(1.0) - drafter/train_successful_steps_consistent:np.float64(1.0) - drafter/train_optimizer_steps_consistent:np.float64(1.0) - drafter/train_publish_leader_count:np.float64(1.0) - drafter/train_publish_leader_snapshot_ready:np.float64(1.0) - timing_s/drafter_prepare_batch:np.float64(0.004110097885131836) - timing_s/drafter_forward_loss:np.float64(0.21474218368530273) - timing_s/drafter_reduce_loss:np.float64(0.001932382583618164) - timing_s/drafter_backward:np.float64(0.05534625053405762) - timing_s/drafter_optimizer:np.float64(0.1087338924407959) - timing_s/drafter_publish_snapshot:np.float64(0.8737437725067139) - timing_s/drafter_worker_training_loop:np.float64(0.3717923164367676) - timing_s/drafter_worker_cleanup:np.float64(1.9961776733398438) - timing_s/drafter_worker_elapsed:np.float64(2.587867498397827) - timing_s/drafter_train_rpc:np.float64(3.205393751999509) - drafter/runtime_state:np.float64(3.0) - drafter/runtime_completed_batches:np.float64(1.0) - drafter/runtime_inflight:np.float64(0.0) - timing_s/drafter_runtime_batch_average:np.float64(3.205393751999509) - timing_s/drafter_outer_unaccounted:np.float64(0.010154862997296732) - drafter/publish_attempted:np.float64(1.0) - drafter/published:np.float64(1.0) - timing_s/drafter_publish_wait_pending:np.float64(6.464997568400577e-06) - timing_s/drafter_publish_fetch_snapshot:np.float64(2.2548659179992683) - timing_s/drafter_publish_update_weights:np.float64(0.0014928689997759648) - training/global_step:12 - training/epoch:1 - critic/score/mean:0.0 - critic/score/max:0.0 - critic/score/min:0.0 - critic/rewards/mean:0.0 - critic/rewards/max:0.0 - critic/rewards/min:0.0 - critic/advantages/mean:0.0 - critic/advantages/max:0.0 - critic/advantages/min:0.0 - critic/returns/mean:0.0 - critic/returns/max:0.0 - critic/returns/min:0.0 - response_length/mean:64.0 - response_length/max:64.0 - response_length/min:64.0 - response_length/clip_ratio:1.0 - response_length_non_aborted/mean:64.0 - response_length_non_aborted/max:64.0 - response_length_non_aborted/min:64.0 - response_length_non_aborted/clip_ratio:1.0 - response/aborted_ratio:0.0 - prompt_length/mean:24.5 - prompt_length/max:25.0 - prompt_length/min:24.0 - prompt_length/clip_ratio:0.0 - num_turns/min:np.int32(2) - num_turns/max:np.int32(2) - num_turns/mean:np.float64(2.0) - timing_s/start_profile:0.00013506600225809962 - timing_s/agent_loop/num_preempted/min:np.int64(-1) - timing_s/agent_loop/num_preempted/max:np.int64(-1) - timing_s/agent_loop/num_preempted/mean:np.float64(-1.0) - timing_s/agent_loop/generate_sequences/min:np.float64(1.0603983250002784) - timing_s/agent_loop/generate_sequences/max:np.float64(1.1946392979989469) - timing_s/agent_loop/generate_sequences/mean:np.float64(1.1093419150001864) - timing_s/agent_loop/tool_calls/min:np.float64(0.0) - timing_s/agent_loop/tool_calls/max:np.float64(0.0) - timing_s/agent_loop/tool_calls/mean:np.float64(0.0) - timing_s/agent_loop/compute_score/min:np.float64(0.010114229000464547) - timing_s/agent_loop/compute_score/max:np.float64(0.011173004000738729) - timing_s/agent_loop/compute_score/mean:np.float64(0.010547507999945083) - timing_s/agent_loop/slowest/generate_sequences:np.float64(1.1946392979989469) - timing_s/agent_loop/slowest/tool_calls:np.float64(0.0) - timing_s/agent_loop/slowest/compute_score:np.float64(0.010205086997302715) - timing_s/agent_loop/slowest/num_preempted:np.int64(-1) - timing_s/agent_loop/slowest/prompt_length:24 - timing_s/agent_loop/slowest/response_length:64 - timing_s/gen:3.2811448520005797 - timing_s/reward:2.836400017258711e-05 - timing_s/old_log_prob:3.8162687180010835 - timing_s/adv:0.0035882719967048615 - timing_s/update_actor:6.545734038001683 - timing_s/drafter:6.57723006499873 - drafter/spec_decode/mean_acceptance_length:1.854014598540146 - timing_s/update_weights:5.506872834997921 - timing_s/step:25.73656668699914 - timing_s/stop_profile:0.00015477299893973395 - timing_per_token_ms/update_actor:18.490774118648822 - timing_per_token_ms/gen:12.816972078127264 - timing_per_token_ms/adv:0.010136361572612603 - perf/total_num_tokens:354 - perf/time_per_step:25.73656668699914 - perf/throughput:6.877374210500726[36m(SpecoTaskRunner pid=50920)[0m
Training Progress:  60%|██████    | 12/20 [05:59<03:22, 25.37s/it]
[36m(SpecoWorker pid=52412)[0m INFO:2026-09-19 09:00:38,222:using ttt_length 1, no need to cache hidden states
[36m(SpecoWorker pid=52389)[0m WARNING:2026-09-19 09:00:46,306:[speco publish reclaim] role=producer global_steps=12 num_weights=13 payload_cleared=1 allocator=glibc action=malloc_trim heap_trimmed=True elapsed_sec=0.223 memory_before=(rss_gib=5.40 anon_gib=3.85 rss_shmem_gib=0.64 node_unavailable_gib=202.91 available_gib=300.57 cached_gib=313.50 node_shmem_gib=36.48 dev_shm_used_gib=0.07 dirty_gib=21.95 writeback_gib=0.04) memory_after=(rss_gib=5.16 anon_gib=3.61 rss_shmem_gib=0.64 node_unavailable_gib=202.91 available_gib=300.58 cached_gib=313.46 node_shmem_gib=36.42 dev_shm_used_gib=0.07 dirty_gib=21.94 writeback_gib=0.06)
[36m(WorkerDict pid=51134)[0m WARNING:2026-09-19 09:00:46,767:[speco publish materialize] async=True global_steps=12 elapsed_sec=0.454 num_weights=13
[36m(SpecoVLLMHttpServer pid=51406)[0m (Worker_TP0 pid=52090) WARNING:2026-09-19 09:00:46,889:SPECO committed online drafter revision=12 loaded_params=13
[36m(SpecoVLLMHttpServer pid=51406)[0m (Worker_TP1 pid=52091) WARNING:2026-09-19 09:00:46,891:SPECO committed online drafter revision=12 loaded_params=13
[36m(WorkerDict pid=51134)[0m WARNING:2026-09-19 09:00:48,299:[speco publish reclaim] role=consumer async=True global_steps=12 num_weights=13 payload_cleared=1 allocator=glibc action=malloc_trim heap_trimmed=True elapsed_sec=0.430 memory_before=(rss_gib=18.40 anon_gib=6.72 rss_shmem_gib=10.58 node_unavailable_gib=203.66 available_gib=299.83 cached_gib=313.53 node_shmem_gib=36.42 dev_shm_used_gib=0.07 dirty_gib=21.89 writeback_gib=0.02) memory_after=(rss_gib=17.44 anon_gib=5.76 rss_shmem_gib=10.58 node_unavailable_gib=202.56 available_gib=300.93 cached_gib=313.57 node_shmem_gib=36.42 dev_shm_used_gib=0.07 dirty_gib=21.87 writeback_gib=0.04)
[36m(SpecoVLLMHttpServer pid=51406)[0m (Worker_TP1 pid=52091) WARNING:2026-09-19 09:00:49,782:[speco draft sleep] drafter state saved before level-2 sleep (17 tensors)
[36m(SpecoVLLMHttpServer pid=51406)[0m (Worker_TP0 pid=52090) WARNING:2026-09-19 09:00:49,783:[speco draft sleep] drafter state saved before level-2 sleep (17 tensors)
[36m(SpecoWorker pid=52389)[0m INFO:2026-09-19 09:01:02,524:using ttt_length 1, no need to cache hidden states
[36m(SpecoWorker pid=52389)[0m INFO:2026-09-19 09:01:02,871:[drafter loss] step=1 optimizer_step_total=13 lr=1.000e-05 loss=2.4164 vloss=0.0000 ploss=2.4164
[36m(SpecoVLLMHttpServer pid=51406)[0m (Worker_TP1 pid=52091) WARNING:2026-09-19 09:01:06,208:[speco draft wake_up] drafter state restored after level-2 wake_up (17 tensors, revision=12)
[36m(SpecoVLLMHttpServer pid=51406)[0m (Worker_TP0 pid=52090) WARNING:2026-09-19 09:01:06,210:[speco draft wake_up] drafter state restored after level-2 wake_up (17 tensors, revision=12)
[36m(SpecoWorker pid=52412)[0m INFO:2026-09-19 09:01:02,524:using ttt_length 1, no need to cache hidden states

[36m(SpecoTaskRunner pid=50920)[0m step:13 - global_seqlen/min:178 - global_seqlen/max:178 - global_seqlen/minmax_diff:0 - global_seqlen/balanced_min:178 - global_seqlen/balanced_max:178 - global_seqlen/mean:178.0 - actor/entropy:0.0 - perf/mfu/actor_infer:0.009215441179654109 - training/rollout_probs_diff_valid:1 - training/rollout_probs_diff_max:0.12434402108192444 - training/rollout_probs_diff_mean:0.004955756478011608 - training/rollout_probs_diff_std:0.014405086636543274 - training/rollout_actor_probs_pearson_corr:0.9973042011260986 - rollout_corr/training_ppl:1.175729751586914 - rollout_corr/training_log_ppl:0.16091987490653992 - rollout_corr/kl:-0.005189868621528149 - rollout_corr/k3_kl:0.0006335668731480837 - rollout_corr/rollout_ppl:1.1819862127304077 - rollout_corr/rollout_log_ppl:0.16610974073410034 - rollout_corr/log_ppl_diff:-0.005189867690205574 - rollout_corr/log_ppl_abs_diff:0.005189867690205574 - rollout_corr/log_ppl_diff_max:-0.00043836236000061035 - rollout_corr/log_ppl_diff_min:-0.012431934475898743 - rollout_corr/ppl_ratio:0.9948333501815796 - rollout_corr/chi2_token:0.013049602508544922 - rollout_corr/chi2_seq:1.3205947875976562 - actor/pg_clipfrac:np.float64(0.0) - actor/ppo_kl:np.float64(0.0) - actor/pg_clipfrac_lower:np.float64(0.0) - actor/pg_loss:np.float64(0.0) - actor/loss:np.float64(0.0) - actor/grad_norm:np.float64(0.0) - actor/lr:np.float64(1e-06) - actor/perf/max_memory_allocated_gb:np.float64(28.541846752166748) - actor/perf/max_memory_reserved_gb:np.float64(37.9921875) - actor/perf/cpu_memory_used_gb:np.float64(203.22626113891602) - perf/mfu/actor:np.float64(0.010454600571887514) - drafter/raw_drafter_samples:np.float64(4.0) - drafter/collected_samples:np.float64(2.0) - drafter/collect_interval_matched:np.float64(1.0) - drafter/collection_plan_used:np.float64(1.0) - drafter/collection_plan_collect:np.float64(1.0) - drafter/collection_plan_reason:np.float64(7.0) - drafter/collection_plan_source:np.float64(2.0) - drafter/collection_plan_interval_matched:np.float64(1.0) - drafter/collection_plan_training_interval_matched:np.float64(1.0) - drafter/collection_attempted:np.float64(1.0) - drafter/collection_completed:np.float64(1.0) - drafter/collection_outcome_reason:np.float64(1.0) - drafter/collection_rejected_samples:np.float64(0.0) - drafter/collection_worker_results:np.float64(1.0) - drafter/collection_finalized:np.float64(1.0) - drafter/collection_expired_stages:np.float64(0.0) - timing_s/drafter_collection_rpc:np.float64(0.03412586899867165) - drafter/scheduler_used:np.float64(1.0) - drafter/schedule_launch:np.float64(1.0) - drafter/schedule_interval_matched:np.float64(1.0) - drafter/schedule_strategy:np.float64(0.0) - drafter/schedule_reason:np.float64(10.0) - drafter/target_lm_head_apply_deferred:np.float64(1.0) - drafter/target_lm_head_selected_rows:np.float64(32000.0) - drafter/target_lm_head_source_vocab_size:np.float64(151936.0) - drafter/target_lm_head_direct_sparse_export:np.float64(0.0) - timing_s/drafter_sync_target_lm_head_fetch:np.float64(1.7235542989983514) - timing_s/drafter_sync_target_lm_head_dispatch:np.float64(0.24152041399793234) - drafter/train_interval_matched:np.float64(1.0) - drafter/target_lm_head_synced:np.float64(1.0) - timing_s/drafter_sync_target_lm_head:np.float64(1.9773776319962053) - timing_s/drafter_sync_target_lm_head_apply:np.float64(0.2416765529960685) - timing_s/drafter_sync_target_lm_head_wait:np.float64(0.00015613899813615717) - timing_s/drafter_sync_target_lm_head_overlap_window:np.float64(6.457841110001027) - drafter/trained:np.float64(1.0) - drafter/train_successful_steps_max:np.int64(1) - drafter/train_no_trainable_batch:np.float64(0.0) - drafter/train_activation_failed:np.float64(0.0) - drafter/train_attempted_batches_max:np.int64(1) - drafter/train_buffer_size_before_min:np.int64(2) - drafter/train_buffer_size_after_min:np.int64(0) - drafter/train_optimizer_step_max:np.int64(13) - drafter/train_worker_results_consistent:np.float64(1.0) - drafter/train_worker_ids_consistent:np.float64(1.0) - drafter/train_worker_incarnations_consistent:np.float64(1.0) - drafter/train_plan_ids_consistent:np.float64(1.0) - drafter/train_source_steps_consistent:np.float64(1.0) - drafter/train_data_versions_consistent:np.float64(1.0) - drafter/train_target_versions_consistent:np.float64(1.0) - drafter/train_successful_steps_consistent:np.float64(1.0) - drafter/train_optimizer_steps_consistent:np.float64(1.0) - drafter/train_publish_leader_count:np.float64(1.0) - drafter/train_publish_leader_snapshot_ready:np.float64(1.0) - timing_s/drafter_prepare_batch:np.float64(0.0029549598693847656) - timing_s/drafter_forward_loss:np.float64(0.1972181797027588) - timing_s/drafter_reduce_loss:np.float64(0.0013823509216308594) - timing_s/drafter_backward:np.float64(0.026792287826538086) - timing_s/drafter_optimizer:np.float64(0.13583588600158691) - timing_s/drafter_publish_snapshot:np.float64(0.7919116020202637) - timing_s/drafter_worker_training_loop:np.float64(0.47252964973449707) - timing_s/drafter_worker_cleanup:np.float64(1.9649415016174316) - timing_s/drafter_worker_elapsed:np.float64(2.470820903778076) - timing_s/drafter_train_rpc:np.float64(3.060895539001649) - drafter/runtime_state:np.float64(3.0) - drafter/runtime_completed_batches:np.float64(1.0) - drafter/runtime_inflight:np.float64(0.0) - timing_s/drafter_runtime_batch_average:np.float64(3.060895539001649) - timing_s/drafter_outer_unaccounted:np.float64(0.009538428002997534) - drafter/publish_attempted:np.float64(1.0) - drafter/published:np.float64(1.0) - timing_s/drafter_publish_wait_pending:np.float64(1.4619981811847538e-06) - timing_s/drafter_publish_fetch_snapshot:np.float64(1.11380839100093) - timing_s/drafter_publish_update_weights:np.float64(0.0007486280010198243) - training/global_step:13 - training/epoch:1 - critic/score/mean:0.0 - critic/score/max:0.0 - critic/score/min:0.0 - critic/rewards/mean:0.0 - critic/rewards/max:0.0 - critic/rewards/min:0.0 - critic/advantages/mean:0.0 - critic/advantages/max:0.0 - critic/advantages/min:0.0 - critic/returns/mean:0.0 - critic/returns/max:0.0 - critic/returns/min:0.0 - response_length/mean:64.0 - response_length/max:64.0 - response_length/min:64.0 - response_length/clip_ratio:1.0 - response_length_non_aborted/mean:64.0 - response_length_non_aborted/max:64.0 - response_length_non_aborted/min:64.0 - response_length_non_aborted/clip_ratio:1.0 - response/aborted_ratio:0.0 - prompt_length/mean:25.0 - prompt_length/max:25.0 - prompt_length/min:25.0 - prompt_length/clip_ratio:0.0 - num_turns/min:np.int32(2) - num_turns/max:np.int32(2) - num_turns/mean:np.float64(2.0) - timing_s/start_profile:0.0001714489990263246 - timing_s/agent_loop/num_preempted/min:np.int64(-1) - timing_s/agent_loop/num_preempted/max:np.int64(-1) - timing_s/agent_loop/num_preempted/mean:np.float64(-1.0) - timing_s/agent_loop/generate_sequences/min:np.float64(0.9264531750013703) - timing_s/agent_loop/generate_sequences/max:np.float64(0.9812654039997142) - timing_s/agent_loop/generate_sequences/mean:np.float64(0.9604259657498915) - timing_s/agent_loop/tool_calls/min:np.float64(0.0) - timing_s/agent_loop/tool_calls/max:np.float64(0.0) - timing_s/agent_loop/tool_calls/mean:np.float64(0.0) - timing_s/agent_loop/compute_score/min:np.float64(0.010500688000320224) - timing_s/agent_loop/compute_score/max:np.float64(0.010875759002374252) - timing_s/agent_loop/compute_score/mean:np.float64(0.010631946749526833) - timing_s/agent_loop/slowest/generate_sequences:np.float64(0.9812654039997142) - timing_s/agent_loop/slowest/tool_calls:np.float64(0.0) - timing_s/agent_loop/slowest/compute_score:np.float64(0.01055975899726036) - timing_s/agent_loop/slowest/num_preempted:np.int64(-1) - timing_s/agent_loop/slowest/prompt_length:25 - timing_s/agent_loop/slowest/response_length:64 - timing_s/gen:3.6135173110014875 - timing_s/reward:3.387600008863956e-05 - timing_s/old_log_prob:3.542812607000087 - timing_s/adv:0.0034584729983180296 - timing_s/update_actor:6.45786854799735 - timing_s/drafter:5.047811599000852 - drafter/spec_decode/mean_acceptance_length:1.9921875 - timing_s/update_weights:6.803761093997309 - timing_s/step:25.47398838400113 - timing_s/stop_profile:5.221000174060464e-05 - timing_per_token_ms/update_actor:18.140080191003793 - timing_per_token_ms/gen:14.11530199609956 - timing_per_token_ms/adv:0.009714811793028173 - perf/total_num_tokens:356 - perf/time_per_step:25.47398838400113 - perf/throughput:6.987519869946726[36m(SpecoTaskRunner pid=50920)[0m
Training Progress:  65%|██████▌   | 13/20 [06:24<02:57, 25.40s/it]
[36m(SpecoWorker pid=52389)[0m WARNING:2026-09-19 09:01:11,792:[speco publish reclaim] role=producer global_steps=13 num_weights=13 payload_cleared=1 allocator=glibc action=malloc_trim heap_trimmed=True elapsed_sec=0.213 memory_before=(rss_gib=5.43 anon_gib=3.88 rss_shmem_gib=0.64 node_unavailable_gib=202.80 available_gib=300.68 cached_gib=314.78 node_shmem_gib=36.52 dev_shm_used_gib=0.07 dirty_gib=21.89 writeback_gib=0.01) memory_after=(rss_gib=5.16 anon_gib=3.61 rss_shmem_gib=0.64 node_unavailable_gib=202.53 available_gib=300.95 cached_gib=314.69 node_shmem_gib=36.42 dev_shm_used_gib=0.07 dirty_gib=21.89 writeback_gib=0.01)
[36m(WorkerDict pid=51134)[0m WARNING:2026-09-19 09:01:12,345:[speco publish materialize] async=True global_steps=13 elapsed_sec=0.548 num_weights=13
[36m(SpecoVLLMHttpServer pid=51406)[0m (Worker_TP0 pid=52090) WARNING:2026-09-19 09:01:12,387:SPECO committed online drafter revision=13 loaded_params=13
[36m(SpecoVLLMHttpServer pid=51406)[0m (Worker_TP1 pid=52091) WARNING:2026-09-19 09:01:12,515:SPECO committed online drafter revision=13 loaded_params=13
[36m(WorkerDict pid=51134)[0m WARNING:2026-09-19 09:01:13,329:[speco publish reclaim] role=consumer async=True global_steps=13 num_weights=13 payload_cleared=1 allocator=glibc action=malloc_trim heap_trimmed=True elapsed_sec=0.422 memory_before=(rss_gib=18.24 anon_gib=6.55 rss_shmem_gib=10.58 node_unavailable_gib=203.67 available_gib=299.81 cached_gib=314.75 node_shmem_gib=36.42 dev_shm_used_gib=0.07 dirty_gib=21.92 writeback_gib=0.02) memory_after=(rss_gib=17.44 anon_gib=5.76 rss_shmem_gib=10.58 node_unavailable_gib=202.26 available_gib=301.23 cached_gib=314.77 node_shmem_gib=36.42 dev_shm_used_gib=0.07 dirty_gib=21.91 writeback_gib=0.02)
[36m(SpecoVLLMHttpServer pid=51406)[0m (Worker_TP0 pid=52090) WARNING:2026-09-19 09:01:15,137:[speco draft sleep] drafter state saved before level-2 sleep (17 tensors)
[36m(SpecoVLLMHttpServer pid=51406)[0m (Worker_TP1 pid=52091) WARNING:2026-09-19 09:01:15,139:[speco draft sleep] drafter state saved before level-2 sleep (17 tensors)
[36m(SpecoWorker pid=52412)[0m INFO:2026-09-19 09:01:28,357:using ttt_length 1, no need to cache hidden states
[36m(SpecoWorker pid=52389)[0m INFO:2026-09-19 09:01:28,604:[drafter loss] step=1 optimizer_step_total=14 lr=1.000e-05 loss=2.5724 vloss=0.0000 ploss=2.5724
[36m(SpecoVLLMHttpServer pid=51406)[0m (Worker_TP1 pid=52091) WARNING:2026-09-19 09:01:32,295:[speco draft wake_up] drafter state restored after level-2 wake_up (17 tensors, revision=13)
[36m(SpecoVLLMHttpServer pid=51406)[0m (Worker_TP0 pid=52090) WARNING:2026-09-19 09:01:32,295:[speco draft wake_up] drafter state restored after level-2 wake_up (17 tensors, revision=13)

[36m(SpecoTaskRunner pid=50920)[0m step:14 - global_seqlen/min:176 - global_seqlen/max:178 - global_seqlen/minmax_diff:2 - global_seqlen/balanced_min:177 - global_seqlen/balanced_max:177 - global_seqlen/mean:177.0 - actor/entropy:0.0 - perf/mfu/actor_infer:0.010479497169831395 - training/rollout_probs_diff_valid:1 - training/rollout_probs_diff_max:0.0870475172996521 - training/rollout_probs_diff_mean:0.004939495585858822 - training/rollout_probs_diff_std:0.013085187412798405 - training/rollout_actor_probs_pearson_corr:0.9977233409881592 - rollout_corr/training_ppl:1.1691138744354248 - rollout_corr/training_log_ppl:0.15454113483428955 - rollout_corr/kl:-0.0014628153294324875 - rollout_corr/k3_kl:0.0007649895269423723 - rollout_corr/rollout_ppl:1.17111074924469 - rollout_corr/rollout_log_ppl:0.156003937125206 - rollout_corr/log_ppl_diff:-0.0014628097414970398 - rollout_corr/log_ppl_abs_diff:0.004677221179008484 - rollout_corr/log_ppl_diff_max:0.004526674747467041 - rollout_corr/log_ppl_diff_min:-0.007278174161911011 - rollout_corr/ppl_ratio:0.9985499978065491 - rollout_corr/chi2_token:0.006127476692199707 - rollout_corr/chi2_seq:0.4449129104614258 - actor/pg_clipfrac:np.float64(0.0) - actor/ppo_kl:np.float64(0.0) - actor/pg_clipfrac_lower:np.float64(0.0) - actor/pg_loss:np.float64(0.0) - actor/loss:np.float64(0.0) - actor/grad_norm:np.float64(0.0) - actor/lr:np.float64(1e-06) - actor/perf/max_memory_allocated_gb:np.float64(28.541846752166748) - actor/perf/max_memory_reserved_gb:np.float64(37.9921875) - actor/perf/cpu_memory_used_gb:np.float64(204.3142318725586) - perf/mfu/actor:np.float64(0.010019546288122017) - drafter/raw_drafter_samples:np.float64(4.0) - drafter/collected_samples:np.float64(2.0) - drafter/collect_interval_matched:np.float64(1.0) - drafter/collection_plan_used:np.float64(1.0) - drafter/collection_plan_collect:np.float64(1.0) - drafter/collection_plan_reason:np.float64(7.0) - drafter/collection_plan_source:np.float64(2.0) - drafter/collection_plan_interval_matched:np.float64(1.0) - drafter/collection_plan_training_interval_matched:np.float64(1.0) - drafter/collection_attempted:np.float64(1.0) - drafter/collection_completed:np.float64(1.0) - drafter/collection_outcome_reason:np.float64(1.0) - drafter/collection_rejected_samples:np.float64(0.0) - drafter/collection_worker_results:np.float64(1.0) - drafter/collection_finalized:np.float64(1.0) - drafter/collection_expired_stages:np.float64(0.0) - timing_s/drafter_collection_rpc:np.float64(0.17275892599718645) - drafter/scheduler_used:np.float64(1.0) - drafter/schedule_launch:np.float64(1.0) - drafter/schedule_interval_matched:np.float64(1.0) - drafter/schedule_strategy:np.float64(0.0) - drafter/schedule_reason:np.float64(10.0) - drafter/target_lm_head_apply_deferred:np.float64(1.0) - drafter/target_lm_head_selected_rows:np.float64(32000.0) - drafter/target_lm_head_source_vocab_size:np.float64(151936.0) - drafter/target_lm_head_direct_sparse_export:np.float64(0.0) - timing_s/drafter_sync_target_lm_head_fetch:np.float64(1.7024289770015457) - timing_s/drafter_sync_target_lm_head_dispatch:np.float64(0.24373040799764567) - drafter/train_interval_matched:np.float64(1.0) - drafter/target_lm_head_synced:np.float64(1.0) - timing_s/drafter_sync_target_lm_head:np.float64(2.1475203890004195) - timing_s/drafter_sync_target_lm_head_apply:np.float64(0.244078454998089) - timing_s/drafter_sync_target_lm_head_wait:np.float64(0.00034804700044333003) - timing_s/drafter_sync_target_lm_head_overlap_window:np.float64(6.81952940300107) - drafter/trained:np.float64(1.0) - drafter/train_successful_steps_max:np.int64(1) - drafter/train_no_trainable_batch:np.float64(0.0) - drafter/train_activation_failed:np.float64(0.0) - drafter/train_attempted_batches_max:np.int64(1) - drafter/train_buffer_size_before_min:np.int64(2) - drafter/train_buffer_size_after_min:np.int64(0) - drafter/train_optimizer_step_max:np.int64(14) - drafter/train_worker_results_consistent:np.float64(1.0) - drafter/train_worker_ids_consistent:np.float64(1.0) - drafter/train_worker_incarnations_consistent:np.float64(1.0) - drafter/train_plan_ids_consistent:np.float64(1.0) - drafter/train_source_steps_consistent:np.float64(1.0) - drafter/train_data_versions_consistent:np.float64(1.0) - drafter/train_target_versions_consistent:np.float64(1.0) - drafter/train_successful_steps_consistent:np.float64(1.0) - drafter/train_optimizer_steps_consistent:np.float64(1.0) - drafter/train_publish_leader_count:np.float64(1.0) - drafter/train_publish_leader_snapshot_ready:np.float64(1.0) - timing_s/drafter_prepare_batch:np.float64(0.004104137420654297) - timing_s/drafter_forward_loss:np.float64(0.10068678855895996) - timing_s/drafter_reduce_loss:np.float64(0.0016298294067382812) - timing_s/drafter_backward:np.float64(0.013853788375854492) - timing_s/drafter_optimizer:np.float64(0.138031005859375) - timing_s/drafter_publish_snapshot:np.float64(0.8508486747741699) - timing_s/drafter_worker_training_loop:np.float64(0.43848395347595215) - timing_s/drafter_worker_cleanup:np.float64(2.15838623046875) - timing_s/drafter_worker_elapsed:np.float64(2.7444393634796143) - timing_s/drafter_train_rpc:np.float64(3.3424254710007517) - drafter/runtime_state:np.float64(3.0) - drafter/runtime_completed_batches:np.float64(1.0) - drafter/runtime_inflight:np.float64(0.0) - timing_s/drafter_runtime_batch_average:np.float64(3.3424254710007517) - timing_s/drafter_outer_unaccounted:np.float64(0.009843493997323094) - drafter/publish_attempted:np.float64(1.0) - drafter/published:np.float64(1.0) - timing_s/drafter_publish_wait_pending:np.float64(3.879002179019153e-06) - timing_s/drafter_publish_fetch_snapshot:np.float64(1.9494987110010698) - timing_s/drafter_publish_update_weights:np.float64(0.0014220660013961606) - training/global_step:14 - training/epoch:1 - critic/score/mean:0.0 - critic/score/max:0.0 - critic/score/min:0.0 - critic/rewards/mean:0.0 - critic/rewards/max:0.0 - critic/rewards/min:0.0 - critic/advantages/mean:0.0 - critic/advantages/max:0.0 - critic/advantages/min:0.0 - critic/returns/mean:0.0 - critic/returns/max:0.0 - critic/returns/min:0.0 - response_length/mean:64.0 - response_length/max:64.0 - response_length/min:64.0 - response_length/clip_ratio:1.0 - response_length_non_aborted/mean:64.0 - response_length_non_aborted/max:64.0 - response_length_non_aborted/min:64.0 - response_length_non_aborted/clip_ratio:1.0 - response/aborted_ratio:0.0 - prompt_length/mean:24.5 - prompt_length/max:25.0 - prompt_length/min:24.0 - prompt_length/clip_ratio:0.0 - num_turns/min:np.int32(2) - num_turns/max:np.int32(2) - num_turns/mean:np.float64(2.0) - timing_s/start_profile:6.476499765994959e-05 - timing_s/agent_loop/num_preempted/min:np.int64(-1) - timing_s/agent_loop/num_preempted/max:np.int64(-1) - timing_s/agent_loop/num_preempted/mean:np.float64(-1.0) - timing_s/agent_loop/generate_sequences/min:np.float64(0.9818552279975847) - timing_s/agent_loop/generate_sequences/max:np.float64(1.386444928997662) - timing_s/agent_loop/generate_sequences/mean:np.float64(1.1982193667481624) - timing_s/agent_loop/tool_calls/min:np.float64(0.0) - timing_s/agent_loop/tool_calls/max:np.float64(0.0) - timing_s/agent_loop/tool_calls/mean:np.float64(0.0) - timing_s/agent_loop/compute_score/min:np.float64(0.008979426002042601) - timing_s/agent_loop/compute_score/max:np.float64(0.01533896100227139) - timing_s/agent_loop/compute_score/mean:np.float64(0.011873218250912032) - timing_s/agent_loop/slowest/generate_sequences:np.float64(1.386444928997662) - timing_s/agent_loop/slowest/tool_calls:np.float64(0.0) - timing_s/agent_loop/slowest/compute_score:np.float64(0.010442601000249851) - timing_s/agent_loop/slowest/num_preempted:np.int64(-1) - timing_s/agent_loop/slowest/prompt_length:25 - timing_s/agent_loop/slowest/response_length:64 - timing_s/gen:3.469491803996789 - timing_s/reward:1.1718999303411692e-05 - timing_s/old_log_prob:3.500135196998599 - timing_s/adv:0.0036761480005225167 - timing_s/update_actor:6.819577926002239 - timing_s/drafter:5.499789353998494 - drafter/spec_decode/mean_acceptance_length:2.0 - timing_s/update_weights:5.234416734998376 - timing_s/step:24.531849106002483 - timing_s/stop_profile:0.00016079600027296692 - timing_per_token_ms/update_actor:19.26434442373514 - timing_per_token_ms/gen:13.552702359362456 - timing_per_token_ms/adv:0.010384598871532534 - perf/total_num_tokens:354 - perf/time_per_step:24.531849106002483 - perf/throughput:7.215110415655191[36m(SpecoTaskRunner pid=50920)[0m
Training Progress:  70%|███████   | 14/20 [06:49<02:30, 25.14s/it]
[36m(SpecoWorker pid=52389)[0m INFO:2026-09-19 09:01:28,357:using ttt_length 1, no need to cache hidden states
[36m(SpecoWorker pid=52389)[0m WARNING:2026-09-19 09:01:36,325:[speco publish reclaim] role=producer global_steps=14 num_weights=13 payload_cleared=1 allocator=glibc action=malloc_trim heap_trimmed=True elapsed_sec=0.205 memory_before=(rss_gib=5.40 anon_gib=3.85 rss_shmem_gib=0.64 node_unavailable_gib=203.43 available_gib=300.05 cached_gib=316.16 node_shmem_gib=36.42 dev_shm_used_gib=0.07 dirty_gib=22.09 writeback_gib=0.02) memory_after=(rss_gib=5.16 anon_gib=3.61 rss_shmem_gib=0.64 node_unavailable_gib=203.17 available_gib=300.31 cached_gib=316.16 node_shmem_gib=36.42 dev_shm_used_gib=0.07 dirty_gib=22.07 writeback_gib=0.04)
[36m(WorkerDict pid=51134)[0m WARNING:2026-09-19 09:01:36,784:[speco publish materialize] async=True global_steps=14 elapsed_sec=0.452 num_weights=13
[36m(SpecoVLLMHttpServer pid=51406)[0m (Worker_TP0 pid=52090) WARNING:2026-09-19 09:01:36,962:SPECO committed online drafter revision=14 loaded_params=13
[36m(SpecoVLLMHttpServer pid=51406)[0m (Worker_TP1 pid=52091) WARNING:2026-09-19 09:01:36,962:SPECO committed online drafter revision=14 loaded_params=13
[36m(WorkerDict pid=51134)[0m WARNING:2026-09-19 09:01:37,790:[speco publish reclaim] role=consumer async=True global_steps=14 num_weights=13 payload_cleared=1 allocator=glibc action=malloc_trim heap_trimmed=True elapsed_sec=0.438 memory_before=(rss_gib=18.52 anon_gib=6.83 rss_shmem_gib=10.58 node_unavailable_gib=204.32 available_gib=299.17 cached_gib=316.25 node_shmem_gib=36.42 dev_shm_used_gib=0.07 dirty_gib=22.09 writeback_gib=0.02) memory_after=(rss_gib=17.42 anon_gib=5.73 rss_shmem_gib=10.58 node_unavailable_gib=203.06 available_gib=300.43 cached_gib=316.26 node_shmem_gib=36.42 dev_shm_used_gib=0.07 dirty_gib=22.07 writeback_gib=0.03)
[36m(SpecoVLLMHttpServer pid=51406)[0m (Worker_TP0 pid=52090) WARNING:2026-09-19 09:01:39,464:[speco draft sleep] drafter state saved before level-2 sleep (17 tensors)
[36m(SpecoVLLMHttpServer pid=51406)[0m (Worker_TP1 pid=52091) WARNING:2026-09-19 09:01:39,467:[speco draft sleep] drafter state saved before level-2 sleep (17 tensors)
[36m(SpecoWorker pid=52389)[0m INFO:2026-09-19 09:01:53,255:using ttt_length 1, no need to cache hidden states
[36m(SpecoWorker pid=52389)[0m INFO:2026-09-19 09:01:53,875:[drafter loss] step=1 optimizer_step_total=15 lr=1.000e-05 loss=2.7206 vloss=0.0000 ploss=2.7206
[36m(SpecoVLLMHttpServer pid=51406)[0m (Worker_TP0 pid=52090) WARNING:2026-09-19 09:01:57,348:[speco draft wake_up] drafter state restored after level-2 wake_up (17 tensors, revision=14)
[36m(SpecoVLLMHttpServer pid=51406)[0m (Worker_TP1 pid=52091) WARNING:2026-09-19 09:01:57,351:[speco draft wake_up] drafter state restored after level-2 wake_up (17 tensors, revision=14)

[36m(SpecoTaskRunner pid=50920)[0m step:15 - global_seqlen/min:176 - global_seqlen/max:176 - global_seqlen/minmax_diff:0 - global_seqlen/balanced_min:176 - global_seqlen/balanced_max:176 - global_seqlen/mean:176.0 - actor/entropy:0.0 - perf/mfu/actor_infer:0.010484726823117055 - training/rollout_probs_diff_valid:1 - training/rollout_probs_diff_max:0.07695066928863525 - training/rollout_probs_diff_mean:0.00666272547096014 - training/rollout_probs_diff_std:0.015440693125128746 - training/rollout_actor_probs_pearson_corr:0.9969680309295654 - rollout_corr/training_ppl:1.2522602081298828 - rollout_corr/training_log_ppl:0.2247297465801239 - rollout_corr/kl:0.000694174668751657 - rollout_corr/k3_kl:0.0006382556166499853 - rollout_corr/rollout_ppl:1.2512736320495605 - rollout_corr/rollout_log_ppl:0.2240355759859085 - rollout_corr/log_ppl_diff:0.0006941743195056915 - rollout_corr/log_ppl_abs_diff:0.005188193172216415 - rollout_corr/log_ppl_diff_max:0.0071538835763931274 - rollout_corr/log_ppl_diff_min:-0.005982741713523865 - rollout_corr/ppl_ratio:1.000708818435669 - rollout_corr/chi2_token:0.0011922121047973633 - rollout_corr/chi2_seq:0.14357388019561768 - actor/pg_clipfrac:np.float64(0.0) - actor/ppo_kl:np.float64(0.0) - actor/pg_clipfrac_lower:np.float64(0.0) - actor/pg_loss:np.float64(0.0) - actor/loss:np.float64(0.0) - actor/grad_norm:np.float64(0.0) - actor/lr:np.float64(1e-06) - actor/perf/max_memory_allocated_gb:np.float64(28.541846752166748) - actor/perf/max_memory_reserved_gb:np.float64(37.9921875) - actor/perf/cpu_memory_used_gb:np.float64(203.31427383422852) - perf/mfu/actor:np.float64(0.01004462424592041) - drafter/raw_drafter_samples:np.float64(4.0) - drafter/collected_samples:np.float64(2.0) - drafter/collect_interval_matched:np.float64(1.0) - drafter/collection_plan_used:np.float64(1.0) - drafter/collection_plan_collect:np.float64(1.0) - drafter/collection_plan_reason:np.float64(7.0) - drafter/collection_plan_source:np.float64(2.0) - drafter/collection_plan_interval_matched:np.float64(1.0) - drafter/collection_plan_training_interval_matched:np.float64(1.0) - drafter/collection_attempted:np.float64(1.0) - drafter/collection_completed:np.float64(1.0) - drafter/collection_outcome_reason:np.float64(1.0) - drafter/collection_rejected_samples:np.float64(0.0) - drafter/collection_worker_results:np.float64(1.0) - drafter/collection_finalized:np.float64(1.0) - drafter/collection_expired_stages:np.float64(0.0) - timing_s/drafter_collection_rpc:np.float64(0.26277339900116203) - drafter/scheduler_used:np.float64(1.0) - drafter/schedule_launch:np.float64(1.0) - drafter/schedule_interval_matched:np.float64(1.0) - drafter/schedule_strategy:np.float64(0.0) - drafter/schedule_reason:np.float64(10.0) - drafter/target_lm_head_apply_deferred:np.float64(1.0) - drafter/target_lm_head_selected_rows:np.float64(32000.0) - drafter/target_lm_head_source_vocab_size:np.float64(151936.0) - drafter/target_lm_head_direct_sparse_export:np.float64(0.0) - timing_s/drafter_sync_target_lm_head_fetch:np.float64(1.9914078360015992) - timing_s/drafter_sync_target_lm_head_dispatch:np.float64(0.26454997199834906) - drafter/train_interval_matched:np.float64(1.0) - drafter/target_lm_head_synced:np.float64(1.0) - timing_s/drafter_sync_target_lm_head:np.float64(2.2688572970000678) - timing_s/drafter_sync_target_lm_head_apply:np.float64(0.26489957599915215) - timing_s/drafter_sync_target_lm_head_wait:np.float64(0.0003496040008030832) - timing_s/drafter_sync_target_lm_head_overlap_window:np.float64(6.966147474999161) - drafter/trained:np.float64(1.0) - drafter/train_successful_steps_max:np.int64(1) - drafter/train_no_trainable_batch:np.float64(0.0) - drafter/train_activation_failed:np.float64(0.0) - drafter/train_attempted_batches_max:np.int64(1) - drafter/train_buffer_size_before_min:np.int64(2) - drafter/train_buffer_size_after_min:np.int64(0) - drafter/train_optimizer_step_max:np.int64(15) - drafter/train_worker_results_consistent:np.float64(1.0) - drafter/train_worker_ids_consistent:np.float64(1.0) - drafter/train_worker_incarnations_consistent:np.float64(1.0) - drafter/train_plan_ids_consistent:np.float64(1.0) - drafter/train_source_steps_consistent:np.float64(1.0) - drafter/train_data_versions_consistent:np.float64(1.0) - drafter/train_target_versions_consistent:np.float64(1.0) - drafter/train_successful_steps_consistent:np.float64(1.0) - drafter/train_optimizer_steps_consistent:np.float64(1.0) - drafter/train_publish_leader_count:np.float64(1.0) - drafter/train_publish_leader_snapshot_ready:np.float64(1.0) - timing_s/drafter_prepare_batch:np.float64(0.007292985916137695) - timing_s/drafter_forward_loss:np.float64(0.4714188575744629) - timing_s/drafter_reduce_loss:np.float64(0.0017063617706298828) - timing_s/drafter_backward:np.float64(0.027436256408691406) - timing_s/drafter_optimizer:np.float64(0.12388992309570312) - timing_s/drafter_publish_snapshot:np.float64(0.7677938938140869) - timing_s/drafter_worker_training_loop:np.float64(0.6327767372131348) - timing_s/drafter_worker_cleanup:np.float64(1.9643032550811768) - timing_s/drafter_worker_elapsed:np.float64(2.8436851501464844) - timing_s/drafter_train_rpc:np.float64(3.4413681219994032) - drafter/runtime_state:np.float64(3.0) - drafter/runtime_completed_batches:np.float64(1.0) - drafter/runtime_inflight:np.float64(0.0) - timing_s/drafter_runtime_batch_average:np.float64(3.4413681219994032) - timing_s/drafter_outer_unaccounted:np.float64(0.009207456998410635) - drafter/publish_attempted:np.float64(1.0) - drafter/published:np.float64(1.0) - timing_s/drafter_publish_wait_pending:np.float64(5.976999091217294e-06) - timing_s/drafter_publish_fetch_snapshot:np.float64(1.0077445339993574) - timing_s/drafter_publish_update_weights:np.float64(0.0014819460011494812) - training/global_step:15 - training/epoch:1 - critic/score/mean:0.0 - critic/score/max:0.0 - critic/score/min:0.0 - critic/rewards/mean:0.0 - critic/rewards/max:0.0 - critic/rewards/min:0.0 - critic/advantages/mean:0.0 - critic/advantages/max:0.0 - critic/advantages/min:0.0 - critic/returns/mean:0.0 - critic/returns/max:0.0 - critic/returns/min:0.0 - response_length/mean:64.0 - response_length/max:64.0 - response_length/min:64.0 - response_length/clip_ratio:1.0 - response_length_non_aborted/mean:64.0 - response_length_non_aborted/max:64.0 - response_length_non_aborted/min:64.0 - response_length_non_aborted/clip_ratio:1.0 - response/aborted_ratio:0.0 - prompt_length/mean:24.0 - prompt_length/max:24.0 - prompt_length/min:24.0 - prompt_length/clip_ratio:0.0 - num_turns/min:np.int32(2) - num_turns/max:np.int32(2) - num_turns/mean:np.float64(2.0) - timing_s/start_profile:0.00011619299766607583 - timing_s/agent_loop/num_preempted/min:np.int64(-1) - timing_s/agent_loop/num_preempted/max:np.int64(-1) - timing_s/agent_loop/num_preempted/mean:np.float64(-1.0) - timing_s/agent_loop/generate_sequences/min:np.float64(0.9716060850005306) - timing_s/agent_loop/generate_sequences/max:np.float64(1.1224365380003292) - timing_s/agent_loop/generate_sequences/mean:np.float64(1.04690108000068) - timing_s/agent_loop/tool_calls/min:np.float64(0.0) - timing_s/agent_loop/tool_calls/max:np.float64(0.0) - timing_s/agent_loop/tool_calls/mean:np.float64(0.0) - timing_s/agent_loop/compute_score/min:np.float64(0.010443090002809186) - timing_s/agent_loop/compute_score/max:np.float64(0.01280620399847976) - timing_s/agent_loop/compute_score/mean:np.float64(0.011596326250582933) - timing_s/agent_loop/slowest/generate_sequences:np.float64(1.1224365380003292) - timing_s/agent_loop/slowest/tool_calls:np.float64(0.0) - timing_s/agent_loop/slowest/compute_score:np.float64(0.01280620399847976) - timing_s/agent_loop/slowest/num_preempted:np.int64(-1) - timing_s/agent_loop/slowest/prompt_length:24 - timing_s/agent_loop/slowest/response_length:64 - timing_s/gen:3.4899751090015343 - timing_s/reward:3.8302001485135406e-05 - timing_s/old_log_prob:3.5658720120009093 - timing_s/adv:0.0035817930001940113 - timing_s/update_actor:6.9661894050041155 - timing_s/drafter:5.719432875997882 - drafter/spec_decode/mean_acceptance_length:1.7816901408450705 - timing_s/update_weights:4.354307566998614 - timing_s/step:24.105674060003366 - timing_s/stop_profile:0.00015170600090641528 - timing_per_token_ms/update_actor:19.790310809670782 - timing_per_token_ms/gen:13.632715269537243 - timing_per_token_ms/adv:0.010175548296005714 - perf/total_num_tokens:352 - perf/time_per_step:24.105674060003366 - perf/throughput:7.301185586509811[36m(SpecoTaskRunner pid=50920)[0m
Training Progress:  75%|███████▌  | 15/20 [07:13<02:04, 24.83s/it]
[36m(SpecoWorker pid=52412)[0m INFO:2026-09-19 09:01:53,255:using ttt_length 1, no need to cache hidden states
[36m(SpecoWorker pid=52389)[0m WARNING:2026-09-19 09:02:00,439:[speco publish reclaim] role=producer global_steps=15 num_weights=13 payload_cleared=1 allocator=glibc action=malloc_trim heap_trimmed=True elapsed_sec=0.208 memory_before=(rss_gib=5.43 anon_gib=3.88 rss_shmem_gib=0.64 node_unavailable_gib=202.61 available_gib=300.88 cached_gib=317.56 node_shmem_gib=36.42 dev_shm_used_gib=0.07 dirty_gib=22.30 writeback_gib=0.01) memory_after=(rss_gib=5.16 anon_gib=3.61 rss_shmem_gib=0.64 node_unavailable_gib=202.26 available_gib=301.23 cached_gib=317.58 node_shmem_gib=36.42 dev_shm_used_gib=0.07 dirty_gib=22.29 writeback_gib=0.01)
[36m(WorkerDict pid=51134)[0m WARNING:2026-09-19 09:02:00,906:[speco publish materialize] async=True global_steps=15 elapsed_sec=0.460 num_weights=13
[36m(SpecoVLLMHttpServer pid=51406)[0m (Worker_TP1 pid=52091) WARNING:2026-09-19 09:02:01,093:SPECO committed online drafter revision=15 loaded_params=13
[36m(SpecoVLLMHttpServer pid=51406)[0m (Worker_TP0 pid=52090) WARNING:2026-09-19 09:02:01,093:SPECO committed online drafter revision=15 loaded_params=13
[36m(WorkerDict pid=51134)[0m WARNING:2026-09-19 09:02:01,901:[speco publish reclaim] role=consumer async=True global_steps=15 num_weights=13 payload_cleared=1 allocator=glibc action=malloc_trim heap_trimmed=True elapsed_sec=0.422 memory_before=(rss_gib=18.28 anon_gib=6.59 rss_shmem_gib=10.58 node_unavailable_gib=203.47 available_gib=300.02 cached_gib=317.65 node_shmem_gib=36.42 dev_shm_used_gib=0.07 dirty_gib=22.28 writeback_gib=0.03) memory_after=(rss_gib=17.42 anon_gib=5.73 rss_shmem_gib=10.58 node_unavailable_gib=202.47 available_gib=301.01 cached_gib=317.65 node_shmem_gib=36.42 dev_shm_used_gib=0.07 dirty_gib=22.28 writeback_gib=0.01)
[36m(SpecoVLLMHttpServer pid=51406)[0m (Worker_TP0 pid=52090) WARNING:2026-09-19 09:02:03,472:[speco draft sleep] drafter state saved before level-2 sleep (17 tensors)
[36m(SpecoVLLMHttpServer pid=51406)[0m (Worker_TP1 pid=52091) WARNING:2026-09-19 09:02:03,473:[speco draft sleep] drafter state saved before level-2 sleep (17 tensors)
[36m(SpecoWorker pid=52412)[0m INFO:2026-09-19 09:02:18,270:using ttt_length 1, no need to cache hidden states
[36m(SpecoWorker pid=52389)[0m INFO:2026-09-19 09:02:18,529:[drafter loss] step=1 optimizer_step_total=16 lr=1.000e-05 loss=2.9465 vloss=0.0000 ploss=2.9465
[36m(SpecoVLLMHttpServer pid=51406)[0m (Worker_TP0 pid=52090) WARNING:2026-09-19 09:02:22,227:[speco draft wake_up] drafter state restored after level-2 wake_up (17 tensors, revision=15)
[36m(SpecoVLLMHttpServer pid=51406)[0m (Worker_TP1 pid=52091) WARNING:2026-09-19 09:02:22,228:[speco draft wake_up] drafter state restored after level-2 wake_up (17 tensors, revision=15)

[36m(SpecoTaskRunner pid=50920)[0m step:16 - global_seqlen/min:176 - global_seqlen/max:176 - global_seqlen/minmax_diff:0 - global_seqlen/balanced_min:176 - global_seqlen/balanced_max:176 - global_seqlen/mean:176.0 - actor/entropy:0.0 - perf/mfu/actor_infer:0.010485401654233464 - training/rollout_probs_diff_valid:1 - training/rollout_probs_diff_max:0.12435296177864075 - training/rollout_probs_diff_mean:0.004881567321717739 - training/rollout_probs_diff_std:0.015143983997404575 - training/rollout_actor_probs_pearson_corr:0.9966815710067749 - rollout_corr/training_ppl:1.1610864400863647 - rollout_corr/training_log_ppl:0.14908581972122192 - rollout_corr/kl:-0.00033999624429270625 - rollout_corr/k3_kl:0.0008515603840351105 - rollout_corr/rollout_ppl:1.1613895893096924 - rollout_corr/rollout_log_ppl:0.14942580461502075 - rollout_corr/log_ppl_diff:-0.00033999234437942505 - rollout_corr/log_ppl_abs_diff:0.003424994647502899 - rollout_corr/log_ppl_diff_max:0.006170004606246948 - rollout_corr/log_ppl_diff_min:-0.003835126757621765 - rollout_corr/ppl_ratio:0.9996676445007324 - rollout_corr/chi2_token:0.004240870475769043 - rollout_corr/chi2_seq:0.15905702114105225 - actor/pg_clipfrac:np.float64(0.0) - actor/ppo_kl:np.float64(0.0) - actor/pg_clipfrac_lower:np.float64(0.0) - actor/pg_loss:np.float64(0.0) - actor/loss:np.float64(0.0) - actor/grad_norm:np.float64(0.0) - actor/lr:np.float64(1e-06) - actor/perf/max_memory_allocated_gb:np.float64(28.541846752166748) - actor/perf/max_memory_reserved_gb:np.float64(37.9921875) - actor/perf/cpu_memory_used_gb:np.float64(203.11664199829102) - perf/mfu/actor:np.float64(0.010129231672796144) - drafter/raw_drafter_samples:np.float64(4.0) - drafter/collected_samples:np.float64(2.0) - drafter/collect_interval_matched:np.float64(1.0) - drafter/collection_plan_used:np.float64(1.0) - drafter/collection_plan_collect:np.float64(1.0) - drafter/collection_plan_reason:np.float64(7.0) - drafter/collection_plan_source:np.float64(2.0) - drafter/collection_plan_interval_matched:np.float64(1.0) - drafter/collection_plan_training_interval_matched:np.float64(1.0) - drafter/collection_attempted:np.float64(1.0) - drafter/collection_completed:np.float64(1.0) - drafter/collection_outcome_reason:np.float64(1.0) - drafter/collection_rejected_samples:np.float64(0.0) - drafter/collection_worker_results:np.float64(1.0) - drafter/collection_finalized:np.float64(1.0) - drafter/collection_expired_stages:np.float64(0.0) - timing_s/drafter_collection_rpc:np.float64(0.7246932559974084) - drafter/scheduler_used:np.float64(1.0) - drafter/schedule_launch:np.float64(1.0) - drafter/schedule_interval_matched:np.float64(1.0) - drafter/schedule_strategy:np.float64(0.0) - drafter/schedule_reason:np.float64(10.0) - drafter/target_lm_head_apply_deferred:np.float64(1.0) - drafter/target_lm_head_selected_rows:np.float64(32000.0) - drafter/target_lm_head_source_vocab_size:np.float64(151936.0) - drafter/target_lm_head_direct_sparse_export:np.float64(0.0) - timing_s/drafter_sync_target_lm_head_fetch:np.float64(1.7957239379975363) - timing_s/drafter_sync_target_lm_head_dispatch:np.float64(0.2814154059997236) - drafter/train_interval_matched:np.float64(1.0) - drafter/target_lm_head_synced:np.float64(1.0) - timing_s/drafter_sync_target_lm_head:np.float64(2.091314435998356) - timing_s/drafter_sync_target_lm_head_apply:np.float64(0.2817599739973957) - timing_s/drafter_sync_target_lm_head_wait:np.float64(0.0003445679976721294) - timing_s/drafter_sync_target_lm_head_overlap_window:np.float64(6.881539501999214) - drafter/trained:np.float64(1.0) - drafter/train_successful_steps_max:np.int64(1) - drafter/train_no_trainable_batch:np.float64(0.0) - drafter/train_activation_failed:np.float64(0.0) - drafter/train_attempted_batches_max:np.int64(1) - drafter/train_buffer_size_before_min:np.int64(2) - drafter/train_buffer_size_after_min:np.int64(0) - drafter/train_optimizer_step_max:np.int64(16) - drafter/train_worker_results_consistent:np.float64(1.0) - drafter/train_worker_ids_consistent:np.float64(1.0) - drafter/train_worker_incarnations_consistent:np.float64(1.0) - drafter/train_plan_ids_consistent:np.float64(1.0) - drafter/train_source_steps_consistent:np.float64(1.0) - drafter/train_data_versions_consistent:np.float64(1.0) - drafter/train_target_versions_consistent:np.float64(1.0) - drafter/train_successful_steps_consistent:np.float64(1.0) - drafter/train_optimizer_steps_consistent:np.float64(1.0) - drafter/train_publish_leader_count:np.float64(1.0) - drafter/train_publish_leader_snapshot_ready:np.float64(1.0) - timing_s/drafter_prepare_batch:np.float64(0.007028818130493164) - timing_s/drafter_forward_loss:np.float64(0.1129903793334961) - timing_s/drafter_reduce_loss:np.float64(0.002506732940673828) - timing_s/drafter_backward:np.float64(0.047029733657836914) - timing_s/drafter_optimizer:np.float64(0.10428881645202637) - timing_s/drafter_publish_snapshot:np.float64(0.8056039810180664) - timing_s/drafter_worker_training_loop:np.float64(0.2747364044189453) - timing_s/drafter_worker_cleanup:np.float64(2.0171642303466797) - timing_s/drafter_worker_elapsed:np.float64(2.5849812030792236) - timing_s/drafter_train_rpc:np.float64(3.1566690629988443) - drafter/runtime_state:np.float64(3.0) - drafter/runtime_completed_batches:np.float64(1.0) - drafter/runtime_inflight:np.float64(0.0) - timing_s/drafter_runtime_batch_average:np.float64(3.1566690629988443) - timing_s/drafter_outer_unaccounted:np.float64(0.009471241999563063) - drafter/publish_attempted:np.float64(1.0) - drafter/published:np.float64(1.0) - timing_s/drafter_publish_wait_pending:np.float64(3.838998964056373e-06) - timing_s/drafter_publish_fetch_snapshot:np.float64(1.6042428350010596) - timing_s/drafter_publish_update_weights:np.float64(0.0014494960014417302) - training/global_step:16 - training/epoch:1 - critic/score/mean:0.0 - critic/score/max:0.0 - critic/score/min:0.0 - critic/rewards/mean:0.0 - critic/rewards/max:0.0 - critic/rewards/min:0.0 - critic/advantages/mean:0.0 - critic/advantages/max:0.0 - critic/advantages/min:0.0 - critic/returns/mean:0.0 - critic/returns/max:0.0 - critic/returns/min:0.0 - response_length/mean:64.0 - response_length/max:64.0 - response_length/min:64.0 - response_length/clip_ratio:1.0 - response_length_non_aborted/mean:64.0 - response_length_non_aborted/max:64.0 - response_length_non_aborted/min:64.0 - response_length_non_aborted/clip_ratio:1.0 - response/aborted_ratio:0.0 - prompt_length/mean:24.0 - prompt_length/max:24.0 - prompt_length/min:24.0 - prompt_length/clip_ratio:0.0 - num_turns/min:np.int32(2) - num_turns/max:np.int32(2) - num_turns/mean:np.float64(2.0) - timing_s/start_profile:0.00015020400314824656 - timing_s/agent_loop/num_preempted/min:np.int64(-1) - timing_s/agent_loop/num_preempted/max:np.int64(-1) - timing_s/agent_loop/num_preempted/mean:np.float64(-1.0) - timing_s/agent_loop/generate_sequences/min:np.float64(0.9134504180001386) - timing_s/agent_loop/generate_sequences/max:np.float64(1.0498065130013856) - timing_s/agent_loop/generate_sequences/mean:np.float64(0.9747334160001628) - timing_s/agent_loop/tool_calls/min:np.float64(0.0) - timing_s/agent_loop/tool_calls/max:np.float64(0.0) - timing_s/agent_loop/tool_calls/mean:np.float64(0.0) - timing_s/agent_loop/compute_score/min:np.float64(0.009649778003222309) - timing_s/agent_loop/compute_score/max:np.float64(0.019116389001283096) - timing_s/agent_loop/compute_score/mean:np.float64(0.012433829001565755) - timing_s/agent_loop/slowest/generate_sequences:np.float64(1.0498065130013856) - timing_s/agent_loop/slowest/tool_calls:np.float64(0.0) - timing_s/agent_loop/slowest/compute_score:np.float64(0.009649778003222309) - timing_s/agent_loop/slowest/num_preempted:np.int64(-1) - timing_s/agent_loop/slowest/prompt_length:24 - timing_s/agent_loop/slowest/response_length:64 - timing_s/gen:4.289511206003226 - timing_s/reward:2.7119000151287764e-05 - timing_s/old_log_prob:3.951972636001301 - timing_s/adv:0.0035944369992648717 - timing_s/update_actor:6.881525436005177 - timing_s/drafter:5.257454740996764 - drafter/spec_decode/mean_acceptance_length:2.0393700787401574 - timing_s/update_weights:5.1775609079995775 - timing_s/step:25.56887394899968 - timing_s/stop_profile:0.00016039600086514838 - timing_per_token_ms/update_actor:19.549788170469252 - timing_per_token_ms/gen:16.755903148450102 - timing_per_token_ms/adv:0.010211468747911567 - perf/total_num_tokens:352 - perf/time_per_step:25.56887394899968 - perf/throughput:6.883369222714071[36m(SpecoTaskRunner pid=50920)[0m
Training Progress:  80%|████████  | 16/20 [07:38<01:40, 25.06s/it]
[36m(SpecoWorker pid=52389)[0m INFO:2026-09-19 09:02:18,267:using ttt_length 1, no need to cache hidden states
[36m(SpecoWorker pid=52389)[0m WARNING:2026-09-19 09:02:26,016:[speco publish reclaim] role=producer global_steps=16 num_weights=13 payload_cleared=1 allocator=glibc action=malloc_trim heap_trimmed=True elapsed_sec=0.202 memory_before=(rss_gib=5.40 anon_gib=3.85 rss_shmem_gib=0.64 node_unavailable_gib=202.26 available_gib=301.22 cached_gib=319.04 node_shmem_gib=36.42 dev_shm_used_gib=0.07 dirty_gib=21.89 writeback_gib=0.03) memory_after=(rss_gib=5.16 anon_gib=3.61 rss_shmem_gib=0.64 node_unavailable_gib=202.01 available_gib=301.47 cached_gib=319.04 node_shmem_gib=36.42 dev_shm_used_gib=0.07 dirty_gib=21.89 writeback_gib=0.03)
[36m(WorkerDict pid=51134)[0m WARNING:2026-09-19 09:02:26,626:[speco publish materialize] async=True global_steps=16 elapsed_sec=0.604 num_weights=13
[36m(SpecoVLLMHttpServer pid=51406)[0m (Worker_TP1 pid=52091) WARNING:2026-09-19 09:02:27,009:SPECO committed online drafter revision=16 loaded_params=13
[36m(SpecoVLLMHttpServer pid=51406)[0m (Worker_TP0 pid=52090) WARNING:2026-09-19 09:02:27,095:SPECO committed online drafter revision=16 loaded_params=13
[36m(WorkerDict pid=51134)[0m WARNING:2026-09-19 09:02:27,881:[speco publish reclaim] role=consumer async=True global_steps=16 num_weights=13 payload_cleared=1 allocator=glibc action=malloc_trim heap_trimmed=True elapsed_sec=0.447 memory_before=(rss_gib=18.25 anon_gib=6.57 rss_shmem_gib=10.58 node_unavailable_gib=203.58 available_gib=299.91 cached_gib=319.14 node_shmem_gib=36.42 dev_shm_used_gib=0.07 dirty_gib=21.89 writeback_gib=0.03) memory_after=(rss_gib=17.42 anon_gib=5.73 rss_shmem_gib=10.58 node_unavailable_gib=202.63 available_gib=300.85 cached_gib=319.17 node_shmem_gib=36.42 dev_shm_used_gib=0.07 dirty_gib=21.89 writeback_gib=0.02)
[36m(SpecoVLLMHttpServer pid=51406)[0m (Worker_TP0 pid=52090) WARNING:2026-09-19 09:02:29,494:[speco draft sleep] drafter state saved before level-2 sleep (17 tensors)
[36m(SpecoVLLMHttpServer pid=51406)[0m (Worker_TP1 pid=52091) WARNING:2026-09-19 09:02:29,494:[speco draft sleep] drafter state saved before level-2 sleep (17 tensors)
[36m(SpecoWorker pid=52412)[0m INFO:2026-09-19 09:02:41,934:using ttt_length 1, no need to cache hidden states
[36m(SpecoWorker pid=52389)[0m INFO:2026-09-19 09:02:42,178:[drafter loss] step=1 optimizer_step_total=17 lr=1.000e-05 loss=2.8303 vloss=0.0000 ploss=2.8303
[36m(SpecoVLLMHttpServer pid=51406)[0m (Worker_TP1 pid=52091) WARNING:2026-09-19 09:02:46,046:[speco draft wake_up] drafter state restored after level-2 wake_up (17 tensors, revision=16)
[36m(SpecoVLLMHttpServer pid=51406)[0m (Worker_TP0 pid=52090) WARNING:2026-09-19 09:02:46,056:[speco draft wake_up] drafter state restored after level-2 wake_up (17 tensors, revision=16)

[36m(SpecoTaskRunner pid=50920)[0m step:17 - global_seqlen/min:176 - global_seqlen/max:178 - global_seqlen/minmax_diff:2 - global_seqlen/balanced_min:177 - global_seqlen/balanced_max:177 - global_seqlen/mean:177.0 - actor/entropy:0.0 - perf/mfu/actor_infer:0.010458132870253324 - training/rollout_probs_diff_valid:1 - training/rollout_probs_diff_max:0.09589248895645142 - training/rollout_probs_diff_mean:0.005931206978857517 - training/rollout_probs_diff_std:0.015421697869896889 - training/rollout_actor_probs_pearson_corr:0.9976489543914795 - rollout_corr/training_ppl:1.2441065311431885 - rollout_corr/training_log_ppl:0.21527335047721863 - rollout_corr/kl:0.0025445520877838135 - rollout_corr/k3_kl:0.0009746840223670006 - rollout_corr/rollout_ppl:1.241263747215271 - rollout_corr/rollout_log_ppl:0.212728813290596 - rollout_corr/log_ppl_diff:0.002544548362493515 - rollout_corr/log_ppl_abs_diff:0.004054602235555649 - rollout_corr/log_ppl_diff_max:0.008617952466011047 - rollout_corr/log_ppl_diff_min:-0.0030201077461242676 - rollout_corr/ppl_ratio:1.002556324005127 - rollout_corr/chi2_token:-0.001240551471710205 - rollout_corr/chi2_seq:-0.17606127262115479 - actor/pg_clipfrac:np.float64(0.0) - actor/ppo_kl:np.float64(0.0) - actor/pg_clipfrac_lower:np.float64(0.0) - actor/pg_loss:np.float64(0.0) - actor/loss:np.float64(0.0) - actor/grad_norm:np.float64(0.0) - actor/lr:np.float64(1e-06) - actor/perf/max_memory_allocated_gb:np.float64(28.541846752166748) - actor/perf/max_memory_reserved_gb:np.float64(37.9921875) - actor/perf/cpu_memory_used_gb:np.float64(202.03844451904297) - perf/mfu/actor:np.float64(0.010410209183624017) - drafter/raw_drafter_samples:np.float64(4.0) - drafter/collected_samples:np.float64(2.0) - drafter/collect_interval_matched:np.float64(1.0) - drafter/collection_plan_used:np.float64(1.0) - drafter/collection_plan_collect:np.float64(1.0) - drafter/collection_plan_reason:np.float64(7.0) - drafter/collection_plan_source:np.float64(2.0) - drafter/collection_plan_interval_matched:np.float64(1.0) - drafter/collection_plan_training_interval_matched:np.float64(1.0) - drafter/collection_attempted:np.float64(1.0) - drafter/collection_completed:np.float64(1.0) - drafter/collection_outcome_reason:np.float64(1.0) - drafter/collection_rejected_samples:np.float64(0.0) - drafter/collection_worker_results:np.float64(1.0) - drafter/collection_finalized:np.float64(1.0) - drafter/collection_expired_stages:np.float64(0.0) - timing_s/drafter_collection_rpc:np.float64(0.02668981600072584) - drafter/scheduler_used:np.float64(1.0) - drafter/schedule_launch:np.float64(1.0) - drafter/schedule_interval_matched:np.float64(1.0) - drafter/schedule_strategy:np.float64(0.0) - drafter/schedule_reason:np.float64(10.0) - drafter/target_lm_head_apply_deferred:np.float64(1.0) - drafter/target_lm_head_selected_rows:np.float64(32000.0) - drafter/target_lm_head_source_vocab_size:np.float64(151936.0) - drafter/target_lm_head_direct_sparse_export:np.float64(0.0) - timing_s/drafter_sync_target_lm_head_fetch:np.float64(1.6835758820016054) - timing_s/drafter_sync_target_lm_head_dispatch:np.float64(0.2587900329999684) - drafter/train_interval_matched:np.float64(1.0) - drafter/target_lm_head_synced:np.float64(1.0) - timing_s/drafter_sync_target_lm_head:np.float64(1.9605940230030683) - timing_s/drafter_sync_target_lm_head_apply:np.float64(0.2591960530007782) - timing_s/drafter_sync_target_lm_head_wait:np.float64(0.0004060200008098036) - timing_s/drafter_sync_target_lm_head_overlap_window:np.float64(6.478724202999729) - drafter/trained:np.float64(1.0) - drafter/train_successful_steps_max:np.int64(1) - drafter/train_no_trainable_batch:np.float64(0.0) - drafter/train_activation_failed:np.float64(0.0) - drafter/train_attempted_batches_max:np.int64(1) - drafter/train_buffer_size_before_min:np.int64(2) - drafter/train_buffer_size_after_min:np.int64(0) - drafter/train_optimizer_step_max:np.int64(17) - drafter/train_worker_results_consistent:np.float64(1.0) - drafter/train_worker_ids_consistent:np.float64(1.0) - drafter/train_worker_incarnations_consistent:np.float64(1.0) - drafter/train_plan_ids_consistent:np.float64(1.0) - drafter/train_source_steps_consistent:np.float64(1.0) - drafter/train_data_versions_consistent:np.float64(1.0) - drafter/train_target_versions_consistent:np.float64(1.0) - drafter/train_successful_steps_consistent:np.float64(1.0) - drafter/train_optimizer_steps_consistent:np.float64(1.0) - drafter/train_publish_leader_count:np.float64(1.0) - drafter/train_publish_leader_snapshot_ready:np.float64(1.0) - timing_s/drafter_prepare_batch:np.float64(0.004864931106567383) - timing_s/drafter_forward_loss:np.float64(0.09597945213317871) - timing_s/drafter_reduce_loss:np.float64(0.0012440681457519531) - timing_s/drafter_backward:np.float64(0.029097318649291992) - timing_s/drafter_optimizer:np.float64(0.13618040084838867) - timing_s/drafter_publish_snapshot:np.float64(0.7821643352508545) - timing_s/drafter_worker_training_loop:np.float64(0.328890323638916) - timing_s/drafter_worker_cleanup:np.float64(2.0827996730804443) - timing_s/drafter_worker_elapsed:np.float64(2.5719072818756104) - timing_s/drafter_train_rpc:np.float64(3.1842098439992697) - drafter/runtime_state:np.float64(3.0) - drafter/runtime_completed_batches:np.float64(1.0) - drafter/runtime_inflight:np.float64(0.0) - timing_s/drafter_runtime_batch_average:np.float64(3.1842098439992697) - timing_s/drafter_outer_unaccounted:np.float64(0.00973453100232291) - drafter/publish_attempted:np.float64(1.0) - drafter/published:np.float64(1.0) - timing_s/drafter_publish_wait_pending:np.float64(3.740999090950936e-06) - timing_s/drafter_publish_fetch_snapshot:np.float64(1.2369289439993736) - timing_s/drafter_publish_update_weights:np.float64(0.0014282129995990545) - training/global_step:17 - training/epoch:2 - critic/score/mean:0.0 - critic/score/max:0.0 - critic/score/min:0.0 - critic/rewards/mean:0.0 - critic/rewards/max:0.0 - critic/rewards/min:0.0 - critic/advantages/mean:0.0 - critic/advantages/max:0.0 - critic/advantages/min:0.0 - critic/returns/mean:0.0 - critic/returns/max:0.0 - critic/returns/min:0.0 - response_length/mean:64.0 - response_length/max:64.0 - response_length/min:64.0 - response_length/clip_ratio:1.0 - response_length_non_aborted/mean:64.0 - response_length_non_aborted/max:64.0 - response_length_non_aborted/min:64.0 - response_length_non_aborted/clip_ratio:1.0 - response/aborted_ratio:0.0 - prompt_length/mean:24.5 - prompt_length/max:25.0 - prompt_length/min:24.0 - prompt_length/clip_ratio:0.0 - num_turns/min:np.int32(2) - num_turns/max:np.int32(2) - num_turns/mean:np.float64(2.0) - timing_s/start_profile:0.0005791840012534522 - timing_s/agent_loop/num_preempted/min:np.int64(-1) - timing_s/agent_loop/num_preempted/max:np.int64(-1) - timing_s/agent_loop/num_preempted/mean:np.float64(-1.0) - timing_s/agent_loop/generate_sequences/min:np.float64(0.9052033309999388) - timing_s/agent_loop/generate_sequences/max:np.float64(1.0740413929997885) - timing_s/agent_loop/generate_sequences/mean:np.float64(0.9995032785009244) - timing_s/agent_loop/tool_calls/min:np.float64(0.0) - timing_s/agent_loop/tool_calls/max:np.float64(0.0) - timing_s/agent_loop/tool_calls/mean:np.float64(0.0) - timing_s/agent_loop/compute_score/min:np.float64(0.010233847999188583) - timing_s/agent_loop/compute_score/max:np.float64(0.011271895000390941) - timing_s/agent_loop/compute_score/mean:np.float64(0.010759949249404599) - timing_s/agent_loop/slowest/generate_sequences:np.float64(1.0740413929997885) - timing_s/agent_loop/slowest/tool_calls:np.float64(0.0) - timing_s/agent_loop/slowest/compute_score:np.float64(0.010233847999188583) - timing_s/agent_loop/slowest/num_preempted:np.int64(-1) - timing_s/agent_loop/slowest/prompt_length:25 - timing_s/agent_loop/slowest/response_length:64 - timing_s/gen:3.2136574480027775 - timing_s/reward:4.617600279743783e-05 - timing_s/old_log_prob:3.2337428920000093 - timing_s/adv:0.0037268659980327357 - timing_s/update_actor:6.478812502995424 - timing_s/drafter:5.154538398004661 - drafter/spec_decode/mean_acceptance_length:1.9461538461538461 - timing_s/update_weights:4.785565793001297 - timing_s/step:22.87778246599919 - timing_s/stop_profile:0.00017019799997797236 - timing_per_token_ms/update_actor:18.30173023445035 - timing_per_token_ms/gen:12.55334940626085 - timing_per_token_ms/adv:0.010527870050939931 - perf/total_num_tokens:354 - perf/time_per_step:22.87778246599919 - perf/throughput:7.736763834652954[36m(SpecoTaskRunner pid=50920)[0m
Training Progress:  85%|████████▌ | 17/20 [08:02<01:13, 24.52s/it]
[36m(SpecoWorker pid=52389)[0m INFO:2026-09-19 09:02:41,934:using ttt_length 1, no need to cache hidden states
[36m(SpecoWorker pid=52389)[0m WARNING:2026-09-19 09:02:49,282:[speco publish reclaim] role=producer global_steps=17 num_weights=13 payload_cleared=1 allocator=glibc action=malloc_trim heap_trimmed=True elapsed_sec=0.211 memory_before=(rss_gib=5.40 anon_gib=3.85 rss_shmem_gib=0.64 node_unavailable_gib=201.27 available_gib=302.22 cached_gib=320.43 node_shmem_gib=36.43 dev_shm_used_gib=0.07 dirty_gib=21.58 writeback_gib=0.01) memory_after=(rss_gib=5.16 anon_gib=3.61 rss_shmem_gib=0.64 node_unavailable_gib=201.07 available_gib=302.41 cached_gib=320.45 node_shmem_gib=36.43 dev_shm_used_gib=0.07 dirty_gib=21.56 writeback_gib=0.03)
[36m(WorkerDict pid=51134)[0m WARNING:2026-09-19 09:02:49,868:[speco publish materialize] async=True global_steps=17 elapsed_sec=0.580 num_weights=13
[36m(SpecoVLLMHttpServer pid=51406)[0m (Worker_TP0 pid=52090) WARNING:2026-09-19 09:02:49,941:SPECO committed online drafter revision=17 loaded_params=13
[36m(SpecoVLLMHttpServer pid=51406)[0m (Worker_TP1 pid=52091) WARNING:2026-09-19 09:02:49,941:SPECO committed online drafter revision=17 loaded_params=13
[36m(WorkerDict pid=51134)[0m WARNING:2026-09-19 09:02:50,769:[speco publish reclaim] role=consumer async=True global_steps=17 num_weights=13 payload_cleared=1 allocator=glibc action=malloc_trim heap_trimmed=True elapsed_sec=0.435 memory_before=(rss_gib=18.29 anon_gib=6.61 rss_shmem_gib=10.58 node_unavailable_gib=202.40 available_gib=301.09 cached_gib=320.54 node_shmem_gib=36.43 dev_shm_used_gib=0.07 dirty_gib=21.42 writeback_gib=0.03) memory_after=(rss_gib=17.42 anon_gib=5.73 rss_shmem_gib=10.58 node_unavailable_gib=201.34 available_gib=302.15 cached_gib=320.58 node_shmem_gib=36.43 dev_shm_used_gib=0.07 dirty_gib=21.38 writeback_gib=0.02)
[36m(SpecoVLLMHttpServer pid=51406)[0m (Worker_TP1 pid=52091) WARNING:2026-09-19 09:02:52,350:[speco draft sleep] drafter state saved before level-2 sleep (17 tensors)
[36m(SpecoVLLMHttpServer pid=51406)[0m (Worker_TP0 pid=52090) WARNING:2026-09-19 09:02:52,391:[speco draft sleep] drafter state saved before level-2 sleep (17 tensors)
[36m(SpecoWorker pid=52412)[0m INFO:2026-09-19 09:03:06,511:using ttt_length 1, no need to cache hidden states
[36m(SpecoWorker pid=52389)[0m INFO:2026-09-19 09:03:06,757:[drafter loss] step=1 optimizer_step_total=18 lr=1.000e-05 loss=2.8946 vloss=0.0000 ploss=2.8946
[36m(SpecoVLLMHttpServer pid=51406)[0m (Worker_TP0 pid=52090) WARNING:2026-09-19 09:03:10,418:[speco draft wake_up] drafter state restored after level-2 wake_up (17 tensors, revision=17)
[36m(SpecoVLLMHttpServer pid=51406)[0m (Worker_TP1 pid=52091) WARNING:2026-09-19 09:03:10,446:[speco draft wake_up] drafter state restored after level-2 wake_up (17 tensors, revision=17)

[36m(SpecoTaskRunner pid=50920)[0m step:18 - global_seqlen/min:176 - global_seqlen/max:176 - global_seqlen/minmax_diff:0 - global_seqlen/balanced_min:176 - global_seqlen/balanced_max:176 - global_seqlen/mean:176.0 - actor/entropy:0.0 - perf/mfu/actor_infer:0.010481801931260165 - training/rollout_probs_diff_valid:1 - training/rollout_probs_diff_max:0.1128247082233429 - training/rollout_probs_diff_mean:0.00718345632776618 - training/rollout_probs_diff_std:0.01724955067038536 - training/rollout_actor_probs_pearson_corr:0.9973258972167969 - rollout_corr/training_ppl:1.2852277755737305 - rollout_corr/training_log_ppl:0.2479068636894226 - rollout_corr/kl:0.006340864114463329 - rollout_corr/k3_kl:0.0018188306130468845 - rollout_corr/rollout_ppl:1.2767897844314575 - rollout_corr/rollout_log_ppl:0.2415659874677658 - rollout_corr/log_ppl_diff:0.006340872496366501 - rollout_corr/log_ppl_abs_diff:0.006340872496366501 - rollout_corr/log_ppl_diff_max:0.014866799116134644 - rollout_corr/log_ppl_diff_min:0.0010638684034347534 - rollout_corr/ppl_ratio:1.0063748359680176 - rollout_corr/chi2_token:-0.005732059478759766 - rollout_corr/chi2_seq:-0.4675639867782593 - actor/pg_clipfrac:np.float64(0.0) - actor/ppo_kl:np.float64(0.0) - actor/pg_clipfrac_lower:np.float64(0.0) - actor/pg_loss:np.float64(0.0) - actor/loss:np.float64(0.0) - actor/grad_norm:np.float64(0.0) - actor/lr:np.float64(1e-06) - actor/perf/max_memory_allocated_gb:np.float64(28.541846752166748) - actor/perf/max_memory_reserved_gb:np.float64(37.9921875) - actor/perf/cpu_memory_used_gb:np.float64(202.0252342224121) - perf/mfu/actor:np.float64(0.010213535299874229) - drafter/raw_drafter_samples:np.float64(4.0) - drafter/collected_samples:np.float64(2.0) - drafter/collect_interval_matched:np.float64(1.0) - drafter/collection_plan_used:np.float64(1.0) - drafter/collection_plan_collect:np.float64(1.0) - drafter/collection_plan_reason:np.float64(7.0) - drafter/collection_plan_source:np.float64(2.0) - drafter/collection_plan_interval_matched:np.float64(1.0) - drafter/collection_plan_training_interval_matched:np.float64(1.0) - drafter/collection_attempted:np.float64(1.0) - drafter/collection_completed:np.float64(1.0) - drafter/collection_outcome_reason:np.float64(1.0) - drafter/collection_rejected_samples:np.float64(0.0) - drafter/collection_worker_results:np.float64(1.0) - drafter/collection_finalized:np.float64(1.0) - drafter/collection_expired_stages:np.float64(0.0) - timing_s/drafter_collection_rpc:np.float64(0.02870243900179048) - drafter/scheduler_used:np.float64(1.0) - drafter/schedule_launch:np.float64(1.0) - drafter/schedule_interval_matched:np.float64(1.0) - drafter/schedule_strategy:np.float64(0.0) - drafter/schedule_reason:np.float64(10.0) - drafter/target_lm_head_apply_deferred:np.float64(1.0) - drafter/target_lm_head_selected_rows:np.float64(32000.0) - drafter/target_lm_head_source_vocab_size:np.float64(151936.0) - drafter/target_lm_head_direct_sparse_export:np.float64(0.0) - timing_s/drafter_sync_target_lm_head_fetch:np.float64(2.0677260289994592) - timing_s/drafter_sync_target_lm_head_dispatch:np.float64(0.9677193400020769) - drafter/train_interval_matched:np.float64(1.0) - drafter/target_lm_head_synced:np.float64(1.0) - timing_s/drafter_sync_target_lm_head:np.float64(3.0488064059973112) - timing_s/drafter_sync_target_lm_head_apply:np.float64(0.9680547589996422) - timing_s/drafter_sync_target_lm_head_wait:np.float64(0.00033541899756528437) - timing_s/drafter_sync_target_lm_head_overlap_window:np.float64(6.63239116800105) - drafter/trained:np.float64(1.0) - drafter/train_successful_steps_max:np.int64(1) - drafter/train_no_trainable_batch:np.float64(0.0) - drafter/train_activation_failed:np.float64(0.0) - drafter/train_attempted_batches_max:np.int64(1) - drafter/train_buffer_size_before_min:np.int64(2) - drafter/train_buffer_size_after_min:np.int64(0) - drafter/train_optimizer_step_max:np.int64(18) - drafter/train_worker_results_consistent:np.float64(1.0) - drafter/train_worker_ids_consistent:np.float64(1.0) - drafter/train_worker_incarnations_consistent:np.float64(1.0) - drafter/train_plan_ids_consistent:np.float64(1.0) - drafter/train_source_steps_consistent:np.float64(1.0) - drafter/train_data_versions_consistent:np.float64(1.0) - drafter/train_target_versions_consistent:np.float64(1.0) - drafter/train_successful_steps_consistent:np.float64(1.0) - drafter/train_optimizer_steps_consistent:np.float64(1.0) - drafter/train_publish_leader_count:np.float64(1.0) - drafter/train_publish_leader_snapshot_ready:np.float64(1.0) - timing_s/drafter_prepare_batch:np.float64(0.0030155181884765625) - timing_s/drafter_forward_loss:np.float64(0.09602761268615723) - timing_s/drafter_reduce_loss:np.float64(0.0014259815216064453) - timing_s/drafter_backward:np.float64(0.031397342681884766) - timing_s/drafter_optimizer:np.float64(0.13628530502319336) - timing_s/drafter_publish_snapshot:np.float64(0.8165590763092041) - timing_s/drafter_worker_training_loop:np.float64(0.2520585060119629) - timing_s/drafter_worker_cleanup:np.float64(2.1612701416015625) - timing_s/drafter_worker_elapsed:np.float64(2.6450023651123047) - timing_s/drafter_train_rpc:np.float64(3.3040623670021887) - drafter/runtime_state:np.float64(3.0) - drafter/runtime_completed_batches:np.float64(1.0) - drafter/runtime_inflight:np.float64(0.0) - timing_s/drafter_runtime_batch_average:np.float64(3.3040623670021887) - timing_s/drafter_outer_unaccounted:np.float64(0.009802012998989085) - drafter/publish_attempted:np.float64(1.0) - drafter/published:np.float64(1.0) - timing_s/drafter_publish_wait_pending:np.float64(3.444998583290726e-06) - timing_s/drafter_publish_fetch_snapshot:np.float64(1.2207707450033922) - timing_s/drafter_publish_update_weights:np.float64(0.0014152839976304676) - training/global_step:18 - training/epoch:2 - critic/score/mean:0.0 - critic/score/max:0.0 - critic/score/min:0.0 - critic/rewards/mean:0.0 - critic/rewards/max:0.0 - critic/rewards/min:0.0 - critic/advantages/mean:0.0 - critic/advantages/max:0.0 - critic/advantages/min:0.0 - critic/returns/mean:0.0 - critic/returns/max:0.0 - critic/returns/min:0.0 - response_length/mean:64.0 - response_length/max:64.0 - response_length/min:64.0 - response_length/clip_ratio:1.0 - response_length_non_aborted/mean:64.0 - response_length_non_aborted/max:64.0 - response_length_non_aborted/min:64.0 - response_length_non_aborted/clip_ratio:1.0 - response/aborted_ratio:0.0 - prompt_length/mean:24.0 - prompt_length/max:24.0 - prompt_length/min:24.0 - prompt_length/clip_ratio:0.0 - num_turns/min:np.int32(2) - num_turns/max:np.int32(2) - num_turns/mean:np.float64(2.0) - timing_s/start_profile:0.00018147399896406569 - timing_s/agent_loop/num_preempted/min:np.int64(-1) - timing_s/agent_loop/num_preempted/max:np.int64(-1) - timing_s/agent_loop/num_preempted/mean:np.float64(-1.0) - timing_s/agent_loop/generate_sequences/min:np.float64(0.9885956299985992) - timing_s/agent_loop/generate_sequences/max:np.float64(1.134806562000449) - timing_s/agent_loop/generate_sequences/mean:np.float64(1.0749567884995486) - timing_s/agent_loop/tool_calls/min:np.float64(0.0) - timing_s/agent_loop/tool_calls/max:np.float64(0.0) - timing_s/agent_loop/tool_calls/mean:np.float64(0.0) - timing_s/agent_loop/compute_score/min:np.float64(0.00801391999993939) - timing_s/agent_loop/compute_score/max:np.float64(0.010670035997463856) - timing_s/agent_loop/compute_score/mean:np.float64(0.009740179750224343) - timing_s/agent_loop/slowest/generate_sequences:np.float64(1.134806562000449) - timing_s/agent_loop/slowest/tool_calls:np.float64(0.0) - timing_s/agent_loop/slowest/compute_score:np.float64(0.00801391999993939) - timing_s/agent_loop/slowest/num_preempted:np.int64(-1) - timing_s/agent_loop/slowest/prompt_length:24 - timing_s/agent_loop/slowest/response_length:64 - timing_s/gen:3.238172786001087 - timing_s/reward:2.8235001082066447e-05 - timing_s/old_log_prob:3.6123171520011965 - timing_s/adv:0.004465371999685885 - timing_s/update_actor:6.632413108000037 - timing_s/drafter:6.362670785998489 - drafter/spec_decode/mean_acceptance_length:1.7569444444444444 - timing_s/update_weights:4.509904199996527 - timing_s/step:24.366961255997012 - timing_s/stop_profile:0.00015186399832600728 - timing_per_token_ms/update_actor:18.842082693181922 - timing_per_token_ms/gen:12.649112445316746 - timing_per_token_ms/adv:0.012685715908198537 - perf/total_num_tokens:352 - perf/time_per_step:24.366961255997012 - perf/throughput:7.2228948924308[36m(SpecoTaskRunner pid=50920)[0m
Training Progress:  90%|█████████ | 18/20 [08:26<00:48, 24.47s/it]
[36m(SpecoWorker pid=52389)[0m INFO:2026-09-19 09:03:06,511:using ttt_length 1, no need to cache hidden states
[36m(SpecoWorker pid=52389)[0m WARNING:2026-09-19 09:03:13,659:[speco publish reclaim] role=producer global_steps=18 num_weights=13 payload_cleared=1 allocator=glibc action=malloc_trim heap_trimmed=True elapsed_sec=0.212 memory_before=(rss_gib=5.40 anon_gib=3.85 rss_shmem_gib=0.64 node_unavailable_gib=200.67 available_gib=302.82 cached_gib=322.00 node_shmem_gib=36.42 dev_shm_used_gib=0.07 dirty_gib=20.79 writeback_gib=0.01) memory_after=(rss_gib=5.14 anon_gib=3.60 rss_shmem_gib=0.64 node_unavailable_gib=200.30 available_gib=303.19 cached_gib=322.01 node_shmem_gib=36.42 dev_shm_used_gib=0.07 dirty_gib=20.78 writeback_gib=0.01)
[36m(WorkerDict pid=51134)[0m WARNING:2026-09-19 09:03:14,153:[speco publish materialize] async=True global_steps=18 elapsed_sec=0.488 num_weights=13
[36m(SpecoVLLMHttpServer pid=51406)[0m (Worker_TP0 pid=52090) WARNING:2026-09-19 09:03:14,283:SPECO committed online drafter revision=18 loaded_params=13
[36m(SpecoVLLMHttpServer pid=51406)[0m (Worker_TP1 pid=52091) WARNING:2026-09-19 09:03:14,287:SPECO committed online drafter revision=18 loaded_params=13
[36m(WorkerDict pid=51134)[0m WARNING:2026-09-19 09:03:15,102:[speco publish reclaim] role=consumer async=True global_steps=18 num_weights=13 payload_cleared=1 allocator=glibc action=malloc_trim heap_trimmed=True elapsed_sec=0.425 memory_before=(rss_gib=18.32 anon_gib=6.64 rss_shmem_gib=10.58 node_unavailable_gib=201.48 available_gib=302.01 cached_gib=322.07 node_shmem_gib=36.42 dev_shm_used_gib=0.07 dirty_gib=20.76 writeback_gib=0.02) memory_after=(rss_gib=17.42 anon_gib=5.73 rss_shmem_gib=10.58 node_unavailable_gib=200.46 available_gib=303.02 cached_gib=322.08 node_shmem_gib=36.42 dev_shm_used_gib=0.07 dirty_gib=20.76 writeback_gib=0.02)
[36m(SpecoVLLMHttpServer pid=51406)[0m (Worker_TP1 pid=52091) WARNING:2026-09-19 09:03:16,663:[speco draft sleep] drafter state saved before level-2 sleep (17 tensors)
[36m(SpecoVLLMHttpServer pid=51406)[0m (Worker_TP0 pid=52090) WARNING:2026-09-19 09:03:16,667:[speco draft sleep] drafter state saved before level-2 sleep (17 tensors)
[36m(SpecoWorker pid=52412)[0m INFO:2026-09-19 09:03:29,571:using ttt_length 1, no need to cache hidden states
[36m(SpecoWorker pid=52389)[0m INFO:2026-09-19 09:03:29,818:[drafter loss] step=1 optimizer_step_total=19 lr=1.000e-05 loss=2.7537 vloss=0.0000 ploss=2.7537
[36m(SpecoVLLMHttpServer pid=51406)[0m (Worker_TP1 pid=52091) WARNING:2026-09-19 09:03:33,519:[speco draft wake_up] drafter state restored after level-2 wake_up (17 tensors, revision=18)
[36m(SpecoVLLMHttpServer pid=51406)[0m (Worker_TP0 pid=52090) WARNING:2026-09-19 09:03:33,520:[speco draft wake_up] drafter state restored after level-2 wake_up (17 tensors, revision=18)

[36m(SpecoTaskRunner pid=50920)[0m step:19 - global_seqlen/min:176 - global_seqlen/max:176 - global_seqlen/minmax_diff:0 - global_seqlen/balanced_min:176 - global_seqlen/balanced_max:176 - global_seqlen/mean:176.0 - actor/entropy:0.0 - perf/mfu/actor_infer:0.010510066783523774 - training/rollout_probs_diff_valid:1 - training/rollout_probs_diff_max:0.07515645027160645 - training/rollout_probs_diff_mean:0.005066265352070332 - training/rollout_probs_diff_std:0.013524922542273998 - training/rollout_actor_probs_pearson_corr:0.997431218624115 - rollout_corr/training_ppl:1.1627717018127441 - rollout_corr/training_log_ppl:0.14997318387031555 - rollout_corr/kl:9.391944331582636e-06 - rollout_corr/k3_kl:0.0006931773386895657 - rollout_corr/rollout_ppl:1.1626741886138916 - rollout_corr/rollout_log_ppl:0.14996379613876343 - rollout_corr/log_ppl_diff:9.387731552124023e-06 - rollout_corr/log_ppl_abs_diff:0.002834424376487732 - rollout_corr/log_ppl_diff_max:0.004133313894271851 - rollout_corr/log_ppl_diff_min:-0.005650073289871216 - rollout_corr/ppl_ratio:1.0000157356262207 - rollout_corr/chi2_token:0.0027583837509155273 - rollout_corr/chi2_seq:0.11631524562835693 - actor/pg_clipfrac:np.float64(0.0) - actor/ppo_kl:np.float64(0.0) - actor/pg_clipfrac_lower:np.float64(0.0) - actor/pg_loss:np.float64(0.0) - actor/loss:np.float64(0.0) - actor/grad_norm:np.float64(0.0) - actor/lr:np.float64(1e-06) - actor/perf/max_memory_allocated_gb:np.float64(28.541846752166748) - actor/perf/max_memory_reserved_gb:np.float64(37.9921875) - actor/perf/cpu_memory_used_gb:np.float64(201.21037673950195) - perf/mfu/actor:np.float64(0.010264620669536331) - drafter/raw_drafter_samples:np.float64(4.0) - drafter/collected_samples:np.float64(2.0) - drafter/collect_interval_matched:np.float64(1.0) - drafter/collection_plan_used:np.float64(1.0) - drafter/collection_plan_collect:np.float64(1.0) - drafter/collection_plan_reason:np.float64(7.0) - drafter/collection_plan_source:np.float64(2.0) - drafter/collection_plan_interval_matched:np.float64(1.0) - drafter/collection_plan_training_interval_matched:np.float64(1.0) - drafter/collection_attempted:np.float64(1.0) - drafter/collection_completed:np.float64(1.0) - drafter/collection_outcome_reason:np.float64(1.0) - drafter/collection_rejected_samples:np.float64(0.0) - drafter/collection_worker_results:np.float64(1.0) - drafter/collection_finalized:np.float64(1.0) - drafter/collection_expired_stages:np.float64(0.0) - timing_s/drafter_collection_rpc:np.float64(0.02900576399770216) - drafter/scheduler_used:np.float64(1.0) - drafter/schedule_launch:np.float64(1.0) - drafter/schedule_interval_matched:np.float64(1.0) - drafter/schedule_strategy:np.float64(0.0) - drafter/schedule_reason:np.float64(10.0) - drafter/target_lm_head_apply_deferred:np.float64(1.0) - drafter/target_lm_head_selected_rows:np.float64(32000.0) - drafter/target_lm_head_source_vocab_size:np.float64(151936.0) - drafter/target_lm_head_direct_sparse_export:np.float64(0.0) - timing_s/drafter_sync_target_lm_head_fetch:np.float64(1.7771287139985361) - timing_s/drafter_sync_target_lm_head_dispatch:np.float64(0.29891765100182965) - drafter/train_interval_matched:np.float64(1.0) - drafter/target_lm_head_synced:np.float64(1.0) - timing_s/drafter_sync_target_lm_head:np.float64(2.0885890910030867) - timing_s/drafter_sync_target_lm_head_apply:np.float64(0.29930684700229904) - timing_s/drafter_sync_target_lm_head_wait:np.float64(0.00038919600046938285) - timing_s/drafter_sync_target_lm_head_overlap_window:np.float64(6.590205462998711) - drafter/trained:np.float64(1.0) - drafter/train_successful_steps_max:np.int64(1) - drafter/train_no_trainable_batch:np.float64(0.0) - drafter/train_activation_failed:np.float64(0.0) - drafter/train_attempted_batches_max:np.int64(1) - drafter/train_buffer_size_before_min:np.int64(2) - drafter/train_buffer_size_after_min:np.int64(0) - drafter/train_optimizer_step_max:np.int64(19) - drafter/train_worker_results_consistent:np.float64(1.0) - drafter/train_worker_ids_consistent:np.float64(1.0) - drafter/train_worker_incarnations_consistent:np.float64(1.0) - drafter/train_plan_ids_consistent:np.float64(1.0) - drafter/train_source_steps_consistent:np.float64(1.0) - drafter/train_data_versions_consistent:np.float64(1.0) - drafter/train_target_versions_consistent:np.float64(1.0) - drafter/train_successful_steps_consistent:np.float64(1.0) - drafter/train_optimizer_steps_consistent:np.float64(1.0) - drafter/train_publish_leader_count:np.float64(1.0) - drafter/train_publish_leader_snapshot_ready:np.float64(1.0) - timing_s/drafter_prepare_batch:np.float64(0.0033059120178222656) - timing_s/drafter_forward_loss:np.float64(0.09588241577148438) - timing_s/drafter_reduce_loss:np.float64(0.0013246536254882812) - timing_s/drafter_backward:np.float64(0.029126644134521484) - timing_s/drafter_optimizer:np.float64(0.13648557662963867) - timing_s/drafter_publish_snapshot:np.float64(0.805811882019043) - timing_s/drafter_worker_training_loop:np.float64(0.2529306411743164) - timing_s/drafter_worker_cleanup:np.float64(2.188225030899048) - timing_s/drafter_worker_elapsed:np.float64(2.653834581375122) - timing_s/drafter_train_rpc:np.float64(3.268420939002681) - drafter/runtime_state:np.float64(3.0) - drafter/runtime_completed_batches:np.float64(1.0) - drafter/runtime_inflight:np.float64(0.0) - timing_s/drafter_runtime_batch_average:np.float64(3.268420939002681) - timing_s/drafter_outer_unaccounted:np.float64(0.009220361993357074) - drafter/publish_attempted:np.float64(1.0) - drafter/published:np.float64(1.0) - timing_s/drafter_publish_wait_pending:np.float64(7.140999514376745e-06) - timing_s/drafter_publish_fetch_snapshot:np.float64(2.1474116680001316) - timing_s/drafter_publish_update_weights:np.float64(0.0014400769978237804) - training/global_step:19 - training/epoch:2 - critic/score/mean:0.0 - critic/score/max:0.0 - critic/score/min:0.0 - critic/rewards/mean:0.0 - critic/rewards/max:0.0 - critic/rewards/min:0.0 - critic/advantages/mean:0.0 - critic/advantages/max:0.0 - critic/advantages/min:0.0 - critic/returns/mean:0.0 - critic/returns/max:0.0 - critic/returns/min:0.0 - response_length/mean:64.0 - response_length/max:64.0 - response_length/min:64.0 - response_length/clip_ratio:1.0 - response_length_non_aborted/mean:64.0 - response_length_non_aborted/max:64.0 - response_length_non_aborted/min:64.0 - response_length_non_aborted/clip_ratio:1.0 - response/aborted_ratio:0.0 - prompt_length/mean:24.0 - prompt_length/max:24.0 - prompt_length/min:24.0 - prompt_length/clip_ratio:0.0 - num_turns/min:np.int32(2) - num_turns/max:np.int32(2) - num_turns/mean:np.float64(2.0) - timing_s/start_profile:0.00014650400044047274 - timing_s/agent_loop/num_preempted/min:np.int64(-1) - timing_s/agent_loop/num_preempted/max:np.int64(-1) - timing_s/agent_loop/num_preempted/mean:np.float64(-1.0) - timing_s/agent_loop/generate_sequences/min:np.float64(0.8730695449994528) - timing_s/agent_loop/generate_sequences/max:np.float64(1.1105285740013642) - timing_s/agent_loop/generate_sequences/mean:np.float64(0.9983712560006097) - timing_s/agent_loop/tool_calls/min:np.float64(0.0) - timing_s/agent_loop/tool_calls/max:np.float64(0.0) - timing_s/agent_loop/tool_calls/mean:np.float64(0.0) - timing_s/agent_loop/compute_score/min:np.float64(0.01063482599784038) - timing_s/agent_loop/compute_score/max:np.float64(0.011103102999186376) - timing_s/agent_loop/compute_score/mean:np.float64(0.01085991524905694) - timing_s/agent_loop/slowest/generate_sequences:np.float64(1.1105285740013642) - timing_s/agent_loop/slowest/tool_calls:np.float64(0.0) - timing_s/agent_loop/slowest/compute_score:np.float64(0.01063482599784038) - timing_s/agent_loop/slowest/num_preempted:np.int64(-1) - timing_s/agent_loop/slowest/prompt_length:24 - timing_s/agent_loop/slowest/response_length:64 - timing_s/gen:3.1224960680010554 - timing_s/reward:2.719799886108376e-05 - timing_s/old_log_prob:3.46025072500197 - timing_s/adv:0.003538147997460328 - timing_s/update_actor:6.590165337001963 - timing_s/drafter:5.3662303919991245 - drafter/spec_decode/mean_acceptance_length:1.9612403100775193 - timing_s/update_weights:5.444126661001064 - timing_s/step:23.99322485599987 - timing_s/stop_profile:0.00018816100055119023 - timing_per_token_ms/update_actor:18.72206061648285 - timing_per_token_ms/gen:12.197250265629123 - timing_per_token_ms/adv:0.01005155681096684 - perf/total_num_tokens:352 - perf/time_per_step:23.99322485599987 - perf/throughput:7.335404100795085[36m(SpecoTaskRunner pid=50920)[0m
Training Progress:  95%|█████████▌| 19/20 [08:50<00:24, 24.33s/it]
[36m(SpecoWorker pid=52389)[0m INFO:2026-09-19 09:03:29,571:using ttt_length 1, no need to cache hidden states
[36m(SpecoWorker pid=52389)[0m WARNING:2026-09-19 09:03:37,662:[speco publish reclaim] role=producer global_steps=19 num_weights=13 payload_cleared=1 allocator=glibc action=malloc_trim heap_trimmed=True elapsed_sec=0.209 memory_before=(rss_gib=5.41 anon_gib=3.86 rss_shmem_gib=0.64 node_unavailable_gib=201.00 available_gib=302.48 cached_gib=323.67 node_shmem_gib=36.54 dev_shm_used_gib=0.07 dirty_gib=20.72 writeback_gib=0.02) memory_after=(rss_gib=5.14 anon_gib=3.60 rss_shmem_gib=0.64 node_unavailable_gib=200.67 available_gib=302.82 cached_gib=323.56 node_shmem_gib=36.42 dev_shm_used_gib=0.07 dirty_gib=20.70 writeback_gib=0.04)
[36m(WorkerDict pid=51134)[0m WARNING:2026-09-19 09:03:38,084:[speco publish materialize] async=True global_steps=19 elapsed_sec=0.416 num_weights=13
[36m(SpecoVLLMHttpServer pid=51406)[0m (Worker_TP1 pid=52091) WARNING:2026-09-19 09:03:38,318:SPECO committed online drafter revision=19 loaded_params=13
[36m(SpecoVLLMHttpServer pid=51406)[0m (Worker_TP0 pid=52090) WARNING:2026-09-19 09:03:38,318:SPECO committed online drafter revision=19 loaded_params=13
[36m(WorkerDict pid=51134)[0m WARNING:2026-09-19 09:03:39,141:[speco publish reclaim] role=consumer async=True global_steps=19 num_weights=13 payload_cleared=1 allocator=glibc action=malloc_trim heap_trimmed=True elapsed_sec=0.430 memory_before=(rss_gib=18.34 anon_gib=6.65 rss_shmem_gib=10.58 node_unavailable_gib=202.09 available_gib=301.39 cached_gib=323.57 node_shmem_gib=36.43 dev_shm_used_gib=0.07 dirty_gib=20.66 writeback_gib=0.05) memory_after=(rss_gib=17.42 anon_gib=5.73 rss_shmem_gib=10.58 node_unavailable_gib=201.26 available_gib=302.23 cached_gib=323.70 node_shmem_gib=36.54 dev_shm_used_gib=0.07 dirty_gib=20.66 writeback_gib=0.01)
[36m(SpecoVLLMHttpServer pid=51406)[0m (Worker_TP1 pid=52091) WARNING:2026-09-19 09:03:41,149:[speco draft sleep] drafter state saved before level-2 sleep (17 tensors)
[36m(SpecoVLLMHttpServer pid=51406)[0m (Worker_TP0 pid=52090) WARNING:2026-09-19 09:03:41,154:[speco draft sleep] drafter state saved before level-2 sleep (17 tensors)
[36m(SpecoWorker pid=52412)[0m INFO:2026-09-19 09:03:54,287:using ttt_length 1, no need to cache hidden states
[36m(SpecoWorker pid=52389)[0m INFO:2026-09-19 09:03:54,534:[drafter loss] step=1 optimizer_step_total=20 lr=1.000e-05 loss=2.4814 vloss=0.0000 ploss=2.4814
[36m(SpecoVLLMHttpServer pid=51406)[0m (Worker_TP1 pid=52091) WARNING:2026-09-19 09:03:58,354:[speco draft wake_up] drafter state restored after level-2 wake_up (17 tensors, revision=19)
[36m(SpecoVLLMHttpServer pid=51406)[0m (Worker_TP0 pid=52090) WARNING:2026-09-19 09:03:58,355:[speco draft wake_up] drafter state restored after level-2 wake_up (17 tensors, revision=19)

[36m(SpecoTaskRunner pid=50920)[0m step:20 - global_seqlen/min:178 - global_seqlen/max:178 - global_seqlen/minmax_diff:0 - global_seqlen/balanced_min:178 - global_seqlen/balanced_max:178 - global_seqlen/mean:178.0 - actor/entropy:0.0 - perf/mfu/actor_infer:0.008745718678529064 - training/rollout_probs_diff_valid:1 - training/rollout_probs_diff_max:0.12388467788696289 - training/rollout_probs_diff_mean:0.005273549817502499 - training/rollout_probs_diff_std:0.016378816217184067 - training/rollout_actor_probs_pearson_corr:0.9967252612113953 - rollout_corr/training_ppl:1.1766682863235474 - rollout_corr/training_log_ppl:0.16061386466026306 - rollout_corr/kl:-0.00224496703594923 - rollout_corr/k3_kl:0.0011243605986237526 - rollout_corr/rollout_ppl:1.1789296865463257 - rollout_corr/rollout_log_ppl:0.16285884380340576 - rollout_corr/log_ppl_diff:-0.0022449642419815063 - rollout_corr/log_ppl_abs_diff:0.006600826978683472 - rollout_corr/log_ppl_diff_max:0.00871172547340393 - rollout_corr/log_ppl_diff_min:-0.008698776364326477 - rollout_corr/ppl_ratio:0.997779905796051 - rollout_corr/chi2_token:0.009085416793823242 - rollout_corr/chi2_seq:0.7582352161407471 - actor/pg_clipfrac:np.float64(0.0) - actor/ppo_kl:np.float64(0.0) - actor/pg_clipfrac_lower:np.float64(0.0) - actor/pg_loss:np.float64(0.0) - actor/loss:np.float64(0.0) - actor/grad_norm:np.float64(0.0) - actor/lr:np.float64(1e-06) - actor/perf/max_memory_allocated_gb:np.float64(28.541846752166748) - actor/perf/max_memory_reserved_gb:np.float64(37.9921875) - actor/perf/cpu_memory_used_gb:np.float64(201.6180877685547) - perf/mfu/actor:np.float64(0.010435103937431378) - drafter/raw_drafter_samples:np.float64(4.0) - drafter/collected_samples:np.float64(2.0) - drafter/collect_interval_matched:np.float64(1.0) - drafter/collection_plan_used:np.float64(1.0) - drafter/collection_plan_collect:np.float64(1.0) - drafter/collection_plan_reason:np.float64(7.0) - drafter/collection_plan_source:np.float64(2.0) - drafter/collection_plan_interval_matched:np.float64(1.0) - drafter/collection_plan_training_interval_matched:np.float64(1.0) - drafter/collection_attempted:np.float64(1.0) - drafter/collection_completed:np.float64(1.0) - drafter/collection_outcome_reason:np.float64(1.0) - drafter/collection_rejected_samples:np.float64(0.0) - drafter/collection_worker_results:np.float64(1.0) - drafter/collection_finalized:np.float64(1.0) - drafter/collection_expired_stages:np.float64(0.0) - timing_s/drafter_collection_rpc:np.float64(0.03521874099897104) - drafter/scheduler_used:np.float64(1.0) - drafter/schedule_launch:np.float64(1.0) - drafter/schedule_interval_matched:np.float64(1.0) - drafter/schedule_strategy:np.float64(0.0) - drafter/schedule_reason:np.float64(10.0) - drafter/target_lm_head_apply_deferred:np.float64(1.0) - drafter/target_lm_head_selected_rows:np.float64(32000.0) - drafter/target_lm_head_source_vocab_size:np.float64(151936.0) - drafter/target_lm_head_direct_sparse_export:np.float64(0.0) - timing_s/drafter_sync_target_lm_head_fetch:np.float64(1.7383310430013807) - timing_s/drafter_sync_target_lm_head_dispatch:np.float64(0.2576732950001315) - drafter/train_interval_matched:np.float64(1.0) - drafter/target_lm_head_synced:np.float64(1.0) - timing_s/drafter_sync_target_lm_head:np.float64(2.0099748879983963) - timing_s/drafter_sync_target_lm_head_apply:np.float64(0.25803296199956094) - timing_s/drafter_sync_target_lm_head_wait:np.float64(0.00035966699942946434) - timing_s/drafter_sync_target_lm_head_overlap_window:np.float64(6.499115599999641) - drafter/trained:np.float64(1.0) - drafter/train_successful_steps_max:np.int64(1) - drafter/train_no_trainable_batch:np.float64(0.0) - drafter/train_activation_failed:np.float64(0.0) - drafter/train_attempted_batches_max:np.int64(1) - drafter/train_buffer_size_before_min:np.int64(2) - drafter/train_buffer_size_after_min:np.int64(0) - drafter/train_optimizer_step_max:np.int64(20) - drafter/train_worker_results_consistent:np.float64(1.0) - drafter/train_worker_ids_consistent:np.float64(1.0) - drafter/train_worker_incarnations_consistent:np.float64(1.0) - drafter/train_plan_ids_consistent:np.float64(1.0) - drafter/train_source_steps_consistent:np.float64(1.0) - drafter/train_data_versions_consistent:np.float64(1.0) - drafter/train_target_versions_consistent:np.float64(1.0) - drafter/train_successful_steps_consistent:np.float64(1.0) - drafter/train_optimizer_steps_consistent:np.float64(1.0) - drafter/train_publish_leader_count:np.float64(1.0) - drafter/train_publish_leader_snapshot_ready:np.float64(1.0) - timing_s/drafter_prepare_batch:np.float64(0.0030851364135742188) - timing_s/drafter_forward_loss:np.float64(0.09575867652893066) - timing_s/drafter_reduce_loss:np.float64(0.0014431476593017578) - timing_s/drafter_backward:np.float64(0.04524493217468262) - timing_s/drafter_optimizer:np.float64(0.13689184188842773) - timing_s/drafter_publish_snapshot:np.float64(0.8057346343994141) - timing_s/drafter_worker_training_loop:np.float64(0.31473660469055176) - timing_s/drafter_worker_cleanup:np.float64(2.1520025730133057) - timing_s/drafter_worker_elapsed:np.float64(2.7332425117492676) - timing_s/drafter_train_rpc:np.float64(3.3704816559984465) - drafter/runtime_state:np.float64(3.0) - drafter/runtime_completed_batches:np.float64(1.0) - drafter/runtime_inflight:np.float64(0.0) - timing_s/drafter_runtime_batch_average:np.float64(3.3704816559984465) - timing_s/drafter_outer_unaccounted:np.float64(0.008611806002591038) - drafter/publish_attempted:np.float64(1.0) - drafter/published:np.float64(1.0) - timing_s/drafter_publish_wait_pending:np.float64(3.1720010156277567e-06) - timing_s/drafter_publish_fetch_snapshot:np.float64(1.0541608269995777) - timing_s/drafter_publish_update_weights:np.float64(0.0023292949990718625) - training/global_step:20 - training/epoch:2 - critic/score/mean:0.0 - critic/score/max:0.0 - critic/score/min:0.0 - critic/rewards/mean:0.0 - critic/rewards/max:0.0 - critic/rewards/min:0.0 - critic/advantages/mean:0.0 - critic/advantages/max:0.0 - critic/advantages/min:0.0 - critic/returns/mean:0.0 - critic/returns/max:0.0 - critic/returns/min:0.0 - response_length/mean:64.0 - response_length/max:64.0 - response_length/min:64.0 - response_length/clip_ratio:1.0 - response_length_non_aborted/mean:64.0 - response_length_non_aborted/max:64.0 - response_length_non_aborted/min:64.0 - response_length_non_aborted/clip_ratio:1.0 - response/aborted_ratio:0.0 - prompt_length/mean:25.0 - prompt_length/max:25.0 - prompt_length/min:25.0 - prompt_length/clip_ratio:0.0 - num_turns/min:np.int32(2) - num_turns/max:np.int32(2) - num_turns/mean:np.float64(2.0) - timing_s/start_profile:0.00013623500126414 - timing_s/agent_loop/num_preempted/min:np.int64(-1) - timing_s/agent_loop/num_preempted/max:np.int64(-1) - timing_s/agent_loop/num_preempted/mean:np.float64(-1.0) - timing_s/agent_loop/generate_sequences/min:np.float64(0.9376692119985819) - timing_s/agent_loop/generate_sequences/max:np.float64(1.1277965860026598) - timing_s/agent_loop/generate_sequences/mean:np.float64(1.0399663827502081) - timing_s/agent_loop/tool_calls/min:np.float64(0.0) - timing_s/agent_loop/tool_calls/max:np.float64(0.0) - timing_s/agent_loop/tool_calls/mean:np.float64(0.0) - timing_s/agent_loop/compute_score/min:np.float64(0.00777725000079954) - timing_s/agent_loop/compute_score/max:np.float64(0.01495577300011064) - timing_s/agent_loop/compute_score/mean:np.float64(0.010678887249014224) - timing_s/agent_loop/slowest/generate_sequences:np.float64(1.1277965860026598) - timing_s/agent_loop/slowest/tool_calls:np.float64(0.0) - timing_s/agent_loop/slowest/compute_score:np.float64(0.01495577300011064) - timing_s/agent_loop/slowest/num_preempted:np.int64(-1) - timing_s/agent_loop/slowest/prompt_length:25 - timing_s/agent_loop/slowest/response_length:64 - timing_s/gen:3.6480263199991896 - timing_s/reward:3.604800076573156e-05 - timing_s/old_log_prob:3.792552232000162 - timing_s/adv:0.003492007999739144 - timing_s/update_actor:6.499127965998923 - timing_s/drafter:5.389068349999434 - drafter/spec_decode/mean_acceptance_length:1.9689922480620154 - timing_s/update_weights:4.813861845002975 - timing_s/step:24.152453226000944 - timing_s/stop_profile:0.00020353600120870396 - timing_per_token_ms/update_actor:18.255977432581243 - timing_per_token_ms/gen:14.250102812496834 - timing_per_token_ms/adv:0.009809011235222315 - perf/total_num_tokens:356 - perf/time_per_step:24.152453226000944 - perf/throughput:7.3698517634795335[36m(SpecoTaskRunner pid=50920)[0m
Training Progress: 100%|██████████| 20/20 [09:14<00:00, 24.28s/it]
Training Progress: 100%|██████████| 20/20 [09:14<00:00, 27.74s/it]
[36m(SpecoWorker pid=52389)[0m INFO:2026-09-19 09:03:54,287:using ttt_length 1, no need to cache hidden states
[36m(SpecoWorker pid=52389)[0m WARNING:2026-09-19 09:04:01,822:[speco publish reclaim] role=producer global_steps=20 num_weights=13 payload_cleared=1 allocator=glibc action=malloc_trim heap_trimmed=True elapsed_sec=0.198 memory_before=(rss_gib=5.40 anon_gib=3.85 rss_shmem_gib=0.64 node_unavailable_gib=200.56 available_gib=302.93 cached_gib=324.40 node_shmem_gib=36.42 dev_shm_used_gib=0.07 dirty_gib=20.40 writeback_gib=0.04) memory_after=(rss_gib=5.14 anon_gib=3.60 rss_shmem_gib=0.64 node_unavailable_gib=200.31 available_gib=303.18 cached_gib=324.40 node_shmem_gib=36.42 dev_shm_used_gib=0.07 dirty_gib=20.40 writeback_gib=0.01)
[36m(WorkerDict pid=51134)[0m WARNING:2026-09-19 09:04:02,438:[speco publish materialize] async=True global_steps=20 elapsed_sec=0.605 num_weights=13
[36m(SpecoVLLMHttpServer pid=51406)[0m (Worker_TP0 pid=52090) WARNING:2026-09-19 09:04:02,503:SPECO committed online drafter revision=20 loaded_params=13
[36m(SpecoVLLMHttpServer pid=51406)[0m (Worker_TP1 pid=52091) WARNING:2026-09-19 09:04:02,506:SPECO committed online drafter revision=20 loaded_params=13
[36m(WorkerDict pid=51134)[0m WARNING:2026-09-19 09:04:03,340:[speco publish reclaim] role=consumer async=True global_steps=20 num_weights=13 payload_cleared=1 allocator=glibc action=malloc_trim heap_trimmed=True elapsed_sec=0.434 memory_before=(rss_gib=18.24 anon_gib=6.56 rss_shmem_gib=10.58 node_unavailable_gib=201.72 available_gib=301.77 cached_gib=324.44 node_shmem_gib=36.42 dev_shm_used_gib=0.07 dirty_gib=20.28 writeback_gib=0.01) memory_after=(rss_gib=17.42 anon_gib=5.73 rss_shmem_gib=10.58 node_unavailable_gib=200.72 available_gib=302.76 cached_gib=324.46 node_shmem_gib=36.42 dev_shm_used_gib=0.07 dirty_gib=20.15 writeback_gib=0.09)

[36m(SpecoTaskRunner pid=50920)[0m 'Final validation metrics: None'
