/experiment/.venv-clean/lib/python3.12/site-packages/verl/workers/engine/__init__.py:31: UserWarning: torchtitan engine is not available: ModuleNotFoundError("No module named 'torchtitan'")
  warnings.warn(f"torchtitan engine is not available: {e!r}", stacklevel=1)
/experiment/.venv-clean/lib/python3.12/site-packages/verl/workers/engine/__init__.py:40: UserWarning: veomni engine is not available: ModuleNotFoundError("No module named 'veomni'")
  warnings.warn(f"veomni engine is not available: {e!r}", stacklevel=1)
/experiment/.venv-clean/lib/python3.12/site-packages/verl/workers/engine/__init__.py:49: UserWarning: automodel engine is not available: ModuleNotFoundError("No module named 'nemo_automodel'")
  warnings.warn(f"automodel engine is not available: {e!r}", stacklevel=1)
/experiment/.venv-clean/lib/python3.12/site-packages/verl/workers/engine/mindspeed/transformer_impl.py:24: UserWarning: NPU not support router replay for now.
  from verl.utils.megatron.router_replay_patch import RouterReplay
/experiment/.venv-clean/lib/python3.12/site-packages/verl/workers/engine/__init__.py:59: UserWarning: mindspeed engine is not available: ModuleNotFoundError("No module named 'megatron'")
  warnings.warn(f"mindspeed engine is not available: {e!r}", stacklevel=1)
/experiment/.venv-clean/lib/python3.12/site-packages/verl/workers/engine/__init__.py:69: UserWarning: megatron engine is not available: ModuleNotFoundError("No module named 'megatron'")
  warnings.warn(f"megatron engine is not available: {e!r}", stacklevel=1)
2026-09-19 09:55:51,039	WARNING services.py:2168 -- WARNING: The object store is using /experiment/.cache/ray instead of /dev/shm because /dev/shm has only 8586190848 bytes available. This will harm performance! You may be able to free up space by deleting files in /dev/shm. If you are inside a Docker container, you can increase /dev/shm size by passing '--shm-size=10.24gb' to 'docker run' (or add it to the run_options list in a Ray cluster config). Make sure to set this to more than 30% of available RAM.
2026-09-19 09:55:53,242	INFO worker.py:2013 -- Started a local Ray instance.
/experiment/.venv-clean/lib/python3.12/site-packages/ray/_private/worker.py:2052: FutureWarning: Tip: In future versions of Ray, Ray will no longer override accelerator visible devices env var if num_gpus=0 or num_gpus=None (default). To enable this behavior and turn off this error message, set RAY_ACCEL_ENV_VAR_OVERRIDE_ON_ZERO=0
  warnings.warn(
[36m(pid=62090)[0m WARNING:2026-09-19 09:56:00,110:Platform 'nvidia' (PlatformCUDA) is registered but not available. This may be due to this ray actor being a CPU-only actor.
[36m(pid=62090)[0m /experiment/.venv-clean/lib/python3.12/site-packages/verl/workers/engine/__init__.py:31: UserWarning: torchtitan engine is not available: ModuleNotFoundError("No module named 'torchtitan'")
[36m(pid=62090)[0m   warnings.warn(f"torchtitan engine is not available: {e!r}", stacklevel=1)
[36m(pid=62090)[0m /experiment/.venv-clean/lib/python3.12/site-packages/verl/workers/engine/__init__.py:40: UserWarning: veomni engine is not available: ModuleNotFoundError("No module named 'veomni'")
[36m(pid=62090)[0m   warnings.warn(f"veomni engine is not available: {e!r}", stacklevel=1)
[36m(pid=62090)[0m /experiment/.venv-clean/lib/python3.12/site-packages/verl/workers/engine/__init__.py:49: UserWarning: automodel engine is not available: ModuleNotFoundError("No module named 'nemo_automodel'")
[36m(pid=62090)[0m   warnings.warn(f"automodel engine is not available: {e!r}", stacklevel=1)
[36m(pid=62090)[0m /experiment/.venv-clean/lib/python3.12/site-packages/verl/workers/engine/mindspeed/transformer_impl.py:24: UserWarning: NPU not support router replay for now.
[36m(pid=62090)[0m   from verl.utils.megatron.router_replay_patch import RouterReplay
[36m(pid=62090)[0m /experiment/.venv-clean/lib/python3.12/site-packages/verl/workers/engine/__init__.py:59: UserWarning: mindspeed engine is not available: ModuleNotFoundError("No module named 'megatron'")
[36m(pid=62090)[0m   warnings.warn(f"mindspeed engine is not available: {e!r}", stacklevel=1)
[36m(pid=62090)[0m /experiment/.venv-clean/lib/python3.12/site-packages/verl/workers/engine/__init__.py:69: UserWarning: megatron engine is not available: ModuleNotFoundError("No module named 'megatron'")
[36m(pid=62090)[0m   warnings.warn(f"megatron engine is not available: {e!r}", stacklevel=1)
[36m(SpecoTaskRunner pid=62090)[0m WARNING:2026-09-19 09:56:04,627:[speco vllm compat] patched transformers.configuration_utils missing ALLOWED_ATTENTION_LAYER_TYPES for vLLM import
[36m(SpecoTaskRunner pid=62090)[0m W0919 09:56:08.879000 62090 torch/utils/cpp_extension.py:178] No CUDA runtime is found, using CUDA_HOME='/usr/local/cuda'
ray init kwargs: {'num_cpus': 16, 'runtime_env': {'env_vars': {'NCCL_DEBUG': 'WARN', 'VLLM_LOGGING_LEVEL': 'WARN', 'VLLM_ALLOW_RUNTIME_LORA_UPDATING': 'true', 'VLLM_DISABLE_COMPILE_CACHE': '1', 'HCCL_HOST_SOCKET_PORT_RANGE': 'auto', 'HCCL_NPU_SOCKET_PORT_RANGE': 'auto', 'HSA_NO_SCRATCH_RECLAIM': '1', 'VERL_FULL_DETERMINISM': '0', 'VLLM_BATCH_INVARIANT': '0', 'VERL_RL_INSIGHT_ENABLE': '0'}, 'working_dir': None}}
[36m(SpecoTaskRunner pid=62090)[0m SpecoTaskRunner hostname: 01938c56e757, PID: 62090
[36m(SpecoTaskRunner pid=62090)[0m {'actor_rollout_ref': {'actor': {'_target_': 'verl.workers.config.FSDPActorConfig',
[36m(SpecoTaskRunner pid=62090)[0m                                  'calculate_entropy': False,
[36m(SpecoTaskRunner pid=62090)[0m                                  'calculate_sum_pi_squared': False,
[36m(SpecoTaskRunner pid=62090)[0m                                  'checkpoint': {'_target_': 'verl.trainer.config.CheckpointConfig',
[36m(SpecoTaskRunner pid=62090)[0m                                                 'async_save': False,
[36m(SpecoTaskRunner pid=62090)[0m                                                 'load_contents': ['model',
[36m(SpecoTaskRunner pid=62090)[0m                                                                   'optimizer',
[36m(SpecoTaskRunner pid=62090)[0m                                                                   'extra'],
[36m(SpecoTaskRunner pid=62090)[0m                                                 'save_contents': ['model',
[36m(SpecoTaskRunner pid=62090)[0m                                                                   'optimizer',
[36m(SpecoTaskRunner pid=62090)[0m                                                                   'extra'],
[36m(SpecoTaskRunner pid=62090)[0m                                                 'strict': True},
[36m(SpecoTaskRunner pid=62090)[0m                                  'clip_ratio': 0.2,
[36m(SpecoTaskRunner pid=62090)[0m                                  'clip_ratio_c': 3.0,
[36m(SpecoTaskRunner pid=62090)[0m                                  'clip_ratio_high': 0.2,
[36m(SpecoTaskRunner pid=62090)[0m                                  'clip_ratio_low': 0.2,
[36m(SpecoTaskRunner pid=62090)[0m                                  'data_loader_seed': 42,
[36m(SpecoTaskRunner pid=62090)[0m                                  'entropy_checkpointing': False,
[36m(SpecoTaskRunner pid=62090)[0m                                  'entropy_coeff': 0,
[36m(SpecoTaskRunner pid=62090)[0m                                  'entropy_from_logits_chunk_size': 2048,
[36m(SpecoTaskRunner pid=62090)[0m                                  'entropy_from_logits_with_chunking': False,
[36m(SpecoTaskRunner pid=62090)[0m                                  'freeze_vision_tower': False,
[36m(SpecoTaskRunner pid=62090)[0m                                  'fsdp_config': {'_target_': 'verl.workers.config.FSDPEngineConfig',
[36m(SpecoTaskRunner pid=62090)[0m                                                  'dtype': 'bfloat16',
[36m(SpecoTaskRunner pid=62090)[0m                                                  'entropy_checkpointing': False,
[36m(SpecoTaskRunner pid=62090)[0m                                                  'entropy_from_logits_chunk_size': 2048,
[36m(SpecoTaskRunner pid=62090)[0m                                                  'entropy_from_logits_with_chunking': False,
[36m(SpecoTaskRunner pid=62090)[0m                                                  'forward_only': False,
[36m(SpecoTaskRunner pid=62090)[0m                                                  'forward_prefetch': False,
[36m(SpecoTaskRunner pid=62090)[0m                                                  'fsdp_size': -1,
[36m(SpecoTaskRunner pid=62090)[0m                                                  'full_determinism': False,
[36m(SpecoTaskRunner pid=62090)[0m                                                  'model_dtype': 'bf16',
[36m(SpecoTaskRunner pid=62090)[0m                                                  'offload_policy': False,
[36m(SpecoTaskRunner pid=62090)[0m                                                  'optimizer_offload': True,
[36m(SpecoTaskRunner pid=62090)[0m                                                  'pad_to_length': False,
[36m(SpecoTaskRunner pid=62090)[0m                                                  'pad_to_length_bucket': 1024,
[36m(SpecoTaskRunner pid=62090)[0m                                                  'param_offload': True,
[36m(SpecoTaskRunner pid=62090)[0m                                                  'qat': {'_target_': 'verl.workers.config.QATEngineConfig',
[36m(SpecoTaskRunner pid=62090)[0m                                                          'activation_observer': 'static_minmax',
[36m(SpecoTaskRunner pid=62090)[0m                                                          'enable': False,
[36m(SpecoTaskRunner pid=62090)[0m                                                          'group_size': 16,
[36m(SpecoTaskRunner pid=62090)[0m                                                          'ignore_patterns': ['lm_head',
[36m(SpecoTaskRunner pid=62090)[0m                                                                              'embed_tokens',
[36m(SpecoTaskRunner pid=62090)[0m                                                                              're:.*mlp.gate$'],
[36m(SpecoTaskRunner pid=62090)[0m                                                          'mode': 'w4a16',
[36m(SpecoTaskRunner pid=62090)[0m                                                          'quantization_config_path': None},
[36m(SpecoTaskRunner pid=62090)[0m                                                  'reshard_after_forward': True,
[36m(SpecoTaskRunner pid=62090)[0m                                                  'seed': 42,
[36m(SpecoTaskRunner pid=62090)[0m                                                  'strategy': 'fsdp',
[36m(SpecoTaskRunner pid=62090)[0m                                                  'ulysses_sequence_parallel_size': 1,
[36m(SpecoTaskRunner pid=62090)[0m                                                  'use_orig_params': False,
[36m(SpecoTaskRunner pid=62090)[0m                                                  'use_torch_compile': False,
[36m(SpecoTaskRunner pid=62090)[0m                                                  'wrap_policy': {'min_num_params': 0}},
[36m(SpecoTaskRunner pid=62090)[0m                                  'grad_clip': 1.0,
[36m(SpecoTaskRunner pid=62090)[0m                                  'kl_loss_coef': 0.001,
[36m(SpecoTaskRunner pid=62090)[0m                                  'kl_loss_type': 'low_var_kl',
[36m(SpecoTaskRunner pid=62090)[0m                                  'loss_agg_mode': 'token-mean',
[36m(SpecoTaskRunner pid=62090)[0m                                  'loss_scale_factor': None,
[36m(SpecoTaskRunner pid=62090)[0m                                  'optim': {'_target_': 'verl.workers.config.FSDPOptimizerConfig',
[36m(SpecoTaskRunner pid=62090)[0m                                            'betas': [0.9, 0.999],
[36m(SpecoTaskRunner pid=62090)[0m                                            'clip_grad': 1.0,
[36m(SpecoTaskRunner pid=62090)[0m                                            'lr': 1e-06,
[36m(SpecoTaskRunner pid=62090)[0m                                            'lr_scheduler_type': 'constant',
[36m(SpecoTaskRunner pid=62090)[0m                                            'lr_warmup_steps': -1,
[36m(SpecoTaskRunner pid=62090)[0m                                            'lr_warmup_steps_ratio': 0.0,
[36m(SpecoTaskRunner pid=62090)[0m                                            'min_lr_ratio': 0.0,
[36m(SpecoTaskRunner pid=62090)[0m                                            'num_cycles': 0.5,
[36m(SpecoTaskRunner pid=62090)[0m                                            'optimizer': 'AdamW',
[36m(SpecoTaskRunner pid=62090)[0m                                            'optimizer_impl': 'torch.optim',
[36m(SpecoTaskRunner pid=62090)[0m                                            'override_optimizer_config': None,
[36m(SpecoTaskRunner pid=62090)[0m                                            'total_training_steps': -1,
[36m(SpecoTaskRunner pid=62090)[0m                                            'warmup_style': None,
[36m(SpecoTaskRunner pid=62090)[0m                                            'weight_decay': 0.01,
[36m(SpecoTaskRunner pid=62090)[0m                                            'zero_indexed_step': True},
[36m(SpecoTaskRunner pid=62090)[0m                                  'pad_to_length': False,
[36m(SpecoTaskRunner pid=62090)[0m                                  'policy_loss': {'_target_': 'verl.workers.config.PolicyLossConfig',
[36m(SpecoTaskRunner pid=62090)[0m                                                  'clip_cov_lb': 1.0,
[36m(SpecoTaskRunner pid=62090)[0m                                                  'clip_cov_ratio': 0.0002,
[36m(SpecoTaskRunner pid=62090)[0m                                                  'clip_cov_ub': 5.0,
[36m(SpecoTaskRunner pid=62090)[0m                                                  'dro_beta': None,
[36m(SpecoTaskRunner pid=62090)[0m                                                  'kl_cov_ratio': 0.0002,
[36m(SpecoTaskRunner pid=62090)[0m                                                  'loss_mode': 'vanilla',
[36m(SpecoTaskRunner pid=62090)[0m                                                  'ppo_kl_coef': 0.1},
[36m(SpecoTaskRunner pid=62090)[0m                                  'ppo_epochs': 1,
[36m(SpecoTaskRunner pid=62090)[0m                                  'ppo_max_token_len_per_gpu': 16384,
[36m(SpecoTaskRunner pid=62090)[0m                                  'ppo_micro_batch_size': None,
[36m(SpecoTaskRunner pid=62090)[0m                                  'ppo_micro_batch_size_per_gpu': 1,
[36m(SpecoTaskRunner pid=62090)[0m                                  'ppo_mini_batch_size': 2,
[36m(SpecoTaskRunner pid=62090)[0m                                  'profiler': {'_target_': 'verl.utils.profiler.ProfilerConfig',
[36m(SpecoTaskRunner pid=62090)[0m                                               'all_ranks': False,
[36m(SpecoTaskRunner pid=62090)[0m                                               'enable': False,
[36m(SpecoTaskRunner pid=62090)[0m                                               'ranks': [],
[36m(SpecoTaskRunner pid=62090)[0m                                               'save_path': 'outputs/profile',
[36m(SpecoTaskRunner pid=62090)[0m                                               'tool': None,
[36m(SpecoTaskRunner pid=62090)[0m                                               'tool_config': {'npu': {'_target_': 'verl.utils.profiler.config.NPUToolConfig',
[36m(SpecoTaskRunner pid=62090)[0m                                                                       'analysis': True,
[36m(SpecoTaskRunner pid=62090)[0m                                                                       'contents': [],
[36m(SpecoTaskRunner pid=62090)[0m                                                                       'discrete': False,
[36m(SpecoTaskRunner pid=62090)[0m                                                                       'level': 'level0'},
[36m(SpecoTaskRunner pid=62090)[0m                                                               'nsys': {'_target_': 'verl.utils.profiler.config.NsightToolConfig',
[36m(SpecoTaskRunner pid=62090)[0m                                                                        'discrete': False},
[36m(SpecoTaskRunner pid=62090)[0m                                                               'precision_debugger': {'_target_': 'verl.utils.profiler.config.PrecisionDebuggerToolConfig',
[36m(SpecoTaskRunner pid=62090)[0m                                                                                      'config_path': None,
[36m(SpecoTaskRunner pid=62090)[0m                                                                                      'stages': None,
[36m(SpecoTaskRunner pid=62090)[0m                                                                                      'steps': None,
[36m(SpecoTaskRunner pid=62090)[0m                                                                                      'strict': False},
[36m(SpecoTaskRunner pid=62090)[0m                                                               'torch': {'_target_': 'verl.utils.profiler.config.TorchProfilerToolConfig',
[36m(SpecoTaskRunner pid=62090)[0m                                                                         'contents': [],
[36m(SpecoTaskRunner pid=62090)[0m                                                                         'discrete': False,
[36m(SpecoTaskRunner pid=62090)[0m                                                                         'schedule': {'_target_': 'verl.utils.profiler.config.TorchProfilerScheduleConfig',
[36m(SpecoTaskRunner pid=62090)[0m                                                                                      'active': 0,
[36m(SpecoTaskRunner pid=62090)[0m                                                                                      'repeat': 0,
[36m(SpecoTaskRunner pid=62090)[0m                                                                                      'skip_first': 0,
[36m(SpecoTaskRunner pid=62090)[0m                                                                                      'wait': 0,
[36m(SpecoTaskRunner pid=62090)[0m                                                                                      'warmup': 0}},
[36m(SpecoTaskRunner pid=62090)[0m                                                               'torch_memory': {'_target_': 'verl.utils.profiler.config.TorchMemoryToolConfig',
[36m(SpecoTaskRunner pid=62090)[0m                                                                                'stack_depth': 32,
[36m(SpecoTaskRunner pid=62090)[0m                                                                                'trace_alloc_max_entries': 100000}}},
[36m(SpecoTaskRunner pid=62090)[0m                                  'qat': {'activation_observer': 'static_minmax',
[36m(SpecoTaskRunner pid=62090)[0m                                          'enable': False,
[36m(SpecoTaskRunner pid=62090)[0m                                          'group_size': 16,
[36m(SpecoTaskRunner pid=62090)[0m                                          'ignore_patterns': ['lm_head',
[36m(SpecoTaskRunner pid=62090)[0m                                                              'embed_tokens',
[36m(SpecoTaskRunner pid=62090)[0m                                                              're:.*mlp.gate$'],
[36m(SpecoTaskRunner pid=62090)[0m                                          'mode': 'w4a16',
[36m(SpecoTaskRunner pid=62090)[0m                                          'quantization_config_path': None},
[36m(SpecoTaskRunner pid=62090)[0m                                  'rollout_n': 2,
[36m(SpecoTaskRunner pid=62090)[0m                                  'router_replay': {'_target_': 'verl.workers.config.RouterReplayConfig',
[36m(SpecoTaskRunner pid=62090)[0m                                                    'mode': 'disabled',
[36m(SpecoTaskRunner pid=62090)[0m                                                    'record_file': None,
[36m(SpecoTaskRunner pid=62090)[0m                                                    'replay_file': None},
[36m(SpecoTaskRunner pid=62090)[0m                                  'shuffle': False,
[36m(SpecoTaskRunner pid=62090)[0m                                  'strategy': 'fsdp2',
[36m(SpecoTaskRunner pid=62090)[0m                                  'tau_neg': 1.05,
[36m(SpecoTaskRunner pid=62090)[0m                                  'tau_pos': 1.0,
[36m(SpecoTaskRunner pid=62090)[0m                                  'ulysses_sequence_parallel_size': 1,
[36m(SpecoTaskRunner pid=62090)[0m                                  'use_dynamic_bsz': False,
[36m(SpecoTaskRunner pid=62090)[0m                                  'use_fused_kernels': False,
[36m(SpecoTaskRunner pid=62090)[0m                                  'use_kl_loss': False,
[36m(SpecoTaskRunner pid=62090)[0m                                  'use_prefix_grouper': False,
[36m(SpecoTaskRunner pid=62090)[0m                                  'use_remove_padding': True,
[36m(SpecoTaskRunner pid=62090)[0m                                  'use_torch_compile': True},
[36m(SpecoTaskRunner pid=62090)[0m                        'hybrid_engine': True,
[36m(SpecoTaskRunner pid=62090)[0m                        'model': {'_target_': 'verl.workers.config.HFModelConfig',
[36m(SpecoTaskRunner pid=62090)[0m                                  'custom_chat_template': None,
[36m(SpecoTaskRunner pid=62090)[0m                                  'enable_activation_offload': False,
[36m(SpecoTaskRunner pid=62090)[0m                                  'enable_gradient_checkpointing': True,
[36m(SpecoTaskRunner pid=62090)[0m                                  'exclude_modules': None,
[36m(SpecoTaskRunner pid=62090)[0m                                  'external_lib': None,
[36m(SpecoTaskRunner pid=62090)[0m                                  'fused_kernel_options': {'impl_backend': 'torch'},
[36m(SpecoTaskRunner pid=62090)[0m                                  'hf_config_path': None,
[36m(SpecoTaskRunner pid=62090)[0m                                  'lora': {'a2a_experimental': False,
[36m(SpecoTaskRunner pid=62090)[0m                                           'adapter_path': None,
[36m(SpecoTaskRunner pid=62090)[0m                                           'alpha': 32,
[36m(SpecoTaskRunner pid=62090)[0m                                           'dropout': 0.0,
[36m(SpecoTaskRunner pid=62090)[0m                                           'dropout_position': 'pre',
[36m(SpecoTaskRunner pid=62090)[0m                                           'dtype': None,
[36m(SpecoTaskRunner pid=62090)[0m                                           'exclude_modules': [],
[36m(SpecoTaskRunner pid=62090)[0m                                           'freeze_language_model': True,
[36m(SpecoTaskRunner pid=62090)[0m                                           'freeze_vision_model': True,
[36m(SpecoTaskRunner pid=62090)[0m                                           'freeze_vision_projection': True,
[36m(SpecoTaskRunner pid=62090)[0m                                           'lora_A_init_method': 'xavier',
[36m(SpecoTaskRunner pid=62090)[0m                                           'lora_B_init_method': 'zero',
[36m(SpecoTaskRunner pid=62090)[0m                                           'merge': False,
[36m(SpecoTaskRunner pid=62090)[0m                                           'rank': 0,
[36m(SpecoTaskRunner pid=62090)[0m                                           'target_modules': ['linear_qkv',
[36m(SpecoTaskRunner pid=62090)[0m                                                              'linear_proj',
[36m(SpecoTaskRunner pid=62090)[0m                                                              'linear_fc1',
[36m(SpecoTaskRunner pid=62090)[0m                                                              'linear_fc2'],
[36m(SpecoTaskRunner pid=62090)[0m                                           'type': 'lora'},
[36m(SpecoTaskRunner pid=62090)[0m                                  'lora_adapter_path': None,
[36m(SpecoTaskRunner pid=62090)[0m                                  'lora_alpha': 16,
[36m(SpecoTaskRunner pid=62090)[0m                                  'lora_rank': 0,
[36m(SpecoTaskRunner pid=62090)[0m                                  'mtp': {'_target_': 'verl.workers.config.MtpConfig',
[36m(SpecoTaskRunner pid=62090)[0m                                          'detach_encoder': False,
[36m(SpecoTaskRunner pid=62090)[0m                                          'enable': False,
[36m(SpecoTaskRunner pid=62090)[0m                                          'enable_rollout': False,
[36m(SpecoTaskRunner pid=62090)[0m                                          'enable_train': False,
[36m(SpecoTaskRunner pid=62090)[0m                                          'method': 'mtp',
[36m(SpecoTaskRunner pid=62090)[0m                                          'mtp_loss_scaling_factor': 0.1,
[36m(SpecoTaskRunner pid=62090)[0m                                          'num_speculative_tokens': 1,
[36m(SpecoTaskRunner pid=62090)[0m                                          'speculative_algorithm': 'EAGLE',
[36m(SpecoTaskRunner pid=62090)[0m                                          'speculative_eagle_topk': 1,
[36m(SpecoTaskRunner pid=62090)[0m                                          'speculative_num_draft_tokens': 4,
[36m(SpecoTaskRunner pid=62090)[0m                                          'speculative_num_steps': 3},
[36m(SpecoTaskRunner pid=62090)[0m                                  'override_config': {'attn_implementation': 'flash_attention_2'},
[36m(SpecoTaskRunner pid=62090)[0m                                  'path': '/experiment/models/target',
[36m(SpecoTaskRunner pid=62090)[0m                                  'target_modules': 'all-linear',
[36m(SpecoTaskRunner pid=62090)[0m                                  'tiled_mlp': {'enabled': False,
[36m(SpecoTaskRunner pid=62090)[0m                                                'num_shards': 4},
[36m(SpecoTaskRunner pid=62090)[0m                                  'tokenizer_path': None,
[36m(SpecoTaskRunner pid=62090)[0m                                  'trust_remote_code': False,
[36m(SpecoTaskRunner pid=62090)[0m                                  'use_fused_kernels': False,
[36m(SpecoTaskRunner pid=62090)[0m                                  'use_liger': False,
[36m(SpecoTaskRunner pid=62090)[0m                                  'use_remove_padding': True,
[36m(SpecoTaskRunner pid=62090)[0m                                  'use_shm': False},
[36m(SpecoTaskRunner pid=62090)[0m                        'nccl_timeout': 600,
[36m(SpecoTaskRunner pid=62090)[0m                        'ref': {'_target_': 'verl.workers.config.FSDPActorConfig',
[36m(SpecoTaskRunner pid=62090)[0m                                'entropy_checkpointing': False,
[36m(SpecoTaskRunner pid=62090)[0m                                'entropy_from_logits_chunk_size': 2048,
[36m(SpecoTaskRunner pid=62090)[0m                                'entropy_from_logits_with_chunking': False,
[36m(SpecoTaskRunner pid=62090)[0m                                'fsdp_config': {'_target_': 'verl.workers.config.FSDPEngineConfig',
[36m(SpecoTaskRunner pid=62090)[0m                                                'dtype': 'bfloat16',
[36m(SpecoTaskRunner pid=62090)[0m                                                'entropy_checkpointing': False,
[36m(SpecoTaskRunner pid=62090)[0m                                                'entropy_from_logits_chunk_size': 2048,
[36m(SpecoTaskRunner pid=62090)[0m                                                'entropy_from_logits_with_chunking': False,
[36m(SpecoTaskRunner pid=62090)[0m                                                'forward_only': True,
[36m(SpecoTaskRunner pid=62090)[0m                                                'forward_prefetch': False,
[36m(SpecoTaskRunner pid=62090)[0m                                                'fsdp_size': -1,
[36m(SpecoTaskRunner pid=62090)[0m                                                'full_determinism': False,
[36m(SpecoTaskRunner pid=62090)[0m                                                'model_dtype': 'fp32',
[36m(SpecoTaskRunner pid=62090)[0m                                                'offload_policy': False,
[36m(SpecoTaskRunner pid=62090)[0m                                                'optimizer_offload': False,
[36m(SpecoTaskRunner pid=62090)[0m                                                'pad_to_length': False,
[36m(SpecoTaskRunner pid=62090)[0m                                                'pad_to_length_bucket': 1024,
[36m(SpecoTaskRunner pid=62090)[0m                                                'param_offload': False,
[36m(SpecoTaskRunner pid=62090)[0m                                                'qat': {'_target_': 'verl.workers.config.QATEngineConfig',
[36m(SpecoTaskRunner pid=62090)[0m                                                        'activation_observer': 'static_minmax',
[36m(SpecoTaskRunner pid=62090)[0m                                                        'enable': False,
[36m(SpecoTaskRunner pid=62090)[0m                                                        'group_size': 16,
[36m(SpecoTaskRunner pid=62090)[0m                                                        'ignore_patterns': ['lm_head',
[36m(SpecoTaskRunner pid=62090)[0m                                                                            'embed_tokens',
[36m(SpecoTaskRunner pid=62090)[0m                                                                            're:.*mlp.gate$'],
[36m(SpecoTaskRunner pid=62090)[0m                                                        'mode': 'w4a16',
[36m(SpecoTaskRunner pid=62090)[0m                                                        'quantization_config_path': None},
[36m(SpecoTaskRunner pid=62090)[0m                                                'reshard_after_forward': True,
[36m(SpecoTaskRunner pid=62090)[0m                                                'seed': 42,
[36m(SpecoTaskRunner pid=62090)[0m                                                'strategy': 'fsdp',
[36m(SpecoTaskRunner pid=62090)[0m                                                'ulysses_sequence_parallel_size': 1,
[36m(SpecoTaskRunner pid=62090)[0m                                                'use_orig_params': False,
[36m(SpecoTaskRunner pid=62090)[0m                                                'use_torch_compile': True,
[36m(SpecoTaskRunner pid=62090)[0m                                                'wrap_policy': {'min_num_params': 0}},
[36m(SpecoTaskRunner pid=62090)[0m                                'log_prob_max_token_len_per_gpu': 16384,
[36m(SpecoTaskRunner pid=62090)[0m                                'log_prob_micro_batch_size': None,
[36m(SpecoTaskRunner pid=62090)[0m                                'log_prob_micro_batch_size_per_gpu': None,
[36m(SpecoTaskRunner pid=62090)[0m                                'log_prob_use_dynamic_bsz': False,
[36m(SpecoTaskRunner pid=62090)[0m                                'pad_to_length': False,
[36m(SpecoTaskRunner pid=62090)[0m                                'profiler': {'_target_': 'verl.utils.profiler.ProfilerConfig',
[36m(SpecoTaskRunner pid=62090)[0m                                             'all_ranks': False,
[36m(SpecoTaskRunner pid=62090)[0m                                             'enable': False,
[36m(SpecoTaskRunner pid=62090)[0m                                             'ranks': [],
[36m(SpecoTaskRunner pid=62090)[0m                                             'save_path': 'outputs/profile',
[36m(SpecoTaskRunner pid=62090)[0m                                             'tool': None,
[36m(SpecoTaskRunner pid=62090)[0m                                             'tool_config': {'npu': {'_target_': 'verl.utils.profiler.config.NPUToolConfig',
[36m(SpecoTaskRunner pid=62090)[0m                                                                     'analysis': True,
[36m(SpecoTaskRunner pid=62090)[0m                                                                     'contents': [],
[36m(SpecoTaskRunner pid=62090)[0m                                                                     'discrete': False,
[36m(SpecoTaskRunner pid=62090)[0m                                                                     'level': 'level0'},
[36m(SpecoTaskRunner pid=62090)[0m                                                             'nsys': {'_target_': 'verl.utils.profiler.config.NsightToolConfig',
[36m(SpecoTaskRunner pid=62090)[0m                                                                      'discrete': False},
[36m(SpecoTaskRunner pid=62090)[0m                                                             'precision_debugger': {'_target_': 'verl.utils.profiler.config.PrecisionDebuggerToolConfig',
[36m(SpecoTaskRunner pid=62090)[0m                                                                                    'config_path': None,
[36m(SpecoTaskRunner pid=62090)[0m                                                                                    'stages': None,
[36m(SpecoTaskRunner pid=62090)[0m                                                                                    'steps': None,
[36m(SpecoTaskRunner pid=62090)[0m                                                                                    'strict': False},
[36m(SpecoTaskRunner pid=62090)[0m                                                             'torch': {'_target_': 'verl.utils.profiler.config.TorchProfilerToolConfig',
[36m(SpecoTaskRunner pid=62090)[0m                                                                       'contents': [],
[36m(SpecoTaskRunner pid=62090)[0m                                                                       'discrete': False,
[36m(SpecoTaskRunner pid=62090)[0m                                                                       'schedule': {'_target_': 'verl.utils.profiler.config.TorchProfilerScheduleConfig',
[36m(SpecoTaskRunner pid=62090)[0m                                                                                    'active': 0,
[36m(SpecoTaskRunner pid=62090)[0m                                                                                    'repeat': 0,
[36m(SpecoTaskRunner pid=62090)[0m                                                                                    'skip_first': 0,
[36m(SpecoTaskRunner pid=62090)[0m                                                                                    'wait': 0,
[36m(SpecoTaskRunner pid=62090)[0m                                                                                    'warmup': 0}},
[36m(SpecoTaskRunner pid=62090)[0m                                                             'torch_memory': {'_target_': 'verl.utils.profiler.config.TorchMemoryToolConfig',
[36m(SpecoTaskRunner pid=62090)[0m                                                                              'stack_depth': 32,
[36m(SpecoTaskRunner pid=62090)[0m                                                                              'trace_alloc_max_entries': 100000}}},
[36m(SpecoTaskRunner pid=62090)[0m                                'rollout_n': 2,
[36m(SpecoTaskRunner pid=62090)[0m                                'router_replay': {'_target_': 'verl.workers.config.RouterReplayConfig',
[36m(SpecoTaskRunner pid=62090)[0m                                                  'mode': 'disabled',
[36m(SpecoTaskRunner pid=62090)[0m                                                  'record_file': None,
[36m(SpecoTaskRunner pid=62090)[0m                                                  'replay_file': None},
[36m(SpecoTaskRunner pid=62090)[0m                                'strategy': 'fsdp2',
[36m(SpecoTaskRunner pid=62090)[0m                                'ulysses_sequence_parallel_size': 1,
[36m(SpecoTaskRunner pid=62090)[0m                                'use_torch_compile': True},
[36m(SpecoTaskRunner pid=62090)[0m                        'rollout': {'_target_': 'verl.workers.config.RolloutConfig',
[36m(SpecoTaskRunner pid=62090)[0m                                    'agent': {'_target_': 'verl.workers.config.AgentLoopConfig',
[36m(SpecoTaskRunner pid=62090)[0m                                              'agent_loop_config_path': None,
[36m(SpecoTaskRunner pid=62090)[0m                                              'custom_async_server': {'_target_': 'verl.workers.config.CustomAsyncServerConfig',
[36m(SpecoTaskRunner pid=62090)[0m                                                                      'name': None,
[36m(SpecoTaskRunner pid=62090)[0m                                                                      'path': None},
[36m(SpecoTaskRunner pid=62090)[0m                                              'default_agent_loop': 'single_turn_agent',
[36m(SpecoTaskRunner pid=62090)[0m                                              'num_workers': 2},
[36m(SpecoTaskRunner pid=62090)[0m                                    'calculate_log_probs': True,
[36m(SpecoTaskRunner pid=62090)[0m                                    'checkpoint_engine': {'_target_': 'verl.workers.config.CheckpointEngineConfig',
[36m(SpecoTaskRunner pid=62090)[0m                                                          'backend': 'naive',
[36m(SpecoTaskRunner pid=62090)[0m                                                          'custom_backend_module': None,
[36m(SpecoTaskRunner pid=62090)[0m                                                          'engine_kwargs': {},
[36m(SpecoTaskRunner pid=62090)[0m                                                          'update_weights_bucket_megabytes': 10240},
[36m(SpecoTaskRunner pid=62090)[0m                                    'cudagraph_capture_sizes': None,
[36m(SpecoTaskRunner pid=62090)[0m                                    'data_parallel_size': 1,
[36m(SpecoTaskRunner pid=62090)[0m                                    'disable_log_stats': True,
[36m(SpecoTaskRunner pid=62090)[0m                                    'disaggregation': {'bootstrap_port': None,
[36m(SpecoTaskRunner pid=62090)[0m                                                       'decode_replicas': 1,
[36m(SpecoTaskRunner pid=62090)[0m                                                       'decode_tensor_model_parallel_size': None,
[36m(SpecoTaskRunner pid=62090)[0m                                                       'enabled': False,
[36m(SpecoTaskRunner pid=62090)[0m                                                       'ib_device': None,
[36m(SpecoTaskRunner pid=62090)[0m                                                       'prefill_replicas': 1,
[36m(SpecoTaskRunner pid=62090)[0m                                                       'transfer_backend': 'nixl'},
[36m(SpecoTaskRunner pid=62090)[0m                                    'do_sample': True,
[36m(SpecoTaskRunner pid=62090)[0m                                    'drafter': {'checkpoint_path': None,
[36m(SpecoTaskRunner pid=62090)[0m                                                'enable': True,
[36m(SpecoTaskRunner pid=62090)[0m                                                'enable_drafter_training': True,
[36m(SpecoTaskRunner pid=62090)[0m                                                'model_path': '/experiment/models/dflash',
[36m(SpecoTaskRunner pid=62090)[0m                                                'rollout': {'cuda_graph_max_bs': None,
[36m(SpecoTaskRunner pid=62090)[0m                                                            'spec_steps': 3,
[36m(SpecoTaskRunner pid=62090)[0m                                                            'spec_topk': 1,
[36m(SpecoTaskRunner pid=62090)[0m                                                            'spec_verify_tokens': 16},
[36m(SpecoTaskRunner pid=62090)[0m                                                'speculative_algorithm': 'DFLASH',
[36m(SpecoTaskRunner pid=62090)[0m                                                'training': {'allow_sglang_prenorm_last_layer': False,
[36m(SpecoTaskRunner pid=62090)[0m                                                             'batch_size_per_gpu': 1,
[36m(SpecoTaskRunner pid=62090)[0m                                                             'collect_hidden_states_from_old_logprob': True,
[36m(SpecoTaskRunner pid=62090)[0m                                                             'collect_hidden_states_from_sgl': False,
[36m(SpecoTaskRunner pid=62090)[0m                                                             'collect_interval_steps': 1,
[36m(SpecoTaskRunner pid=62090)[0m                                                             'collection_sample_rate': 1.0,
[36m(SpecoTaskRunner pid=62090)[0m                                                             'current_max_samples': 2048,
[36m(SpecoTaskRunner pid=62090)[0m                                                             'data_buffer_max_size': 1024,
[36m(SpecoTaskRunner pid=62090)[0m                                                             'dflash2_block_size': 8,
[36m(SpecoTaskRunner pid=62090)[0m                                                             'dflash2_conv_group_size': 16,
[36m(SpecoTaskRunner pid=62090)[0m                                                             'dflash2_conv_kernel_size': 2,
[36m(SpecoTaskRunner pid=62090)[0m                                                             'dflash2_hidden_size': None,
[36m(SpecoTaskRunner pid=62090)[0m                                                             'dflash2_loss_decay_gamma': 7.0,
[36m(SpecoTaskRunner pid=62090)[0m                                                             'dflash2_mask_token_id': None,
[36m(SpecoTaskRunner pid=62090)[0m                                                             'dflash2_num_anchors': 512,
[36m(SpecoTaskRunner pid=62090)[0m                                                             'dflash2_num_hidden_layers': 5,
[36m(SpecoTaskRunner pid=62090)[0m                                                             'dflash2_num_target_layers': 5,
[36m(SpecoTaskRunner pid=62090)[0m                                                             'dflash2_selector_loss_weight': 1.0,
[36m(SpecoTaskRunner pid=62090)[0m                                                             'dflash2_selector_rank': 256,
[36m(SpecoTaskRunner pid=62090)[0m                                                             'dflash2_selector_top_k': 16,
[36m(SpecoTaskRunner pid=62090)[0m                                                             'dflash2_target_layer_ids': None,
[36m(SpecoTaskRunner pid=62090)[0m                                                             'dflash_block_size': 16,
[36m(SpecoTaskRunner pid=62090)[0m                                                             'dflash_front_position_count': 0,
[36m(SpecoTaskRunner pid=62090)[0m                                                             'dflash_front_position_weight': 1.0,
[36m(SpecoTaskRunner pid=62090)[0m                                                             'dflash_hard_sample_ratio': 0.0,
[36m(SpecoTaskRunner pid=62090)[0m                                                             'dflash_hidden_size': None,
[36m(SpecoTaskRunner pid=62090)[0m                                                             'dflash_loss_decay_gamma': 7.0,
[36m(SpecoTaskRunner pid=62090)[0m                                                             'dflash_loss_mode': 'full_vocab',
[36m(SpecoTaskRunner pid=62090)[0m                                                             'dflash_mask_token_id': None,
[36m(SpecoTaskRunner pid=62090)[0m                                                             'dflash_max_window': 32,
[36m(SpecoTaskRunner pid=62090)[0m                                                             'dflash_num_anchors': 8,
[36m(SpecoTaskRunner pid=62090)[0m                                                             'dflash_num_hidden_layers': 1,
[36m(SpecoTaskRunner pid=62090)[0m                                                             'dflash_num_target_layers': 5,
[36m(SpecoTaskRunner pid=62090)[0m                                                             'dflash_sampled_ce_negatives': 0,
[36m(SpecoTaskRunner pid=62090)[0m                                                             'dflash_target_layer_ids': None,
[36m(SpecoTaskRunner pid=62090)[0m                                                             'domino_block_size': 16,
[36m(SpecoTaskRunner pid=62090)[0m                                                             'domino_emb_dim': 256,
[36m(SpecoTaskRunner pid=62090)[0m                                                             'domino_gru_hidden_dim': 1024,
[36m(SpecoTaskRunner pid=62090)[0m                                                             'domino_hidden_size': None,
[36m(SpecoTaskRunner pid=62090)[0m                                                             'domino_lambda_base_decay_steps': 2000,
[36m(SpecoTaskRunner pid=62090)[0m                                                             'domino_lambda_base_start': 1.0,
[36m(SpecoTaskRunner pid=62090)[0m                                                             'domino_loss_decay_gamma': 7.0,
[36m(SpecoTaskRunner pid=62090)[0m                                                             'domino_mask_token_id': None,
[36m(SpecoTaskRunner pid=62090)[0m                                                             'domino_max_window': 512,
[36m(SpecoTaskRunner pid=62090)[0m                                                             'domino_num_anchors': 512,
[36m(SpecoTaskRunner pid=62090)[0m                                                             'domino_num_hidden_layers': 5,
[36m(SpecoTaskRunner pid=62090)[0m                                                             'domino_num_target_layers': 5,
[36m(SpecoTaskRunner pid=62090)[0m                                                             'domino_pure_draft_prefix_len': 1,
[36m(SpecoTaskRunner pid=62090)[0m                                                             'domino_shift_label': True,
[36m(SpecoTaskRunner pid=62090)[0m                                                             'domino_target_layer_ids': None,
[36m(SpecoTaskRunner pid=62090)[0m                                                             'draft_update_flush_after': True,
[36m(SpecoTaskRunner pid=62090)[0m                                                             'draft_update_flush_before': True,
[36m(SpecoTaskRunner pid=62090)[0m                                                             'draft_update_pause_generation': True,
[36m(SpecoTaskRunner pid=62090)[0m                                                             'draft_update_use_shm': None,
[36m(SpecoTaskRunner pid=62090)[0m                                                             'draft_update_weights_bucket_megabytes': None,
[36m(SpecoTaskRunner pid=62090)[0m                                                             'dspark_block_size': 7,
[36m(SpecoTaskRunner pid=62090)[0m                                                             'dspark_ce_loss_alpha': 0.1,
[36m(SpecoTaskRunner pid=62090)[0m                                                             'dspark_confidence_head_alpha': 0.0,
[36m(SpecoTaskRunner pid=62090)[0m                                                             'dspark_confidence_head_with_markov': True,
[36m(SpecoTaskRunner pid=62090)[0m                                                             'dspark_confidence_loss_alpha': 0.0,
[36m(SpecoTaskRunner pid=62090)[0m                                                             'dspark_debug_log': False,
[36m(SpecoTaskRunner pid=62090)[0m                                                             'dspark_debug_log_first_n': 2,
[36m(SpecoTaskRunner pid=62090)[0m                                                             'dspark_debug_log_interval': 100,
[36m(SpecoTaskRunner pid=62090)[0m                                                             'dspark_hard_sample_ratio': 0.0,
[36m(SpecoTaskRunner pid=62090)[0m                                                             'dspark_hidden_size': None,
[36m(SpecoTaskRunner pid=62090)[0m                                                             'dspark_l1_chunk_size': 0,
[36m(SpecoTaskRunner pid=62090)[0m                                                             'dspark_l1_loss_alpha': 0.9,
[36m(SpecoTaskRunner pid=62090)[0m                                                             'dspark_loss_decay_gamma': 7.0,
[36m(SpecoTaskRunner pid=62090)[0m                                                             'dspark_loss_mode': 'full_vocab',
[36m(SpecoTaskRunner pid=62090)[0m                                                             'dspark_markov_head_type': 'vanilla',
[36m(SpecoTaskRunner pid=62090)[0m                                                             'dspark_markov_rank': 256,
[36m(SpecoTaskRunner pid=62090)[0m                                                             'dspark_mask_token_id': None,
[36m(SpecoTaskRunner pid=62090)[0m                                                             'dspark_max_window': 512,
[36m(SpecoTaskRunner pid=62090)[0m                                                             'dspark_num_anchors': 32,
[36m(SpecoTaskRunner pid=62090)[0m                                                             'dspark_num_hidden_layers': 5,
[36m(SpecoTaskRunner pid=62090)[0m                                                             'dspark_num_target_layers': 5,
[36m(SpecoTaskRunner pid=62090)[0m                                                             'dspark_sampled_ce_negatives': 0,
[36m(SpecoTaskRunner pid=62090)[0m                                                             'dspark_target_layer_ids': None,
[36m(SpecoTaskRunner pid=62090)[0m                                                             'eagle1_feature_noise': 0.0,
[36m(SpecoTaskRunner pid=62090)[0m                                                             'eagle1_hidden_loss_weight': 1.0,
[36m(SpecoTaskRunner pid=62090)[0m                                                             'eagle1_num_hidden_layers': 1,
[36m(SpecoTaskRunner pid=62090)[0m                                                             'eagle1_token_loss_weight': 0.1,
[36m(SpecoTaskRunner pid=62090)[0m                                                             'eagle3_target_layer_ids': None,
[36m(SpecoTaskRunner pid=62090)[0m                                                             'feature_store': {'flush_interval_steps': 1,
[36m(SpecoTaskRunner pid=62090)[0m                                                                               'max_sample_step': None,
[36m(SpecoTaskRunner pid=62090)[0m                                                                               'max_samples_per_shard': 1024,
[36m(SpecoTaskRunner pid=62090)[0m                                                                               'max_seq_len': 512,
[36m(SpecoTaskRunner pid=62090)[0m                                                                               'min_sample_step': None,
[36m(SpecoTaskRunner pid=62090)[0m                                                                               'path': None,
[36m(SpecoTaskRunner pid=62090)[0m                                                                               'prefetch_depth': 2,
[36m(SpecoTaskRunner pid=62090)[0m                                                                               'repeat': True,
[36m(SpecoTaskRunner pid=62090)[0m                                                                               'shuffle': True,
[36m(SpecoTaskRunner pid=62090)[0m                                                                               'strict_schema': True,
[36m(SpecoTaskRunner pid=62090)[0m                                                                               'tokenizer_path': None,
[36m(SpecoTaskRunner pid=62090)[0m                                                                               'train_on': 'last_assistant',
[36m(SpecoTaskRunner pid=62090)[0m                                                                               'trust_remote_code': False,
[36m(SpecoTaskRunner pid=62090)[0m                                                                               'type': 'torch_shard',
[36m(SpecoTaskRunner pid=62090)[0m                                                                               'window_mode': 'loss'},
[36m(SpecoTaskRunner pid=62090)[0m                                                             'hidden_state_clip_value': 10000.0,
[36m(SpecoTaskRunner pid=62090)[0m                                                             'hidden_state_max_tokens_per_sample': None,
[36m(SpecoTaskRunner pid=62090)[0m                                                             'hidden_state_random_max_offset': None,
[36m(SpecoTaskRunner pid=62090)[0m                                                             'hidden_state_random_seed_by_step': True,
[36m(SpecoTaskRunner pid=62090)[0m                                                             'hidden_state_window_min_rows': 32,
[36m(SpecoTaskRunner pid=62090)[0m                                                             'hidden_state_window_mode': 'front',
[36m(SpecoTaskRunner pid=62090)[0m                                                             'hidden_state_window_tokens_per_sample': 32,
[36m(SpecoTaskRunner pid=62090)[0m                                                             'logits_coverage_mask_min_ratio': 0.1,
[36m(SpecoTaskRunner pid=62090)[0m                                                             'logits_coverage_mask_require_top1': False,
[36m(SpecoTaskRunner pid=62090)[0m                                                             'logits_sparse_min_intersection': 1,
[36m(SpecoTaskRunner pid=62090)[0m                                                             'logits_sparse_min_mass': None,
[36m(SpecoTaskRunner pid=62090)[0m                                                             'logits_topk': 128,
[36m(SpecoTaskRunner pid=62090)[0m                                                             'lr': 1e-05,
[36m(SpecoTaskRunner pid=62090)[0m                                                             'lr_decay_steps': 100,
[36m(SpecoTaskRunner pid=62090)[0m                                                             'lr_scheduler_type': 'constant',
[36m(SpecoTaskRunner pid=62090)[0m                                                             'lr_warmup_steps': 0,
[36m(SpecoTaskRunner pid=62090)[0m                                                             'max_collect_samples_per_step_per_replica': 16,
[36m(SpecoTaskRunner pid=62090)[0m                                                             'max_collect_tokens_per_step_per_replica': 16384,
[36m(SpecoTaskRunner pid=62090)[0m                                                             'max_seq_len': 8192,
[36m(SpecoTaskRunner pid=62090)[0m                                                             'min_lr_ratio': 0.1,
[36m(SpecoTaskRunner pid=62090)[0m                                                             'mode': 'online',
[36m(SpecoTaskRunner pid=62090)[0m                                                             'old_logprob_hidden_capture_impl': 'forward_hook',
[36m(SpecoTaskRunner pid=62090)[0m                                                             'park_hccl_after_drafter_training': False,
[36m(SpecoTaskRunner pid=62090)[0m                                                             'peagle_down_sample_ratio': 0.7,
[36m(SpecoTaskRunner pid=62090)[0m                                                             'peagle_down_sample_ratio_min': 0.2,
[36m(SpecoTaskRunner pid=62090)[0m                                                             'peagle_draft_vocab_size': None,
[36m(SpecoTaskRunner pid=62090)[0m                                                             'peagle_fc_norm': False,
[36m(SpecoTaskRunner pid=62090)[0m                                                             'peagle_mask_token_id': None,
[36m(SpecoTaskRunner pid=62090)[0m                                                             'peagle_num_aux_hidden_states': 3,
[36m(SpecoTaskRunner pid=62090)[0m                                                             'peagle_num_depths': 8,
[36m(SpecoTaskRunner pid=62090)[0m                                                             'peagle_num_draft_layers': 4,
[36m(SpecoTaskRunner pid=62090)[0m                                                             'publish_async': True,
[36m(SpecoTaskRunner pid=62090)[0m                                                             'publish_dtype': None,
[36m(SpecoTaskRunner pid=62090)[0m                                                             'publish_interval_steps': 1,
[36m(SpecoTaskRunner pid=62090)[0m                                                             'publish_param_name_patterns': None,
[36m(SpecoTaskRunner pid=62090)[0m                                                             'resume_trainer_state_from_checkpoint': True,
[36m(SpecoTaskRunner pid=62090)[0m                                                             'sample_last_n_steps': 20,
[36m(SpecoTaskRunner pid=62090)[0m                                                             'save_full_drafter_checkpoint': True,
[36m(SpecoTaskRunner pid=62090)[0m                                                             'skip_heavy_cleanup_after_drafter_training': False,
[36m(SpecoTaskRunner pid=62090)[0m                                                             'step': 1,
[36m(SpecoTaskRunner pid=62090)[0m                                                             'target_lm_head_row_restricted_sync': True,
[36m(SpecoTaskRunner pid=62090)[0m                                                             'train_batches_per_cycle': 4,
[36m(SpecoTaskRunner pid=62090)[0m                                                             'training_interval_steps': 1,
[36m(SpecoTaskRunner pid=62090)[0m                                                             'transfer_queue': {'backend': {'SimpleStorage': {'num_data_storage_units': 8,
[36m(SpecoTaskRunner pid=62090)[0m                                                                                                              'total_storage_size': 100000},
[36m(SpecoTaskRunner pid=62090)[0m                                                                                            'storage_backend': 'SimpleStorage'},
[36m(SpecoTaskRunner pid=62090)[0m                                                                                'connect_timeout_seconds': 120,
[36m(SpecoTaskRunner pid=62090)[0m                                                                                'controller': {'polling_mode': True},
[36m(SpecoTaskRunner pid=62090)[0m                                                                                'drop_last': True,
[36m(SpecoTaskRunner pid=62090)[0m                                                                                'enable': False,
[36m(SpecoTaskRunner pid=62090)[0m                                                                                'expected_feature': {'algorithm': None,
[36m(SpecoTaskRunner pid=62090)[0m                                                                                                     'hidden_dtype': None,
[36m(SpecoTaskRunner pid=62090)[0m                                                                                                     'hidden_states_layout': None,
[36m(SpecoTaskRunner pid=62090)[0m                                                                                                     'target_layer_ids': None,
[36m(SpecoTaskRunner pid=62090)[0m                                                                                                     'target_model_path': None,
[36m(SpecoTaskRunner pid=62090)[0m                                                                                                     'target_revision': None,
[36m(SpecoTaskRunner pid=62090)[0m                                                                                                     'tokenizer_fingerprint': None},
[36m(SpecoTaskRunner pid=62090)[0m                                                                                'package_version': '0.1.10',
[36m(SpecoTaskRunner pid=62090)[0m                                                                                'partition_id': 'speco_drafter_features',
[36m(SpecoTaskRunner pid=62090)[0m                                                                                'poll_interval_seconds': 0.5,
[36m(SpecoTaskRunner pid=62090)[0m                                                                                'ray': {'address': None,
[36m(SpecoTaskRunner pid=62090)[0m                                                                                        'namespace': 'speco-drafter'},
[36m(SpecoTaskRunner pid=62090)[0m                                                                                'run_id': None,
[36m(SpecoTaskRunner pid=62090)[0m                                                                                'schema_version': 2},
[36m(SpecoTaskRunner pid=62090)[0m                                                             'ttt_length': 1,
[36m(SpecoTaskRunner pid=62090)[0m                                                             'use_data_buffer': False,
[36m(SpecoTaskRunner pid=62090)[0m                                                             'use_logits': False,
[36m(SpecoTaskRunner pid=62090)[0m                                                             'vocab_mapping_path': None,
[36m(SpecoTaskRunner pid=62090)[0m                                                             'warmup_style': None},
[36m(SpecoTaskRunner pid=62090)[0m                                                'vllm': {'allow_lossy_speculative_sampling': False,
[36m(SpecoTaskRunner pid=62090)[0m                                                         'draft_tensor_parallel_size': None,
[36m(SpecoTaskRunner pid=62090)[0m                                                         'enforce_eager': None,
[36m(SpecoTaskRunner pid=62090)[0m                                                         'max_model_len': None,
[36m(SpecoTaskRunner pid=62090)[0m                                                         'speculative_config_overrides': {}},
[36m(SpecoTaskRunner pid=62090)[0m                                                'world_size': 16},
[36m(SpecoTaskRunner pid=62090)[0m                                    'dtype': 'bfloat16',
[36m(SpecoTaskRunner pid=62090)[0m                                    'enable_chunked_prefill': True,
[36m(SpecoTaskRunner pid=62090)[0m                                    'enable_prefix_caching': True,
[36m(SpecoTaskRunner pid=62090)[0m                                    'enable_rollout_routing_replay': False,
[36m(SpecoTaskRunner pid=62090)[0m                                    'enforce_eager': True,
[36m(SpecoTaskRunner pid=62090)[0m                                    'engine_kwargs': {'sglang': {},
[36m(SpecoTaskRunner pid=62090)[0m                                                      'trtllm': {},
[36m(SpecoTaskRunner pid=62090)[0m                                                      'vllm': {}},
[36m(SpecoTaskRunner pid=62090)[0m                                    'expert_parallel_size': 1,
[36m(SpecoTaskRunner pid=62090)[0m                                    'free_cache_engine': True,
[36m(SpecoTaskRunner pid=62090)[0m                                    'full_determinism': False,
[36m(SpecoTaskRunner pid=62090)[0m                                    'gpu_memory_utilization': 0.25,
[36m(SpecoTaskRunner pid=62090)[0m                                    'ignore_eos': False,
[36m(SpecoTaskRunner pid=62090)[0m                                    'layered_summon': False,
[36m(SpecoTaskRunner pid=62090)[0m                                    'load_format': 'auto',
[36m(SpecoTaskRunner pid=62090)[0m                                    'log_prob_max_token_len_per_gpu': 16384,
[36m(SpecoTaskRunner pid=62090)[0m                                    'log_prob_micro_batch_size': None,
[36m(SpecoTaskRunner pid=62090)[0m                                    'log_prob_micro_batch_size_per_gpu': 1,
[36m(SpecoTaskRunner pid=62090)[0m                                    'log_prob_use_dynamic_bsz': False,
[36m(SpecoTaskRunner pid=62090)[0m                                    'logprobs_mode': 'processed_logprobs',
[36m(SpecoTaskRunner pid=62090)[0m                                    'max_model_len': 256,
[36m(SpecoTaskRunner pid=62090)[0m                                    'max_num_batched_tokens': 8192,
[36m(SpecoTaskRunner pid=62090)[0m                                    'max_num_seqs': 4,
[36m(SpecoTaskRunner pid=62090)[0m                                    'mode': 'async',
[36m(SpecoTaskRunner pid=62090)[0m                                    'moe_load_balance_metrics_interval': 0,
[36m(SpecoTaskRunner pid=62090)[0m                                    'mtp': {'_target_': 'verl.workers.config.MtpConfig',
[36m(SpecoTaskRunner pid=62090)[0m                                            'detach_encoder': False,
[36m(SpecoTaskRunner pid=62090)[0m                                            'enable': False,
[36m(SpecoTaskRunner pid=62090)[0m                                            'enable_rollout': False,
[36m(SpecoTaskRunner pid=62090)[0m                                            'enable_train': False,
[36m(SpecoTaskRunner pid=62090)[0m                                            'method': 'mtp',
[36m(SpecoTaskRunner pid=62090)[0m                                            'mtp_loss_scaling_factor': 0.1,
[36m(SpecoTaskRunner pid=62090)[0m                                            'num_speculative_tokens': 1,
[36m(SpecoTaskRunner pid=62090)[0m                                            'speculative_algorithm': 'EAGLE',
[36m(SpecoTaskRunner pid=62090)[0m                                            'speculative_eagle_topk': 1,
[36m(SpecoTaskRunner pid=62090)[0m                                            'speculative_num_draft_tokens': 4,
[36m(SpecoTaskRunner pid=62090)[0m                                            'speculative_num_steps': 3},
[36m(SpecoTaskRunner pid=62090)[0m                                    'multi_stage_wake_up': False,
[36m(SpecoTaskRunner pid=62090)[0m                                    'multi_turn': {'_target_': 'verl.workers.config.MultiTurnConfig',
[36m(SpecoTaskRunner pid=62090)[0m                                                   'enable': False,
[36m(SpecoTaskRunner pid=62090)[0m                                                   'format': 'hermes',
[36m(SpecoTaskRunner pid=62090)[0m                                                   'function_tool_path': None,
[36m(SpecoTaskRunner pid=62090)[0m                                                   'max_assistant_turns': None,
[36m(SpecoTaskRunner pid=62090)[0m                                                   'max_parallel_calls': 1,
[36m(SpecoTaskRunner pid=62090)[0m                                                   'max_tool_response_length': 256,
[36m(SpecoTaskRunner pid=62090)[0m                                                   'max_user_turns': None,
[36m(SpecoTaskRunner pid=62090)[0m                                                   'num_repeat_rollouts': None,
[36m(SpecoTaskRunner pid=62090)[0m                                                   'tokenization_sanity_check_mode': 'strict',
[36m(SpecoTaskRunner pid=62090)[0m                                                   'tool_config_path': None,
[36m(SpecoTaskRunner pid=62090)[0m                                                   'tool_response_truncate_side': 'middle',
[36m(SpecoTaskRunner pid=62090)[0m                                                   'use_inference_chat_template': False},
[36m(SpecoTaskRunner pid=62090)[0m                                    'n': 2,
[36m(SpecoTaskRunner pid=62090)[0m                                    'n_gpus_per_node': 2,
[36m(SpecoTaskRunner pid=62090)[0m                                    'name': 'vllm',
[36m(SpecoTaskRunner pid=62090)[0m                                    'nnodes': 0,
[36m(SpecoTaskRunner pid=62090)[0m                                    'over_sample_rate': 0,
[36m(SpecoTaskRunner pid=62090)[0m                                    'pipeline_model_parallel_size': 1,
[36m(SpecoTaskRunner pid=62090)[0m                                    'profiler': {'_target_': 'verl.utils.profiler.ProfilerConfig',
[36m(SpecoTaskRunner pid=62090)[0m                                                 'all_ranks': False,
[36m(SpecoTaskRunner pid=62090)[0m                                                 'enable': False,
[36m(SpecoTaskRunner pid=62090)[0m                                                 'ranks': [],
[36m(SpecoTaskRunner pid=62090)[0m                                                 'save_path': 'outputs/profile',
[36m(SpecoTaskRunner pid=62090)[0m                                                 'tool': None,
[36m(SpecoTaskRunner pid=62090)[0m                                                 'tool_config': {'npu': {'_target_': 'verl.utils.profiler.config.NPUToolConfig',
[36m(SpecoTaskRunner pid=62090)[0m                                                                         'analysis': True,
[36m(SpecoTaskRunner pid=62090)[0m                                                                         'contents': [],
[36m(SpecoTaskRunner pid=62090)[0m                                                                         'discrete': False,
[36m(SpecoTaskRunner pid=62090)[0m                                                                         'level': 'level0',
[36m(SpecoTaskRunner pid=62090)[0m                                                                         'profile_token_end': None,
[36m(SpecoTaskRunner pid=62090)[0m                                                                         'profile_token_start': None},
[36m(SpecoTaskRunner pid=62090)[0m                                                                 'precision_debugger': {'_target_': 'verl.utils.profiler.config.PrecisionDebuggerToolConfig',
[36m(SpecoTaskRunner pid=62090)[0m                                                                                        'config_path': None,
[36m(SpecoTaskRunner pid=62090)[0m                                                                                        'stages': None,
[36m(SpecoTaskRunner pid=62090)[0m                                                                                        'steps': None,
[36m(SpecoTaskRunner pid=62090)[0m                                                                                        'strict': False},
[36m(SpecoTaskRunner pid=62090)[0m                                                                 'torch': {'_target_': 'verl.utils.profiler.config.TorchProfilerToolConfig',
[36m(SpecoTaskRunner pid=62090)[0m                                                                           'contents': [],
[36m(SpecoTaskRunner pid=62090)[0m                                                                           'discrete': False,
[36m(SpecoTaskRunner pid=62090)[0m                                                                           'profile_token_end': None,
[36m(SpecoTaskRunner pid=62090)[0m                                                                           'profile_token_start': None}}},
[36m(SpecoTaskRunner pid=62090)[0m                                    'prometheus': {'_target_': 'verl.workers.config.PrometheusConfig',
[36m(SpecoTaskRunner pid=62090)[0m                                                   'enable': False,
[36m(SpecoTaskRunner pid=62090)[0m                                                   'file': '/tmp/ray/session_latest/metrics/prometheus/prometheus.yml',
[36m(SpecoTaskRunner pid=62090)[0m                                                   'port': 9090,
[36m(SpecoTaskRunner pid=62090)[0m                                                   'served_model_name': '/experiment/models/target'},
[36m(SpecoTaskRunner pid=62090)[0m                                    'prompt_length': 128,
[36m(SpecoTaskRunner pid=62090)[0m                                    'qat': {'_target_': 'verl.workers.config.QATEngineConfig',
[36m(SpecoTaskRunner pid=62090)[0m                                            'activation_observer': 'static_minmax',
[36m(SpecoTaskRunner pid=62090)[0m                                            'enable': False,
[36m(SpecoTaskRunner pid=62090)[0m                                            'group_size': 16,
[36m(SpecoTaskRunner pid=62090)[0m                                            'ignore_patterns': ['lm_head',
[36m(SpecoTaskRunner pid=62090)[0m                                                                'embed_tokens',
[36m(SpecoTaskRunner pid=62090)[0m                                                                're:.*mlp.gate$'],
[36m(SpecoTaskRunner pid=62090)[0m                                            'mode': 'w4a16',
[36m(SpecoTaskRunner pid=62090)[0m                                            'quantization_config_path': None},
[36m(SpecoTaskRunner pid=62090)[0m                                    'quantization': None,
[36m(SpecoTaskRunner pid=62090)[0m                                    'quantization_config_file': None,
[36m(SpecoTaskRunner pid=62090)[0m                                    'response_length': 64,
[36m(SpecoTaskRunner pid=62090)[0m                                    'scheduling_policy': 'fcfs',
[36m(SpecoTaskRunner pid=62090)[0m                                    'seed': 42,
[36m(SpecoTaskRunner pid=62090)[0m                                    'skip_tokenizer_init': True,
[36m(SpecoTaskRunner pid=62090)[0m                                    'temperature': 1.0,
[36m(SpecoTaskRunner pid=62090)[0m                                    'tensor_model_parallel_size': 2,
[36m(SpecoTaskRunner pid=62090)[0m                                    'top_k': -1,
[36m(SpecoTaskRunner pid=62090)[0m                                    'top_p': 1,
[36m(SpecoTaskRunner pid=62090)[0m                                    'trace': {'_target_': 'verl.workers.config.TraceConfig',
[36m(SpecoTaskRunner pid=62090)[0m                                              'backend': None,
[36m(SpecoTaskRunner pid=62090)[0m                                              'experiment_name': 'dflash-compat',
[36m(SpecoTaskRunner pid=62090)[0m                                              'max_samples_per_step_per_worker': None,
[36m(SpecoTaskRunner pid=62090)[0m                                              'project_name': 'speco-l20',
[36m(SpecoTaskRunner pid=62090)[0m                                              'token2text': False},
[36m(SpecoTaskRunner pid=62090)[0m                                    'val_kwargs': {'_target_': 'verl.workers.config.SamplingConfig',
[36m(SpecoTaskRunner pid=62090)[0m                                                   'do_sample': False,
[36m(SpecoTaskRunner pid=62090)[0m                                                   'n': 1,
[36m(SpecoTaskRunner pid=62090)[0m                                                   'temperature': 0,
[36m(SpecoTaskRunner pid=62090)[0m                                                   'top_k': -1,
[36m(SpecoTaskRunner pid=62090)[0m                                                   'top_p': 1.0}}},
[36m(SpecoTaskRunner pid=62090)[0m  'algorithm': {'_target_': 'verl.trainer.config.AlgoConfig',
[36m(SpecoTaskRunner pid=62090)[0m                'adv_estimator': 'grpo',
[36m(SpecoTaskRunner pid=62090)[0m                'filter_groups': {'_target_': 'verl.trainer.config.FilterGroupsConfig',
[36m(SpecoTaskRunner pid=62090)[0m                                  'enable': False,
[36m(SpecoTaskRunner pid=62090)[0m                                  'max_inflight_gen_batches': 1,
[36m(SpecoTaskRunner pid=62090)[0m                                  'max_num_gen_batches': 0,
[36m(SpecoTaskRunner pid=62090)[0m                                  'metric': None},
[36m(SpecoTaskRunner pid=62090)[0m                'gamma': 1.0,
[36m(SpecoTaskRunner pid=62090)[0m                'kl_ctrl': {'_target_': 'verl.trainer.config.KLControlConfig',
[36m(SpecoTaskRunner pid=62090)[0m                            'horizon': 10000,
[36m(SpecoTaskRunner pid=62090)[0m                            'kl_coef': 0.001,
[36m(SpecoTaskRunner pid=62090)[0m                            'target_kl': 0.1,
[36m(SpecoTaskRunner pid=62090)[0m                            'type': 'fixed'},
[36m(SpecoTaskRunner pid=62090)[0m                'kl_penalty': 'kl',
[36m(SpecoTaskRunner pid=62090)[0m                'lam': 1.0,
[36m(SpecoTaskRunner pid=62090)[0m                'norm_adv_by_std_in_grpo': True,
[36m(SpecoTaskRunner pid=62090)[0m                'pf_ppo': {'reweight_method': 'pow', 'weight_pow': 2.0},
[36m(SpecoTaskRunner pid=62090)[0m                'rollout_correction': {'bypass_mode': False,
[36m(SpecoTaskRunner pid=62090)[0m                                       'loss_type': 'ppo_clip',
[36m(SpecoTaskRunner pid=62090)[0m                                       'rollout_is': None,
[36m(SpecoTaskRunner pid=62090)[0m                                       'rollout_is_batch_normalize': False,
[36m(SpecoTaskRunner pid=62090)[0m                                       'rollout_is_threshold': 2.0,
[36m(SpecoTaskRunner pid=62090)[0m                                       'rollout_rs': None,
[36m(SpecoTaskRunner pid=62090)[0m                                       'rollout_rs_threshold': None},
[36m(SpecoTaskRunner pid=62090)[0m                'use_kl_in_reward': False,
[36m(SpecoTaskRunner pid=62090)[0m                'use_pf_ppo': False},
[36m(SpecoTaskRunner pid=62090)[0m  'critic': {'_target_': 'verl.workers.config.FSDPCriticConfig',
[36m(SpecoTaskRunner pid=62090)[0m             'checkpoint': {'_target_': 'verl.trainer.config.CheckpointConfig',
[36m(SpecoTaskRunner pid=62090)[0m                            'async_save': False,
[36m(SpecoTaskRunner pid=62090)[0m                            'load_contents': ['model', 'optimizer', 'extra'],
[36m(SpecoTaskRunner pid=62090)[0m                            'save_contents': ['model', 'optimizer', 'extra']},
[36m(SpecoTaskRunner pid=62090)[0m             'cliprange_value': 0.5,
[36m(SpecoTaskRunner pid=62090)[0m             'data_loader_seed': 42,
[36m(SpecoTaskRunner pid=62090)[0m             'enable': None,
[36m(SpecoTaskRunner pid=62090)[0m             'forward_max_token_len_per_gpu': 32768,
[36m(SpecoTaskRunner pid=62090)[0m             'forward_micro_batch_size': None,
[36m(SpecoTaskRunner pid=62090)[0m             'forward_micro_batch_size_per_gpu': None,
[36m(SpecoTaskRunner pid=62090)[0m             'fsdp': {'_target_': 'verl.workers.config.FSDPEngineConfig',
[36m(SpecoTaskRunner pid=62090)[0m                      'dtype': 'bfloat16',
[36m(SpecoTaskRunner pid=62090)[0m                      'entropy_checkpointing': False,
[36m(SpecoTaskRunner pid=62090)[0m                      'entropy_from_logits_chunk_size': 2048,
[36m(SpecoTaskRunner pid=62090)[0m                      'entropy_from_logits_with_chunking': False,
[36m(SpecoTaskRunner pid=62090)[0m                      'forward_only': False,
[36m(SpecoTaskRunner pid=62090)[0m                      'forward_prefetch': False,
[36m(SpecoTaskRunner pid=62090)[0m                      'fsdp_size': -1,
[36m(SpecoTaskRunner pid=62090)[0m                      'full_determinism': False,
[36m(SpecoTaskRunner pid=62090)[0m                      'model_dtype': 'fp32',
[36m(SpecoTaskRunner pid=62090)[0m                      'offload_policy': False,
[36m(SpecoTaskRunner pid=62090)[0m                      'optimizer_offload': False,
[36m(SpecoTaskRunner pid=62090)[0m                      'pad_to_length': False,
[36m(SpecoTaskRunner pid=62090)[0m                      'pad_to_length_bucket': 1024,
[36m(SpecoTaskRunner pid=62090)[0m                      'param_offload': False,
[36m(SpecoTaskRunner pid=62090)[0m                      'qat': {'_target_': 'verl.workers.config.QATEngineConfig',
[36m(SpecoTaskRunner pid=62090)[0m                              'activation_observer': 'static_minmax',
[36m(SpecoTaskRunner pid=62090)[0m                              'enable': False,
[36m(SpecoTaskRunner pid=62090)[0m                              'group_size': 16,
[36m(SpecoTaskRunner pid=62090)[0m                              'ignore_patterns': ['lm_head',
[36m(SpecoTaskRunner pid=62090)[0m                                                  'embed_tokens',
[36m(SpecoTaskRunner pid=62090)[0m                                                  're:.*mlp.gate$'],
[36m(SpecoTaskRunner pid=62090)[0m                              'mode': 'w4a16',
[36m(SpecoTaskRunner pid=62090)[0m                              'quantization_config_path': None},
[36m(SpecoTaskRunner pid=62090)[0m                      'reshard_after_forward': True,
[36m(SpecoTaskRunner pid=62090)[0m                      'seed': 42,
[36m(SpecoTaskRunner pid=62090)[0m                      'strategy': 'fsdp',
[36m(SpecoTaskRunner pid=62090)[0m                      'ulysses_sequence_parallel_size': 1,
[36m(SpecoTaskRunner pid=62090)[0m                      'use_orig_params': False,
[36m(SpecoTaskRunner pid=62090)[0m                      'use_torch_compile': True,
[36m(SpecoTaskRunner pid=62090)[0m                      'wrap_policy': {'min_num_params': 0}},
[36m(SpecoTaskRunner pid=62090)[0m             'grad_clip': 1.0,
[36m(SpecoTaskRunner pid=62090)[0m             'loss_agg_mode': 'token-mean',
[36m(SpecoTaskRunner pid=62090)[0m             'loss_scale_factor': None,
[36m(SpecoTaskRunner pid=62090)[0m             'model': {'_target_': 'verl.workers.config.HFModelConfig',
[36m(SpecoTaskRunner pid=62090)[0m                       'custom_chat_template': None,
[36m(SpecoTaskRunner pid=62090)[0m                       'enable_activation_offload': False,
[36m(SpecoTaskRunner pid=62090)[0m                       'enable_gradient_checkpointing': True,
[36m(SpecoTaskRunner pid=62090)[0m                       'exclude_modules': None,
[36m(SpecoTaskRunner pid=62090)[0m                       'external_lib': None,
[36m(SpecoTaskRunner pid=62090)[0m                       'fused_kernel_options': {'impl_backend': 'torch'},
[36m(SpecoTaskRunner pid=62090)[0m                       'hf_config_path': None,
[36m(SpecoTaskRunner pid=62090)[0m                       'lora': {'a2a_experimental': False,
[36m(SpecoTaskRunner pid=62090)[0m                                'adapter_path': None,
[36m(SpecoTaskRunner pid=62090)[0m                                'alpha': 32,
[36m(SpecoTaskRunner pid=62090)[0m                                'dropout': 0.0,
[36m(SpecoTaskRunner pid=62090)[0m                                'dropout_position': 'pre',
[36m(SpecoTaskRunner pid=62090)[0m                                'dtype': None,
[36m(SpecoTaskRunner pid=62090)[0m                                'exclude_modules': [],
[36m(SpecoTaskRunner pid=62090)[0m                                'freeze_language_model': True,
[36m(SpecoTaskRunner pid=62090)[0m                                'freeze_vision_model': True,
[36m(SpecoTaskRunner pid=62090)[0m                                'freeze_vision_projection': True,
[36m(SpecoTaskRunner pid=62090)[0m                                'lora_A_init_method': 'xavier',
[36m(SpecoTaskRunner pid=62090)[0m                                'lora_B_init_method': 'zero',
[36m(SpecoTaskRunner pid=62090)[0m                                'merge': False,
[36m(SpecoTaskRunner pid=62090)[0m                                'rank': 0,
[36m(SpecoTaskRunner pid=62090)[0m                                'target_modules': ['linear_qkv',
[36m(SpecoTaskRunner pid=62090)[0m                                                   'linear_proj',
[36m(SpecoTaskRunner pid=62090)[0m                                                   'linear_fc1',
[36m(SpecoTaskRunner pid=62090)[0m                                                   'linear_fc2'],
[36m(SpecoTaskRunner pid=62090)[0m                                'type': 'lora'},
[36m(SpecoTaskRunner pid=62090)[0m                       'lora_adapter_path': None,
[36m(SpecoTaskRunner pid=62090)[0m                       'lora_alpha': 16,
[36m(SpecoTaskRunner pid=62090)[0m                       'lora_rank': 0,
[36m(SpecoTaskRunner pid=62090)[0m                       'mtp': {'_target_': 'verl.workers.config.MtpConfig',
[36m(SpecoTaskRunner pid=62090)[0m                               'detach_encoder': False,
[36m(SpecoTaskRunner pid=62090)[0m                               'enable': False,
[36m(SpecoTaskRunner pid=62090)[0m                               'enable_rollout': False,
[36m(SpecoTaskRunner pid=62090)[0m                               'enable_train': False,
[36m(SpecoTaskRunner pid=62090)[0m                               'method': 'mtp',
[36m(SpecoTaskRunner pid=62090)[0m                               'mtp_loss_scaling_factor': 0.1,
[36m(SpecoTaskRunner pid=62090)[0m                               'num_speculative_tokens': 1,
[36m(SpecoTaskRunner pid=62090)[0m                               'speculative_algorithm': 'EAGLE',
[36m(SpecoTaskRunner pid=62090)[0m                               'speculative_eagle_topk': 1,
[36m(SpecoTaskRunner pid=62090)[0m                               'speculative_num_draft_tokens': 4,
[36m(SpecoTaskRunner pid=62090)[0m                               'speculative_num_steps': 3},
[36m(SpecoTaskRunner pid=62090)[0m                       'override_config': {},
[36m(SpecoTaskRunner pid=62090)[0m                       'path': '~/models/deepseek-llm-7b-chat',
[36m(SpecoTaskRunner pid=62090)[0m                       'target_modules': 'all-linear',
[36m(SpecoTaskRunner pid=62090)[0m                       'tiled_mlp': {'enabled': False, 'num_shards': 4},
[36m(SpecoTaskRunner pid=62090)[0m                       'tokenizer_path': None,
[36m(SpecoTaskRunner pid=62090)[0m                       'trust_remote_code': False,
[36m(SpecoTaskRunner pid=62090)[0m                       'use_fused_kernels': False,
[36m(SpecoTaskRunner pid=62090)[0m                       'use_liger': False,
[36m(SpecoTaskRunner pid=62090)[0m                       'use_remove_padding': True,
[36m(SpecoTaskRunner pid=62090)[0m                       'use_shm': False},
[36m(SpecoTaskRunner pid=62090)[0m             'optim': {'_target_': 'verl.workers.config.FSDPOptimizerConfig',
[36m(SpecoTaskRunner pid=62090)[0m                       'betas': [0.9, 0.999],
[36m(SpecoTaskRunner pid=62090)[0m                       'clip_grad': 1.0,
[36m(SpecoTaskRunner pid=62090)[0m                       'lr': 1e-05,
[36m(SpecoTaskRunner pid=62090)[0m                       'lr_scheduler_type': 'constant',
[36m(SpecoTaskRunner pid=62090)[0m                       'lr_warmup_steps': -1,
[36m(SpecoTaskRunner pid=62090)[0m                       'lr_warmup_steps_ratio': 0.0,
[36m(SpecoTaskRunner pid=62090)[0m                       'min_lr_ratio': 0.0,
[36m(SpecoTaskRunner pid=62090)[0m                       'num_cycles': 0.5,
[36m(SpecoTaskRunner pid=62090)[0m                       'optimizer': 'AdamW',
[36m(SpecoTaskRunner pid=62090)[0m                       'optimizer_impl': 'torch.optim',
[36m(SpecoTaskRunner pid=62090)[0m                       'override_optimizer_config': None,
[36m(SpecoTaskRunner pid=62090)[0m                       'total_training_steps': -1,
[36m(SpecoTaskRunner pid=62090)[0m                       'warmup_style': None,
[36m(SpecoTaskRunner pid=62090)[0m                       'weight_decay': 0.01,
[36m(SpecoTaskRunner pid=62090)[0m                       'zero_indexed_step': True},
[36m(SpecoTaskRunner pid=62090)[0m             'ppo_epochs': 1,
[36m(SpecoTaskRunner pid=62090)[0m             'ppo_max_token_len_per_gpu': 32768,
[36m(SpecoTaskRunner pid=62090)[0m             'ppo_micro_batch_size': None,
[36m(SpecoTaskRunner pid=62090)[0m             'ppo_micro_batch_size_per_gpu': None,
[36m(SpecoTaskRunner pid=62090)[0m             'ppo_mini_batch_size': 2,
[36m(SpecoTaskRunner pid=62090)[0m             'profiler': {'_target_': 'verl.utils.profiler.ProfilerConfig',
[36m(SpecoTaskRunner pid=62090)[0m                          'all_ranks': False,
[36m(SpecoTaskRunner pid=62090)[0m                          'enable': False,
[36m(SpecoTaskRunner pid=62090)[0m                          'ranks': [],
[36m(SpecoTaskRunner pid=62090)[0m                          'save_path': 'outputs/profile',
[36m(SpecoTaskRunner pid=62090)[0m                          'tool': None,
[36m(SpecoTaskRunner pid=62090)[0m                          'tool_config': {'npu': {'_target_': 'verl.utils.profiler.config.NPUToolConfig',
[36m(SpecoTaskRunner pid=62090)[0m                                                  'analysis': True,
[36m(SpecoTaskRunner pid=62090)[0m                                                  'contents': [],
[36m(SpecoTaskRunner pid=62090)[0m                                                  'discrete': False,
[36m(SpecoTaskRunner pid=62090)[0m                                                  'level': 'level0'},
[36m(SpecoTaskRunner pid=62090)[0m                                          'nsys': {'_target_': 'verl.utils.profiler.config.NsightToolConfig',
[36m(SpecoTaskRunner pid=62090)[0m                                                   'discrete': False},
[36m(SpecoTaskRunner pid=62090)[0m                                          'precision_debugger': {'_target_': 'verl.utils.profiler.config.PrecisionDebuggerToolConfig',
[36m(SpecoTaskRunner pid=62090)[0m                                                                 'config_path': None,
[36m(SpecoTaskRunner pid=62090)[0m                                                                 'stages': None,
[36m(SpecoTaskRunner pid=62090)[0m                                                                 'steps': None,
[36m(SpecoTaskRunner pid=62090)[0m                                                                 'strict': False},
[36m(SpecoTaskRunner pid=62090)[0m                                          'torch': {'_target_': 'verl.utils.profiler.config.TorchProfilerToolConfig',
[36m(SpecoTaskRunner pid=62090)[0m                                                    'contents': [],
[36m(SpecoTaskRunner pid=62090)[0m                                                    'discrete': False,
[36m(SpecoTaskRunner pid=62090)[0m                                                    'schedule': {'_target_': 'verl.utils.profiler.config.TorchProfilerScheduleConfig',
[36m(SpecoTaskRunner pid=62090)[0m                                                                 'active': 0,
[36m(SpecoTaskRunner pid=62090)[0m                                                                 'repeat': 0,
[36m(SpecoTaskRunner pid=62090)[0m                                                                 'skip_first': 0,
[36m(SpecoTaskRunner pid=62090)[0m                                                                 'wait': 0,
[36m(SpecoTaskRunner pid=62090)[0m                                                                 'warmup': 0}},
[36m(SpecoTaskRunner pid=62090)[0m                                          'torch_memory': {'_target_': 'verl.utils.profiler.config.TorchMemoryToolConfig',
[36m(SpecoTaskRunner pid=62090)[0m                                                           'stack_depth': 32,
[36m(SpecoTaskRunner pid=62090)[0m                                                           'trace_alloc_max_entries': 100000}}},
[36m(SpecoTaskRunner pid=62090)[0m             'rollout_n': 2,
[36m(SpecoTaskRunner pid=62090)[0m             'shuffle': False,
[36m(SpecoTaskRunner pid=62090)[0m             'strategy': 'fsdp',
[36m(SpecoTaskRunner pid=62090)[0m             'ulysses_sequence_parallel_size': 1,
[36m(SpecoTaskRunner pid=62090)[0m             'use_dynamic_bsz': False},
[36m(SpecoTaskRunner pid=62090)[0m  'custom_reward_function': {'name': None, 'path': None},
[36m(SpecoTaskRunner pid=62090)[0m  'data': {'apply_chat_template_kwargs': {},
[36m(SpecoTaskRunner pid=62090)[0m           'audio_key': 'audios',
[36m(SpecoTaskRunner pid=62090)[0m           'continuous_token': {'enable': False, 'model_family': 'auto'},
[36m(SpecoTaskRunner pid=62090)[0m           'custom_cls': {'name': None, 'path': None},
[36m(SpecoTaskRunner pid=62090)[0m           'dataloader_num_workers': 8,
[36m(SpecoTaskRunner pid=62090)[0m           'filter_overlong_prompts': False,
[36m(SpecoTaskRunner pid=62090)[0m           'filter_overlong_prompts_workers': 1,
[36m(SpecoTaskRunner pid=62090)[0m           'function_tool_path': None,
[36m(SpecoTaskRunner pid=62090)[0m           'gen_batch_size': None,
[36m(SpecoTaskRunner pid=62090)[0m           'image_key': 'images',
[36m(SpecoTaskRunner pid=62090)[0m           'image_patch_size': 14,
[36m(SpecoTaskRunner pid=62090)[0m           'max_prompt_length': 128,
[36m(SpecoTaskRunner pid=62090)[0m           'max_response_length': 64,
[36m(SpecoTaskRunner pid=62090)[0m           'mm_processor_kwargs': {},
[36m(SpecoTaskRunner pid=62090)[0m           'prompt_key': 'prompt',
[36m(SpecoTaskRunner pid=62090)[0m           'return_full_prompt': False,
[36m(SpecoTaskRunner pid=62090)[0m           'return_multi_modal_inputs': True,
[36m(SpecoTaskRunner pid=62090)[0m           'return_raw_chat': True,
[36m(SpecoTaskRunner pid=62090)[0m           'return_raw_input_ids': False,
[36m(SpecoTaskRunner pid=62090)[0m           'reward_fn_key': 'data_source',
[36m(SpecoTaskRunner pid=62090)[0m           'seed': None,
[36m(SpecoTaskRunner pid=62090)[0m           'shuffle': True,
[36m(SpecoTaskRunner pid=62090)[0m           'tokenizer': None,
[36m(SpecoTaskRunner pid=62090)[0m           'tool_config_path': None,
[36m(SpecoTaskRunner pid=62090)[0m           'train_batch_size': 2,
[36m(SpecoTaskRunner pid=62090)[0m           'train_files': '/experiment/evidence/l20-20260919/train.parquet',
[36m(SpecoTaskRunner pid=62090)[0m           'train_max_samples': -1,
[36m(SpecoTaskRunner pid=62090)[0m           'truncation': 'error',
[36m(SpecoTaskRunner pid=62090)[0m           'trust_remote_code': False,
[36m(SpecoTaskRunner pid=62090)[0m           'use_shm': False,
[36m(SpecoTaskRunner pid=62090)[0m           'val_batch_size': None,
[36m(SpecoTaskRunner pid=62090)[0m           'val_files': '/experiment/evidence/l20-20260919/val.parquet',
[36m(SpecoTaskRunner pid=62090)[0m           'val_max_samples': -1,
[36m(SpecoTaskRunner pid=62090)[0m           'validation_shuffle': False,
[36m(SpecoTaskRunner pid=62090)[0m           'video_key': 'videos'},
[36m(SpecoTaskRunner pid=62090)[0m  'distillation': {'_target_': 'verl.workers.config.DistillationConfig',
[36m(SpecoTaskRunner pid=62090)[0m                   'distillation_loss': {'_target_': 'verl.workers.config.DistillationLossConfig',
[36m(SpecoTaskRunner pid=62090)[0m                                         'clip_ratio': 0.2,
[36m(SpecoTaskRunner pid=62090)[0m                                         'clip_ratio_high': 0.2,
[36m(SpecoTaskRunner pid=62090)[0m                                         'clip_ratio_low': 0.2,
[36m(SpecoTaskRunner pid=62090)[0m                                         'distillation_loss_coef': 1.0,
[36m(SpecoTaskRunner pid=62090)[0m                                         'log_prob_min_clamp': None,
[36m(SpecoTaskRunner pid=62090)[0m                                         'loss_max_clamp': None,
[36m(SpecoTaskRunner pid=62090)[0m                                         'loss_mode': 'k3',
[36m(SpecoTaskRunner pid=62090)[0m                                         'policy_loss_mode': 'vanilla',
[36m(SpecoTaskRunner pid=62090)[0m                                         'topk': 32,
[36m(SpecoTaskRunner pid=62090)[0m                                         'use_policy_gradient': False,
[36m(SpecoTaskRunner pid=62090)[0m                                         'use_task_rewards': True},
[36m(SpecoTaskRunner pid=62090)[0m                   'enabled': False,
[36m(SpecoTaskRunner pid=62090)[0m                   'n_gpus_per_node': 8,
[36m(SpecoTaskRunner pid=62090)[0m                   'nnodes': 0,
[36m(SpecoTaskRunner pid=62090)[0m                   'teacher_key': 'data_source',
[36m(SpecoTaskRunner pid=62090)[0m                   'teacher_models': {'teacher_model': {'_target_': 'verl.workers.config.DistillationTeacherModelConfig',
[36m(SpecoTaskRunner pid=62090)[0m                                                        'inference': {'_target_': 'verl.workers.config.RolloutConfig',
[36m(SpecoTaskRunner pid=62090)[0m                                                                      'cudagraph_capture_sizes': None,
[36m(SpecoTaskRunner pid=62090)[0m                                                                      'data_parallel_size': 1,
[36m(SpecoTaskRunner pid=62090)[0m                                                                      'disable_log_stats': True,
[36m(SpecoTaskRunner pid=62090)[0m                                                                      'dtype': 'bfloat16',
[36m(SpecoTaskRunner pid=62090)[0m                                                                      'enable_chunked_prefill': True,
[36m(SpecoTaskRunner pid=62090)[0m                                                                      'enable_prefix_caching': True,
[36m(SpecoTaskRunner pid=62090)[0m                                                                      'enforce_eager': True,
[36m(SpecoTaskRunner pid=62090)[0m                                                                      'engine_kwargs': {},
[36m(SpecoTaskRunner pid=62090)[0m                                                                      'expert_parallel_size': 1,
[36m(SpecoTaskRunner pid=62090)[0m                                                                      'free_cache_engine': True,
[36m(SpecoTaskRunner pid=62090)[0m                                                                      'gpu_memory_utilization': 0.5,
[36m(SpecoTaskRunner pid=62090)[0m                                                                      'limit_images': None,
[36m(SpecoTaskRunner pid=62090)[0m                                                                      'load_format': 'auto',
[36m(SpecoTaskRunner pid=62090)[0m                                                                      'max_model_len': None,
[36m(SpecoTaskRunner pid=62090)[0m                                                                      'max_num_batched_tokens': 8192,
[36m(SpecoTaskRunner pid=62090)[0m                                                                      'max_num_seqs': 1024,
[36m(SpecoTaskRunner pid=62090)[0m                                                                      'name': 'vllm',
[36m(SpecoTaskRunner pid=62090)[0m                                                                      'prompt_length': 128,
[36m(SpecoTaskRunner pid=62090)[0m                                                                      'response_length': 64,
[36m(SpecoTaskRunner pid=62090)[0m                                                                      'skip_tokenizer_init': True,
[36m(SpecoTaskRunner pid=62090)[0m                                                                      'temperature': 1.0,
[36m(SpecoTaskRunner pid=62090)[0m                                                                      'tensor_model_parallel_size': 2},
[36m(SpecoTaskRunner pid=62090)[0m                                                        'key': None,
[36m(SpecoTaskRunner pid=62090)[0m                                                        'model_path': None,
[36m(SpecoTaskRunner pid=62090)[0m                                                        'num_replicas': 0}}},
[36m(SpecoTaskRunner pid=62090)[0m  'global_profiler': {'_target_': 'verl.utils.profiler.ProfilerConfig',
[36m(SpecoTaskRunner pid=62090)[0m                      'global_tool_config': {'nsys': {'_target_': 'verl.utils.profiler.config.NsightToolConfig',
[36m(SpecoTaskRunner pid=62090)[0m                                                      'controller_nsight_options': {'cuda-graph-trace': 'graph',
[36m(SpecoTaskRunner pid=62090)[0m                                                                                    'cuda-memory-usage': 'true',
[36m(SpecoTaskRunner pid=62090)[0m                                                                                    'trace': 'cuda,nvtx,cublas,ucx'},
[36m(SpecoTaskRunner pid=62090)[0m                                                      'discrete': False,
[36m(SpecoTaskRunner pid=62090)[0m                                                      'worker_nsight_options': {'capture-range': 'cudaProfilerApi',
[36m(SpecoTaskRunner pid=62090)[0m                                                                                'capture-range-end': None,
[36m(SpecoTaskRunner pid=62090)[0m                                                                                'cuda-graph-trace': 'graph',
[36m(SpecoTaskRunner pid=62090)[0m                                                                                'cuda-memory-usage': 'true',
[36m(SpecoTaskRunner pid=62090)[0m                                                                                'kill': 'none',
[36m(SpecoTaskRunner pid=62090)[0m                                                                                'trace': 'cuda,nvtx,cublas,ucx'}},
[36m(SpecoTaskRunner pid=62090)[0m                                             'precision_debugger': {'_target_': 'verl.utils.profiler.config.PrecisionDebuggerToolConfig',
[36m(SpecoTaskRunner pid=62090)[0m                                                                    'config_path': None,
[36m(SpecoTaskRunner pid=62090)[0m                                                                    'stages': None,
[36m(SpecoTaskRunner pid=62090)[0m                                                                    'steps': None,
[36m(SpecoTaskRunner pid=62090)[0m                                                                    'strict': False},
[36m(SpecoTaskRunner pid=62090)[0m                                             'torch_memory': {'context': 'all',
[36m(SpecoTaskRunner pid=62090)[0m                                                              'kw_args': {},
[36m(SpecoTaskRunner pid=62090)[0m                                                              'stack_depth': 32,
[36m(SpecoTaskRunner pid=62090)[0m                                                              'stacks': 'all',
[36m(SpecoTaskRunner pid=62090)[0m                                                              'trace_alloc_max_entries': 100000}},
[36m(SpecoTaskRunner pid=62090)[0m                      'profile_continuous_steps': False,
[36m(SpecoTaskRunner pid=62090)[0m                      'save_path': 'outputs/profile',
[36m(SpecoTaskRunner pid=62090)[0m                      'steps': None,
[36m(SpecoTaskRunner pid=62090)[0m                      'tool': None},
[36m(SpecoTaskRunner pid=62090)[0m  'model_engine': 'dp',
[36m(SpecoTaskRunner pid=62090)[0m  'ray_kwargs': {'ray_init': {'num_cpus': 16}, 'timeline_json_file': None},
[36m(SpecoTaskRunner pid=62090)[0m  'reward': {'_target_': 'verl.workers.config.RewardConfig',
[36m(SpecoTaskRunner pid=62090)[0m             'custom_reward_function': {'name': 'compute_score', 'path': None},
[36m(SpecoTaskRunner pid=62090)[0m             'num_workers': 8,
[36m(SpecoTaskRunner pid=62090)[0m             'reward_manager': {'_target_': 'verl.workers.config.reward.RewardManagerConfig',
[36m(SpecoTaskRunner pid=62090)[0m                                'module': {'_target_': 'verl.trainer.config.config.ModuleConfig',
[36m(SpecoTaskRunner pid=62090)[0m                                           'name': 'custom_reward_manager',
[36m(SpecoTaskRunner pid=62090)[0m                                           'path': None},
[36m(SpecoTaskRunner pid=62090)[0m                                'name': 'naive',
[36m(SpecoTaskRunner pid=62090)[0m                                'source': 'register'},
[36m(SpecoTaskRunner pid=62090)[0m             'reward_model': {'_target_': 'verl.workers.config.RewardModelConfig',
[36m(SpecoTaskRunner pid=62090)[0m                              'enable': False,
[36m(SpecoTaskRunner pid=62090)[0m                              'enable_resource_pool': False,
[36m(SpecoTaskRunner pid=62090)[0m                              'model_path': None,
[36m(SpecoTaskRunner pid=62090)[0m                              'n_gpus_per_node': 8,
[36m(SpecoTaskRunner pid=62090)[0m                              'nnodes': 0,
[36m(SpecoTaskRunner pid=62090)[0m                              'rollout': {'_target_': 'verl.workers.config.RolloutConfig',
[36m(SpecoTaskRunner pid=62090)[0m                                          'cudagraph_capture_sizes': None,
[36m(SpecoTaskRunner pid=62090)[0m                                          'data_parallel_size': 1,
[36m(SpecoTaskRunner pid=62090)[0m                                          'disable_log_stats': True,
[36m(SpecoTaskRunner pid=62090)[0m                                          'disaggregation': {'bootstrap_port': None,
[36m(SpecoTaskRunner pid=62090)[0m                                                             'decode_replicas': 1,
[36m(SpecoTaskRunner pid=62090)[0m                                                             'decode_tensor_model_parallel_size': None,
[36m(SpecoTaskRunner pid=62090)[0m                                                             'enabled': False,
[36m(SpecoTaskRunner pid=62090)[0m                                                             'ib_device': None,
[36m(SpecoTaskRunner pid=62090)[0m                                                             'prefill_replicas': 1,
[36m(SpecoTaskRunner pid=62090)[0m                                                             'transfer_backend': 'nixl'},
[36m(SpecoTaskRunner pid=62090)[0m                                          'do_sample': True,
[36m(SpecoTaskRunner pid=62090)[0m                                          'dtype': 'bfloat16',
[36m(SpecoTaskRunner pid=62090)[0m                                          'enable_chunked_prefill': True,
[36m(SpecoTaskRunner pid=62090)[0m                                          'enable_prefix_caching': True,
[36m(SpecoTaskRunner pid=62090)[0m                                          'enforce_eager': True,
[36m(SpecoTaskRunner pid=62090)[0m                                          'engine_kwargs': {},
[36m(SpecoTaskRunner pid=62090)[0m                                          'expert_parallel_size': 1,
[36m(SpecoTaskRunner pid=62090)[0m                                          'free_cache_engine': True,
[36m(SpecoTaskRunner pid=62090)[0m                                          'full_determinism': False,
[36m(SpecoTaskRunner pid=62090)[0m                                          'gpu_memory_utilization': 0.5,
[36m(SpecoTaskRunner pid=62090)[0m                                          'ignore_eos': False,
[36m(SpecoTaskRunner pid=62090)[0m                                          'layered_summon': False,
[36m(SpecoTaskRunner pid=62090)[0m                                          'limit_images': None,
[36m(SpecoTaskRunner pid=62090)[0m                                          'load_format': 'auto',
[36m(SpecoTaskRunner pid=62090)[0m                                          'max_model_len': None,
[36m(SpecoTaskRunner pid=62090)[0m                                          'max_num_batched_tokens': 8192,
[36m(SpecoTaskRunner pid=62090)[0m                                          'max_num_seqs': 1024,
[36m(SpecoTaskRunner pid=62090)[0m                                          'mtp': None,
[36m(SpecoTaskRunner pid=62090)[0m                                          'multi_stage_wake_up': False,
[36m(SpecoTaskRunner pid=62090)[0m                                          'n': 1,
[36m(SpecoTaskRunner pid=62090)[0m                                          'name': '???',
[36m(SpecoTaskRunner pid=62090)[0m                                          'pipeline_model_parallel_size': 1,
[36m(SpecoTaskRunner pid=62090)[0m                                          'prompt_length': 2048,
[36m(SpecoTaskRunner pid=62090)[0m                                          'quantization': None,
[36m(SpecoTaskRunner pid=62090)[0m                                          'quantization_config_file': None,
[36m(SpecoTaskRunner pid=62090)[0m                                          'response_length': 2048,
[36m(SpecoTaskRunner pid=62090)[0m                                          'scheduling_policy': 'fcfs',
[36m(SpecoTaskRunner pid=62090)[0m                                          'seed': 42,
[36m(SpecoTaskRunner pid=62090)[0m                                          'skip_tokenizer_init': False,
[36m(SpecoTaskRunner pid=62090)[0m                                          'temperature': 1.0,
[36m(SpecoTaskRunner pid=62090)[0m                                          'tensor_model_parallel_size': 2,
[36m(SpecoTaskRunner pid=62090)[0m                                          'top_k': -1,
[36m(SpecoTaskRunner pid=62090)[0m                                          'top_p': 1}},
[36m(SpecoTaskRunner pid=62090)[0m             'sandbox_fusion': {'_target_': 'verl.workers.config.SandboxFusionConfig',
[36m(SpecoTaskRunner pid=62090)[0m                                'max_concurrent': 64,
[36m(SpecoTaskRunner pid=62090)[0m                                'memory_limit_mb': 1024,
[36m(SpecoTaskRunner pid=62090)[0m                                'url': None}},
[36m(SpecoTaskRunner pid=62090)[0m  'reward_model': {'enable': None,
[36m(SpecoTaskRunner pid=62090)[0m                   'enable_resource_pool': None,
[36m(SpecoTaskRunner pid=62090)[0m                   'model': {'external_lib': None,
[36m(SpecoTaskRunner pid=62090)[0m                             'path': None,
[36m(SpecoTaskRunner pid=62090)[0m                             'trust_remote_code': None},
[36m(SpecoTaskRunner pid=62090)[0m                   'n_gpus_per_node': None,
[36m(SpecoTaskRunner pid=62090)[0m                   'nnodes': None,
[36m(SpecoTaskRunner pid=62090)[0m                   'num_workers': None,
[36m(SpecoTaskRunner pid=62090)[0m                   'reward_loop_class_name': None,
[36m(SpecoTaskRunner pid=62090)[0m                   'reward_loop_module_path': None,
[36m(SpecoTaskRunner pid=62090)[0m                   'reward_loop_source': None,
[36m(SpecoTaskRunner pid=62090)[0m                   'reward_manager': None,
[36m(SpecoTaskRunner pid=62090)[0m                   'rollout': {'cudagraph_capture_sizes': None,
[36m(SpecoTaskRunner pid=62090)[0m                               'data_parallel_size': None,
[36m(SpecoTaskRunner pid=62090)[0m                               'disable_log_stats': None,
[36m(SpecoTaskRunner pid=62090)[0m                               'dtype': None,
[36m(SpecoTaskRunner pid=62090)[0m                               'enable_chunked_prefill': None,
[36m(SpecoTaskRunner pid=62090)[0m                               'enable_prefix_caching': None,
[36m(SpecoTaskRunner pid=62090)[0m                               'enforce_eager': None,
[36m(SpecoTaskRunner pid=62090)[0m                               'engine_kwargs': None,
[36m(SpecoTaskRunner pid=62090)[0m                               'expert_parallel_size': None,
[36m(SpecoTaskRunner pid=62090)[0m                               'free_cache_engine': None,
[36m(SpecoTaskRunner pid=62090)[0m                               'gpu_memory_utilization': None,
[36m(SpecoTaskRunner pid=62090)[0m                               'limit_images': None,
[36m(SpecoTaskRunner pid=62090)[0m                               'load_format': None,
[36m(SpecoTaskRunner pid=62090)[0m                               'max_model_len': None,
[36m(SpecoTaskRunner pid=62090)[0m                               'max_num_batched_tokens': None,
[36m(SpecoTaskRunner pid=62090)[0m                               'max_num_seqs': None,
[36m(SpecoTaskRunner pid=62090)[0m                               'name': None,
[36m(SpecoTaskRunner pid=62090)[0m                               'prompt_length': None,
[36m(SpecoTaskRunner pid=62090)[0m                               'response_length': None,
[36m(SpecoTaskRunner pid=62090)[0m                               'skip_tokenizer_init': None,
[36m(SpecoTaskRunner pid=62090)[0m                               'tensor_model_parallel_size': None}},
[36m(SpecoTaskRunner pid=62090)[0m  'sandbox_fusion': {'max_concurrent': None,
[36m(SpecoTaskRunner pid=62090)[0m                     'memory_limit_mb': None,
[36m(SpecoTaskRunner pid=62090)[0m                     'url': None},
[36m(SpecoTaskRunner pid=62090)[0m  'skip': {'_target_': 'verl.utils.skip.SkipManagerConfig',
[36m(SpecoTaskRunner pid=62090)[0m           'async_rollout': {'action': 'cache',
[36m(SpecoTaskRunner pid=62090)[0m                             'dump_dir': '~/.verl/rollout_dump',
[36m(SpecoTaskRunner pid=62090)[0m                             'enable': False,
[36m(SpecoTaskRunner pid=62090)[0m                             'steps': []},
[36m(SpecoTaskRunner pid=62090)[0m           'rollout': {'action': 'cache',
[36m(SpecoTaskRunner pid=62090)[0m                       'dump_dir': '~/.verl/rollout_dump',
[36m(SpecoTaskRunner pid=62090)[0m                       'enable': False,
[36m(SpecoTaskRunner pid=62090)[0m                       'steps': []},
[36m(SpecoTaskRunner pid=62090)[0m           'rollout_tq': {'action': 'cache',
[36m(SpecoTaskRunner pid=62090)[0m                          'dump_dir': '~/.verl/rollout_dump',
[36m(SpecoTaskRunner pid=62090)[0m                          'enable': False,
[36m(SpecoTaskRunner pid=62090)[0m                          'steps': []}},
[36m(SpecoTaskRunner pid=62090)[0m  'speco': {'compatibility': {'policy': 'warn',
[36m(SpecoTaskRunner pid=62090)[0m                              'require_verl_base_branch': 'release/v0.8.0',
[36m(SpecoTaskRunner pid=62090)[0m                              'require_verl_base_version': '0.8.0',
[36m(SpecoTaskRunner pid=62090)[0m                              'strict_env': 'VERL_SPECO_STRICT_VERL'},
[36m(SpecoTaskRunner pid=62090)[0m            'enable': True,
[36m(SpecoTaskRunner pid=62090)[0m            'runtime': {'weight_update_mode': 'compat'},
[36m(SpecoTaskRunner pid=62090)[0m            'standalone_tq_producer': {'generation_max_tokens': 511,
[36m(SpecoTaskRunner pid=62090)[0m                                       'hidden_dtype': 'bfloat16',
[36m(SpecoTaskRunner pid=62090)[0m                                       'input_path': None,
[36m(SpecoTaskRunner pid=62090)[0m                                       'input_queue_size': 32,
[36m(SpecoTaskRunner pid=62090)[0m                                       'max_feature_length': 512,
[36m(SpecoTaskRunner pid=62090)[0m                                       'max_inflight_requests': 16,
[36m(SpecoTaskRunner pid=62090)[0m                                       'max_pending_samples': 1024,
[36m(SpecoTaskRunner pid=62090)[0m                                       'max_samples': 0,
[36m(SpecoTaskRunner pid=62090)[0m                                       'max_sequence_length': 8192,
[36m(SpecoTaskRunner pid=62090)[0m                                       'owner_ready_timeout_seconds': 120,
[36m(SpecoTaskRunner pid=62090)[0m                                       'pending_poll_interval_seconds': 0.5,
[36m(SpecoTaskRunner pid=62090)[0m                                       'per_endpoint_concurrency': 4,
[36m(SpecoTaskRunner pid=62090)[0m                                       'publish_queue_size': 16,
[36m(SpecoTaskRunner pid=62090)[0m                                       'request_timeout': 120,
[36m(SpecoTaskRunner pid=62090)[0m                                       'resume_checkpoint_path': None,
[36m(SpecoTaskRunner pid=62090)[0m                                       'target_layer_ids': None,
[36m(SpecoTaskRunner pid=62090)[0m                                       'target_model_id': None,
[36m(SpecoTaskRunner pid=62090)[0m                                       'target_model_revision': None,
[36m(SpecoTaskRunner pid=62090)[0m                                       'tokenizer_fingerprint': None,
[36m(SpecoTaskRunner pid=62090)[0m                                       'tokenizer_path': None,
[36m(SpecoTaskRunner pid=62090)[0m                                       'trust_remote_code': False,
[36m(SpecoTaskRunner pid=62090)[0m                                       'vllm_endpoints': ['http://localhost:8000/v1'],
[36m(SpecoTaskRunner pid=62090)[0m                                       'vllm_model': None},
[36m(SpecoTaskRunner pid=62090)[0m            'trainer': {'ray_trainer': 'verl_speco.trainer.speco_ray_trainer.SpecoRayPPOTrainer',
[36m(SpecoTaskRunner pid=62090)[0m                        'task_runner': 'verl_speco.integration.task_runner.SpecoTaskRunner'},
[36m(SpecoTaskRunner pid=62090)[0m            'verl_base': {'branch': 'release/v0.8.0',
[36m(SpecoTaskRunner pid=62090)[0m                          'source_modifications_allowed': False,
[36m(SpecoTaskRunner pid=62090)[0m                          'supported_branches': ['release/v0.8.0',
[36m(SpecoTaskRunner pid=62090)[0m                                                 'release/v0.9.0'],
[36m(SpecoTaskRunner pid=62090)[0m                          'supported_versions': ['0.8.0', '0.9.0'],
[36m(SpecoTaskRunner pid=62090)[0m                          'version': '0.8.0'}},
[36m(SpecoTaskRunner pid=62090)[0m  'trainer': {'balance_batch': True,
[36m(SpecoTaskRunner pid=62090)[0m              'critic_warmup': 0,
[36m(SpecoTaskRunner pid=62090)[0m              'default_hdfs_dir': None,
[36m(SpecoTaskRunner pid=62090)[0m              'default_local_dir': '/experiment/evidence/l20-20260919/checkpoints',
[36m(SpecoTaskRunner pid=62090)[0m              'del_local_ckpt_after_load': False,
[36m(SpecoTaskRunner pid=62090)[0m              'device': 'cuda',
[36m(SpecoTaskRunner pid=62090)[0m              'esi_redundant_time': 0,
[36m(SpecoTaskRunner pid=62090)[0m              'experiment_name': 'dflash-compat',
[36m(SpecoTaskRunner pid=62090)[0m              'log_val_generations': 0,
[36m(SpecoTaskRunner pid=62090)[0m              'logger': ['console'],[36m(SpecoTaskRunner pid=62090)[0m WARNING:2026-09-19 09:56:23,173:SPECO vLLM worker import compatibility enabled: SpecoVLLMCompatActorRolloutRefWorker
[36m(SpecoTaskRunner pid=62090)[0m /experiment/variants/block-alignment/verl_speco/integration/task_runner.py:228: UserWarning: Disabled critic as algorithm.adv_estimator != gae. If it is not intended, please set critic.enable=True
[36m(SpecoTaskRunner pid=62090)[0m   use_critic=need_critic(config),
[36m(SpecoTaskRunner pid=62090)[0m Generating train split: 0 examples [00:00, ? examples/s]Generating train split: 16 examples [00:00, 2896.87 examples/s]
[36m(SpecoTaskRunner pid=62090)[0m Generating train split: 0 examples [00:00, ? examples/s]Generating train split: 4 examples [00:00, 1301.37 examples/s]
[36m(SpecoTaskRunner pid=62090)[0m /experiment/variants/block-alignment/verl_speco/trainer/speco_ray_trainer.py:397: FutureWarning: Warning: Class 'verl.trainer.ppo.ray_trainer.RayPPOTrainer' is deprecated. Please use 'Legacy trainer is deprecated, and wil be removed in v0.9.0. Please use `trainer.use_v1=True` instead.' instead.
[36m(SpecoTaskRunner pid=62090)[0m   super().__init__(*args, **kwargs)
[36m(SpecoTaskRunner pid=62090)[0m /experiment/.venv-clean/lib/python3.12/site-packages/verl/trainer/ppo/ray_trainer.py:348: UserWarning: Disabled critic as algorithm.adv_estimator != gae. If it is not intended, please set critic.enable=True
[36m(SpecoTaskRunner pid=62090)[0m   self.use_critic = need_critic(self.config)
[36m(SpecoTaskRunner pid=62090)[0m /experiment/.venv-clean/lib/python3.12/site-packages/torchdata/stateful_dataloader/stateful_dataloader.py:379: UserWarning: 'set_vital' is deprecated, please do not call
[36m(SpecoTaskRunner pid=62090)[0m   torch.set_vital("Dataloader", "enabled", "True")  # type: ignore[attr-defined]
[36m(WorkerDict pid=62309)[0m /experiment/.venv-clean/lib/python3.12/site-packages/verl/workers/engine/__init__.py:31: UserWarning: torchtitan engine is not available: ModuleNotFoundError("No module named 'torchtitan'")
[36m(WorkerDict pid=62309)[0m   warnings.warn(f"torchtitan engine is not available: {e!r}", stacklevel=1)
[36m(WorkerDict pid=62309)[0m /experiment/.venv-clean/lib/python3.12/site-packages/verl/workers/engine/__init__.py:40: UserWarning: veomni engine is not available: ModuleNotFoundError("No module named 'veomni'")
[36m(WorkerDict pid=62309)[0m   warnings.warn(f"veomni engine is not available: {e!r}", stacklevel=1)
[36m(WorkerDict pid=62309)[0m /experiment/.venv-clean/lib/python3.12/site-packages/verl/workers/engine/__init__.py:49: UserWarning: automodel engine is not available: ModuleNotFoundError("No module named 'nemo_automodel'")
[36m(WorkerDict pid=62309)[0m   warnings.warn(f"automodel engine is not available: {e!r}", stacklevel=1)
[36m(WorkerDict pid=62309)[0m /experiment/.venv-clean/lib/python3.12/site-packages/verl/workers/engine/mindspeed/transformer_impl.py:24: UserWarning: NPU not support router replay for now.
[36m(WorkerDict pid=62309)[0m   from verl.utils.megatron.router_replay_patch import RouterReplay
[36m(WorkerDict pid=62309)[0m /experiment/.venv-clean/lib/python3.12/site-packages/verl/workers/engine/__init__.py:59: UserWarning: mindspeed engine is not available: ModuleNotFoundError("No module named 'megatron'")
[36m(WorkerDict pid=62309)[0m   warnings.warn(f"mindspeed engine is not available: {e!r}", stacklevel=1)
[36m(WorkerDict pid=62309)[0m /experiment/.venv-clean/lib/python3.12/site-packages/verl/workers/engine/__init__.py:69: UserWarning: megatron engine is not available: ModuleNotFoundError("No module named 'megatron'")
[36m(WorkerDict pid=62309)[0m   warnings.warn(f"megatron engine is not available: {e!r}", stacklevel=1)
[36m(WorkerDict pid=62309)[0m WARNING:2026-09-19 09:56:36,606:[speco vllm compat] patched transformers.configuration_utils missing ALLOWED_ATTENTION_LAYER_TYPES for vLLM import
[36m(WorkerDict pid=62310)[0m WARNING:2026-09-19 09:56:41,004:SPECO old-logprob hidden ObjectRef batch postprocess patch active: module=verl.workers.engine.fsdp.transformer_impl
[36m(WorkerDict pid=62310)[0m /experiment/.venv-clean/lib/python3.12/site-packages/verl/workers/engine/__init__.py:31: UserWarning: torchtitan engine is not available: ModuleNotFoundError("No module named 'torchtitan'")
[36m(WorkerDict pid=62310)[0m   warnings.warn(f"torchtitan engine is not available: {e!r}", stacklevel=1)
[36m(WorkerDict pid=62310)[0m /experiment/.venv-clean/lib/python3.12/site-packages/verl/workers/engine/__init__.py:40: UserWarning: veomni engine is not available: ModuleNotFoundError("No module named 'veomni'")
[36m(WorkerDict pid=62310)[0m   warnings.warn(f"veomni engine is not available: {e!r}", stacklevel=1)
[36m(WorkerDict pid=62310)[0m /experiment/.venv-clean/lib/python3.12/site-packages/verl/workers/engine/__init__.py:49: UserWarning: automodel engine is not available: ModuleNotFoundError("No module named 'nemo_automodel'")
[36m(WorkerDict pid=62310)[0m   warnings.warn(f"automodel engine is not available: {e!r}", stacklevel=1)
[36m(WorkerDict pid=62310)[0m /experiment/.venv-clean/lib/python3.12/site-packages/verl/workers/engine/mindspeed/transformer_impl.py:24: UserWarning: NPU not support router replay for now.
[36m(WorkerDict pid=62310)[0m   from verl.utils.megatron.router_replay_patch import RouterReplay
[36m(WorkerDict pid=62310)[0m /experiment/.venv-clean/lib/python3.12/site-packages/verl/workers/engine/__init__.py:59: UserWarning: mindspeed engine is not available: ModuleNotFoundError("No module named 'megatron'")
[36m(WorkerDict pid=62310)[0m   warnings.warn(f"mindspeed engine is not available: {e!r}", stacklevel=1)
[36m(WorkerDict pid=62310)[0m /experiment/.venv-clean/lib/python3.12/site-packages/verl/workers/engine/__init__.py:69: UserWarning: megatron engine is not available: ModuleNotFoundError("No module named 'megatron'")
[36m(WorkerDict pid=62310)[0m   warnings.warn(f"megatron engine is not available: {e!r}", stacklevel=1)
[36m(WorkerDict pid=62309)[0m WARNING:2026-09-19 09:56:41,400:SPECO old-logprob hidden ObjectRef postprocess patch active
[36m(WorkerDict pid=62310)[0m WARNING:2026-09-19 09:56:41,404:SPECO old-logprob aggregate_output patch active
[36m(WorkerDict pid=62310)[0m WARNING:2026-09-19 09:56:41,404:SPECO old-logprob hidden runtime patch active: actor_backend=fsdp
[36m(WorkerDict pid=62309)[0m WARNING:2026-09-19 09:56:41,406:Unable to install SPECO old-logprob Megatron patch: No module named 'megatron'
[36m(WorkerDict pid=62310)[0m Loading weights:   0%|          | 0/398 [00:00<?, ?it/s]
[36m(WorkerDict pid=62310)[0m WARNING:2026-09-19 09:56:36,605:[speco vllm compat] patched transformers.configuration_utils missing ALLOWED_ATTENTION_LAYER_TYPES for vLLM import
[36m(WorkerDict pid=62309)[0m WARNING:2026-09-19 09:56:41,037:SPECO old-logprob hidden ObjectRef batch postprocess patch active: module=verl.workers.engine.fsdp.transformer_impl
[36m(WorkerDict pid=62310)[0m WARNING:2026-09-19 09:56:41,400:SPECO old-logprob hidden ObjectRef postprocess patch active
[36m(WorkerDict pid=62309)[0m WARNING:2026-09-19 09:56:41,405:SPECO old-logprob aggregate_output patch active
[36m(WorkerDict pid=62309)[0m WARNING:2026-09-19 09:56:41,405:SPECO old-logprob hidden runtime patch active: actor_backend=fsdp
[36m(WorkerDict pid=62310)[0m WARNING:2026-09-19 09:56:41,405:Unable to install SPECO old-logprob Megatron patch: No module named 'megatron'
[36m(WorkerDict pid=62310)[0m Loading weights: 100%|██████████| 398/398 [00:00<00:00, 5123.15it/s]
[36m(pid=62582)[0m WARNING:2026-09-19 09:57:00,493:[speco vllm compat] patched transformers.configuration_utils missing ALLOWED_ATTENTION_LAYER_TYPES for vLLM import
[36m(WorkerDict pid=62309)[0m Loading weights:   0%|          | 0/398 [00:00<?, ?it/s]
[36m(WorkerDict pid=62309)[0m Loading weights: 100%|██████████| 398/398 [00:00<00:00, 4072.05it/s]

[36m(SpecoTaskRunner pid=62090)[0m              'max_actor_ckpt_to_keep': None,
[36m(SpecoTaskRunner pid=62090)[0m              'max_critic_ckpt_to_keep': None,
[36m(SpecoTaskRunner pid=62090)[0m              'n_gpus_per_node': 2,
[36m(SpecoTaskRunner pid=62090)[0m              'nnodes': 1,
[36m(SpecoTaskRunner pid=62090)[0m              'project_name': 'speco-l20',
[36m(SpecoTaskRunner pid=62090)[0m              'ray_wait_register_center_timeout': 300,
[36m(SpecoTaskRunner pid=62090)[0m              'resume_from_path': None,
[36m(SpecoTaskRunner pid=62090)[0m              'resume_mode': 'auto',
[36m(SpecoTaskRunner pid=62090)[0m              'rollout_data_dir': None,
[36m(SpecoTaskRunner pid=62090)[0m              'save_freq': -1,
[36m(SpecoTaskRunner pid=62090)[0m              'test_freq': -1,
[36m(SpecoTaskRunner pid=62090)[0m              'total_epochs': 3,
[36m(SpecoTaskRunner pid=62090)[0m              'total_training_steps': 20,
[36m(SpecoTaskRunner pid=62090)[0m              'use_v1': False,
[36m(SpecoTaskRunner pid=62090)[0m              'v1': {'colocate_async': {'num_warmup_batches': 1},
[36m(SpecoTaskRunner pid=62090)[0m                     'sampler': {'custom_sampler': {'name': None, 'path': None},
[36m(SpecoTaskRunner pid=62090)[0m                                 'max_off_policy_strategy': 'drop',
[36m(SpecoTaskRunner pid=62090)[0m                                 'max_off_policy_threshold': 8,
[36m(SpecoTaskRunner pid=62090)[0m                                 'sampler_kwargs': {},
[36m(SpecoTaskRunner pid=62090)[0m                                 'sync_refill_failed_groups': False},
[36m(SpecoTaskRunner pid=62090)[0m                     'separate_async': {'num_warmup_batches': 1,
[36m(SpecoTaskRunner pid=62090)[0m                                        'parameter_sync_step': 4},
[36m(SpecoTaskRunner pid=62090)[0m                     'sync': {},
[36m(SpecoTaskRunner pid=62090)[0m                     'trainer_mode': 'sync'},
[36m(SpecoTaskRunner pid=62090)[0m              'val_before_train': False,
[36m(SpecoTaskRunner pid=62090)[0m              'val_only': False,
[36m(SpecoTaskRunner pid=62090)[0m              'validation_data_dir': None},
[36m(SpecoTaskRunner pid=62090)[0m  'transfer_queue': {'backend': {'MooncakeStore': {'auto_init': False,
[36m(SpecoTaskRunner pid=62090)[0m                                                   'device_name': '',
[36m(SpecoTaskRunner pid=62090)[0m                                                   'global_segment_size': 4294967296,
[36m(SpecoTaskRunner pid=62090)[0m                                                   'local_buffer_size': 1073741824,
[36m(SpecoTaskRunner pid=62090)[0m                                                   'local_hostname': 'localhost',
[36m(SpecoTaskRunner pid=62090)[0m                                                   'master_server_address': 'localhost:50124',
[36m(SpecoTaskRunner pid=62090)[0m                                                   'metadata_server': 'localhost:50123',
[36m(SpecoTaskRunner pid=62090)[0m                                                   'protocol': 'tcp'},
[36m(SpecoTaskRunner pid=62090)[0m                                 'SimpleStorage': {'num_data_storage_units': 8,
[36m(SpecoTaskRunner pid=62090)[0m                                                   'total_storage_size': 100000},
[36m(SpecoTaskRunner pid=62090)[0m                                 'storage_backend': 'SimpleStorage'},
[36m(SpecoTaskRunner pid=62090)[0m                     'enable': False,
[36m(SpecoTaskRunner pid=62090)[0m                     'metrics': {'enabled': False, 'port': 0}}}
[36m(SpecoTaskRunner pid=62090)[0m [validate_config] All configuration checks passed successfully!
[36m(SpecoTaskRunner pid=62090)[0m Using dataset class: RLHFDataset
[36m(SpecoTaskRunner pid=62090)[0m dataset len: 16
[36m(SpecoTaskRunner pid=62090)[0m Using dataset class: RLHFDataset
[36m(SpecoTaskRunner pid=62090)[0m dataset len: 4
[36m(SpecoTaskRunner pid=62090)[0m 
[36m(SpecoTaskRunner pid=62090)[0m Size of train dataloader: 8, Size of val dataloader: 1
[36m(SpecoTaskRunner pid=62090)[0m Total training steps: 20
[36m(SpecoTaskRunner pid=62090)[0m Checkpoint tracker file does not exist: /experiment/evidence/l20-20260919/checkpoints/latest_checkpointed_iteration.txt
[36m(SpecoTaskRunner pid=62090)[0m colocated worker base class <class 'verl.single_controller.base.worker.Worker'>
[36m(WorkerDict pid=62310)[0m Monkey patch _flash_attention_forward in transformers.integrations.flash_attention
[36m(WorkerDict pid=62310)[0m Skipping monkey patch for Qwen3ForCausalLM as use_fused_kernels is False or fused_kernels_backend is torch
[36m(WorkerDict pid=62309)[0m Qwen3ForCausalLM contains 4.02B parameters
[36m(WorkerDict pid=62309)[0m Before FSDP, memory allocated (GB): 0.00, memory reserved (GB): 0.00, device memory used/total (GB): 1.19/44.39
[36m(WorkerDict pid=62309)[0m After FSDP, memory allocated (GB): 3.77, memory reserved (GB): 4.69, device memory used/total (GB): 6.11/44.39
[36m(WorkerDict pid=62309)[0m Total steps: 20, num_warmup_steps: 0
[36m(SpecoVLLMHttpServer pid=62582)[0m ['serve',
[36m(SpecoVLLMHttpServer pid=62582)[0m  '/experiment/models/target',
[36m(SpecoVLLMHttpServer pid=62582)[0m  '--dtype',
[36m(SpecoVLLMHttpServer pid=62582)[0m  'bfloat16',
[36m(SpecoVLLMHttpServer pid=62582)[0m  '--load_format',
[36m(SpecoVLLMHttpServer pid=62582)[0m  'auto',
[36m(SpecoVLLMHttpServer pid=62582)[0m  '--distributed_executor_backend',
[36m(SpecoVLLMHttpServer pid=62582)[0m  'mp',
[36m(SpecoVLLMHttpServer pid=62582)[0m  '--worker_extension_cls',
[36m(SpecoVLLMHttpServer pid=62582)[0m  'verl_speco.integration.vllm_runtime.SpecoVLLMColocateWorkerExtension',
[36m(SpecoVLLMHttpServer pid=62582)[0m  '--max_model_len',
[36m(SpecoVLLMHttpServer pid=62582)[0m  '256',
[36m(SpecoVLLMHttpServer pid=62582)[0m  '--max_num_seqs',
[36m(SpecoVLLMHttpServer pid=62582)[0m  '4',
[36m(SpecoVLLMHttpServer pid=62582)[0m  '--enable_chunked_prefill',
[36m(SpecoVLLMHttpServer pid=62582)[0m  '--max_num_batched_tokens',
[36m(SpecoVLLMHttpServer pid=62582)[0m  '8192',
[36m(SpecoVLLMHttpServer pid=62582)[0m  '--enable_prefix_caching',
[36m(SpecoVLLMHttpServer pid=62582)[0m  '--enable_sleep_mode',
[36m(SpecoVLLMHttpServer pid=62582)[0m  '--logprobs_mode',
[36m(SpecoVLLMHttpServer pid=62582)[0m  'processed_logprobs',
[36m(SpecoVLLMHttpServer pid=62582)[0m  '--enforce_eager',
[36m(SpecoVLLMHttpServer pid=62582)[0m  '--gpu_memory_utilization',
[36m(SpecoVLLMHttpServer pid=62582)[0m  '0.25',
[36m(SpecoVLLMHttpServer pid=62582)[0m  '--disable_log_stats',
[36m(SpecoVLLMHttpServer pid=62582)[0m  '--tensor_parallel_size',
[36m(SpecoVLLMHttpServer pid=62582)[0m  '2',
[36m(SpecoVLLMHttpServer pid=62582)[0m  '--seed',
[36m(SpecoVLLMHttpServer pid=62582)[0m  '42',
[36m(SpecoVLLMHttpServer pid=62582)[0m  '--override_generation_config',
[36m(SpecoVLLMHttpServer pid=62582)[0m  '{"temperature": 1.0, "top_k": -1, "top_p": 1, "repetition_penalty": 1.0, '
[36m(SpecoVLLMHttpServer pid=62582)[0m  '"max_new_tokens": 64}',
[36m(SpecoVLLMHttpServer pid=62582)[0m  '--hf_overrides',
[36m(SpecoVLLMHttpServer pid=62582)[0m  '{}',
[36m(SpecoVLLMHttpServer pid=62582)[0m  '--scheduling_policy',
[36m(SpecoVLLMHttpServer pid=62582)[0m  'fcfs',
[36m(SpecoVLLMHttpServer pid=62582)[0m  '--compilation_config',
[36m(SpecoVLLMHttpServer pid=62582)[0m  '{"cudagraph_mode": "FULL_AND_PIECEWISE"}',
[36m(SpecoVLLMHttpServer pid=62582)[0m  '--speculative_config',
[36m(SpecoVLLMHttpServer pid=62582)[0m  '{"method": "dflash", "num_speculative_tokens": 16, "draft_sample_method": '
[36m(SpecoVLLMHttpServer pid=62582)[0m  '"greedy", "model": "/experiment/models/dflash"}']
[36m(WorkerDict pid=62309)[0m Monkey patch _flash_attention_forward in transformers.integrations.flash_attention
[36m(WorkerDict pid=62309)[0m Skipping monkey patch for Qwen3ForCausalLM as use_fused_kernels is False or fused_kernels_backend is torch
[36m(SpecoVLLMHttpServer pid=62582)[0m WARNING 09-19 09:57:09 [scheduler.py:306] max_num_batched_tokens (8192) exceeds max_num_seqs * max_model_len (1024). This may lead to unexpected behavior.[36m(SpecoVLLMHttpServer pid=62582)[0m WARNING:2026-09-19 09:57:17,005:[speco vllm compat] patched transformers.configuration_utils missing ALLOWED_ATTENTION_LAYER_TYPES for vLLM import
[36m(SpecoVLLMHttpServer pid=62582)[0m WARNING:2026-09-19 09:57:37,323:[speco vllm compat] patched transformers.configuration_utils missing ALLOWED_ATTENTION_LAYER_TYPES for vLLM import
[36m(SpecoVLLMHttpServer pid=62582)[0m WARNING:2026-09-19 09:57:37,326:[speco vllm compat] patched transformers.configuration_utils missing ALLOWED_ATTENTION_LAYER_TYPES for vLLM import
[36m(SpecoVLLMHttpServer pid=62582)[0m (Worker_TP0 pid=63260) Loading safetensors checkpoint shards:   0% Completed | 0/3 [00:00<?, ?it/s]
[36m(SpecoVLLMHttpServer pid=62582)[0m (Worker_TP0 pid=63260) Loading safetensors checkpoint shards:  33% Completed | 1/3 [00:00<00:00,  2.67it/s]
[36m(SpecoVLLMHttpServer pid=62582)[0m (Worker_TP0 pid=63260) Loading safetensors checkpoint shards:  67% Completed | 2/3 [00:00<00:00,  2.31it/s]
[36m(SpecoVLLMHttpServer pid=62582)[0m (Worker_TP0 pid=63260) Loading safetensors checkpoint shards: 100% Completed | 3/3 [00:00<00:00,  3.49it/s]
[36m(SpecoVLLMHttpServer pid=62582)[0m (Worker_TP0 pid=63260) Loading safetensors checkpoint shards: 100% Completed | 3/3 [00:00<00:00,  3.12it/s]
[36m(SpecoVLLMHttpServer pid=62582)[0m (Worker_TP0 pid=63260) 
[36m(SpecoVLLMHttpServer pid=62582)[0m (Worker_TP0 pid=63260) Loading safetensors checkpoint shards:   0% Completed | 0/1 [00:00<?, ?it/s]
[36m(SpecoVLLMHttpServer pid=62582)[0m (Worker_TP0 pid=63260) Loading safetensors checkpoint shards: 100% Completed | 1/1 [00:00<00:00, 652.20it/s]
[36m(SpecoVLLMHttpServer pid=62582)[0m (Worker_TP0 pid=63260) 
[36m(GlobalRequestLoadBalancer pid=63470)[0m WARNING:2026-09-19 09:58:03,775:[speco vllm compat] patched transformers.configuration_utils missing ALLOWED_ATTENTION_LAYER_TYPES for vLLM import
[36m(GlobalRequestLoadBalancer pid=63470)[0m W0919 09:58:06.104000 63470 torch/utils/cpp_extension.py:178] No CUDA runtime is found, using CUDA_HOME='/usr/local/cuda'
[36m(SpecoWorker pid=63572)[0m INFO:2026-09-19 09:58:09,650:Loading DFlash drafter weights from /experiment/models/dflash (drafter_step=unknown)
[36m(WorkerDict pid=62309)[0m /experiment/.venv-clean/lib/python3.12/site-packages/verl/plugin/platform/platform_cuda.py:99: FutureWarning: torch.cuda._set_allocator_settings is deprecated. Use torch._C._accelerator_setAllocatorSettings instead.
[36m(WorkerDict pid=62309)[0m   torch.cuda.memory._set_allocator_settings(settings)
[36m(SpecoWorker pid=63642)[0m INFO:2026-09-19 09:58:09,646:Loading DFlash drafter weights from /experiment/models/dflash (drafter_step=unknown)
[36m(SpecoVLLMHttpServer pid=62582)[0m (Worker_TP1 pid=63261) WARNING:2026-09-19 09:58:23,620:[speco draft wake_up] cold-start drafter restored from checkpoint after level-2 wake_up (58 tensors)
[36m(SpecoVLLMHttpServer pid=62582)[0m (Worker_TP0 pid=63260) WARNING:2026-09-19 09:58:23,640:[speco draft wake_up] cold-start drafter restored from checkpoint after level-2 wake_up (58 tensors)
[36m(SpecoTaskRunner pid=62090)[0m Training Progress:   0%|          | 0/20 [00:00<?, ?it/s]
[36m(WorkerDict pid=62310)[0m /experiment/.venv-clean/lib/python3.12/site-packages/verl/plugin/platform/platform_cuda.py:99: FutureWarning: torch.cuda._set_allocator_settings is deprecated. Use torch._C._accelerator_setAllocatorSettings instead.
[36m(WorkerDict pid=62310)[0m   torch.cuda.memory._set_allocator_settings(settings)
[36m(AgentLoopWorker pid=63471)[0m WARNING:2026-09-19 09:58:28,243:Platform 'nvidia' (PlatformCUDA) is registered but not available. This may be due to this ray actor being a CPU-only actor.
[36m(AgentLoopWorker pid=63472)[0m WARNING:2026-09-19 09:58:28,527:[speco vllm compat] patched transformers.configuration_utils missing ALLOWED_ATTENTION_LAYER_TYPES for vLLM import
[36m(AgentLoopWorker pid=63472)[0m W0919 09:58:30.901000 63472 torch/utils/cpp_extension.py:178] No CUDA runtime is found, using CUDA_HOME='/usr/local/cuda'
[36m(RewardLoopWorker pid=62576)[0m WARNING:2026-09-19 09:58:36,080:Platform 'nvidia' (PlatformCUDA) is registered but not available. This may be due to this ray actor being a CPU-only actor.[32m [repeated 2x across cluster] (Ray deduplicates logs by default. Set RAY_DEDUP_LOGS=0 to disable log deduplication, or see https://docs.ray.io/en/master/ray-observability/user-guides/configure-logging.html#log-deduplication for more options.)[0m
[36m(AgentLoopWorker pid=63471)[0m WARNING:2026-09-19 09:58:28,529:[speco vllm compat] patched transformers.configuration_utils missing ALLOWED_ATTENTION_LAYER_TYPES for vLLM import
[36m(AgentLoopWorker pid=63471)[0m W0919 09:58:31.030000 63471 torch/utils/cpp_extension.py:178] No CUDA runtime is found, using CUDA_HOME='/usr/local/cuda'
[36m(SpecoVLLMHttpServer pid=62582)[0m (Worker_TP1 pid=63261) WARNING:2026-09-19 09:58:37,014:[speco draft sleep] drafter state saved before level-2 sleep (66 tensors)
[36m(SpecoVLLMHttpServer pid=62582)[0m (Worker_TP0 pid=63260) WARNING:2026-09-19 09:58:37,029:[speco draft sleep] drafter state saved before level-2 sleep (66 tensors)
[36m(SpecoTaskRunner pid=62090)[0m W0919 09:58:37.330000 62090 torch/fx/_symbolic_trace.py:56] is_fx_tracing will return true for both fx.symbolic_trace and torch.export. Please use is_fx_tracing_symbolic_tracing() for specifically fx.symbolic_trace or torch.compiler.is_compiling() for specifically torch.export/compile.
[36m(SpecoWorker pid=63642)[0m Using blocking ray.get inside async actor. This blocks the event loop. Please use `await` on object ref with asyncio.gather if you want to yield execution to the event loop instead.
[36m(RewardLoopWorker pid=62579)[0m WARNING:2026-09-19 09:58:36,239:Platform 'nvidia' (PlatformCUDA) is registered but not available. This may be due to this ray actor being a CPU-only actor.[32m [repeated 3x across cluster][0m
[36m(WorkerDict pid=62310)[0m [rank1]:W0919 09:58:38.658000 62310 torch/fx/_symbolic_trace.py:56] is_fx_tracing will return true for both fx.symbolic_trace and torch.export. Please use is_fx_tracing_symbolic_tracing() for specifically fx.symbolic_trace or torch.compiler.is_compiling() for specifically torch.export/compile.[32m [repeated 2x across cluster][0m
[36m(SpecoWorker pid=63572)[0m WARNING:2026-09-19 10:00:05,286:[drafter logits quality] valid_tokens=120 top1_acc=0.050000 top5_acc=0.216667 local_ploss_sum=264.939880 local_tokens=120 per_step=[{'step': 0, 'tokens': 8, 'top1': 0.375, 'top5': 0.625}, {'step': 1, 'tokens': 8, 'top1': 0.0, 'top5': 0.375}, {'step': 2, 'tokens': 8, 'top1': 0.0, 'top5': 0.5}, {'step': 3, 'tokens': 8, 'top1': 0.0, 'top5': 0.375}, {'step': 4, 'tokens': 8, 'top1': 0.0, 'top5': 0.0}, {'step': 5, 'tokens': 8, 'top1': 0.0, 'top5': 0.125}, {'step': 6, 'tokens': 8, 'top1': 0.0, 'top5': 0.125}, {'step': 7, 'tokens': 8, 'top1': 0.0, 'top5': 0.0}, {'step': 8, 'tokens': 8, 'top1': 0.0, 'top5': 0.0}, {'step': 9, 'tokens': 8, 'top1': 0.0, 'top5': 0.125}, {'step': 10, 'tokens': 8, 'top1': 0.0, 'top5': 0.25}, {'step': 11, 'tokens': 8, 'top1': 0.0, 'top5': 0.0}, {'step': 12, 'tokens': 8, 'top1': 0.125, 'top5': 0.25}, {'step': 13, 'tokens': 8, 'top1': 0.125, 'top5': 0.25}, {'step': 14, 'tokens': 8, 'top1': 0.125, 'top5': 0.25}]
[36m(SpecoWorker pid=63572)[0m Using blocking ray.get inside async actor. This blocks the event loop. Please use `await` on object ref with asyncio.gather if you want to yield execution to the event loop instead.
[36m(SpecoWorker pid=63572)[0m INFO:2026-09-19 10:00:15,197:[drafter loss] step=1 optimizer_step_total=1 lr=1.000e-05 loss=5.1238 vloss=0.0000 ploss=5.1238
[36m(SpecoWorker pid=63642)[0m WARNING:2026-09-19 10:00:05,298:[drafter logits quality] valid_tokens=120 top1_acc=0.041667 top5_acc=0.208333 local_ploss_sum=278.643127 local_tokens=120 per_step=[{'step': 0, 'tokens': 8, 'top1': 0.125, 'top5': 0.625}, {'step': 1, 'tokens': 8, 'top1': 0.0, 'top5': 0.25}, {'step': 2, 'tokens': 8, 'top1': 0.0, 'top5': 0.375}, {'step': 3, 'tokens': 8, 'top1': 0.0, 'top5': 0.625}, {'step': 4, 'tokens': 8, 'top1': 0.125, 'top5': 0.25}, {'step': 5, 'tokens': 8, 'top1': 0.0, 'top5': 0.0}, {'step': 6, 'tokens': 8, 'top1': 0.0, 'top5': 0.125}, {'step': 7, 'tokens': 8, 'top1': 0.0, 'top5': 0.0}, {'step': 8, 'tokens': 8, 'top1': 0.0, 'top5': 0.0}, {'step': 9, 'tokens': 8, 'top1': 0.0, 'top5': 0.0}, {'step': 10, 'tokens': 8, 'top1': 0.0, 'top5': 0.125}, {'step': 11, 'tokens': 8, 'top1': 0.0, 'top5': 0.0}, {'step': 12, 'tokens': 8, 'top1': 0.125, 'top5': 0.125}, {'step': 13, 'tokens': 8, 'top1': 0.125, 'top5': 0.25}, {'step': 14, 'tokens': 8, 'top1': 0.125, 'top5': 0.375}]
[36m(SpecoVLLMHttpServer pid=62582)[0m (Worker_TP0 pid=63260) WARNING:2026-09-19 10:00:22,903:[speco draft wake_up] drafter state restored after level-2 wake_up (66 tensors, revision=0)
[36m(SpecoVLLMHttpServer pid=62582)[0m (Worker_TP1 pid=63261) WARNING:2026-09-19 10:00:22,907:[speco draft wake_up] drafter state restored after level-2 wake_up (66 tensors, revision=0)

[36m(SpecoVLLMHttpServer pid=62582)[0m WARNING 09-19 09:57:09 [vllm.py:1371] Enforce eager set, disabling torch.compile and CUDAGraphs. This is equivalent to setting -cc.mode=none -cc.cudagraph_mode=none
[36m(SpecoVLLMHttpServer pid=62582)[0m WARNING 09-19 09:57:09 [vllm.py:1406] Inductor compilation was disabled by user settings, optimizations settings that are only active during inductor compilation will be ignored.
[36m(SpecoVLLMHttpServer pid=62582)[0m WARNING 09-19 09:57:12 [system_utils.py:157] We must use the `spawn` multiprocessing start method. Overriding VLLM_WORKER_MULTIPROC_METHOD to 'spawn'. See https://docs.vllm.ai/en/latest/usage/troubleshooting.html#python-multiprocessing for more information. Reasons: In a Ray actor and can only be spawned; CUDA is initialized
[36m(SpecoVLLMHttpServer pid=62582)[0m (Worker pid=63261) WARNING 09-19 09:57:39 [symm_mem.py:67] SymmMemCommunicator: Device capability 8.9 not supported, communicator is not available.
[36m(SpecoVLLMHttpServer pid=62582)[0m (Worker pid=63260) WARNING 09-19 09:57:39 [symm_mem.py:67] SymmMemCommunicator: Device capability 8.9 not supported, communicator is not available.
[36m(SpecoVLLMHttpServer pid=62582)[0m (Worker pid=63260) WARNING 09-19 09:57:39 [flashinfer_all_reduce.py:383] FlashInfer All Reduce is disabled because it is not supported for world_size=2.
[36m(SpecoVLLMHttpServer pid=62582)[0m (Worker pid=63261) WARNING 09-19 09:57:39 [flashinfer_all_reduce.py:383] FlashInfer All Reduce is disabled because it is not supported for world_size=2.
[36m(SpecoVLLMHttpServer pid=62582)[0m (Worker_TP0 pid=63260) WARNING 09-19 09:57:41 [vllm.py:1371] Enforce eager set, disabling torch.compile and CUDAGraphs. This is equivalent to setting -cc.mode=none -cc.cudagraph_mode=none
[36m(SpecoVLLMHttpServer pid=62582)[0m (Worker_TP0 pid=63260) WARNING 09-19 09:57:41 [vllm.py:1406] Inductor compilation was disabled by user settings, optimizations settings that are only active during inductor compilation will be ignored.
[36m(SpecoVLLMHttpServer pid=62582)[0m (EngineCore pid=63225) WARNING 09-19 09:57:43 [torch_utils.py:265] OMP_NUM_THREADS=4 is set; leaving Torch threads at 4 for serving. Multi-threaded torch CPU ops during serving can degrade performance through spin-wait contention and cgroup CPU-quota throttling.
[36m(SpecoVLLMHttpServer pid=62582)[0m (Worker_TP0 pid=63260) WARNING 09-19 09:57:53 [torch_utils.py:265] OMP_NUM_THREADS=4 is set; leaving Torch threads at 4 for serving. Multi-threaded torch CPU ops during serving can degrade performance through spin-wait contention and cgroup CPU-quota throttling.
[36m(SpecoVLLMHttpServer pid=62582)[0m (EngineCore pid=63225) WARNING 09-19 09:57:55 [vllm.py:1371] Enforce eager set, disabling torch.compile and CUDAGraphs. This is equivalent to setting -cc.mode=none -cc.cudagraph_mode=none
[36m(SpecoVLLMHttpServer pid=62582)[0m (EngineCore pid=63225) WARNING 09-19 09:57:55 [vllm.py:1406] Inductor compilation was disabled by user settings, optimizations settings that are only active during inductor compilation will be ignored.
[36m(SpecoVLLMHttpServer pid=62582)[0m WARNING 09-19 09:57:55 [api_router.py:28] LoRA dynamic loading & unloading is enabled in the API server. This should ONLY be used for local development!
[36m(SpecoVLLMHttpServer pid=62582)[0m WARNING 09-19 09:57:57 [model.py:1759] Default vLLM sampling parameters have been overridden by the model's `generation_config.json`: `{'repetition_penalty': 1.0, 'temperature': 1.0, 'top_k': -1, 'top_p': 1, 'max_tokens': 64}`. If this is not intended, please relaunch vLLM instance with `--generation-config vllm`.
[36m(SpecoTaskRunner pid=62090)[0m LLMServerManager: ['172.17.0.6:36369']
[36m(AgentLoopWorker pid=63472)[0m Using dataset class: RLHFDataset
[36m(SpecoTaskRunner pid=62090)[0m Checkpoint tracker file does not exist: /experiment/evidence/l20-20260919/checkpoints/latest_checkpointed_iteration.txt
[36m(SpecoTaskRunner pid=62090)[0m Training from scratch
[36m(AgentLoopWorker pid=63471)[0m Using dataset class: RLHFDataset
[36m(SpecoVLLMHttpServer pid=62582)[0m (Worker_TP0 pid=63260) [speco vllm weight sync] NPU staging decision enabled=0 reason=not_shm pid=63260 local_rank=0 use_shm=0
[36m(SpecoVLLMHttpServer pid=62582)[0m (Worker_TP1 pid=63261) [speco vllm weight sync] NPU staging decision enabled=0 reason=not_shm pid=63261 local_rank=1 use_shm=0
[36m(SpecoVLLMHttpServer pid=62582)[0m WARNING 09-19 09:58:34 [input_processor.py:315] Passing raw prompts to InputProcessor is deprecated and will be removed in the future. You should instead pass the outputs of Renderer.render_cmpl() or Renderer.render_chat().
[36m(SpecoVLLMHttpServer pid=62582)[0m (Worker_TP0 pid=63260) WARNING 09-19 09:58:34 [jit_monitor.py:141] Triton kernel JIT compilation during inference: _topk_log_softmax_kernel. This causes a latency spike; consider extending warmup to cover this shape/config.
[36m(SpecoVLLMHttpServer pid=62582)[0m (Worker_TP0 pid=63260) WARNING 09-19 09:58:34 [jit_monitor.py:141] Triton kernel JIT compilation during inference: _compute_local_logits_stats_kernel. This causes a latency spike; consider extending warmup to cover this shape/config.
[36m(SpecoVLLMHttpServer pid=62582)[0m (Worker_TP0 pid=63260) WARNING 09-19 09:58:34 [jit_monitor.py:141] Triton kernel JIT compilation during inference: _rejection_kernel. This causes a latency spike; consider extending warmup to cover this shape/config.
[36m(SpecoVLLMHttpServer pid=62582)[0m (Worker_TP0 pid=63260) WARNING 09-19 09:58:34 [jit_monitor.py:141] Triton kernel JIT compilation during inference: _resample_kernel. This causes a latency spike; consider extending warmup to cover this shape/config.
[36m(SpecoTaskRunner pid=62090)[0m step:1 - global_seqlen/min:176 - global_seqlen/max:178 - global_seqlen/minmax_diff:2 - global_seqlen/balanced_min:177 - global_seqlen/balanced_max:177 - global_seqlen/mean:177.0 - actor/entropy:0.0 - perf/mfu/actor_infer:0.005979438893945021 - training/rollout_probs_diff_valid:1 - training/rollout_probs_diff_max:0.09566974639892578 - training/rollout_probs_diff_mean:0.006351477466523647 - training/rollout_probs_diff_std:0.015937289223074913 - training/rollout_actor_probs_pearson_corr:0.9966041445732117 - rollout_corr/training_ppl:1.1807646751403809 - rollout_corr/training_log_ppl:0.16420644521713257 - rollout_corr/kl:0.0031236554495990276 - rollout_corr/k3_kl:0.001778620295226574 - rollout_corr/rollout_ppl:1.1766635179519653 - rollout_corr/rollout_log_ppl:0.16108277440071106 - rollout_corr/log_ppl_diff:0.003123657777905464 - rollout_corr/log_ppl_abs_diff:0.00783047266304493 - rollout_corr/log_ppl_diff_max:0.019387632608413696 - rollout_corr/log_ppl_diff_min:-0.00941362977027893 - rollout_corr/ppl_ratio:1.0031824111938477 - rollout_corr/chi2_token:0.0007386207580566406 - rollout_corr/chi2_seq:0.281848669052124 - actor/pg_clipfrac:np.float64(0.0) - actor/ppo_kl:np.float64(0.0) - actor/pg_clipfrac_lower:np.float64(0.0) - actor/pg_loss:np.float64(0.0) - actor/loss:np.float64(0.0) - actor/grad_norm:np.float64(0.0) - actor/lr:np.float64(1e-06) - actor/perf/max_memory_allocated_gb:np.float64(20.874370098114014) - actor/perf/max_memory_reserved_gb:np.float64(27.607421875) - actor/perf/cpu_memory_used_gb:np.float64(181.21863174438477) - perf/mfu/actor:np.float64(0.004706208188179186) - drafter/raw_drafter_samples:np.float64(4.0) - drafter/collected_samples:np.float64(2.0) - drafter/collect_interval_matched:np.float64(1.0) - drafter/collection_plan_used:np.float64(1.0) - drafter/collection_plan_collect:np.float64(1.0) - drafter/collection_plan_reason:np.float64(7.0) - drafter/collection_plan_source:np.float64(2.0) - drafter/collection_plan_interval_matched:np.float64(1.0) - drafter/collection_plan_training_interval_matched:np.float64(1.0) - drafter/collection_attempted:np.float64(1.0) - drafter/collection_completed:np.float64(1.0) - drafter/collection_outcome_reason:np.float64(1.0) - drafter/collection_rejected_samples:np.float64(0.0) - drafter/collection_worker_results:np.float64(1.0) - drafter/collection_finalized:np.float64(1.0) - drafter/collection_expired_stages:np.float64(0.0) - timing_s/drafter_collection_rpc:np.float64(0.46072951899986947) - drafter/scheduler_used:np.float64(1.0) - drafter/schedule_launch:np.float64(1.0) - drafter/schedule_interval_matched:np.float64(1.0) - drafter/schedule_strategy:np.float64(0.0) - drafter/schedule_reason:np.float64(10.0) - drafter/target_lm_head_apply_deferred:np.float64(1.0) - drafter/target_lm_head_selected_rows:np.float64(0.0) - drafter/target_lm_head_source_vocab_size:np.float64(0.0) - drafter/target_lm_head_direct_sparse_export:np.float64(0.0) - timing_s/drafter_sync_target_lm_head_fetch:np.float64(5.283496924999781) - timing_s/drafter_sync_target_lm_head_dispatch:np.float64(3.011316011001327) - drafter/train_interval_matched:np.float64(1.0) - drafter/target_lm_head_synced:np.float64(1.0) - timing_s/drafter_sync_target_lm_head:np.float64(8.303161079002166) - timing_s/drafter_sync_target_lm_head_apply:np.float64(3.0114983070016024) - timing_s/drafter_sync_target_lm_head_wait:np.float64(0.00018229600027552806) - timing_s/drafter_sync_target_lm_head_overlap_window:np.float64(18.54925085099967) - drafter/trained:np.float64(1.0) - drafter/train_successful_steps_max:np.int64(1) - drafter/train_no_trainable_batch:np.float64(0.0) - drafter/train_activation_failed:np.float64(0.0) - drafter/train_attempted_batches_max:np.int64(1) - drafter/train_buffer_size_before_min:np.int64(2) - drafter/train_buffer_size_after_min:np.int64(0) - drafter/train_optimizer_step_max:np.int64(1) - drafter/train_worker_results_consistent:np.float64(1.0) - drafter/train_worker_ids_consistent:np.float64(1.0) - drafter/train_worker_incarnations_consistent:np.float64(1.0) - drafter/train_plan_ids_consistent:np.float64(1.0) - drafter/train_source_steps_consistent:np.float64(1.0) - drafter/train_data_versions_consistent:np.float64(1.0) - drafter/train_target_versions_consistent:np.float64(1.0) - drafter/train_successful_steps_consistent:np.float64(1.0) - drafter/train_optimizer_steps_consistent:np.float64(1.0) - drafter/train_publish_leader_count:np.float64(1.0) - drafter/train_publish_leader_snapshot_ready:np.float64(1.0) - timing_s/drafter_prepare_batch:np.float64(0.5521376132965088) - timing_s/drafter_forward_loss:np.float64(52.29877829551697) - timing_s/drafter_reduce_loss:np.float64(0.003051280975341797) - timing_s/drafter_backward:np.float64(8.500911235809326) - timing_s/drafter_optimizer:np.float64(2.5312438011169434) - timing_s/drafter_publish_snapshot:np.float64(2.473219394683838) - timing_s/drafter_worker_training_loop:np.float64(62.197216510772705) - timing_s/drafter_worker_cleanup:np.float64(6.162909507751465) - timing_s/drafter_worker_elapsed:np.float64(68.44728899002075) - timing_s/drafter_train_rpc:np.float64(69.62972823900054) - drafter/runtime_state:np.float64(3.0) - drafter/runtime_completed_batches:np.float64(1.0) - drafter/runtime_inflight:np.float64(0.0) - timing_s/drafter_runtime_batch_average:np.float64(69.62972823900054) - timing_s/drafter_outer_unaccounted:np.float64(0.011981350995483808) - drafter/publish_attempted:np.float64(1.0) - drafter/published:np.float64(1.0) - timing_s/drafter_publish_wait_pending:np.float64(7.822000043233857e-06) - timing_s/drafter_publish_fetch_snapshot:np.float64(43.51368664599795) - timing_s/drafter_publish_update_weights:np.float64(0.0014978830004110932) - training/global_step:1 - training/epoch:0 - critic/score/mean:0.0 - critic/score/max:0.0 - critic/score/min:0.0 - critic/rewards/mean:0.0 - critic/rewards/max:0.0 - critic/rewards/min:0.0 - critic/advantages/mean:0.0 - critic/advantages/max:0.0 - critic/advantages/min:0.0 - critic/returns/mean:0.0 - critic/returns/max:0.0 - critic/returns/min:0.0 - response_length/mean:64.0 - response_length/max:64.0 - response_length/min:64.0 - response_length/clip_ratio:1.0 - response_length_non_aborted/mean:64.0 - response_length_non_aborted/max:64.0 - response_length_non_aborted/min:64.0 - response_length_non_aborted/clip_ratio:1.0 - response/aborted_ratio:0.0 - prompt_length/mean:24.5 - prompt_length/max:25.0 - prompt_length/min:24.0 - prompt_length/clip_ratio:0.0 - num_turns/min:np.int32(2) - num_turns/max:np.int32(2) - num_turns/mean:np.float64(2.0) - timing_s/start_profile:0.00033481900027254596 - timing_s/agent_loop/num_preempted/min:np.int64(-1) - timing_s/agent_loop/num_preempted/max:np.int64(-1) - timing_s/agent_loop/num_preempted/mean:np.float64(-1.0) - timing_s/agent_loop/generate_sequences/min:np.float64(7.078454720001901) - timing_s/agent_loop/generate_sequences/max:np.float64(7.501478038000641) - timing_s/agent_loop/generate_sequences/mean:np.float64(7.193056671750128) - timing_s/agent_loop/tool_calls/min:np.float64(0.0) - timing_s/agent_loop/tool_calls/max:np.float64(0.0) - timing_s/agent_loop/tool_calls/mean:np.float64(0.0) - timing_s/agent_loop/compute_score/min:np.float64(0.08066086699909647) - timing_s/agent_loop/compute_score/max:np.float64(0.6525407589979295) - timing_s/agent_loop/compute_score/mean:np.float64(0.4696642944982159) - timing_s/agent_loop/slowest/generate_sequences:np.float64(7.105552213997726) - timing_s/agent_loop/slowest/tool_calls:np.float64(0.0) - timing_s/agent_loop/slowest/compute_score:np.float64(0.6432342599982803) - timing_s/agent_loop/slowest/num_preempted:np.int64(-1) - timing_s/agent_loop/slowest/prompt_length:25 - timing_s/agent_loop/slowest/response_length:64 - timing_s/gen:9.183215405999363 - timing_s/reward:3.968199962400831e-05 - timing_s/old_log_prob:7.637322229998972 - timing_s/adv:0.008006441999896197 - timing_s/update_actor:18.549236937004025 - timing_s/drafter:77.94487066899819 - drafter/spec_decode/mean_acceptance_length:2.2 - timing_s/update_weights:47.20041726800264 - timing_s/step:160.5355888189988 - timing_s/stop_profile:0.00016073599908850156 - timing_per_token_ms/gen:35.87193517968501 - timing_per_token_ms/adv:0.02261706779631694 - timing_per_token_ms/update_actor:52.39897439831646 - perf/total_num_tokens:354 - perf/time_per_step:160.5355888189988 - perf/throughput:1.1025592599256264[36m(SpecoTaskRunner pid=62090)[0m Training Progress:   5%|▌         | 1/20 [02:40<50:55, 160.82s/it]
[36m(SpecoWorker pid=63572)[0m WARNING:2026-09-19 10:01:08,647:[speco publish reclaim] role=producer global_steps=1 num_weights=58 payload_cleared=1 allocator=glibc action=malloc_trim heap_trimmed=True elapsed_sec=0.326 memory_before=(rss_gib=10.69 anon_gib=5.35 rss_shmem_gib=2.80 node_unavailable_gib=209.42 available_gib=294.07 cached_gib=313.76 node_shmem_gib=40.73 dev_shm_used_gib=0.07 dirty_gib=55.43 writeback_gib=0.03) memory_after=(rss_gib=10.52 anon_gib=5.19 rss_shmem_gib=2.80 node_unavailable_gib=209.22 available_gib=294.27 cached_gib=313.77 node_shmem_gib=40.73 dev_shm_used_gib=0.07 dirty_gib=55.42 writeback_gib=0.03)
[36m(WorkerDict pid=62310)[0m WARNING:2026-09-19 10:01:09,199:[speco draft update] backend=vllm native_draft_update=disabled weight_update_mode=auto path=compat fallback_reason=vllm: native draft update unavailable: vllm: start_draft_weight_update, finish_weight_update, server start_draft_weight_update RPC, supports_draft_weight_update
[36m(WorkerDict pid=62310)[0m Using blocking ray.get inside async actor. This blocks the event loop. Please use `await` on object ref with asyncio.gather if you want to yield execution to the event loop instead.
[36m(WorkerDict pid=62310)[0m WARNING:2026-09-19 10:01:12,646:[speco publish materialize] async=True global_steps=1 elapsed_sec=3.447 num_weights=58
[36m(SpecoVLLMHttpServer pid=62582)[0m (Worker_TP1 pid=63261) WARNING:2026-09-19 10:01:12,969:[speco draft ipc] streamed 58 translated weights in 1 buckets into DFlashQwen3Model (method=dflash), first 5 keys: ['fc.weight', 'hidden_norm.weight', 'layers.0.self_attn.q_proj.weight', 'layers.0.self_attn.k_proj.weight', 'layers.0.self_attn.v_proj.weight']
[36m(SpecoVLLMHttpServer pid=62582)[0m (Worker_TP0 pid=63260) WARNING:2026-09-19 10:01:12,969:[speco draft ipc] streamed 58 translated weights in 1 buckets into DFlashQwen3Model (method=dflash), first 5 keys: ['fc.weight', 'hidden_norm.weight', 'layers.0.self_attn.q_proj.weight', 'layers.0.self_attn.k_proj.weight', 'layers.0.self_attn.v_proj.weight']
[36m(SpecoVLLMHttpServer pid=62582)[0m (Worker_TP1 pid=63261) WARNING:2026-09-19 10:01:12,975:SPECO committed online drafter revision=1 loaded_params=58
[36m(SpecoVLLMHttpServer pid=62582)[0m (Worker_TP0 pid=63260) WARNING:2026-09-19 10:01:12,975:SPECO committed online drafter revision=1 loaded_params=58
[36m(SpecoVLLMHttpServer pid=62582)[0m (Worker_TP1 pid=63261) WARNING:2026-09-19 10:01:12,975:[speco-diag:sampling_mode] draft_sample_method=greedy draft_logits=None(greedy) proposer=DFlashSpeculator
[36m(SpecoVLLMHttpServer pid=62582)[0m (Worker_TP0 pid=63260) WARNING:2026-09-19 10:01:12,975:[speco-diag:sampling_mode] draft_sample_method=greedy draft_logits=None(greedy) proposer=DFlashSpeculator
[36m(WorkerDict pid=62310)[0m WARNING:2026-09-19 10:01:13,988:[speco publish reclaim] role=consumer async=True global_steps=1 num_weights=58 payload_cleared=1 allocator=glibc action=malloc_trim heap_trimmed=True elapsed_sec=0.505 memory_before=(rss_gib=20.47 anon_gib=7.19 rss_shmem_gib=10.58 node_unavailable_gib=211.67 available_gib=291.81 cached_gib=310.53 node_shmem_gib=40.73 dev_shm_used_gib=0.07 dirty_gib=55.29 writeback_gib=0.02) memory_after=(rss_gib=19.00 anon_gib=5.72 rss_shmem_gib=10.58 node_unavailable_gib=209.66 available_gib=293.83 cached_gib=310.61 node_shmem_gib=40.79 dev_shm_used_gib=0.07 dirty_gib=55.29 writeback_gib=0.01)
[36m(RewardLoopWorker pid=62575)[0m WARNING:2026-09-19 10:01:15,191:Platform 'nvidia' (PlatformCUDA) is registered but not available. This may be due to this ray actor being a CPU-only actor.
[36m(WorkerDict pid=62309)[0m Using blocking ray.get inside async actor. This blocks the event loop. Please use `await` on object ref with asyncio.gather if you want to yield execution to the event loop instead.
[36m(SpecoVLLMHttpServer pid=62582)[0m (Worker_TP1 pid=63261) WARNING:2026-09-19 10:01:15,819:[speco draft sleep] drafter state saved before level-2 sleep (66 tensors)
[36m(SpecoVLLMHttpServer pid=62582)[0m (Worker_TP0 pid=63260) WARNING:2026-09-19 10:01:15,821:[speco draft sleep] drafter state saved before level-2 sleep (66 tensors)
[36m(SpecoWorker pid=63572)[0m WARNING:2026-09-19 10:02:34,070:[drafter logits quality] valid_tokens=120 top1_acc=0.050000 top5_acc=0.225000 local_ploss_sum=273.212311 local_tokens=120 per_step=[{'step': 0, 'tokens': 8, 'top1': 0.375, 'top5': 0.625}, {'step': 1, 'tokens': 8, 'top1': 0.125, 'top5': 0.5}, {'step': 2, 'tokens': 8, 'top1': 0.125, 'top5': 0.5}, {'step': 3, 'tokens': 8, 'top1': 0.0, 'top5': 0.375}, {'step': 4, 'tokens': 8, 'top1': 0.0, 'top5': 0.0}, {'step': 5, 'tokens': 8, 'top1': 0.0, 'top5': 0.25}, {'step': 6, 'tokens': 8, 'top1': 0.0, 'top5': 0.0}, {'step': 7, 'tokens': 8, 'top1': 0.0, 'top5': 0.0}, {'step': 8, 'tokens': 8, 'top1': 0.0, 'top5': 0.125}, {'step': 9, 'tokens': 8, 'top1': 0.0, 'top5': 0.125}, {'step': 10, 'tokens': 8, 'top1': 0.0, 'top5': 0.0}, {'step': 11, 'tokens': 8, 'top1': 0.125, 'top5': 0.25}, {'step': 12, 'tokens': 8, 'top1': 0.0, 'top5': 0.25}, {'step': 13, 'tokens': 8, 'top1': 0.0, 'top5': 0.25}, {'step': 14, 'tokens': 8, 'top1': 0.0, 'top5': 0.125}]
[36m(RewardLoopWorker pid=62574)[0m WARNING:2026-09-19 10:01:15,210:Platform 'nvidia' (PlatformCUDA) is registered but not available. This may be due to this ray actor being a CPU-only actor.
[36m(SpecoWorker pid=63572)[0m INFO:2026-09-19 10:02:34,357:[drafter loss] step=1 optimizer_step_total=2 lr=1.000e-05 loss=5.1566 vloss=0.0000 ploss=5.1566
[36m(SpecoVLLMHttpServer pid=62582)[0m (Worker_TP1 pid=63261) WARNING:2026-09-19 10:02:40,432:[speco draft wake_up] drafter state restored after level-2 wake_up (66 tensors, revision=1)
[36m(SpecoVLLMHttpServer pid=62582)[0m (Worker_TP0 pid=63260) WARNING:2026-09-19 10:02:40,433:[speco draft wake_up] drafter state restored after level-2 wake_up (66 tensors, revision=1)
[36m(SpecoWorker pid=63642)[0m WARNING:2026-09-19 10:02:34,068:[drafter logits quality] valid_tokens=120 top1_acc=0.041667 top5_acc=0.266667 local_ploss_sum=273.848663 local_tokens=120 per_step=[{'step': 0, 'tokens': 8, 'top1': 0.25, 'top5': 0.625}, {'step': 1, 'tokens': 8, 'top1': 0.0, 'top5': 0.375}, {'step': 2, 'tokens': 8, 'top1': 0.125, 'top5': 0.625}, {'step': 3, 'tokens': 8, 'top1': 0.25, 'top5': 0.625}, {'step': 4, 'tokens': 8, 'top1': 0.0, 'top5': 0.0}, {'step': 5, 'tokens': 8, 'top1': 0.0, 'top5': 0.25}, {'step': 6, 'tokens': 8, 'top1': 0.0, 'top5': 0.25}, {'step': 7, 'tokens': 8, 'top1': 0.0, 'top5': 0.0}, {'step': 8, 'tokens': 8, 'top1': 0.0, 'top5': 0.0}, {'step': 9, 'tokens': 8, 'top1': 0.0, 'top5': 0.125}, {'step': 10, 'tokens': 8, 'top1': 0.0, 'top5': 0.0}, {'step': 11, 'tokens': 8, 'top1': 0.0, 'top5': 0.125}, {'step': 12, 'tokens': 8, 'top1': 0.0, 'top5': 0.375}, {'step': 13, 'tokens': 8, 'top1': 0.0, 'top5': 0.5}, {'step': 14, 'tokens': 8, 'top1': 0.0, 'top5': 0.125}]

[36m(SpecoTaskRunner pid=62090)[0m step:2 - global_seqlen/min:176 - global_seqlen/max:178 - global_seqlen/minmax_diff:2 - global_seqlen/balanced_min:177 - global_seqlen/balanced_max:177 - global_seqlen/mean:177.0 - actor/entropy:0.0 - perf/mfu/actor_infer:0.006657622434652844 - training/rollout_probs_diff_valid:1 - training/rollout_probs_diff_max:0.11700236797332764 - training/rollout_probs_diff_mean:0.006511604879051447 - training/rollout_probs_diff_std:0.01736648567020893 - training/rollout_actor_probs_pearson_corr:0.9964645504951477 - rollout_corr/training_ppl:1.2053899765014648 - rollout_corr/training_log_ppl:0.18364444375038147 - rollout_corr/kl:-0.0003066902281716466 - rollout_corr/k3_kl:0.0008519215043634176 - rollout_corr/rollout_ppl:1.2053565979003906 - rollout_corr/rollout_log_ppl:0.18395113945007324 - rollout_corr/log_ppl_diff:-0.000306691974401474 - rollout_corr/log_ppl_abs_diff:0.004572149366140366 - rollout_corr/log_ppl_diff_max:0.007454484701156616 - rollout_corr/log_ppl_diff_min:-0.005003705620765686 - rollout_corr/ppl_ratio:0.9997063875198364 - rollout_corr/chi2_token:0.003968477249145508 - rollout_corr/chi2_seq:0.24787211418151855 - actor/pg_clipfrac:np.float64(0.0) - actor/ppo_kl:np.float64(0.0) - actor/pg_clipfrac_lower:np.float64(0.0) - actor/pg_loss:np.float64(0.0) - actor/loss:np.float64(0.0) - actor/grad_norm:np.float64(0.0) - actor/lr:np.float64(1e-06) - actor/perf/max_memory_allocated_gb:np.float64(28.541846752166748) - actor/perf/max_memory_reserved_gb:np.float64(37.9921875) - actor/perf/cpu_memory_used_gb:np.float64(214.9706916809082) - perf/mfu/actor:np.float64(0.00997427368153579) - drafter/raw_drafter_samples:np.float64(4.0) - drafter/collected_samples:np.float64(2.0) - drafter/collect_interval_matched:np.float64(1.0) - drafter/collection_plan_used:np.float64(1.0) - drafter/collection_plan_collect:np.float64(1.0) - drafter/collection_plan_reason:np.float64(7.0) - drafter/collection_plan_source:np.float64(2.0) - drafter/collection_plan_interval_matched:np.float64(1.0) - drafter/collection_plan_training_interval_matched:np.float64(1.0) - drafter/collection_attempted:np.float64(1.0) - drafter/collection_completed:np.float64(1.0) - drafter/collection_outcome_reason:np.float64(1.0) - drafter/collection_rejected_samples:np.float64(0.0) - drafter/collection_worker_results:np.float64(1.0) - drafter/collection_finalized:np.float64(1.0) - drafter/collection_expired_stages:np.float64(0.0) - timing_s/drafter_collection_rpc:np.float64(0.3362585359973309) - drafter/scheduler_used:np.float64(1.0) - drafter/schedule_launch:np.float64(1.0) - drafter/schedule_interval_matched:np.float64(1.0) - drafter/schedule_strategy:np.float64(0.0) - drafter/schedule_reason:np.float64(10.0) - drafter/target_lm_head_apply_deferred:np.float64(1.0) - drafter/target_lm_head_selected_rows:np.float64(0.0) - drafter/target_lm_head_source_vocab_size:np.float64(0.0) - drafter/target_lm_head_direct_sparse_export:np.float64(0.0) - timing_s/drafter_sync_target_lm_head_fetch:np.float64(61.87866997299716) - timing_s/drafter_sync_target_lm_head_dispatch:np.float64(1.2119399240000348) - drafter/train_interval_matched:np.float64(1.0) - drafter/target_lm_head_synced:np.float64(1.0) - timing_s/drafter_sync_target_lm_head:np.float64(63.09469606699713) - timing_s/drafter_sync_target_lm_head_apply:np.float64(1.212316215998726) - timing_s/drafter_sync_target_lm_head_wait:np.float64(0.00037629199869115837) - timing_s/drafter_sync_target_lm_head_overlap_window:np.float64(8.04368872300256) - drafter/trained:np.float64(1.0) - drafter/train_successful_steps_max:np.int64(1) - drafter/train_no_trainable_batch:np.float64(0.0) - drafter/train_activation_failed:np.float64(0.0) - drafter/train_attempted_batches_max:np.int64(1) - drafter/train_buffer_size_before_min:np.int64(2) - drafter/train_buffer_size_after_min:np.int64(0) - drafter/train_optimizer_step_max:np.int64(2) - drafter/train_worker_results_consistent:np.float64(1.0) - drafter/train_worker_ids_consistent:np.float64(1.0) - drafter/train_worker_incarnations_consistent:np.float64(1.0) - drafter/train_plan_ids_consistent:np.float64(1.0) - drafter/train_source_steps_consistent:np.float64(1.0) - drafter/train_data_versions_consistent:np.float64(1.0) - drafter/train_target_versions_consistent:np.float64(1.0) - drafter/train_successful_steps_consistent:np.float64(1.0) - drafter/train_optimizer_steps_consistent:np.float64(1.0) - drafter/train_publish_leader_count:np.float64(1.0) - drafter/train_publish_leader_snapshot_ready:np.float64(1.0) - timing_s/drafter_prepare_batch:np.float64(0.0032858848571777344) - timing_s/drafter_forward_loss:np.float64(0.1658024787902832) - timing_s/drafter_reduce_loss:np.float64(0.0011339187622070312) - timing_s/drafter_backward:np.float64(0.10384917259216309) - timing_s/drafter_optimizer:np.float64(0.16446447372436523) - timing_s/drafter_publish_snapshot:np.float64(2.412551164627075) - timing_s/drafter_worker_training_loop:np.float64(0.4390535354614258) - timing_s/drafter_worker_cleanup:np.float64(4.384815216064453) - timing_s/drafter_worker_elapsed:np.float64(5.190137624740601) - timing_s/drafter_train_rpc:np.float64(6.478825149999466) - drafter/runtime_state:np.float64(3.0) - drafter/runtime_completed_batches:np.float64(1.0) - drafter/runtime_inflight:np.float64(0.0) - timing_s/drafter_runtime_batch_average:np.float64(6.478825149999466) - timing_s/drafter_outer_unaccounted:np.float64(0.00930428900392144) - drafter/publish_attempted:np.float64(1.0) - drafter/published:np.float64(1.0) - timing_s/drafter_publish_wait_pending:np.float64(5.532998329726979e-06) - timing_s/drafter_publish_fetch_snapshot:np.float64(58.98025400700135) - timing_s/drafter_publish_update_weights:np.float64(0.001639930000237655) - training/global_step:2 - training/epoch:0 - critic/score/mean:0.0 - critic/score/max:0.0 - critic/score/min:0.0 - critic/rewards/mean:0.0 - critic/rewards/max:0.0 - critic/rewards/min:0.0 - critic/advantages/mean:0.0 - critic/advantages/max:0.0 - critic/advantages/min:0.0 - critic/returns/mean:0.0 - critic/returns/max:0.0 - critic/returns/min:0.0 - response_length/mean:64.0 - response_length/max:64.0 - response_length/min:64.0 - response_length/clip_ratio:1.0 - response_length_non_aborted/mean:64.0 - response_length_non_aborted/max:64.0 - response_length_non_aborted/min:64.0 - response_length_non_aborted/clip_ratio:1.0 - response/aborted_ratio:0.0 - prompt_length/mean:24.5 - prompt_length/max:25.0 - prompt_length/min:24.0 - prompt_length/clip_ratio:0.0 - num_turns/min:np.int32(2) - num_turns/max:np.int32(2) - num_turns/mean:np.float64(2.0) - timing_s/start_profile:0.000629486999969231 - timing_s/agent_loop/num_preempted/min:np.int64(-1) - timing_s/agent_loop/num_preempted/max:np.int64(-1) - timing_s/agent_loop/num_preempted/mean:np.float64(-1.0) - timing_s/agent_loop/generate_sequences/min:np.float64(0.8422986840014346) - timing_s/agent_loop/generate_sequences/max:np.float64(1.0442502219993912) - timing_s/agent_loop/generate_sequences/mean:np.float64(0.9218311724998784) - timing_s/agent_loop/tool_calls/min:np.float64(0.0) - timing_s/agent_loop/tool_calls/max:np.float64(0.0) - timing_s/agent_loop/tool_calls/mean:np.float64(0.0) - timing_s/agent_loop/compute_score/min:np.float64(0.011361123000824591) - timing_s/agent_loop/compute_score/max:np.float64(0.35201660800157697) - timing_s/agent_loop/compute_score/mean:np.float64(0.13959206200070184) - timing_s/agent_loop/slowest/generate_sequences:np.float64(1.0442502219993912) - timing_s/agent_loop/slowest/tool_calls:np.float64(0.0) - timing_s/agent_loop/slowest/compute_score:np.float64(0.182052748001297) - timing_s/agent_loop/slowest/num_preempted:np.int64(-1) - timing_s/agent_loop/slowest/prompt_length:24 - timing_s/agent_loop/slowest/response_length:64 - timing_s/gen:7.347038331998192 - timing_s/reward:1.2730000889860094e-05 - timing_s/old_log_prob:5.465658256998722 - timing_s/adv:0.003520981001202017 - timing_s/update_actor:8.043733356000303 - timing_s/drafter:69.58282550600052 - drafter/spec_decode/mean_acceptance_length:2.2280701754385968 - timing_s/update_weights:63.21290666999994 - timing_s/step:153.66014365399678 - timing_s/stop_profile:0.0001477270016039256 - timing_per_token_ms/gen:28.699368484367938 - timing_per_token_ms/adv:0.009946274014694964 - timing_per_token_ms/update_actor:22.722410610170346 - perf/total_num_tokens:354 - perf/time_per_step:153.66014365399678 - perf/throughput:1.1518927146037203[36m(SpecoTaskRunner pid=62090)[0m Training Progress:  10%|█         | 2/20 [05:14<46:59, 156.62s/it]
[36m(SpecoWorker pid=63572)[0m WARNING:2026-09-19 10:03:42,320:[speco publish reclaim] role=producer global_steps=2 num_weights=58 payload_cleared=1 allocator=glibc action=malloc_trim heap_trimmed=True elapsed_sec=0.276 memory_before=(rss_gib=10.72 anon_gib=5.38 rss_shmem_gib=2.80 node_unavailable_gib=214.50 available_gib=288.99 cached_gib=305.53 node_shmem_gib=40.73 dev_shm_used_gib=0.07 dirty_gib=53.89 writeback_gib=0.03) memory_after=(rss_gib=10.50 anon_gib=5.17 rss_shmem_gib=2.80 node_unavailable_gib=214.30 available_gib=289.19 cached_gib=305.54 node_shmem_gib=40.73 dev_shm_used_gib=0.07 dirty_gib=53.89 writeback_gib=0.03)
[36m(WorkerDict pid=62310)[0m WARNING:2026-09-19 10:03:45,649:[speco publish materialize] async=True global_steps=2 elapsed_sec=3.321 num_weights=58
[36m(SpecoVLLMHttpServer pid=62582)[0m (Worker_TP0 pid=63260) WARNING:2026-09-19 10:03:46,060:[speco draft ipc] streamed 58 translated weights in 1 buckets into DFlashQwen3Model (method=dflash), first 5 keys: ['fc.weight', 'hidden_norm.weight', 'layers.0.self_attn.q_proj.weight', 'layers.0.self_attn.k_proj.weight', 'layers.0.self_attn.v_proj.weight']
[36m(SpecoVLLMHttpServer pid=62582)[0m (Worker_TP1 pid=63261) WARNING:2026-09-19 10:03:46,135:[speco draft ipc] streamed 58 translated weights in 1 buckets into DFlashQwen3Model (method=dflash), first 5 keys: ['fc.weight', 'hidden_norm.weight', 'layers.0.self_attn.q_proj.weight', 'layers.0.self_attn.k_proj.weight', 'layers.0.self_attn.v_proj.weight']
[36m(SpecoVLLMHttpServer pid=62582)[0m (Worker_TP0 pid=63260) WARNING:2026-09-19 10:03:46,445:SPECO committed online drafter revision=2 loaded_params=58
[36m(SpecoVLLMHttpServer pid=62582)[0m (Worker_TP1 pid=63261) WARNING:2026-09-19 10:03:46,446:SPECO committed online drafter revision=2 loaded_params=58
[36m(WorkerDict pid=62310)[0m WARNING:2026-09-19 10:03:47,939:[speco publish reclaim] role=consumer async=True global_steps=2 num_weights=58 payload_cleared=1 allocator=glibc action=malloc_trim heap_trimmed=True elapsed_sec=0.790 memory_before=(rss_gib=21.94 anon_gib=8.66 rss_shmem_gib=10.58 node_unavailable_gib=214.37 available_gib=289.11 cached_gib=305.79 node_shmem_gib=40.73 dev_shm_used_gib=0.07 dirty_gib=53.84 writeback_gib=0.01) memory_after=(rss_gib=19.01 anon_gib=5.73 rss_shmem_gib=10.58 node_unavailable_gib=209.92 available_gib=293.56 cached_gib=305.82 node_shmem_gib=40.73 dev_shm_used_gib=0.07 dirty_gib=53.81 writeback_gib=0.02)
[36m(SpecoVLLMHttpServer pid=62582)[0m (Worker_TP1 pid=63261) WARNING:2026-09-19 10:03:49,944:[speco draft sleep] drafter state saved before level-2 sleep (66 tensors)
[36m(SpecoVLLMHttpServer pid=62582)[0m (Worker_TP0 pid=63260) WARNING:2026-09-19 10:03:49,954:[speco draft sleep] drafter state saved before level-2 sleep (66 tensors)
[36m(SpecoWorker pid=63572)[0m WARNING:2026-09-19 10:04:09,843:[drafter logits quality] valid_tokens=120 top1_acc=0.158333 top5_acc=0.350000 local_ploss_sum=234.231232 local_tokens=120 per_step=[{'step': 0, 'tokens': 8, 'top1': 0.625, 'top5': 0.75}, {'step': 1, 'tokens': 8, 'top1': 0.25, 'top5': 0.625}, {'step': 2, 'tokens': 8, 'top1': 0.25, 'top5': 0.375}, {'step': 3, 'tokens': 8, 'top1': 0.25, 'top5': 0.25}, {'step': 4, 'tokens': 8, 'top1': 0.0, 'top5': 0.375}, {'step': 5, 'tokens': 8, 'top1': 0.125, 'top5': 0.25}, {'step': 6, 'tokens': 8, 'top1': 0.125, 'top5': 0.25}, {'step': 7, 'tokens': 8, 'top1': 0.125, 'top5': 0.375}, {'step': 8, 'tokens': 8, 'top1': 0.125, 'top5': 0.25}, {'step': 9, 'tokens': 8, 'top1': 0.125, 'top5': 0.375}, {'step': 10, 'tokens': 8, 'top1': 0.125, 'top5': 0.375}, {'step': 11, 'tokens': 8, 'top1': 0.125, 'top5': 0.5}, {'step': 12, 'tokens': 8, 'top1': 0.125, 'top5': 0.25}, {'step': 13, 'tokens': 8, 'top1': 0.0, 'top5': 0.125}, {'step': 14, 'tokens': 8, 'top1': 0.0, 'top5': 0.125}]
[36m(SpecoWorker pid=63572)[0m INFO:2026-09-19 10:04:10,142:[drafter loss] step=1 optimizer_step_total=3 lr=1.000e-05 loss=4.3942 vloss=0.0000 ploss=4.3942
[36m(SpecoVLLMHttpServer pid=62582)[0m (Worker_TP1 pid=63261) WARNING:2026-09-19 10:04:16,297:[speco draft wake_up] drafter state restored after level-2 wake_up (66 tensors, revision=2)
[36m(SpecoVLLMHttpServer pid=62582)[0m (Worker_TP0 pid=63260) WARNING:2026-09-19 10:04:16,310:[speco draft wake_up] drafter state restored after level-2 wake_up (66 tensors, revision=2)
[36m(SpecoWorker pid=63642)[0m WARNING:2026-09-19 10:04:09,847:[drafter logits quality] valid_tokens=120 top1_acc=0.141667 top5_acc=0.358333 local_ploss_sum=231.946045 local_tokens=120 per_step=[{'step': 0, 'tokens': 8, 'top1': 0.625, 'top5': 0.875}, {'step': 1, 'tokens': 8, 'top1': 0.25, 'top5': 0.75}, {'step': 2, 'tokens': 8, 'top1': 0.125, 'top5': 0.375}, {'step': 3, 'tokens': 8, 'top1': 0.25, 'top5': 0.25}, {'step': 4, 'tokens': 8, 'top1': 0.0, 'top5': 0.25}, {'step': 5, 'tokens': 8, 'top1': 0.25, 'top5': 0.375}, {'step': 6, 'tokens': 8, 'top1': 0.125, 'top5': 0.375}, {'step': 7, 'tokens': 8, 'top1': 0.125, 'top5': 0.375}, {'step': 8, 'tokens': 8, 'top1': 0.0, 'top5': 0.125}, {'step': 9, 'tokens': 8, 'top1': 0.125, 'top5': 0.25}, {'step': 10, 'tokens': 8, 'top1': 0.125, 'top5': 0.375}, {'step': 11, 'tokens': 8, 'top1': 0.0, 'top5': 0.375}, {'step': 12, 'tokens': 8, 'top1': 0.125, 'top5': 0.25}, {'step': 13, 'tokens': 8, 'top1': 0.0, 'top5': 0.25}, {'step': 14, 'tokens': 8, 'top1': 0.0, 'top5': 0.125}]

[36m(SpecoTaskRunner pid=62090)[0m step:3 - global_seqlen/min:176 - global_seqlen/max:178 - global_seqlen/minmax_diff:2 - global_seqlen/balanced_min:177 - global_seqlen/balanced_max:177 - global_seqlen/mean:177.0 - actor/entropy:0.0 - perf/mfu/actor_infer:0.007412061257232501 - training/rollout_probs_diff_valid:1 - training/rollout_probs_diff_max:0.11110866069793701 - training/rollout_probs_diff_mean:0.0061673857271671295 - training/rollout_probs_diff_std:0.016321638599038124 - training/rollout_actor_probs_pearson_corr:0.9971190094947815 - rollout_corr/training_ppl:1.2416595220565796 - rollout_corr/training_log_ppl:0.21501316130161285 - rollout_corr/kl:0.005410819314420223 - rollout_corr/k3_kl:0.001033922890201211 - rollout_corr/rollout_ppl:1.234715461730957 - rollout_corr/rollout_log_ppl:0.20960234105587006 - rollout_corr/log_ppl_diff:0.005410823971033096 - rollout_corr/log_ppl_abs_diff:0.008369360119104385 - rollout_corr/log_ppl_diff_max:0.014625146985054016 - rollout_corr/log_ppl_diff_min:-0.005917072296142578 - rollout_corr/ppl_ratio:1.0054528713226318 - rollout_corr/chi2_token:-0.006872653961181641 - rollout_corr/chi2_seq:-0.2076956033706665 - actor/pg_clipfrac:np.float64(0.0) - actor/ppo_kl:np.float64(0.0) - actor/pg_clipfrac_lower:np.float64(0.0) - actor/pg_loss:np.float64(0.0) - actor/loss:np.float64(0.0) - actor/grad_norm:np.float64(0.0) - actor/lr:np.float64(1e-06) - actor/perf/max_memory_allocated_gb:np.float64(28.541846752166748) - actor/perf/max_memory_reserved_gb:np.float64(37.9921875) - actor/perf/cpu_memory_used_gb:np.float64(214.71949005126953) - perf/mfu/actor:np.float64(0.009118151523090806) - drafter/raw_drafter_samples:np.float64(4.0) - drafter/collected_samples:np.float64(2.0) - drafter/collect_interval_matched:np.float64(1.0) - drafter/collection_plan_used:np.float64(1.0) - drafter/collection_plan_collect:np.float64(1.0) - drafter/collection_plan_reason:np.float64(7.0) - drafter/collection_plan_source:np.float64(2.0) - drafter/collection_plan_interval_matched:np.float64(1.0) - drafter/collection_plan_training_interval_matched:np.float64(1.0) - drafter/collection_attempted:np.float64(1.0) - drafter/collection_completed:np.float64(1.0) - drafter/collection_outcome_reason:np.float64(1.0) - drafter/collection_rejected_samples:np.float64(0.0) - drafter/collection_worker_results:np.float64(1.0) - drafter/collection_finalized:np.float64(1.0) - drafter/collection_expired_stages:np.float64(0.0) - timing_s/drafter_collection_rpc:np.float64(0.03082132700001239) - drafter/scheduler_used:np.float64(1.0) - drafter/schedule_launch:np.float64(1.0) - drafter/schedule_interval_matched:np.float64(1.0) - drafter/schedule_strategy:np.float64(0.0) - drafter/schedule_reason:np.float64(10.0) - drafter/target_lm_head_apply_deferred:np.float64(1.0) - drafter/target_lm_head_selected_rows:np.float64(0.0) - drafter/target_lm_head_source_vocab_size:np.float64(0.0) - drafter/target_lm_head_direct_sparse_export:np.float64(0.0) - timing_s/drafter_sync_target_lm_head_fetch:np.float64(3.8954814540011284) - timing_s/drafter_sync_target_lm_head_dispatch:np.float64(1.143558978998044) - drafter/train_interval_matched:np.float64(1.0) - drafter/target_lm_head_synced:np.float64(1.0) - timing_s/drafter_sync_target_lm_head:np.float64(5.042828809997445) - timing_s/drafter_sync_target_lm_head_apply:np.float64(1.1439807289971213) - timing_s/drafter_sync_target_lm_head_wait:np.float64(0.00042174999907729216) - timing_s/drafter_sync_target_lm_head_overlap_window:np.float64(7.659396088001813) - drafter/trained:np.float64(1.0) - drafter/train_successful_steps_max:np.int64(1) - drafter/train_no_trainable_batch:np.float64(0.0) - drafter/train_activation_failed:np.float64(0.0) - drafter/train_attempted_batches_max:np.int64(1) - drafter/train_buffer_size_before_min:np.int64(2) - drafter/train_buffer_size_after_min:np.int64(0) - drafter/train_optimizer_step_max:np.int64(3) - drafter/train_worker_results_consistent:np.float64(1.0) - drafter/train_worker_ids_consistent:np.float64(1.0) - drafter/train_worker_incarnations_consistent:np.float64(1.0) - drafter/train_plan_ids_consistent:np.float64(1.0) - drafter/train_source_steps_consistent:np.float64(1.0) - drafter/train_data_versions_consistent:np.float64(1.0) - drafter/train_target_versions_consistent:np.float64(1.0) - drafter/train_successful_steps_consistent:np.float64(1.0) - drafter/train_optimizer_steps_consistent:np.float64(1.0) - drafter/train_publish_leader_count:np.float64(1.0) - drafter/train_publish_leader_snapshot_ready:np.float64(1.0) - timing_s/drafter_prepare_batch:np.float64(0.0027997493743896484) - timing_s/drafter_forward_loss:np.float64(0.18235182762145996) - timing_s/drafter_reduce_loss:np.float64(0.001374959945678711) - timing_s/drafter_backward:np.float64(0.07777953147888184) - timing_s/drafter_optimizer:np.float64(0.18639874458312988) - timing_s/drafter_publish_snapshot:np.float64(2.298712730407715) - timing_s/drafter_worker_training_loop:np.float64(0.4537501335144043) - timing_s/drafter_worker_cleanup:np.float64(4.313050031661987) - timing_s/drafter_worker_elapsed:np.float64(5.174315452575684) - timing_s/drafter_train_rpc:np.float64(6.442696561996854) - drafter/runtime_state:np.float64(3.0) - drafter/runtime_completed_batches:np.float64(1.0) - drafter/runtime_inflight:np.float64(0.0) - timing_s/drafter_runtime_batch_average:np.float64(6.442696561996854) - timing_s/drafter_outer_unaccounted:np.float64(0.009106570007133996) - drafter/publish_attempted:np.float64(1.0) - drafter/published:np.float64(1.0) - timing_s/drafter_publish_wait_pending:np.float64(6.3299994508270174e-06) - timing_s/drafter_publish_fetch_snapshot:np.float64(5.543324680998921) - timing_s/drafter_publish_update_weights:np.float64(0.0014886019998812117) - training/global_step:3 - training/epoch:0 - critic/score/mean:0.0 - critic/score/max:0.0 - critic/score/min:0.0 - critic/rewards/mean:0.0 - critic/rewards/max:0.0 - critic/rewards/min:0.0 - critic/advantages/mean:0.0 - critic/advantages/max:0.0 - critic/advantages/min:0.0 - critic/returns/mean:0.0 - critic/returns/max:0.0 - critic/returns/min:0.0 - response_length/mean:64.0 - response_length/max:64.0 - response_length/min:64.0 - response_length/clip_ratio:1.0 - response_length_non_aborted/mean:64.0 - response_length_non_aborted/max:64.0 - response_length_non_aborted/min:64.0 - response_length_non_aborted/clip_ratio:1.0 - response/aborted_ratio:0.0 - prompt_length/mean:24.5 - prompt_length/max:25.0 - prompt_length/min:24.0 - prompt_length/clip_ratio:0.0 - num_turns/min:np.int32(2) - num_turns/max:np.int32(2) - num_turns/mean:np.float64(2.0) - timing_s/start_profile:0.000156332000187831 - timing_s/agent_loop/num_preempted/min:np.int64(-1) - timing_s/agent_loop/num_preempted/max:np.int64(-1) - timing_s/agent_loop/num_preempted/mean:np.float64(-1.0) - timing_s/agent_loop/generate_sequences/min:np.float64(0.8714823330010404) - timing_s/agent_loop/generate_sequences/max:np.float64(1.0855385880022368) - timing_s/agent_loop/generate_sequences/mean:np.float64(0.9556005747508607) - timing_s/agent_loop/tool_calls/min:np.float64(0.0) - timing_s/agent_loop/tool_calls/max:np.float64(0.0) - timing_s/agent_loop/tool_calls/mean:np.float64(0.0) - timing_s/agent_loop/compute_score/min:np.float64(0.010645029000443174) - timing_s/agent_loop/compute_score/max:np.float64(0.01668563000202994) - timing_s/agent_loop/compute_score/mean:np.float64(0.012780382749951968) - timing_s/agent_loop/slowest/generate_sequences:np.float64(1.0855385880022368) - timing_s/agent_loop/slowest/tool_calls:np.float64(0.0) - timing_s/agent_loop/slowest/compute_score:np.float64(0.01668563000202994) - timing_s/agent_loop/slowest/num_preempted:np.int64(-1) - timing_s/agent_loop/slowest/prompt_length:24 - timing_s/agent_loop/slowest/response_length:64 - timing_s/gen:8.482363930997963 - timing_s/reward:2.8072001441614702e-05 - timing_s/old_log_prob:4.8691190680001455 - timing_s/adv:0.0034771659993566573 - timing_s/update_actor:7.659199505000288 - timing_s/drafter:11.494631942001433 - drafter/spec_decode/mean_acceptance_length:2.247787610619469 - timing_s/update_weights:9.890352555998106 - timing_s/step:42.405736359 - timing_s/stop_profile:0.00014259800082072616 - timing_per_token_ms/gen:33.13423410546079 - timing_per_token_ms/adv:0.009822502823041404 - timing_per_token_ms/update_actor:21.636156793786125 - perf/total_num_tokens:354 - perf/time_per_step:42.405736359 - perf/throughput:4.173963600149448[36m(SpecoTaskRunner pid=62090)[0m Training Progress:  15%|█▌        | 3/20 [05:56<29:36, 104.48s/it]
[36m(SpecoWorker pid=63572)[0m WARNING:2026-09-19 10:04:24,614:[speco publish reclaim] role=producer global_steps=3 num_weights=58 payload_cleared=1 allocator=glibc action=malloc_trim heap_trimmed=True elapsed_sec=0.242 memory_before=(rss_gib=11.00 anon_gib=5.66 rss_shmem_gib=2.80 node_unavailable_gib=213.53 available_gib=289.95 cached_gib=305.90 node_shmem_gib=40.73 dev_shm_used_gib=0.07 dirty_gib=53.19 writeback_gib=0.01) memory_after=(rss_gib=10.50 anon_gib=5.17 rss_shmem_gib=2.80 node_unavailable_gib=212.91 available_gib=290.58 cached_gib=305.91 node_shmem_gib=40.73 dev_shm_used_gib=0.07 dirty_gib=53.18 writeback_gib=0.02)
[36m(WorkerDict pid=62310)[0m WARNING:2026-09-19 10:04:28,358:[speco publish materialize] async=True global_steps=3 elapsed_sec=3.598 num_weights=58
[36m(SpecoVLLMHttpServer pid=62582)[0m (Worker_TP0 pid=63260) WARNING:2026-09-19 10:04:29,041:[speco draft ipc] streamed 58 translated weights in 1 buckets into DFlashQwen3Model (method=dflash), first 5 keys: ['fc.weight', 'hidden_norm.weight', 'layers.0.self_attn.q_proj.weight', 'layers.0.self_attn.k_proj.weight', 'layers.0.self_attn.v_proj.weight']
[36m(SpecoVLLMHttpServer pid=62582)[0m (Worker_TP1 pid=63261) WARNING:2026-09-19 10:04:29,060:[speco draft ipc] streamed 58 translated weights in 1 buckets into DFlashQwen3Model (method=dflash), first 5 keys: ['fc.weight', 'hidden_norm.weight', 'layers.0.self_attn.q_proj.weight', 'layers.0.self_attn.k_proj.weight', 'layers.0.self_attn.v_proj.weight']
[36m(SpecoVLLMHttpServer pid=62582)[0m (Worker_TP0 pid=63260) WARNING:2026-09-19 10:04:29,594:SPECO committed online drafter revision=3 loaded_params=58
[36m(SpecoVLLMHttpServer pid=62582)[0m (Worker_TP1 pid=63261) WARNING:2026-09-19 10:04:29,594:SPECO committed online drafter revision=3 loaded_params=58
[36m(WorkerDict pid=62310)[0m WARNING:2026-09-19 10:04:30,884:[speco publish reclaim] role=consumer async=True global_steps=3 num_weights=58 payload_cleared=1 allocator=glibc action=malloc_trim heap_trimmed=True elapsed_sec=0.621 memory_before=(rss_gib=19.80 anon_gib=6.52 rss_shmem_gib=10.58 node_unavailable_gib=214.13 available_gib=289.35 cached_gib=306.41 node_shmem_gib=40.88 dev_shm_used_gib=0.07 dirty_gib=53.21 writeback_gib=0.01) memory_after=(rss_gib=19.01 anon_gib=5.73 rss_shmem_gib=10.58 node_unavailable_gib=212.51 available_gib=290.98 cached_gib=306.60 node_shmem_gib=41.01 dev_shm_used_gib=0.07 dirty_gib=53.21 writeback_gib=0.02)
[36m(SpecoVLLMHttpServer pid=62582)[0m (Worker_TP1 pid=63261) WARNING:2026-09-19 10:04:32,480:[speco draft sleep] drafter state saved before level-2 sleep (66 tensors)
[36m(SpecoVLLMHttpServer pid=62582)[0m (Worker_TP0 pid=63260) WARNING:2026-09-19 10:04:32,486:[speco draft sleep] drafter state saved before level-2 sleep (66 tensors)
[36m(SpecoWorker pid=63572)[0m WARNING:2026-09-19 10:04:49,380:[drafter logits quality] valid_tokens=120 top1_acc=0.166667 top5_acc=0.350000 local_ploss_sum=219.191162 local_tokens=120 per_step=[{'step': 0, 'tokens': 8, 'top1': 0.625, 'top5': 0.875}, {'step': 1, 'tokens': 8, 'top1': 0.375, 'top5': 0.875}, {'step': 2, 'tokens': 8, 'top1': 0.125, 'top5': 0.625}, {'step': 3, 'tokens': 8, 'top1': 0.25, 'top5': 0.375}, {'step': 4, 'tokens': 8, 'top1': 0.25, 'top5': 0.375}, {'step': 5, 'tokens': 8, 'top1': 0.375, 'top5': 0.375}, {'step': 6, 'tokens': 8, 'top1': 0.0, 'top5': 0.25}, {'step': 7, 'tokens': 8, 'top1': 0.0, 'top5': 0.25}, {'step': 8, 'tokens': 8, 'top1': 0.0, 'top5': 0.25}, {'step': 9, 'tokens': 8, 'top1': 0.125, 'top5': 0.125}, {'step': 10, 'tokens': 8, 'top1': 0.125, 'top5': 0.25}, {'step': 11, 'tokens': 8, 'top1': 0.25, 'top5': 0.25}, {'step': 12, 'tokens': 8, 'top1': 0.0, 'top5': 0.125}, {'step': 13, 'tokens': 8, 'top1': 0.0, 'top5': 0.125}, {'step': 14, 'tokens': 8, 'top1': 0.0, 'top5': 0.125}]
[36m(SpecoWorker pid=63572)[0m INFO:2026-09-19 10:04:49,666:[drafter loss] step=1 optimizer_step_total=4 lr=1.000e-05 loss=4.0839 vloss=0.0000 ploss=4.0839
[36m(SpecoVLLMHttpServer pid=62582)[0m (Worker_TP1 pid=63261) WARNING:2026-09-19 10:04:56,152:[speco draft wake_up] drafter state restored after level-2 wake_up (66 tensors, revision=3)
[36m(SpecoVLLMHttpServer pid=62582)[0m (Worker_TP0 pid=63260) WARNING:2026-09-19 10:04:56,170:[speco draft wake_up] drafter state restored after level-2 wake_up (66 tensors, revision=3)
[36m(SpecoWorker pid=63642)[0m WARNING:2026-09-19 10:04:49,380:[drafter logits quality] valid_tokens=120 top1_acc=0.158333 top5_acc=0.391667 local_ploss_sum=214.063965 local_tokens=120 per_step=[{'step': 0, 'tokens': 8, 'top1': 0.5, 'top5': 0.875}, {'step': 1, 'tokens': 8, 'top1': 0.5, 'top5': 0.875}, {'step': 2, 'tokens': 8, 'top1': 0.25, 'top5': 0.625}, {'step': 3, 'tokens': 8, 'top1': 0.375, 'top5': 0.625}, {'step': 4, 'tokens': 8, 'top1': 0.125, 'top5': 0.25}, {'step': 5, 'tokens': 8, 'top1': 0.25, 'top5': 0.375}, {'step': 6, 'tokens': 8, 'top1': 0.0, 'top5': 0.375}, {'step': 7, 'tokens': 8, 'top1': 0.125, 'top5': 0.375}, {'step': 8, 'tokens': 8, 'top1': 0.0, 'top5': 0.375}, {'step': 9, 'tokens': 8, 'top1': 0.125, 'top5': 0.125}, {'step': 10, 'tokens': 8, 'top1': 0.0, 'top5': 0.125}, {'step': 11, 'tokens': 8, 'top1': 0.125, 'top5': 0.25}, {'step': 12, 'tokens': 8, 'top1': 0.0, 'top5': 0.25}, {'step': 13, 'tokens': 8, 'top1': 0.0, 'top5': 0.125}, {'step': 14, 'tokens': 8, 'top1': 0.0, 'top5': 0.25}]

[36m(SpecoTaskRunner pid=62090)[0m step:4 - global_seqlen/min:176 - global_seqlen/max:176 - global_seqlen/minmax_diff:0 - global_seqlen/balanced_min:176 - global_seqlen/balanced_max:176 - global_seqlen/mean:176.0 - actor/entropy:0.0 - perf/mfu/actor_infer:0.009934976133756006 - training/rollout_probs_diff_valid:1 - training/rollout_probs_diff_max:0.1155690848827362 - training/rollout_probs_diff_mean:0.006371482741087675 - training/rollout_probs_diff_std:0.015467870980501175 - training/rollout_actor_probs_pearson_corr:0.9959001541137695 - rollout_corr/training_ppl:1.1596511602401733 - rollout_corr/training_log_ppl:0.1475507616996765 - rollout_corr/kl:-0.0007438179454766214 - rollout_corr/k3_kl:0.0008832935709506273 - rollout_corr/rollout_ppl:1.160724401473999 - rollout_corr/rollout_log_ppl:0.1482945680618286 - rollout_corr/log_ppl_diff:-0.0007438119500875473 - rollout_corr/log_ppl_abs_diff:0.008381346240639687 - rollout_corr/log_ppl_diff_max:0.009468436241149902 - rollout_corr/log_ppl_diff_min:-0.009285062551498413 - rollout_corr/ppl_ratio:0.9992923736572266 - rollout_corr/chi2_token:0.005074739456176758 - rollout_corr/chi2_seq:0.8014447689056396 - actor/pg_clipfrac:np.float64(0.0) - actor/ppo_kl:np.float64(0.0) - actor/pg_clipfrac_lower:np.float64(0.0) - actor/pg_loss:np.float64(0.0) - actor/loss:np.float64(0.0) - actor/grad_norm:np.float64(0.0) - actor/lr:np.float64(1e-06) - actor/perf/max_memory_allocated_gb:np.float64(28.541846752166748) - actor/perf/max_memory_reserved_gb:np.float64(37.9921875) - actor/perf/cpu_memory_used_gb:np.float64(215.5804557800293) - perf/mfu/actor:np.float64(0.010243731249262155) - drafter/raw_drafter_samples:np.float64(4.0) - drafter/collected_samples:np.float64(2.0) - drafter/collect_interval_matched:np.float64(1.0) - drafter/collection_plan_used:np.float64(1.0) - drafter/collection_plan_collect:np.float64(1.0) - drafter/collection_plan_reason:np.float64(7.0) - drafter/collection_plan_source:np.float64(2.0) - drafter/collection_plan_interval_matched:np.float64(1.0) - drafter/collection_plan_training_interval_matched:np.float64(1.0) - drafter/collection_attempted:np.float64(1.0) - drafter/collection_completed:np.float64(1.0) - drafter/collection_outcome_reason:np.float64(1.0) - drafter/collection_rejected_samples:np.float64(0.0) - drafter/collection_worker_results:np.float64(1.0) - drafter/collection_finalized:np.float64(1.0) - drafter/collection_expired_stages:np.float64(0.0) - timing_s/drafter_collection_rpc:np.float64(0.02614298700063955) - drafter/scheduler_used:np.float64(1.0) - drafter/schedule_launch:np.float64(1.0) - drafter/schedule_interval_matched:np.float64(1.0) - drafter/schedule_strategy:np.float64(0.0) - drafter/schedule_reason:np.float64(10.0) - drafter/target_lm_head_apply_deferred:np.float64(1.0) - drafter/target_lm_head_selected_rows:np.float64(0.0) - drafter/target_lm_head_source_vocab_size:np.float64(0.0) - drafter/target_lm_head_direct_sparse_export:np.float64(0.0) - timing_s/drafter_sync_target_lm_head_fetch:np.float64(3.564885513998888) - timing_s/drafter_sync_target_lm_head_dispatch:np.float64(1.1116630750002514) - drafter/train_interval_matched:np.float64(1.0) - drafter/target_lm_head_synced:np.float64(1.0) - timing_s/drafter_sync_target_lm_head:np.float64(4.680164968998724) - timing_s/drafter_sync_target_lm_head_apply:np.float64(1.1120808640007454) - timing_s/drafter_sync_target_lm_head_wait:np.float64(0.00041778900049393997) - timing_s/drafter_sync_target_lm_head_overlap_window:np.float64(6.985665944001084) - drafter/trained:np.float64(1.0) - drafter/train_successful_steps_max:np.int64(1) - drafter/train_no_trainable_batch:np.float64(0.0) - drafter/train_activation_failed:np.float64(0.0) - drafter/train_attempted_batches_max:np.int64(1) - drafter/train_buffer_size_before_min:np.int64(2) - drafter/train_buffer_size_after_min:np.int64(0) - drafter/train_optimizer_step_max:np.int64(4) - drafter/train_worker_results_consistent:np.float64(1.0) - drafter/train_worker_ids_consistent:np.float64(1.0) - drafter/train_worker_incarnations_consistent:np.float64(1.0) - drafter/train_plan_ids_consistent:np.float64(1.0) - drafter/train_source_steps_consistent:np.float64(1.0) - drafter/train_data_versions_consistent:np.float64(1.0) - drafter/train_target_versions_consistent:np.float64(1.0) - drafter/train_successful_steps_consistent:np.float64(1.0) - drafter/train_optimizer_steps_consistent:np.float64(1.0) - drafter/train_publish_leader_count:np.float64(1.0) - drafter/train_publish_leader_snapshot_ready:np.float64(1.0) - timing_s/drafter_prepare_batch:np.float64(0.0029740333557128906) - timing_s/drafter_forward_loss:np.float64(0.16379976272583008) - timing_s/drafter_reduce_loss:np.float64(0.0010972023010253906) - timing_s/drafter_backward:np.float64(0.06527447700500488) - timing_s/drafter_optimizer:np.float64(0.20698189735412598) - timing_s/drafter_publish_snapshot:np.float64(2.371495485305786) - timing_s/drafter_worker_training_loop:np.float64(0.7468228340148926) - timing_s/drafter_worker_cleanup:np.float64(4.919975280761719) - timing_s/drafter_worker_elapsed:np.float64(5.635138750076294) - timing_s/drafter_train_rpc:np.float64(6.905853015003231) - drafter/runtime_state:np.float64(3.0) - drafter/runtime_completed_batches:np.float64(1.0) - drafter/runtime_inflight:np.float64(0.0) - timing_s/drafter_runtime_batch_average:np.float64(6.905853015003231) - timing_s/drafter_outer_unaccounted:np.float64(0.008402771996770753) - drafter/publish_attempted:np.float64(1.0) - drafter/published:np.float64(1.0) - timing_s/drafter_publish_wait_pending:np.float64(6.1540013120975345e-06) - timing_s/drafter_publish_fetch_snapshot:np.float64(16.437220602001616) - timing_s/drafter_publish_update_weights:np.float64(0.0014349909979500808) - training/global_step:4 - training/epoch:0 - critic/score/mean:0.0 - critic/score/max:0.0 - critic/score/min:0.0 - critic/rewards/mean:0.0 - critic/rewards/max:0.0 - critic/rewards/min:0.0 - critic/advantages/mean:0.0 - critic/advantages/max:0.0 - critic/advantages/min:0.0 - critic/returns/mean:0.0 - critic/returns/max:0.0 - critic/returns/min:0.0 - response_length/mean:64.0 - response_length/max:64.0 - response_length/min:64.0 - response_length/clip_ratio:1.0 - response_length_non_aborted/mean:64.0 - response_length_non_aborted/max:64.0 - response_length_non_aborted/min:64.0 - response_length_non_aborted/clip_ratio:1.0 - response/aborted_ratio:0.0 - prompt_length/mean:24.0 - prompt_length/max:24.0 - prompt_length/min:24.0 - prompt_length/clip_ratio:0.0 - num_turns/min:np.int32(2) - num_turns/max:np.int32(2) - num_turns/mean:np.float64(2.0) - timing_s/start_profile:0.00014276000001700595 - timing_s/agent_loop/num_preempted/min:np.int64(-1) - timing_s/agent_loop/num_preempted/max:np.int64(-1) - timing_s/agent_loop/num_preempted/mean:np.float64(-1.0) - timing_s/agent_loop/generate_sequences/min:np.float64(0.877584552999906) - timing_s/agent_loop/generate_sequences/max:np.float64(1.0014145669993013) - timing_s/agent_loop/generate_sequences/mean:np.float64(0.9389952827505113) - timing_s/agent_loop/tool_calls/min:np.float64(0.0) - timing_s/agent_loop/tool_calls/max:np.float64(0.0) - timing_s/agent_loop/tool_calls/mean:np.float64(0.0) - timing_s/agent_loop/compute_score/min:np.float64(0.010430786998767871) - timing_s/agent_loop/compute_score/max:np.float64(0.013665631002368173) - timing_s/agent_loop/compute_score/mean:np.float64(0.011724160500307335) - timing_s/agent_loop/slowest/generate_sequences:np.float64(1.0014145669993013) - timing_s/agent_loop/slowest/tool_calls:np.float64(0.0) - timing_s/agent_loop/slowest/compute_score:np.float64(0.010430786998767871) - timing_s/agent_loop/slowest/num_preempted:np.int64(-1) - timing_s/agent_loop/slowest/prompt_length:24 - timing_s/agent_loop/slowest/response_length:64 - timing_s/gen:7.851461679001659 - timing_s/reward:2.634599877637811e-05 - timing_s/old_log_prob:3.65442811200046 - timing_s/adv:0.003577868999855127 - timing_s/update_actor:6.985694791001151 - timing_s/drafter:11.594420755998726 - drafter/spec_decode/mean_acceptance_length:2.169491525423729 - timing_s/update_weights:19.772216798002773 - timing_s/step:49.86849249199804 - timing_s/stop_profile:0.00013959900024929084 - timing_per_token_ms/gen:30.66977218360023 - timing_per_token_ms/adv:0.010164400567770248 - timing_per_token_ms/update_actor:19.84572383807145 - perf/total_num_tokens:352 - perf/time_per_step:49.86849249199804 - perf/throughput:3.5292825430454142[36m(SpecoTaskRunner pid=62090)[0m Training Progress:  20%|██        | 4/20 [06:46<22:06, 82.92s/it] 
[36m(SpecoWorker pid=63572)[0m WARNING:2026-09-19 10:05:14,637:[speco publish reclaim] role=producer global_steps=4 num_weights=58 payload_cleared=1 allocator=glibc action=malloc_trim heap_trimmed=True elapsed_sec=0.259 memory_before=(rss_gib=11.00 anon_gib=5.67 rss_shmem_gib=2.80 node_unavailable_gib=212.44 available_gib=291.05 cached_gib=308.55 node_shmem_gib=40.73 dev_shm_used_gib=0.07 dirty_gib=53.32 writeback_gib=0.05) memory_after=(rss_gib=10.50 anon_gib=5.17 rss_shmem_gib=2.80 node_unavailable_gib=211.85 available_gib=291.63 cached_gib=308.56 node_shmem_gib=40.73 dev_shm_used_gib=0.07 dirty_gib=53.32 writeback_gib=0.04)
[36m(WorkerDict pid=62310)[0m WARNING:2026-09-19 10:05:17,466:[speco publish materialize] async=True global_steps=4 elapsed_sec=2.823 num_weights=58
[36m(SpecoVLLMHttpServer pid=62582)[0m (Worker_TP1 pid=63261) WARNING:2026-09-19 10:05:17,948:[speco draft ipc] streamed 58 translated weights in 1 buckets into DFlashQwen3Model (method=dflash), first 5 keys: ['fc.weight', 'hidden_norm.weight', 'layers.0.self_attn.q_proj.weight', 'layers.0.self_attn.k_proj.weight', 'layers.0.self_attn.v_proj.weight']
[36m(SpecoVLLMHttpServer pid=62582)[0m (Worker_TP1 pid=63261) WARNING:2026-09-19 10:05:17,951:SPECO committed online drafter revision=4 loaded_params=58
[36m(SpecoVLLMHttpServer pid=62582)[0m (Worker_TP0 pid=63260) WARNING:2026-09-19 10:05:17,966:[speco draft ipc] streamed 58 translated weights in 1 buckets into DFlashQwen3Model (method=dflash), first 5 keys: ['fc.weight', 'hidden_norm.weight', 'layers.0.self_attn.q_proj.weight', 'layers.0.self_attn.k_proj.weight', 'layers.0.self_attn.v_proj.weight']
[36m(SpecoVLLMHttpServer pid=62582)[0m (Worker_TP0 pid=63260) WARNING:2026-09-19 10:05:18,682:SPECO committed online drafter revision=4 loaded_params=58
[36m(WorkerDict pid=62310)[0m WARNING:2026-09-19 10:05:18,859:[speco publish reclaim] role=consumer async=True global_steps=4 num_weights=58 payload_cleared=1 allocator=glibc action=malloc_trim heap_trimmed=True elapsed_sec=0.428 memory_before=(rss_gib=19.91 anon_gib=6.63 rss_shmem_gib=10.58 node_unavailable_gib=214.92 available_gib=288.57 cached_gib=308.73 node_shmem_gib=40.73 dev_shm_used_gib=0.07 dirty_gib=53.26 writeback_gib=0.03) memory_after=(rss_gib=19.03 anon_gib=5.75 rss_shmem_gib=10.58 node_unavailable_gib=213.96 available_gib=289.53 cached_gib=308.76 node_shmem_gib=40.73 dev_shm_used_gib=0.07 dirty_gib=53.23 writeback_gib=0.03)
[36m(RewardLoopWorker pid=62580)[0m WARNING:2026-09-19 10:05:21,438:Platform 'nvidia' (PlatformCUDA) is registered but not available. This may be due to this ray actor being a CPU-only actor.
[36m(SpecoVLLMHttpServer pid=62582)[0m (Worker_TP0 pid=63260) WARNING:2026-09-19 10:05:22,001:[speco draft sleep] drafter state saved before level-2 sleep (66 tensors)
[36m(SpecoVLLMHttpServer pid=62582)[0m (Worker_TP1 pid=63261) WARNING:2026-09-19 10:05:22,016:[speco draft sleep] drafter state saved before level-2 sleep (66 tensors)
[36m(SpecoWorker pid=63572)[0m WARNING:2026-09-19 10:05:42,203:[drafter logits quality] valid_tokens=120 top1_acc=0.075000 top5_acc=0.266667 local_ploss_sum=289.240051 local_tokens=120 per_step=[{'step': 0, 'tokens': 8, 'top1': 0.5, 'top5': 0.875}, {'step': 1, 'tokens': 8, 'top1': 0.25, 'top5': 0.75}, {'step': 2, 'tokens': 8, 'top1': 0.0, 'top5': 0.625}, {'step': 3, 'tokens': 8, 'top1': 0.0, 'top5': 0.125}, {'step': 4, 'tokens': 8, 'top1': 0.125, 'top5': 0.375}, {'step': 5, 'tokens': 8, 'top1': 0.0, 'top5': 0.25}, {'step': 6, 'tokens': 8, 'top1': 0.0, 'top5': 0.0}, {'step': 7, 'tokens': 8, 'top1': 0.0, 'top5': 0.125}, {'step': 8, 'tokens': 8, 'top1': 0.0, 'top5': 0.125}, {'step': 9, 'tokens': 8, 'top1': 0.0, 'top5': 0.0}, {'step': 10, 'tokens': 8, 'top1': 0.0, 'top5': 0.125}, {'step': 11, 'tokens': 8, 'top1': 0.0, 'top5': 0.125}, {'step': 12, 'tokens': 8, 'top1': 0.0, 'top5': 0.0}, {'step': 13, 'tokens': 8, 'top1': 0.25, 'top5': 0.25}, {'step': 14, 'tokens': 8, 'top1': 0.0, 'top5': 0.25}]
[36m(SpecoWorker pid=63572)[0m INFO:2026-09-19 10:05:42,489:[drafter loss] step=1 optimizer_step_total=5 lr=1.000e-05 loss=5.6609 vloss=0.0000 ploss=5.6609
[36m(SpecoVLLMHttpServer pid=62582)[0m (Worker_TP0 pid=63260) WARNING:2026-09-19 10:05:48,883:[speco draft wake_up] drafter state restored after level-2 wake_up (66 tensors, revision=4)
[36m(SpecoVLLMHttpServer pid=62582)[0m (Worker_TP1 pid=63261) WARNING:2026-09-19 10:05:48,887:[speco draft wake_up] drafter state restored after level-2 wake_up (66 tensors, revision=4)
[36m(SpecoWorker pid=63642)[0m WARNING:2026-09-19 10:05:42,203:[drafter logits quality] valid_tokens=120 top1_acc=0.058333 top5_acc=0.208333 local_ploss_sum=311.323730 local_tokens=120 per_step=[{'step': 0, 'tokens': 8, 'top1': 0.375, 'top5': 0.875}, {'step': 1, 'tokens': 8, 'top1': 0.0, 'top5': 0.5}, {'step': 2, 'tokens': 8, 'top1': 0.0, 'top5': 0.125}, {'step': 3, 'tokens': 8, 'top1': 0.125, 'top5': 0.25}, {'step': 4, 'tokens': 8, 'top1': 0.125, 'top5': 0.25}, {'step': 5, 'tokens': 8, 'top1': 0.0, 'top5': 0.375}, {'step': 6, 'tokens': 8, 'top1': 0.0, 'top5': 0.0}, {'step': 7, 'tokens': 8, 'top1': 0.0, 'top5': 0.125}, {'step': 8, 'tokens': 8, 'top1': 0.0, 'top5': 0.125}, {'step': 9, 'tokens': 8, 'top1': 0.0, 'top5': 0.0}, {'step': 10, 'tokens': 8, 'top1': 0.0, 'top5': 0.0}, {'step': 11, 'tokens': 8, 'top1': 0.125, 'top5': 0.125}, {'step': 12, 'tokens': 8, 'top1': 0.0, 'top5': 0.25}, {'step': 13, 'tokens': 8, 'top1': 0.125, 'top5': 0.125}, {'step': 14, 'tokens': 8, 'top1': 0.0, 'top5': 0.0}]

[36m(SpecoTaskRunner pid=62090)[0m step:5 - global_seqlen/min:176 - global_seqlen/max:178 - global_seqlen/minmax_diff:2 - global_seqlen/balanced_min:177 - global_seqlen/balanced_max:177 - global_seqlen/mean:177.0 - actor/entropy:0.0 - perf/mfu/actor_infer:0.00998448038682073 - training/rollout_probs_diff_valid:1 - training/rollout_probs_diff_max:0.10780656337738037 - training/rollout_probs_diff_mean:0.006389732006937265 - training/rollout_probs_diff_std:0.01561626885086298 - training/rollout_actor_probs_pearson_corr:0.9965059757232666 - rollout_corr/training_ppl:1.1637221574783325 - rollout_corr/training_log_ppl:0.1493232548236847 - rollout_corr/kl:0.0037378533743321896 - rollout_corr/k3_kl:0.0006374984513968229 - rollout_corr/rollout_ppl:1.1593023538589478 - rollout_corr/rollout_log_ppl:0.14558540284633636 - rollout_corr/log_ppl_diff:0.0037378501147031784 - rollout_corr/log_ppl_abs_diff:0.0037378501147031784 - rollout_corr/log_ppl_diff_max:0.01076461374759674 - rollout_corr/log_ppl_diff_min:0.00013193488121032715 - rollout_corr/ppl_ratio:1.003753423690796 - rollout_corr/chi2_token:-0.004977583885192871 - rollout_corr/chi2_seq:-0.30504941940307617 - actor/pg_clipfrac:np.float64(0.0) - actor/ppo_kl:np.float64(0.0) - actor/pg_clipfrac_lower:np.float64(0.0) - actor/pg_loss:np.float64(0.0) - actor/loss:np.float64(0.0) - actor/grad_norm:np.float64(0.0) - actor/lr:np.float64(1e-06) - actor/perf/max_memory_allocated_gb:np.float64(28.541846752166748) - actor/perf/max_memory_reserved_gb:np.float64(37.9921875) - actor/perf/cpu_memory_used_gb:np.float64(214.8728256225586) - perf/mfu/actor:np.float64(0.009723447660149423) - drafter/raw_drafter_samples:np.float64(4.0) - drafter/collected_samples:np.float64(2.0) - drafter/collect_interval_matched:np.float64(1.0) - drafter/collection_plan_used:np.float64(1.0) - drafter/collection_plan_collect:np.float64(1.0) - drafter/collection_plan_reason:np.float64(7.0) - drafter/collection_plan_source:np.float64(2.0) - drafter/collection_plan_interval_matched:np.float64(1.0) - drafter/collection_plan_training_interval_matched:np.float64(1.0) - drafter/collection_attempted:np.float64(1.0) - drafter/collection_completed:np.float64(1.0) - drafter/collection_outcome_reason:np.float64(1.0) - drafter/collection_rejected_samples:np.float64(0.0) - drafter/collection_worker_results:np.float64(1.0) - drafter/collection_finalized:np.float64(1.0) - drafter/collection_expired_stages:np.float64(0.0) - timing_s/drafter_collection_rpc:np.float64(0.33596421200127224) - drafter/scheduler_used:np.float64(1.0) - drafter/schedule_launch:np.float64(1.0) - drafter/schedule_interval_matched:np.float64(1.0) - drafter/schedule_strategy:np.float64(0.0) - drafter/schedule_reason:np.float64(10.0) - drafter/target_lm_head_apply_deferred:np.float64(1.0) - drafter/target_lm_head_selected_rows:np.float64(0.0) - drafter/target_lm_head_source_vocab_size:np.float64(0.0) - drafter/target_lm_head_direct_sparse_export:np.float64(0.0) - timing_s/drafter_sync_target_lm_head_fetch:np.float64(4.416610817999754) - timing_s/drafter_sync_target_lm_head_dispatch:np.float64(3.0148833920029574) - drafter/train_interval_matched:np.float64(1.0) - drafter/target_lm_head_synced:np.float64(1.0) - timing_s/drafter_sync_target_lm_head:np.float64(7.4352413910019095) - timing_s/drafter_sync_target_lm_head_apply:np.float64(3.0152475420036353) - timing_s/drafter_sync_target_lm_head_wait:np.float64(0.0003641500006779097) - timing_s/drafter_sync_target_lm_head_overlap_window:np.float64(7.074705398998049) - drafter/trained:np.float64(1.0) - drafter/train_successful_steps_max:np.int64(1) - drafter/train_no_trainable_batch:np.float64(0.0) - drafter/train_activation_failed:np.float64(0.0) - drafter/train_attempted_batches_max:np.int64(1) - drafter/train_buffer_size_before_min:np.int64(2) - drafter/train_buffer_size_after_min:np.int64(0) - drafter/train_optimizer_step_max:np.int64(5) - drafter/train_worker_results_consistent:np.float64(1.0) - drafter/train_worker_ids_consistent:np.float64(1.0) - drafter/train_worker_incarnations_consistent:np.float64(1.0) - drafter/train_plan_ids_consistent:np.float64(1.0) - drafter/train_source_steps_consistent:np.float64(1.0) - drafter/train_data_versions_consistent:np.float64(1.0) - drafter/train_target_versions_consistent:np.float64(1.0) - drafter/train_successful_steps_consistent:np.float64(1.0) - drafter/train_optimizer_steps_consistent:np.float64(1.0) - drafter/train_publish_leader_count:np.float64(1.0) - drafter/train_publish_leader_snapshot_ready:np.float64(1.0) - timing_s/drafter_prepare_batch:np.float64(0.0030515193939208984) - timing_s/drafter_forward_loss:np.float64(0.164947509765625) - timing_s/drafter_reduce_loss:np.float64(0.00109100341796875) - timing_s/drafter_backward:np.float64(0.06391286849975586) - timing_s/drafter_optimizer:np.float64(0.20205974578857422) - timing_s/drafter_publish_snapshot:np.float64(2.3616783618927) - timing_s/drafter_worker_training_loop:np.float64(0.43721890449523926) - timing_s/drafter_worker_cleanup:np.float64(4.729985952377319) - timing_s/drafter_worker_elapsed:np.float64(5.545062065124512) - timing_s/drafter_train_rpc:np.float64(6.933020962998853) - drafter/runtime_state:np.float64(3.0) - drafter/runtime_completed_batches:np.float64(1.0) - drafter/runtime_inflight:np.float64(0.0) - timing_s/drafter_runtime_batch_average:np.float64(6.933020962998853) - timing_s/drafter_outer_unaccounted:np.float64(0.00879609199546394) - drafter/publish_attempted:np.float64(1.0) - drafter/published:np.float64(1.0) - timing_s/drafter_publish_wait_pending:np.float64(3.6479978007264435e-06) - timing_s/drafter_publish_fetch_snapshot:np.float64(7.5634874800016405) - timing_s/drafter_publish_update_weights:np.float64(0.0014502190024359152) - training/global_step:5 - training/epoch:0 - critic/score/mean:0.0 - critic/score/max:0.0 - critic/score/min:0.0 - critic/rewards/mean:0.0 - critic/rewards/max:0.0 - critic/rewards/min:0.0 - critic/advantages/mean:0.0 - critic/advantages/max:0.0 - critic/advantages/min:0.0 - critic/returns/mean:0.0 - critic/returns/max:0.0 - critic/returns/min:0.0 - response_length/mean:64.0 - response_length/max:64.0 - response_length/min:64.0 - response_length/clip_ratio:1.0 - response_length_non_aborted/mean:64.0 - response_length_non_aborted/max:64.0 - response_length_non_aborted/min:64.0 - response_length_non_aborted/clip_ratio:1.0 - response/aborted_ratio:0.0 - prompt_length/mean:24.5 - prompt_length/max:25.0 - prompt_length/min:24.0 - prompt_length/clip_ratio:0.0 - num_turns/min:np.int32(2) - num_turns/max:np.int32(2) - num_turns/mean:np.float64(2.0) - timing_s/start_profile:0.0001414640028087888 - timing_s/agent_loop/num_preempted/min:np.int64(-1) - timing_s/agent_loop/num_preempted/max:np.int64(-1) - timing_s/agent_loop/num_preempted/mean:np.float64(-1.0) - timing_s/agent_loop/generate_sequences/min:np.float64(1.2912448999995831) - timing_s/agent_loop/generate_sequences/max:np.float64(1.5134314640017692) - timing_s/agent_loop/generate_sequences/mean:np.float64(1.4168355985011658) - timing_s/agent_loop/tool_calls/min:np.float64(0.0) - timing_s/agent_loop/tool_calls/max:np.float64(0.0) - timing_s/agent_loop/tool_calls/mean:np.float64(0.0) - timing_s/agent_loop/compute_score/min:np.float64(0.01108653900155332) - timing_s/agent_loop/compute_score/max:np.float64(0.139566712998203) - timing_s/agent_loop/compute_score/mean:np.float64(0.04414632849966438) - timing_s/agent_loop/slowest/generate_sequences:np.float64(1.5134314640017692) - timing_s/agent_loop/slowest/tool_calls:np.float64(0.0) - timing_s/agent_loop/slowest/compute_score:np.float64(0.139566712998203) - timing_s/agent_loop/slowest/num_preempted:np.int64(-1) - timing_s/agent_loop/slowest/prompt_length:24 - timing_s/agent_loop/slowest/response_length:64 - timing_s/gen:7.604625901996769 - timing_s/reward:2.7648002287605777e-05 - timing_s/old_log_prob:3.8839470599996275 - timing_s/adv:0.0036423590026970487 - timing_s/update_actor:7.074717346004036 - timing_s/drafter:14.377058445996227 - drafter/spec_decode/mean_acceptance_length:2.3425925925925926 - timing_s/update_weights:10.930134140999144 - timing_s/step:43.8805709799999 - timing_s/stop_profile:0.00021912400188739412 - timing_per_token_ms/gen:29.70556992967488 - timing_per_token_ms/adv:0.010289149725132906 - timing_per_token_ms/update_actor:19.985077248598973 - perf/total_num_tokens:354 - perf/time_per_step:43.8805709799999 - perf/throughput:4.0336758626197895[36m(SpecoTaskRunner pid=62090)[0m Training Progress:  25%|██▌       | 5/20 [07:30<17:12, 68.85s/it]
[36m(SpecoWorker pid=63572)[0m WARNING:2026-09-19 10:05:58,526:[speco publish reclaim] role=producer global_steps=5 num_weights=58 payload_cleared=1 allocator=glibc action=malloc_trim heap_trimmed=True elapsed_sec=0.249 memory_before=(rss_gib=11.00 anon_gib=5.66 rss_shmem_gib=2.80 node_unavailable_gib=211.25 available_gib=292.24 cached_gib=311.01 node_shmem_gib=40.73 dev_shm_used_gib=0.07 dirty_gib=53.11 writeback_gib=0.04) memory_after=(rss_gib=10.50 anon_gib=5.17 rss_shmem_gib=2.80 node_unavailable_gib=210.70 available_gib=292.79 cached_gib=311.04 node_shmem_gib=40.73 dev_shm_used_gib=0.07 dirty_gib=53.12 writeback_gib=0.03)
[36m(WorkerDict pid=62310)[0m WARNING:2026-09-19 10:06:01,359:[speco publish materialize] async=True global_steps=5 elapsed_sec=2.826 num_weights=58
[36m(SpecoVLLMHttpServer pid=62582)[0m (Worker_TP0 pid=63260) WARNING:2026-09-19 10:06:02,380:[speco draft ipc] streamed 58 translated weights in 1 buckets into DFlashQwen3Model (method=dflash), first 5 keys: ['fc.weight', 'hidden_norm.weight', 'layers.0.self_attn.q_proj.weight', 'layers.0.self_attn.k_proj.weight', 'layers.0.self_attn.v_proj.weight']
[36m(SpecoVLLMHttpServer pid=62582)[0m (Worker_TP1 pid=63261) WARNING:2026-09-19 10:06:02,386:[speco draft ipc] streamed 58 translated weights in 1 buckets into DFlashQwen3Model (method=dflash), first 5 keys: ['fc.weight', 'hidden_norm.weight', 'layers.0.self_attn.q_proj.weight', 'layers.0.self_attn.k_proj.weight', 'layers.0.self_attn.v_proj.weight']
[36m(SpecoVLLMHttpServer pid=62582)[0m (Worker_TP1 pid=63261) WARNING:2026-09-19 10:06:02,500:SPECO committed online drafter revision=5 loaded_params=58
[36m(SpecoVLLMHttpServer pid=62582)[0m (Worker_TP0 pid=63260) WARNING:2026-09-19 10:06:02,501:SPECO committed online drafter revision=5 loaded_params=58
[36m(WorkerDict pid=62310)[0m WARNING:2026-09-19 10:06:03,713:[speco publish reclaim] role=consumer async=True global_steps=5 num_weights=58 payload_cleared=1 allocator=glibc action=malloc_trim heap_trimmed=True elapsed_sec=0.561 memory_before=(rss_gib=19.92 anon_gib=6.64 rss_shmem_gib=10.58 node_unavailable_gib=209.57 available_gib=293.92 cached_gib=309.95 node_shmem_gib=40.73 dev_shm_used_gib=0.07 dirty_gib=52.96 writeback_gib=0.03) memory_after=(rss_gib=19.03 anon_gib=5.75 rss_shmem_gib=10.58 node_unavailable_gib=208.28 available_gib=295.20 cached_gib=310.00 node_shmem_gib=40.73 dev_shm_used_gib=0.07 dirty_gib=52.96 writeback_gib=0.02)
[36m(RewardLoopWorker pid=62578)[0m WARNING:2026-09-19 10:06:04,563:Platform 'nvidia' (PlatformCUDA) is registered but not available. This may be due to this ray actor being a CPU-only actor.
[36m(SpecoVLLMHttpServer pid=62582)[0m (Worker_TP1 pid=63261) WARNING:2026-09-19 10:06:05,282:[speco draft sleep] drafter state saved before level-2 sleep (66 tensors)
[36m(SpecoVLLMHttpServer pid=62582)[0m (Worker_TP0 pid=63260) WARNING:2026-09-19 10:06:05,287:[speco draft sleep] drafter state saved before level-2 sleep (66 tensors)
[36m(SpecoWorker pid=63572)[0m WARNING:2026-09-19 10:06:22,858:[drafter logits quality] valid_tokens=120 top1_acc=0.175000 top5_acc=0.400000 local_ploss_sum=208.131714 local_tokens=120 per_step=[{'step': 0, 'tokens': 8, 'top1': 0.625, 'top5': 0.875}, {'step': 1, 'tokens': 8, 'top1': 0.5, 'top5': 0.875}, {'step': 2, 'tokens': 8, 'top1': 0.125, 'top5': 0.625}, {'step': 3, 'tokens': 8, 'top1': 0.25, 'top5': 0.375}, {'step': 4, 'tokens': 8, 'top1': 0.25, 'top5': 0.5}, {'step': 5, 'tokens': 8, 'top1': 0.375, 'top5': 0.375}, {'step': 6, 'tokens': 8, 'top1': 0.0, 'top5': 0.375}, {'step': 7, 'tokens': 8, 'top1': 0.0, 'top5': 0.125}, {'step': 8, 'tokens': 8, 'top1': 0.0, 'top5': 0.25}, {'step': 9, 'tokens': 8, 'top1': 0.125, 'top5': 0.125}, {'step': 10, 'tokens': 8, 'top1': 0.125, 'top5': 0.25}, {'step': 11, 'tokens': 8, 'top1': 0.25, 'top5': 0.375}, {'step': 12, 'tokens': 8, 'top1': 0.0, 'top5': 0.375}, {'step': 13, 'tokens': 8, 'top1': 0.0, 'top5': 0.25}, {'step': 14, 'tokens': 8, 'top1': 0.0, 'top5': 0.25}]
[36m(SpecoWorker pid=63572)[0m INFO:2026-09-19 10:06:23,147:[drafter loss] step=1 optimizer_step_total=6 lr=1.000e-05 loss=3.9438 vloss=0.0000 ploss=3.9438
[36m(SpecoVLLMHttpServer pid=62582)[0m (Worker_TP0 pid=63260) WARNING:2026-09-19 10:06:29,503:[speco draft wake_up] drafter state restored after level-2 wake_up (66 tensors, revision=5)
[36m(SpecoVLLMHttpServer pid=62582)[0m (Worker_TP1 pid=63261) WARNING:2026-09-19 10:06:29,503:[speco draft wake_up] drafter state restored after level-2 wake_up (66 tensors, revision=5)
[36m(SpecoWorker pid=63642)[0m WARNING:2026-09-19 10:06:22,858:[drafter logits quality] valid_tokens=120 top1_acc=0.125000 top5_acc=0.383333 local_ploss_sum=210.263611 local_tokens=120 per_step=[{'step': 0, 'tokens': 8, 'top1': 0.5, 'top5': 0.875}, {'step': 1, 'tokens': 8, 'top1': 0.5, 'top5': 0.875}, {'step': 2, 'tokens': 8, 'top1': 0.125, 'top5': 0.5}, {'step': 3, 'tokens': 8, 'top1': 0.125, 'top5': 0.625}, {'step': 4, 'tokens': 8, 'top1': 0.125, 'top5': 0.25}, {'step': 5, 'tokens': 8, 'top1': 0.25, 'top5': 0.375}, {'step': 6, 'tokens': 8, 'top1': 0.0, 'top5': 0.375}, {'step': 7, 'tokens': 8, 'top1': 0.0, 'top5': 0.125}, {'step': 8, 'tokens': 8, 'top1': 0.0, 'top5': 0.25}, {'step': 9, 'tokens': 8, 'top1': 0.125, 'top5': 0.125}, {'step': 10, 'tokens': 8, 'top1': 0.0, 'top5': 0.125}, {'step': 11, 'tokens': 8, 'top1': 0.125, 'top5': 0.25}, {'step': 12, 'tokens': 8, 'top1': 0.0, 'top5': 0.625}, {'step': 13, 'tokens': 8, 'top1': 0.0, 'top5': 0.125}, {'step': 14, 'tokens': 8, 'top1': 0.0, 'top5': 0.25}]

[36m(SpecoTaskRunner pid=62090)[0m step:6 - global_seqlen/min:176 - global_seqlen/max:178 - global_seqlen/minmax_diff:2 - global_seqlen/balanced_min:177 - global_seqlen/balanced_max:177 - global_seqlen/mean:177.0 - actor/entropy:0.0 - perf/mfu/actor_infer:0.010401678120404089 - training/rollout_probs_diff_valid:1 - training/rollout_probs_diff_max:0.16671252250671387 - training/rollout_probs_diff_mean:0.005543557461351156 - training/rollout_probs_diff_std:0.016972661018371582 - training/rollout_actor_probs_pearson_corr:0.9963679909706116 - rollout_corr/training_ppl:1.1825658082962036 - rollout_corr/training_log_ppl:0.16290144622325897 - rollout_corr/kl:0.0018000055570155382 - rollout_corr/k3_kl:0.0012510335072875023 - rollout_corr/rollout_ppl:1.179855227470398 - rollout_corr/rollout_log_ppl:0.16110141575336456 - rollout_corr/log_ppl_diff:0.0018000099807977676 - rollout_corr/log_ppl_abs_diff:0.003713613376021385 - rollout_corr/log_ppl_diff_max:0.010643333196640015 - rollout_corr/log_ppl_diff_min:-0.002115510404109955 - rollout_corr/ppl_ratio:1.0018151998519897 - rollout_corr/chi2_token:0.0010799169540405273 - rollout_corr/chi2_seq:-0.05898696184158325 - actor/pg_clipfrac:np.float64(0.0) - actor/ppo_kl:np.float64(0.0) - actor/pg_clipfrac_lower:np.float64(0.0) - actor/pg_loss:np.float64(0.0) - actor/loss:np.float64(0.0) - actor/grad_norm:np.float64(0.0) - actor/lr:np.float64(1e-06) - actor/perf/max_memory_allocated_gb:np.float64(28.541846752166748) - actor/perf/max_memory_reserved_gb:np.float64(37.9921875) - actor/perf/cpu_memory_used_gb:np.float64(212.4936065673828) - perf/mfu/actor:np.float64(0.01016213488762447) - drafter/raw_drafter_samples:np.float64(4.0) - drafter/collected_samples:np.float64(2.0) - drafter/collect_interval_matched:np.float64(1.0) - drafter/collection_plan_used:np.float64(1.0) - drafter/collection_plan_collect:np.float64(1.0) - drafter/collection_plan_reason:np.float64(7.0) - drafter/collection_plan_source:np.float64(2.0) - drafter/collection_plan_interval_matched:np.float64(1.0) - drafter/collection_plan_training_interval_matched:np.float64(1.0) - drafter/collection_attempted:np.float64(1.0) - drafter/collection_completed:np.float64(1.0) - drafter/collection_outcome_reason:np.float64(1.0) - drafter/collection_rejected_samples:np.float64(0.0) - drafter/collection_worker_results:np.float64(1.0) - drafter/collection_finalized:np.float64(1.0) - drafter/collection_expired_stages:np.float64(0.0) - timing_s/drafter_collection_rpc:np.float64(0.9544128740017186) - drafter/scheduler_used:np.float64(1.0) - drafter/schedule_launch:np.float64(1.0) - drafter/schedule_interval_matched:np.float64(1.0) - drafter/schedule_strategy:np.float64(0.0) - drafter/schedule_reason:np.float64(10.0) - drafter/target_lm_head_apply_deferred:np.float64(1.0) - drafter/target_lm_head_selected_rows:np.float64(0.0) - drafter/target_lm_head_source_vocab_size:np.float64(0.0) - drafter/target_lm_head_direct_sparse_export:np.float64(0.0) - timing_s/drafter_sync_target_lm_head_fetch:np.float64(3.9358725599995523) - timing_s/drafter_sync_target_lm_head_dispatch:np.float64(1.136740423997253) - drafter/train_interval_matched:np.float64(1.0) - drafter/target_lm_head_synced:np.float64(1.0) - timing_s/drafter_sync_target_lm_head:np.float64(5.076471223997942) - timing_s/drafter_sync_target_lm_head_apply:np.float64(1.1370830159976322) - timing_s/drafter_sync_target_lm_head_wait:np.float64(0.0003425920003792271) - timing_s/drafter_sync_target_lm_head_overlap_window:np.float64(6.59987436099982) - drafter/trained:np.float64(1.0) - drafter/train_successful_steps_max:np.int64(1) - drafter/train_no_trainable_batch:np.float64(0.0) - drafter/train_activation_failed:np.float64(0.0) - drafter/train_attempted_batches_max:np.int64(1) - drafter/train_buffer_size_before_min:np.int64(2) - drafter/train_buffer_size_after_min:np.int64(0) - drafter/train_optimizer_step_max:np.int64(6) - drafter/train_worker_results_consistent:np.float64(1.0) - drafter/train_worker_ids_consistent:np.float64(1.0) - drafter/train_worker_incarnations_consistent:np.float64(1.0) - drafter/train_plan_ids_consistent:np.float64(1.0) - drafter/train_source_steps_consistent:np.float64(1.0) - drafter/train_data_versions_consistent:np.float64(1.0) - drafter/train_target_versions_consistent:np.float64(1.0) - drafter/train_successful_steps_consistent:np.float64(1.0) - drafter/train_optimizer_steps_consistent:np.float64(1.0) - drafter/train_publish_leader_count:np.float64(1.0) - drafter/train_publish_leader_snapshot_ready:np.float64(1.0) - timing_s/drafter_prepare_batch:np.float64(0.002663850784301758) - timing_s/drafter_forward_loss:np.float64(0.16693377494812012) - timing_s/drafter_reduce_loss:np.float64(0.001123666763305664) - timing_s/drafter_backward:np.float64(0.05706477165222168) - timing_s/drafter_optimizer:np.float64(0.21566557884216309) - timing_s/drafter_publish_snapshot:np.float64(2.4051239490509033) - timing_s/drafter_worker_training_loop:np.float64(0.4398648738861084) - timing_s/drafter_worker_cleanup:np.float64(4.632320404052734) - timing_s/drafter_worker_elapsed:np.float64(5.4040257930755615) - timing_s/drafter_train_rpc:np.float64(6.6950784959990415) - drafter/runtime_state:np.float64(3.0) - drafter/runtime_completed_batches:np.float64(1.0) - drafter/runtime_inflight:np.float64(0.0) - timing_s/drafter_runtime_batch_average:np.float64(6.6950784959990415) - timing_s/drafter_outer_unaccounted:np.float64(0.00895047400626936) - drafter/publish_attempted:np.float64(1.0) - drafter/published:np.float64(1.0) - timing_s/drafter_publish_wait_pending:np.float64(2.5180015654768795e-06) - timing_s/drafter_publish_fetch_snapshot:np.float64(5.954870661000314) - timing_s/drafter_publish_update_weights:np.float64(0.0007313560017792042) - training/global_step:6 - training/epoch:0 - critic/score/mean:0.0 - critic/score/max:0.0 - critic/score/min:0.0 - critic/rewards/mean:0.0 - critic/rewards/max:0.0 - critic/rewards/min:0.0 - critic/advantages/mean:0.0 - critic/advantages/max:0.0 - critic/advantages/min:0.0 - critic/returns/mean:0.0 - critic/returns/max:0.0 - critic/returns/min:0.0 - response_length/mean:64.0 - response_length/max:64.0 - response_length/min:64.0 - response_length/clip_ratio:1.0 - response_length_non_aborted/mean:64.0 - response_length_non_aborted/max:64.0 - response_length_non_aborted/min:64.0 - response_length_non_aborted/clip_ratio:1.0 - response/aborted_ratio:0.0 - prompt_length/mean:24.5 - prompt_length/max:25.0 - prompt_length/min:24.0 - prompt_length/clip_ratio:0.0 - num_turns/min:np.int32(2) - num_turns/max:np.int32(2) - num_turns/mean:np.float64(2.0) - timing_s/start_profile:0.00018184999862569384 - timing_s/agent_loop/num_preempted/min:np.int64(-1) - timing_s/agent_loop/num_preempted/max:np.int64(-1) - timing_s/agent_loop/num_preempted/mean:np.float64(-1.0) - timing_s/agent_loop/generate_sequences/min:np.float64(0.6877526770003897) - timing_s/agent_loop/generate_sequences/max:np.float64(0.9720509409999067) - timing_s/agent_loop/generate_sequences/mean:np.float64(0.8366004315012106) - timing_s/agent_loop/tool_calls/min:np.float64(0.0) - timing_s/agent_loop/tool_calls/max:np.float64(0.0) - timing_s/agent_loop/tool_calls/mean:np.float64(0.0) - timing_s/agent_loop/compute_score/min:np.float64(0.010169314002268948) - timing_s/agent_loop/compute_score/max:np.float64(0.1385782349971123) - timing_s/agent_loop/compute_score/mean:np.float64(0.04389666074894194) - timing_s/agent_loop/slowest/generate_sequences:np.float64(0.9720509409999067) - timing_s/agent_loop/slowest/tool_calls:np.float64(0.0) - timing_s/agent_loop/slowest/compute_score:np.float64(0.011782983998273266) - timing_s/agent_loop/slowest/num_preempted:np.int64(-1) - timing_s/agent_loop/slowest/prompt_length:24 - timing_s/agent_loop/slowest/response_length:64 - timing_s/gen:6.9959803160018055 - timing_s/reward:8.618000720161945e-06 - timing_s/old_log_prob:4.189140675996896 - timing_s/adv:0.0036683809994428884 - timing_s/update_actor:6.599910787997942 - timing_s/drafter:11.780500194003253 - drafter/spec_decode/mean_acceptance_length:2.466019417475728 - timing_s/update_weights:10.727110813000763 - timing_s/step:40.29915792499742 - timing_s/stop_profile:6.15739991189912e-05 - timing_per_token_ms/gen:27.328048109382053 - timing_per_token_ms/adv:0.010362658190516634 - timing_per_token_ms/update_actor:18.643815785304923 - perf/total_num_tokens:354 - perf/time_per_step:40.29915792499742 - perf/throughput:4.392151328060569[36m(SpecoTaskRunner pid=62090)[0m Training Progress:  30%|███       | 6/20 [08:11<13:48, 59.14s/it]
[36m(SpecoWorker pid=63572)[0m WARNING:2026-09-19 10:06:38,839:[speco publish reclaim] role=producer global_steps=6 num_weights=58 payload_cleared=1 allocator=glibc action=malloc_trim heap_trimmed=True elapsed_sec=0.271 memory_before=(rss_gib=11.00 anon_gib=5.67 rss_shmem_gib=2.80 node_unavailable_gib=210.41 available_gib=293.08 cached_gib=310.63 node_shmem_gib=40.73 dev_shm_used_gib=0.07 dirty_gib=53.09 writeback_gib=0.01) memory_after=(rss_gib=10.50 anon_gib=5.17 rss_shmem_gib=2.80 node_unavailable_gib=209.98 available_gib=293.50 cached_gib=310.64 node_shmem_gib=40.73 dev_shm_used_gib=0.07 dirty_gib=53.09 writeback_gib=0.01)
[36m(WorkerDict pid=62310)[0m WARNING:2026-09-19 10:06:41,791:[speco publish materialize] async=True global_steps=6 elapsed_sec=2.945 num_weights=58
[36m(SpecoVLLMHttpServer pid=62582)[0m (Worker_TP0 pid=63260) WARNING:2026-09-19 10:06:41,918:[speco draft ipc] streamed 58 translated weights in 1 buckets into DFlashQwen3Model (method=dflash), first 5 keys: ['fc.weight', 'hidden_norm.weight', 'layers.0.self_attn.q_proj.weight', 'layers.0.self_attn.k_proj.weight', 'layers.0.self_attn.v_proj.weight']
[36m(SpecoVLLMHttpServer pid=62582)[0m (Worker_TP0 pid=63260) WARNING:2026-09-19 10:06:41,920:SPECO committed online drafter revision=6 loaded_params=58
[36m(SpecoVLLMHttpServer pid=62582)[0m (Worker_TP1 pid=63261) WARNING:2026-09-19 10:06:42,120:[speco draft ipc] streamed 58 translated weights in 1 buckets into DFlashQwen3Model (method=dflash), first 5 keys: ['fc.weight', 'hidden_norm.weight', 'layers.0.self_attn.q_proj.weight', 'layers.0.self_attn.k_proj.weight', 'layers.0.self_attn.v_proj.weight']
[36m(SpecoVLLMHttpServer pid=62582)[0m (Worker_TP1 pid=63261) WARNING:2026-09-19 10:06:42,705:SPECO committed online drafter revision=6 loaded_params=58
[36m(WorkerDict pid=62310)[0m WARNING:2026-09-19 10:06:43,775:[speco publish reclaim] role=consumer async=True global_steps=6 num_weights=58 payload_cleared=1 allocator=glibc action=malloc_trim heap_trimmed=True elapsed_sec=0.541 memory_before=(rss_gib=19.85 anon_gib=6.57 rss_shmem_gib=10.58 node_unavailable_gib=211.93 available_gib=291.56 cached_gib=308.80 node_shmem_gib=40.73 dev_shm_used_gib=0.07 dirty_gib=53.13 writeback_gib=0.03) memory_after=(rss_gib=19.03 anon_gib=5.75 rss_shmem_gib=10.58 node_unavailable_gib=210.54 available_gib=292.95 cached_gib=308.81 node_shmem_gib=40.73 dev_shm_used_gib=0.07 dirty_gib=53.13 writeback_gib=0.01)
[36m(SpecoVLLMHttpServer pid=62582)[0m (Worker_TP0 pid=63260) WARNING:2026-09-19 10:06:45,832:[speco draft sleep] drafter state saved before level-2 sleep (66 tensors)
[36m(SpecoVLLMHttpServer pid=62582)[0m (Worker_TP1 pid=63261) WARNING:2026-09-19 10:06:45,851:[speco draft sleep] drafter state saved before level-2 sleep (66 tensors)
[36m(SpecoWorker pid=63642)[0m WARNING:2026-09-19 10:07:02,003:[drafter logits quality] valid_tokens=120 top1_acc=0.158333 top5_acc=0.316667 local_ploss_sum=244.834106 local_tokens=120 per_step=[{'step': 0, 'tokens': 8, 'top1': 0.5, 'top5': 0.875}, {'step': 1, 'tokens': 8, 'top1': 0.25, 'top5': 0.375}, {'step': 2, 'tokens': 8, 'top1': 0.25, 'top5': 0.375}, {'step': 3, 'tokens': 8, 'top1': 0.125, 'top5': 0.25}, {'step': 4, 'tokens': 8, 'top1': 0.125, 'top5': 0.375}, {'step': 5, 'tokens': 8, 'top1': 0.125, 'top5': 0.25}, {'step': 6, 'tokens': 8, 'top1': 0.0, 'top5': 0.0}, {'step': 7, 'tokens': 8, 'top1': 0.0, 'top5': 0.125}, {'step': 8, 'tokens': 8, 'top1': 0.125, 'top5': 0.25}, {'step': 9, 'tokens': 8, 'top1': 0.25, 'top5': 0.25}, {'step': 10, 'tokens': 8, 'top1': 0.125, 'top5': 0.125}, {'step': 11, 'tokens': 8, 'top1': 0.0, 'top5': 0.25}, {'step': 12, 'tokens': 8, 'top1': 0.25, 'top5': 0.5}, {'step': 13, 'tokens': 8, 'top1': 0.125, 'top5': 0.5}, {'step': 14, 'tokens': 8, 'top1': 0.125, 'top5': 0.25}]
[36m(SpecoWorker pid=63572)[0m INFO:2026-09-19 10:07:02,415:[drafter loss] step=1 optimizer_step_total=7 lr=1.000e-05 loss=4.8019 vloss=0.0000 ploss=4.8019
[36m(SpecoVLLMHttpServer pid=62582)[0m (Worker_TP1 pid=63261) WARNING:2026-09-19 10:07:08,443:[speco draft wake_up] drafter state restored after level-2 wake_up (66 tensors, revision=6)
[36m(SpecoVLLMHttpServer pid=62582)[0m (Worker_TP0 pid=63260) WARNING:2026-09-19 10:07:08,445:[speco draft wake_up] drafter state restored after level-2 wake_up (66 tensors, revision=6)
[36m(SpecoWorker pid=63572)[0m WARNING:2026-09-19 10:07:02,004:[drafter logits quality] valid_tokens=120 top1_acc=0.141667 top5_acc=0.316667 local_ploss_sum=264.597717 local_tokens=120 per_step=[{'step': 0, 'tokens': 8, 'top1': 0.375, 'top5': 0.75}, {'step': 1, 'tokens': 8, 'top1': 0.25, 'top5': 0.375}, {'step': 2, 'tokens': 8, 'top1': 0.0, 'top5': 0.125}, {'step': 3, 'tokens': 8, 'top1': 0.125, 'top5': 0.5}, {'step': 4, 'tokens': 8, 'top1': 0.125, 'top5': 0.25}, {'step': 5, 'tokens': 8, 'top1': 0.125, 'top5': 0.25}, {'step': 6, 'tokens': 8, 'top1': 0.125, 'top5': 0.125}, {'step': 7, 'tokens': 8, 'top1': 0.0, 'top5': 0.25}, {'step': 8, 'tokens': 8, 'top1': 0.0, 'top5': 0.125}, {'step': 9, 'tokens': 8, 'top1': 0.25, 'top5': 0.25}, {'step': 10, 'tokens': 8, 'top1': 0.0, 'top5': 0.125}, {'step': 11, 'tokens': 8, 'top1': 0.0, 'top5': 0.25}, {'step': 12, 'tokens': 8, 'top1': 0.125, 'top5': 0.375}, {'step': 13, 'tokens': 8, 'top1': 0.25, 'top5': 0.5}, {'step': 14, 'tokens': 8, 'top1': 0.375, 'top5': 0.5}]

[36m(SpecoTaskRunner pid=62090)[0m step:7 - global_seqlen/min:176 - global_seqlen/max:178 - global_seqlen/minmax_diff:2 - global_seqlen/balanced_min:177 - global_seqlen/balanced_max:177 - global_seqlen/mean:177.0 - actor/entropy:0.0 - perf/mfu/actor_infer:0.01037644544767129 - training/rollout_probs_diff_valid:1 - training/rollout_probs_diff_max:0.15484115481376648 - training/rollout_probs_diff_mean:0.005980984307825565 - training/rollout_probs_diff_std:0.01720949448645115 - training/rollout_actor_probs_pearson_corr:0.9970237016677856 - rollout_corr/training_ppl:1.2295628786087036 - rollout_corr/training_log_ppl:0.20613473653793335 - rollout_corr/kl:-0.0019801685120910406 - rollout_corr/k3_kl:0.0014660998713225126 - rollout_corr/rollout_ppl:1.2322101593017578 - rollout_corr/rollout_log_ppl:0.20811490714550018 - rollout_corr/log_ppl_diff:-0.0019801706075668335 - rollout_corr/log_ppl_abs_diff:0.005592323839664459 - rollout_corr/log_ppl_diff_max:0.0072243064641952515 - rollout_corr/log_ppl_diff_min:-0.010954469442367554 - rollout_corr/ppl_ratio:0.9980424642562866 - rollout_corr/chi2_token:0.01054394245147705 - rollout_corr/chi2_seq:0.7704237699508667 - actor/pg_clipfrac:np.float64(0.0) - actor/ppo_kl:np.float64(0.0) - actor/pg_clipfrac_lower:np.float64(0.0) - actor/pg_loss:np.float64(0.0) - actor/loss:np.float64(0.0) - actor/grad_norm:np.float64(0.0) - actor/lr:np.float64(1e-06) - actor/perf/max_memory_allocated_gb:np.float64(28.541846752166748) - actor/perf/max_memory_reserved_gb:np.float64(37.9921875) - actor/perf/cpu_memory_used_gb:np.float64(213.7650260925293) - perf/mfu/actor:np.float64(0.010139171501907828) - drafter/raw_drafter_samples:np.float64(4.0) - drafter/collected_samples:np.float64(2.0) - drafter/collect_interval_matched:np.float64(1.0) - drafter/collection_plan_used:np.float64(1.0) - drafter/collection_plan_collect:np.float64(1.0) - drafter/collection_plan_reason:np.float64(7.0) - drafter/collection_plan_source:np.float64(2.0) - drafter/collection_plan_interval_matched:np.float64(1.0) - drafter/collection_plan_training_interval_matched:np.float64(1.0) - drafter/collection_attempted:np.float64(1.0) - drafter/collection_completed:np.float64(1.0) - drafter/collection_outcome_reason:np.float64(1.0) - drafter/collection_rejected_samples:np.float64(0.0) - drafter/collection_worker_results:np.float64(1.0) - drafter/collection_finalized:np.float64(1.0) - drafter/collection_expired_stages:np.float64(0.0) - timing_s/drafter_collection_rpc:np.float64(0.03839656499985722) - drafter/scheduler_used:np.float64(1.0) - drafter/schedule_launch:np.float64(1.0) - drafter/schedule_interval_matched:np.float64(1.0) - drafter/schedule_strategy:np.float64(0.0) - drafter/schedule_reason:np.float64(10.0) - drafter/target_lm_head_apply_deferred:np.float64(1.0) - drafter/target_lm_head_selected_rows:np.float64(0.0) - drafter/target_lm_head_source_vocab_size:np.float64(0.0) - drafter/target_lm_head_direct_sparse_export:np.float64(0.0) - timing_s/drafter_sync_target_lm_head_fetch:np.float64(3.438840482998785) - timing_s/drafter_sync_target_lm_head_dispatch:np.float64(0.9146942730003502) - drafter/train_interval_matched:np.float64(1.0) - drafter/target_lm_head_synced:np.float64(1.0) - timing_s/drafter_sync_target_lm_head:np.float64(4.357129756001086) - timing_s/drafter_sync_target_lm_head_apply:np.float64(0.9150271350008552) - timing_s/drafter_sync_target_lm_head_wait:np.float64(0.0003328620005049743) - timing_s/drafter_sync_target_lm_head_overlap_window:np.float64(6.754132087997277) - drafter/trained:np.float64(1.0) - drafter/train_successful_steps_max:np.int64(1) - drafter/train_no_trainable_batch:np.float64(0.0) - drafter/train_activation_failed:np.float64(0.0) - drafter/train_attempted_batches_max:np.int64(1) - drafter/train_buffer_size_before_min:np.int64(2) - drafter/train_buffer_size_after_min:np.int64(0) - drafter/train_optimizer_step_max:np.int64(7) - drafter/train_worker_results_consistent:np.float64(1.0) - drafter/train_worker_ids_consistent:np.float64(1.0) - drafter/train_worker_incarnations_consistent:np.float64(1.0) - drafter/train_plan_ids_consistent:np.float64(1.0) - drafter/train_source_steps_consistent:np.float64(1.0) - drafter/train_data_versions_consistent:np.float64(1.0) - drafter/train_target_versions_consistent:np.float64(1.0) - drafter/train_successful_steps_consistent:np.float64(1.0) - drafter/train_optimizer_steps_consistent:np.float64(1.0) - drafter/train_publish_leader_count:np.float64(1.0) - drafter/train_publish_leader_snapshot_ready:np.float64(1.0) - timing_s/drafter_prepare_batch:np.float64(0.0029888153076171875) - timing_s/drafter_forward_loss:np.float64(0.28917837142944336) - timing_s/drafter_reduce_loss:np.float64(0.001085042953491211) - timing_s/drafter_backward:np.float64(0.05907106399536133) - timing_s/drafter_optimizer:np.float64(0.2102370262145996) - timing_s/drafter_publish_snapshot:np.float64(2.389589309692383) - timing_s/drafter_worker_training_loop:np.float64(0.5610690116882324) - timing_s/drafter_worker_cleanup:np.float64(4.456510305404663) - timing_s/drafter_worker_elapsed:np.float64(5.3155293464660645) - timing_s/drafter_train_rpc:np.float64(6.7624584149998554) - drafter/runtime_state:np.float64(3.0) - drafter/runtime_completed_batches:np.float64(1.0) - drafter/runtime_inflight:np.float64(0.0) - timing_s/drafter_runtime_batch_average:np.float64(6.7624584149998554) - timing_s/drafter_outer_unaccounted:np.float64(0.00829352299842867) - drafter/publish_attempted:np.float64(1.0) - drafter/published:np.float64(1.0) - timing_s/drafter_publish_wait_pending:np.float64(3.0270020943135023e-06) - timing_s/drafter_publish_fetch_snapshot:np.float64(6.295986013999936) - timing_s/drafter_publish_update_weights:np.float64(0.001421779001248069) - training/global_step:7 - training/epoch:0 - critic/score/mean:0.0 - critic/score/max:0.0 - critic/score/min:0.0 - critic/rewards/mean:0.0 - critic/rewards/max:0.0 - critic/rewards/min:0.0 - critic/advantages/mean:0.0 - critic/advantages/max:0.0 - critic/advantages/min:0.0 - critic/returns/mean:0.0 - critic/returns/max:0.0 - critic/returns/min:0.0 - response_length/mean:64.0 - response_length/max:64.0 - response_length/min:64.0 - response_length/clip_ratio:1.0 - response_length_non_aborted/mean:64.0 - response_length_non_aborted/max:64.0 - response_length_non_aborted/min:64.0 - response_length_non_aborted/clip_ratio:1.0 - response/aborted_ratio:0.0 - prompt_length/mean:24.5 - prompt_length/max:25.0 - prompt_length/min:24.0 - prompt_length/clip_ratio:0.0 - num_turns/min:np.int32(2) - num_turns/max:np.int32(2) - num_turns/mean:np.float64(2.0) - timing_s/start_profile:5.8225999964633957e-05 - timing_s/agent_loop/num_preempted/min:np.int64(-1) - timing_s/agent_loop/num_preempted/max:np.int64(-1) - timing_s/agent_loop/num_preempted/mean:np.float64(-1.0) - timing_s/agent_loop/generate_sequences/min:np.float64(0.9605206609994639) - timing_s/agent_loop/generate_sequences/max:np.float64(1.0577596009970875) - timing_s/agent_loop/generate_sequences/mean:np.float64(1.0092433699983303) - timing_s/agent_loop/tool_calls/min:np.float64(0.0) - timing_s/agent_loop/tool_calls/max:np.float64(0.0) - timing_s/agent_loop/tool_calls/mean:np.float64(0.0) - timing_s/agent_loop/compute_score/min:np.float64(0.004808552999747917) - timing_s/agent_loop/compute_score/max:np.float64(0.01273252600003616) - timing_s/agent_loop/compute_score/mean:np.float64(0.009318985750724096) - timing_s/agent_loop/slowest/generate_sequences:np.float64(1.0577596009970875) - timing_s/agent_loop/slowest/tool_calls:np.float64(0.0) - timing_s/agent_loop/slowest/compute_score:np.float64(0.010319425000488991) - timing_s/agent_loop/slowest/num_preempted:np.int64(-1) - timing_s/agent_loop/slowest/prompt_length:24 - timing_s/agent_loop/slowest/response_length:64 - timing_s/gen:7.146971308000502 - timing_s/reward:2.709399996092543e-05 - timing_s/old_log_prob:3.2902120990002004 - timing_s/adv:0.003446023001743015 - timing_s/update_actor:6.754164800000581 - timing_s/drafter:11.12788169399937 - drafter/spec_decode/mean_acceptance_length:2.330357142857143 - timing_s/update_weights:10.376772524999978 - timing_s/step:38.70556633099841 - timing_s/stop_profile:0.0004191070001979824 - timing_per_token_ms/gen:27.91785667187696 - timing_per_token_ms/adv:0.009734528253511341 - timing_per_token_ms/update_actor:19.079561581922544 - perf/total_num_tokens:354 - perf/time_per_step:38.70556633099841 - perf/throughput:4.572985665326507[36m(SpecoTaskRunner pid=62090)[0m Training Progress:  35%|███▌      | 7/20 [08:49<11:22, 52.46s/it]
[36m(SpecoWorker pid=63572)[0m WARNING:2026-09-19 10:07:17,546:[speco publish reclaim] role=producer global_steps=7 num_weights=58 payload_cleared=1 allocator=glibc action=malloc_trim heap_trimmed=True elapsed_sec=0.254 memory_before=(rss_gib=11.00 anon_gib=5.66 rss_shmem_gib=2.80 node_unavailable_gib=212.73 available_gib=290.76 cached_gib=309.15 node_shmem_gib=41.46 dev_shm_used_gib=0.07 dirty_gib=53.73 writeback_gib=0.06) memory_after=(rss_gib=10.50 anon_gib=5.17 rss_shmem_gib=2.80 node_unavailable_gib=212.09 available_gib=291.39 cached_gib=309.24 node_shmem_gib=41.46 dev_shm_used_gib=0.07 dirty_gib=53.81 writeback_gib=0.05)
[36m(WorkerDict pid=62310)[0m WARNING:2026-09-19 10:07:20,135:[speco publish materialize] async=True global_steps=7 elapsed_sec=2.583 num_weights=58
[36m(SpecoVLLMHttpServer pid=62582)[0m (Worker_TP1 pid=63261) WARNING:2026-09-19 10:07:20,435:[speco draft ipc] streamed 58 translated weights in 1 buckets into DFlashQwen3Model (method=dflash), first 5 keys: ['fc.weight', 'hidden_norm.weight', 'layers.0.self_attn.q_proj.weight', 'layers.0.self_attn.k_proj.weight', 'layers.0.self_attn.v_proj.weight']
[36m(SpecoVLLMHttpServer pid=62582)[0m (Worker_TP0 pid=63260) WARNING:2026-09-19 10:07:20,437:[speco draft ipc] streamed 58 translated weights in 1 buckets into DFlashQwen3Model (method=dflash), first 5 keys: ['fc.weight', 'hidden_norm.weight', 'layers.0.self_attn.q_proj.weight', 'layers.0.self_attn.k_proj.weight', 'layers.0.self_attn.v_proj.weight']
[36m(SpecoVLLMHttpServer pid=62582)[0m (Worker_TP1 pid=63261) WARNING:2026-09-19 10:07:20,438:SPECO committed online drafter revision=7 loaded_params=58
[36m(SpecoVLLMHttpServer pid=62582)[0m (Worker_TP0 pid=63260) WARNING:2026-09-19 10:07:20,440:SPECO committed online drafter revision=7 loaded_params=58
[36m(WorkerDict pid=62310)[0m WARNING:2026-09-19 10:07:21,514:[speco publish reclaim] role=consumer async=True global_steps=7 num_weights=58 payload_cleared=1 allocator=glibc action=malloc_trim heap_trimmed=True elapsed_sec=0.518 memory_before=(rss_gib=19.72 anon_gib=6.44 rss_shmem_gib=10.58 node_unavailable_gib=214.02 available_gib=289.47 cached_gib=307.42 node_shmem_gib=41.46 dev_shm_used_gib=0.07 dirty_gib=53.84 writeback_gib=0.04) memory_after=(rss_gib=19.03 anon_gib=5.76 rss_shmem_gib=10.58 node_unavailable_gib=212.90 available_gib=290.59 cached_gib=307.45 node_shmem_gib=41.46 dev_shm_used_gib=0.07 dirty_gib=53.81 writeback_gib=0.03)
[36m(SpecoVLLMHttpServer pid=62582)[0m (Worker_TP1 pid=63261) WARNING:2026-09-19 10:07:23,160:[speco draft sleep] drafter state saved before level-2 sleep (66 tensors)
[36m(SpecoVLLMHttpServer pid=62582)[0m (Worker_TP0 pid=63260) WARNING:2026-09-19 10:07:23,163:[speco draft sleep] drafter state saved before level-2 sleep (66 tensors)
[36m(SpecoWorker pid=63642)[0m WARNING:2026-09-19 10:07:43,681:[drafter logits quality] valid_tokens=120 top1_acc=0.125000 top5_acc=0.333333 local_ploss_sum=245.249405 local_tokens=120 per_step=[{'step': 0, 'tokens': 8, 'top1': 0.375, 'top5': 0.625}, {'step': 1, 'tokens': 8, 'top1': 0.375, 'top5': 0.75}, {'step': 2, 'tokens': 8, 'top1': 0.375, 'top5': 0.5}, {'step': 3, 'tokens': 8, 'top1': 0.125, 'top5': 0.25}, {'step': 4, 'tokens': 8, 'top1': 0.125, 'top5': 0.25}, {'step': 5, 'tokens': 8, 'top1': 0.0, 'top5': 0.25}, {'step': 6, 'tokens': 8, 'top1': 0.0, 'top5': 0.125}, {'step': 7, 'tokens': 8, 'top1': 0.0, 'top5': 0.375}, {'step': 8, 'tokens': 8, 'top1': 0.125, 'top5': 0.125}, {'step': 9, 'tokens': 8, 'top1': 0.0, 'top5': 0.125}, {'step': 10, 'tokens': 8, 'top1': 0.25, 'top5': 0.625}, {'step': 11, 'tokens': 8, 'top1': 0.125, 'top5': 0.625}, {'step': 12, 'tokens': 8, 'top1': 0.0, 'top5': 0.25}, {'step': 13, 'tokens': 8, 'top1': 0.0, 'top5': 0.0}, {'step': 14, 'tokens': 8, 'top1': 0.0, 'top5': 0.125}]
[36m(SpecoWorker pid=63572)[0m INFO:2026-09-19 10:07:44,185:[drafter loss] step=1 optimizer_step_total=8 lr=1.000e-05 loss=4.5891 vloss=0.0000 ploss=4.5891
[36m(SpecoVLLMHttpServer pid=62582)[0m (Worker_TP0 pid=63260) WARNING:2026-09-19 10:07:50,073:[speco draft wake_up] drafter state restored after level-2 wake_up (66 tensors, revision=7)
[36m(SpecoVLLMHttpServer pid=62582)[0m (Worker_TP1 pid=63261) WARNING:2026-09-19 10:07:50,079:[speco draft wake_up] drafter state restored after level-2 wake_up (66 tensors, revision=7)
[36m(SpecoWorker pid=63572)[0m WARNING:2026-09-19 10:07:43,681:[drafter logits quality] valid_tokens=120 top1_acc=0.141667 top5_acc=0.325000 local_ploss_sum=241.601944 local_tokens=120 per_step=[{'step': 0, 'tokens': 8, 'top1': 0.5, 'top5': 0.625}, {'step': 1, 'tokens': 8, 'top1': 0.375, 'top5': 0.625}, {'step': 2, 'tokens': 8, 'top1': 0.375, 'top5': 0.375}, {'step': 3, 'tokens': 8, 'top1': 0.125, 'top5': 0.25}, {'step': 4, 'tokens': 8, 'top1': 0.125, 'top5': 0.125}, {'step': 5, 'tokens': 8, 'top1': 0.125, 'top5': 0.375}, {'step': 6, 'tokens': 8, 'top1': 0.0, 'top5': 0.25}, {'step': 7, 'tokens': 8, 'top1': 0.0, 'top5': 0.125}, {'step': 8, 'tokens': 8, 'top1': 0.0, 'top5': 0.125}, {'step': 9, 'tokens': 8, 'top1': 0.25, 'top5': 0.375}, {'step': 10, 'tokens': 8, 'top1': 0.125, 'top5': 0.375}, {'step': 11, 'tokens': 8, 'top1': 0.125, 'top5': 0.625}, {'step': 12, 'tokens': 8, 'top1': 0.0, 'top5': 0.375}, {'step': 13, 'tokens': 8, 'top1': 0.0, 'top5': 0.125}, {'step': 14, 'tokens': 8, 'top1': 0.0, 'top5': 0.125}]
[36m(SpecoWorker pid=63572)[0m WARNING:2026-09-19 10:07:57,844:[speco publish reclaim] role=producer global_steps=8 num_weights=58 payload_cleared=1 allocator=glibc action=malloc_trim heap_trimmed=True elapsed_sec=0.238 memory_before=(rss_gib=11.00 anon_gib=5.67 rss_shmem_gib=2.80 node_unavailable_gib=213.55 available_gib=289.94 cached_gib=308.87 node_shmem_gib=41.46 dev_shm_used_gib=0.07 dirty_gib=53.48 writeback_gib=0.09) memory_after=(rss_gib=10.50 anon_gib=5.17 rss_shmem_gib=2.80 node_unavailable_gib=213.07 available_gib=290.42 cached_gib=308.88 node_shmem_gib=41.46 dev_shm_used_gib=0.07 dirty_gib=53.49 writeback_gib=0.08)

[36m(SpecoTaskRunner pid=62090)[0m step:8 - global_seqlen/min:176 - global_seqlen/max:176 - global_seqlen/minmax_diff:0 - global_seqlen/balanced_min:176 - global_seqlen/balanced_max:176 - global_seqlen/mean:176.0 - actor/entropy:0.0 - perf/mfu/actor_infer:0.007445964242910076 - training/rollout_probs_diff_valid:1 - training/rollout_probs_diff_max:0.11653393507003784 - training/rollout_probs_diff_mean:0.006283477880060673 - training/rollout_probs_diff_std:0.01594163291156292 - training/rollout_actor_probs_pearson_corr:0.9972795248031616 - rollout_corr/training_ppl:1.2007348537445068 - rollout_corr/training_log_ppl:0.1798713058233261 - rollout_corr/kl:0.006107702385634184 - rollout_corr/k3_kl:0.0010944181121885777 - rollout_corr/rollout_ppl:1.1932647228240967 - rollout_corr/rollout_log_ppl:0.17376358807086945 - rollout_corr/log_ppl_diff:0.00610770657658577 - rollout_corr/log_ppl_abs_diff:0.0065904222428798676 - rollout_corr/log_ppl_diff_max:0.012524262070655823 - rollout_corr/log_ppl_diff_min:-0.0009654313325881958 - rollout_corr/ppl_ratio:1.0061399936676025 - rollout_corr/chi2_token:-0.007798552513122559 - rollout_corr/chi2_seq:-0.4319196939468384 - actor/pg_clipfrac:np.float64(0.0) - actor/ppo_kl:np.float64(0.0) - actor/pg_clipfrac_lower:np.float64(0.0) - actor/pg_loss:np.float64(0.0) - actor/loss:np.float64(0.0) - actor/grad_norm:np.float64(0.0) - actor/lr:np.float64(1e-06) - actor/perf/max_memory_allocated_gb:np.float64(28.541846752166748) - actor/perf/max_memory_reserved_gb:np.float64(37.9921875) - actor/perf/cpu_memory_used_gb:np.float64(215.88190841674805) - perf/mfu/actor:np.float64(0.010273143489740974) - drafter/raw_drafter_samples:np.float64(4.0) - drafter/collected_samples:np.float64(2.0) - drafter/collect_interval_matched:np.float64(1.0) - drafter/collection_plan_used:np.float64(1.0) - drafter/collection_plan_collect:np.float64(1.0) - drafter/collection_plan_reason:np.float64(7.0) - drafter/collection_plan_source:np.float64(2.0) - drafter/collection_plan_interval_matched:np.float64(1.0) - drafter/collection_plan_training_interval_matched:np.float64(1.0) - drafter/collection_attempted:np.float64(1.0) - drafter/collection_completed:np.float64(1.0) - drafter/collection_outcome_reason:np.float64(1.0) - drafter/collection_rejected_samples:np.float64(0.0) - drafter/collection_worker_results:np.float64(1.0) - drafter/collection_finalized:np.float64(1.0) - drafter/collection_expired_stages:np.float64(0.0) - timing_s/drafter_collection_rpc:np.float64(0.029185996998421615) - drafter/scheduler_used:np.float64(1.0) - drafter/schedule_launch:np.float64(1.0) - drafter/schedule_interval_matched:np.float64(1.0) - drafter/schedule_strategy:np.float64(0.0) - drafter/schedule_reason:np.float64(10.0) - drafter/target_lm_head_apply_deferred:np.float64(1.0) - drafter/target_lm_head_selected_rows:np.float64(0.0) - drafter/target_lm_head_source_vocab_size:np.float64(0.0) - drafter/target_lm_head_direct_sparse_export:np.float64(0.0) - timing_s/drafter_sync_target_lm_head_fetch:np.float64(5.950684037998144) - timing_s/drafter_sync_target_lm_head_dispatch:np.float64(2.2088250359993253) - drafter/train_interval_matched:np.float64(1.0) - drafter/target_lm_head_synced:np.float64(1.0) - timing_s/drafter_sync_target_lm_head:np.float64(8.162106710995431) - timing_s/drafter_sync_target_lm_head_apply:np.float64(2.20916988299723) - timing_s/drafter_sync_target_lm_head_wait:np.float64(0.0003448469979048241) - timing_s/drafter_sync_target_lm_head_overlap_window:np.float64(7.136347334002494) - drafter/trained:np.float64(1.0) - drafter/train_successful_steps_max:np.int64(1) - drafter/train_no_trainable_batch:np.float64(0.0) - drafter/train_activation_failed:np.float64(0.0) - drafter/train_attempted_batches_max:np.int64(1) - drafter/train_buffer_size_before_min:np.int64(2) - drafter/train_buffer_size_after_min:np.int64(0) - drafter/train_optimizer_step_max:np.int64(8) - drafter/train_worker_results_consistent:np.float64(1.0) - drafter/train_worker_ids_consistent:np.float64(1.0) - drafter/train_worker_incarnations_consistent:np.float64(1.0) - drafter/train_plan_ids_consistent:np.float64(1.0) - drafter/train_source_steps_consistent:np.float64(1.0) - drafter/train_data_versions_consistent:np.float64(1.0) - drafter/train_target_versions_consistent:np.float64(1.0) - drafter/train_successful_steps_consistent:np.float64(1.0) - drafter/train_optimizer_steps_consistent:np.float64(1.0) - drafter/train_publish_leader_count:np.float64(1.0) - drafter/train_publish_leader_snapshot_ready:np.float64(1.0) - timing_s/drafter_prepare_batch:np.float64(0.002626657485961914) - timing_s/drafter_forward_loss:np.float64(0.3811647891998291) - timing_s/drafter_reduce_loss:np.float64(0.0011208057403564453) - timing_s/drafter_backward:np.float64(0.05858325958251953) - timing_s/drafter_optimizer:np.float64(0.19948101043701172) - timing_s/drafter_publish_snapshot:np.float64(2.4221224784851074) - timing_s/drafter_worker_training_loop:np.float64(0.6530218124389648) - timing_s/drafter_worker_cleanup:np.float64(4.383534669876099) - timing_s/drafter_worker_elapsed:np.float64(5.273988485336304) - timing_s/drafter_train_rpc:np.float64(6.503883843000949) - drafter/runtime_state:np.float64(3.0) - drafter/runtime_completed_batches:np.float64(1.0) - drafter/runtime_inflight:np.float64(0.0) - timing_s/drafter_runtime_batch_average:np.float64(6.503883843000949) - timing_s/drafter_outer_unaccounted:np.float64(0.006251034003071254) - drafter/publish_attempted:np.float64(1.0) - drafter/published:np.float64(1.0) - timing_s/drafter_publish_wait_pending:np.float64(2.573000529082492e-06) - timing_s/drafter_publish_fetch_snapshot:np.float64(7.010189538999839) - timing_s/drafter_publish_update_weights:np.float64(0.0007894059999671299) - training/global_step:8 - training/epoch:0 - critic/score/mean:0.0 - critic/score/max:0.0 - critic/score/min:0.0 - critic/rewards/mean:0.0 - critic/rewards/max:0.0 - critic/rewards/min:0.0 - critic/advantages/mean:0.0 - critic/advantages/max:0.0 - critic/advantages/min:0.0 - critic/returns/mean:0.0 - critic/returns/max:0.0 - critic/returns/min:0.0 - response_length/mean:64.0 - response_length/max:64.0 - response_length/min:64.0 - response_length/clip_ratio:1.0 - response_length_non_aborted/mean:64.0 - response_length_non_aborted/max:64.0 - response_length_non_aborted/min:64.0 - response_length_non_aborted/clip_ratio:1.0 - response/aborted_ratio:0.0 - prompt_length/mean:24.0 - prompt_length/max:24.0 - prompt_length/min:24.0 - prompt_length/clip_ratio:0.0 - num_turns/min:np.int32(2) - num_turns/max:np.int32(2) - num_turns/mean:np.float64(2.0) - timing_s/start_profile:0.00011977900066995062 - timing_s/agent_loop/num_preempted/min:np.int64(-1) - timing_s/agent_loop/num_preempted/max:np.int64(-1) - timing_s/agent_loop/num_preempted/mean:np.float64(-1.0) - timing_s/agent_loop/generate_sequences/min:np.float64(0.893016665999312) - timing_s/agent_loop/generate_sequences/max:np.float64(1.051226133997261) - timing_s/agent_loop/generate_sequences/mean:np.float64(0.9687106869987474) - timing_s/agent_loop/tool_calls/min:np.float64(0.0) - timing_s/agent_loop/tool_calls/max:np.float64(0.0) - timing_s/agent_loop/tool_calls/mean:np.float64(0.0) - timing_s/agent_loop/compute_score/min:np.float64(0.010050407003291184) - timing_s/agent_loop/compute_score/max:np.float64(0.16873796599975321) - timing_s/agent_loop/compute_score/mean:np.float64(0.050347544500255026) - timing_s/agent_loop/slowest/generate_sequences:np.float64(1.051226133997261) - timing_s/agent_loop/slowest/tool_calls:np.float64(0.0) - timing_s/agent_loop/slowest/compute_score:np.float64(0.010564098000031663) - timing_s/agent_loop/slowest/num_preempted:np.int64(-1) - timing_s/agent_loop/slowest/prompt_length:24 - timing_s/agent_loop/slowest/response_length:64 - timing_s/gen:5.743354211001133 - timing_s/reward:2.6294001145288348e-05 - timing_s/old_log_prob:3.692510952001612 - timing_s/adv:0.0010049029988294933 - timing_s/update_actor:7.136398671998904 - timing_s/drafter:14.672241587999451 - drafter/spec_decode/mean_acceptance_length:2.135593220338983 - timing_s/update_weights:10.26661552600126 - timing_s/step:41.516975204998744 - timing_s/stop_profile:0.00015490900113945827 - timing_per_token_ms/gen:22.434977386723176 - timing_per_token_ms/adv:0.002854838064856515 - timing_per_token_ms/update_actor:20.273859863633252 - perf/total_num_tokens:352 - perf/time_per_step:41.516975204998744 - perf/throughput:4.239229836252839[36m(SpecoTaskRunner pid=62090)[0m Training Progress:  40%|████      | 8/20 [09:31<09:48, 49.05s/it]
[36m(WorkerDict pid=62310)[0m WARNING:2026-09-19 10:08:01,687:[speco publish materialize] async=True global_steps=8 elapsed_sec=2.609 num_weights=58
[36m(SpecoVLLMHttpServer pid=62582)[0m (Worker_TP1 pid=63261) WARNING:2026-09-19 10:08:02,188:[speco draft ipc] streamed 58 translated weights in 1 buckets into DFlashQwen3Model (method=dflash), first 5 keys: ['fc.weight', 'hidden_norm.weight', 'layers.0.self_attn.q_proj.weight', 'layers.0.self_attn.k_proj.weight', 'layers.0.self_attn.v_proj.weight']
[36m(SpecoVLLMHttpServer pid=62582)[0m (Worker_TP0 pid=63260) WARNING:2026-09-19 10:08:02,237:[speco draft ipc] streamed 58 translated weights in 1 buckets into DFlashQwen3Model (method=dflash), first 5 keys: ['fc.weight', 'hidden_norm.weight', 'layers.0.self_attn.q_proj.weight', 'layers.0.self_attn.k_proj.weight', 'layers.0.self_attn.v_proj.weight']
[36m(SpecoVLLMHttpServer pid=62582)[0m (Worker_TP0 pid=63260) WARNING:2026-09-19 10:08:03,249:SPECO committed online drafter revision=8 loaded_params=58
[36m(SpecoVLLMHttpServer pid=62582)[0m (Worker_TP1 pid=63261) WARNING:2026-09-19 10:08:03,249:SPECO committed online drafter revision=8 loaded_params=58
[36m(WorkerDict pid=62310)[0m WARNING:2026-09-19 10:08:04,198:[speco publish reclaim] role=consumer async=True global_steps=8 num_weights=58 payload_cleared=1 allocator=glibc action=malloc_trim heap_trimmed=True elapsed_sec=0.429 memory_before=(rss_gib=20.01 anon_gib=6.74 rss_shmem_gib=10.58 node_unavailable_gib=215.28 available_gib=288.21 cached_gib=308.05 node_shmem_gib=41.46 dev_shm_used_gib=0.07 dirty_gib=53.35 writeback_gib=0.02) memory_after=(rss_gib=19.03 anon_gib=5.76 rss_shmem_gib=10.58 node_unavailable_gib=213.41 available_gib=290.08 cached_gib=308.06 node_shmem_gib=41.46 dev_shm_used_gib=0.07 dirty_gib=53.34 writeback_gib=0.03)
[36m(SpecoVLLMHttpServer pid=62582)[0m (Worker_TP0 pid=63260) WARNING:2026-09-19 10:08:05,818:[speco draft sleep] drafter state saved before level-2 sleep (66 tensors)
[36m(SpecoVLLMHttpServer pid=62582)[0m (Worker_TP1 pid=63261) WARNING:2026-09-19 10:08:05,823:[speco draft sleep] drafter state saved before level-2 sleep (66 tensors)
[36m(SpecoWorker pid=63572)[0m WARNING:2026-09-19 10:08:23,879:[drafter logits quality] valid_tokens=120 top1_acc=0.158333 top5_acc=0.391667 local_ploss_sum=220.537811 local_tokens=120 per_step=[{'step': 0, 'tokens': 8, 'top1': 0.5, 'top5': 0.75}, {'step': 1, 'tokens': 8, 'top1': 0.5, 'top5': 0.625}, {'step': 2, 'tokens': 8, 'top1': 0.25, 'top5': 0.625}, {'step': 3, 'tokens': 8, 'top1': 0.125, 'top5': 0.375}, {'step': 4, 'tokens': 8, 'top1': 0.25, 'top5': 0.5}, {'step': 5, 'tokens': 8, 'top1': 0.25, 'top5': 0.375}, {'step': 6, 'tokens': 8, 'top1': 0.0, 'top5': 0.375}, {'step': 7, 'tokens': 8, 'top1': 0.0, 'top5': 0.25}, {'step': 8, 'tokens': 8, 'top1': 0.0, 'top5': 0.375}, {'step': 9, 'tokens': 8, 'top1': 0.125, 'top5': 0.375}, {'step': 10, 'tokens': 8, 'top1': 0.125, 'top5': 0.375}, {'step': 11, 'tokens': 8, 'top1': 0.0, 'top5': 0.5}, {'step': 12, 'tokens': 8, 'top1': 0.125, 'top5': 0.25}, {'step': 13, 'tokens': 8, 'top1': 0.125, 'top5': 0.125}, {'step': 14, 'tokens': 8, 'top1': 0.0, 'top5': 0.0}]
[36m(SpecoWorker pid=63572)[0m INFO:2026-09-19 10:08:24,170:[drafter loss] step=1 optimizer_step_total=9 lr=1.000e-05 loss=4.1540 vloss=0.0000 ploss=4.1540
[36m(SpecoVLLMHttpServer pid=62582)[0m (Worker_TP0 pid=63260) WARNING:2026-09-19 10:08:30,102:[speco draft wake_up] drafter state restored after level-2 wake_up (66 tensors, revision=8)
[36m(SpecoVLLMHttpServer pid=62582)[0m (Worker_TP1 pid=63261) WARNING:2026-09-19 10:08:30,103:[speco draft wake_up] drafter state restored after level-2 wake_up (66 tensors, revision=8)
[36m(SpecoWorker pid=63642)[0m WARNING:2026-09-19 10:08:23,881:[drafter logits quality] valid_tokens=120 top1_acc=0.133333 top5_acc=0.400000 local_ploss_sum=220.156921 local_tokens=120 per_step=[{'step': 0, 'tokens': 8, 'top1': 0.375, 'top5': 0.75}, {'step': 1, 'tokens': 8, 'top1': 0.25, 'top5': 0.75}, {'step': 2, 'tokens': 8, 'top1': 0.0, 'top5': 0.375}, {'step': 3, 'tokens': 8, 'top1': 0.25, 'top5': 0.375}, {'step': 4, 'tokens': 8, 'top1': 0.25, 'top5': 0.5}, {'step': 5, 'tokens': 8, 'top1': 0.25, 'top5': 0.375}, {'step': 6, 'tokens': 8, 'top1': 0.0, 'top5': 0.75}, {'step': 7, 'tokens': 8, 'top1': 0.0, 'top5': 0.25}, {'step': 8, 'tokens': 8, 'top1': 0.0, 'top5': 0.125}, {'step': 9, 'tokens': 8, 'top1': 0.125, 'top5': 0.25}, {'step': 10, 'tokens': 8, 'top1': 0.25, 'top5': 0.375}, {'step': 11, 'tokens': 8, 'top1': 0.125, 'top5': 0.625}, {'step': 12, 'tokens': 8, 'top1': 0.125, 'top5': 0.375}, {'step': 13, 'tokens': 8, 'top1': 0.0, 'top5': 0.0}, {'step': 14, 'tokens': 8, 'top1': 0.0, 'top5': 0.125}]

[36m(SpecoTaskRunner pid=62090)[0m step:9 - global_seqlen/min:176 - global_seqlen/max:178 - global_seqlen/minmax_diff:2 - global_seqlen/balanced_min:177 - global_seqlen/balanced_max:177 - global_seqlen/mean:177.0 - actor/entropy:0.0 - perf/mfu/actor_infer:0.010454097720642083 - training/rollout_probs_diff_valid:1 - training/rollout_probs_diff_max:0.07858765125274658 - training/rollout_probs_diff_mean:0.004086737520992756 - training/rollout_probs_diff_std:0.012073136866092682 - training/rollout_actor_probs_pearson_corr:0.9970742464065552 - rollout_corr/training_ppl:1.1051489114761353 - rollout_corr/training_log_ppl:0.0997973084449768 - rollout_corr/kl:0.0001971013261936605 - rollout_corr/k3_kl:0.0004118329379707575 - rollout_corr/rollout_ppl:1.1049953699111938 - rollout_corr/rollout_log_ppl:0.09960021078586578 - rollout_corr/log_ppl_diff:0.00019709952175617218 - rollout_corr/log_ppl_abs_diff:0.003587225452065468 - rollout_corr/log_ppl_diff_max:0.004782088100910187 - rollout_corr/log_ppl_diff_min:-0.006780251860618591 - rollout_corr/ppl_ratio:1.0002062320709229 - rollout_corr/chi2_token:0.0012691020965576172 - rollout_corr/chi2_seq:0.15072846412658691 - actor/pg_clipfrac:np.float64(0.0) - actor/ppo_kl:np.float64(0.0) - actor/pg_clipfrac_lower:np.float64(0.0) - actor/pg_loss:np.float64(0.0) - actor/loss:np.float64(0.0) - actor/grad_norm:np.float64(0.0) - actor/lr:np.float64(1e-06) - actor/perf/max_memory_allocated_gb:np.float64(28.541846752166748) - actor/perf/max_memory_reserved_gb:np.float64(37.9921875) - actor/perf/cpu_memory_used_gb:np.float64(218.02983856201172) - perf/mfu/actor:np.float64(0.010300881304576171) - drafter/raw_drafter_samples:np.float64(4.0) - drafter/collected_samples:np.float64(2.0) - drafter/collect_interval_matched:np.float64(1.0) - drafter/collection_plan_used:np.float64(1.0) - drafter/collection_plan_collect:np.float64(1.0) - drafter/collection_plan_reason:np.float64(7.0) - drafter/collection_plan_source:np.float64(2.0) - drafter/collection_plan_interval_matched:np.float64(1.0) - drafter/collection_plan_training_interval_matched:np.float64(1.0) - drafter/collection_attempted:np.float64(1.0) - drafter/collection_completed:np.float64(1.0) - drafter/collection_outcome_reason:np.float64(1.0) - drafter/collection_rejected_samples:np.float64(0.0) - drafter/collection_worker_results:np.float64(1.0) - drafter/collection_finalized:np.float64(1.0) - drafter/collection_expired_stages:np.float64(0.0) - timing_s/drafter_collection_rpc:np.float64(0.03993288000128814) - drafter/scheduler_used:np.float64(1.0) - drafter/schedule_launch:np.float64(1.0) - drafter/schedule_interval_matched:np.float64(1.0) - drafter/schedule_strategy:np.float64(0.0) - drafter/schedule_reason:np.float64(10.0) - drafter/target_lm_head_apply_deferred:np.float64(1.0) - drafter/target_lm_head_selected_rows:np.float64(0.0) - drafter/target_lm_head_source_vocab_size:np.float64(0.0) - drafter/target_lm_head_direct_sparse_export:np.float64(0.0) - timing_s/drafter_sync_target_lm_head_fetch:np.float64(3.8297024270032125) - timing_s/drafter_sync_target_lm_head_dispatch:np.float64(1.7837118999996164) - drafter/train_interval_matched:np.float64(1.0) - drafter/target_lm_head_synced:np.float64(1.0) - timing_s/drafter_sync_target_lm_head:np.float64(5.616189127002144) - timing_s/drafter_sync_target_lm_head_apply:np.float64(1.784111295000912) - timing_s/drafter_sync_target_lm_head_wait:np.float64(0.00039939500129548833) - timing_s/drafter_sync_target_lm_head_overlap_window:np.float64(7.3061063249988365) - drafter/trained:np.float64(1.0) - drafter/train_successful_steps_max:np.int64(1) - drafter/train_no_trainable_batch:np.float64(0.0) - drafter/train_activation_failed:np.float64(0.0) - drafter/train_attempted_batches_max:np.int64(1) - drafter/train_buffer_size_before_min:np.int64(2) - drafter/train_buffer_size_after_min:np.int64(0) - drafter/train_optimizer_step_max:np.int64(9) - drafter/train_worker_results_consistent:np.float64(1.0) - drafter/train_worker_ids_consistent:np.float64(1.0) - drafter/train_worker_incarnations_consistent:np.float64(1.0) - drafter/train_plan_ids_consistent:np.float64(1.0) - drafter/train_source_steps_consistent:np.float64(1.0) - drafter/train_data_versions_consistent:np.float64(1.0) - drafter/train_target_versions_consistent:np.float64(1.0) - drafter/train_successful_steps_consistent:np.float64(1.0) - drafter/train_optimizer_steps_consistent:np.float64(1.0) - drafter/train_publish_leader_count:np.float64(1.0) - drafter/train_publish_leader_snapshot_ready:np.float64(1.0) - timing_s/drafter_prepare_batch:np.float64(0.0030472278594970703) - timing_s/drafter_forward_loss:np.float64(0.16748929023742676) - timing_s/drafter_reduce_loss:np.float64(0.0017347335815429688) - timing_s/drafter_backward:np.float64(0.06357955932617188) - timing_s/drafter_optimizer:np.float64(0.1938025951385498) - timing_s/drafter_publish_snapshot:np.float64(2.444944143295288) - timing_s/drafter_worker_training_loop:np.float64(0.4406580924987793) - timing_s/drafter_worker_cleanup:np.float64(4.295511722564697) - timing_s/drafter_worker_elapsed:np.float64(5.025644063949585) - timing_s/drafter_train_rpc:np.float64(6.515104317997611) - drafter/runtime_state:np.float64(3.0) - drafter/runtime_completed_batches:np.float64(1.0) - drafter/runtime_inflight:np.float64(0.0) - timing_s/drafter_runtime_batch_average:np.float64(6.515104317997611) - timing_s/drafter_outer_unaccounted:np.float64(0.006331133998173755) - drafter/publish_attempted:np.float64(1.0) - drafter/published:np.float64(1.0) - timing_s/drafter_publish_wait_pending:np.float64(3.58899706043303e-06) - timing_s/drafter_publish_fetch_snapshot:np.float64(16.364344278998033) - timing_s/drafter_publish_update_weights:np.float64(0.0014587210025638342) - training/global_step:9 - training/epoch:1 - critic/score/mean:0.0 - critic/score/max:0.0 - critic/score/min:0.0 - critic/rewards/mean:0.0 - critic/rewards/max:0.0 - critic/rewards/min:0.0 - critic/advantages/mean:0.0 - critic/advantages/max:0.0 - critic/advantages/min:0.0 - critic/returns/mean:0.0 - critic/returns/max:0.0 - critic/returns/min:0.0 - response_length/mean:64.0 - response_length/max:64.0 - response_length/min:64.0 - response_length/clip_ratio:1.0 - response_length_non_aborted/mean:64.0 - response_length_non_aborted/max:64.0 - response_length_non_aborted/min:64.0 - response_length_non_aborted/clip_ratio:1.0 - response/aborted_ratio:0.0 - prompt_length/mean:24.5 - prompt_length/max:25.0 - prompt_length/min:24.0 - prompt_length/clip_ratio:0.0 - num_turns/min:np.int32(2) - num_turns/max:np.int32(2) - num_turns/mean:np.float64(2.0) - timing_s/start_profile:0.0007442839996656403 - timing_s/agent_loop/num_preempted/min:np.int64(-1) - timing_s/agent_loop/num_preempted/max:np.int64(-1) - timing_s/agent_loop/num_preempted/mean:np.float64(-1.0) - timing_s/agent_loop/generate_sequences/min:np.float64(0.8236645959987072) - timing_s/agent_loop/generate_sequences/max:np.float64(0.9908076059982704) - timing_s/agent_loop/generate_sequences/mean:np.float64(0.9285500702490026) - timing_s/agent_loop/tool_calls/min:np.float64(0.0) - timing_s/agent_loop/tool_calls/max:np.float64(0.0) - timing_s/agent_loop/tool_calls/mean:np.float64(0.0) - timing_s/agent_loop/compute_score/min:np.float64(0.009819006998441182) - timing_s/agent_loop/compute_score/max:np.float64(0.011884174000442727) - timing_s/agent_loop/compute_score/mean:np.float64(0.011098399750153476) - timing_s/agent_loop/slowest/generate_sequences:np.float64(0.9908076059982704) - timing_s/agent_loop/slowest/tool_calls:np.float64(0.0) - timing_s/agent_loop/slowest/compute_score:np.float64(0.011884174000442727) - timing_s/agent_loop/slowest/num_preempted:np.int64(-1) - timing_s/agent_loop/slowest/prompt_length:24 - timing_s/agent_loop/slowest/response_length:64 - timing_s/gen:4.151441916001204 - timing_s/reward:2.3439999495167285e-05 - timing_s/old_log_prob:3.3109347019999404 - timing_s/adv:0.001063407999026822 - timing_s/update_actor:7.306109504002961 - timing_s/drafter:12.13762457899793 - drafter/spec_decode/mean_acceptance_length:2.1965811965811968 - timing_s/update_weights:19.902899943001103 - timing_s/step:46.81509914700291 - timing_s/stop_profile:0.0001778130026650615 - timing_per_token_ms/gen:16.216569984379703 - timing_per_token_ms/adv:0.0030039773983808527 - timing_per_token_ms/update_actor:20.638727412437746 - perf/total_num_tokens:354 - perf/time_per_step:46.81509914700291 - perf/throughput:3.7808314673051693[36m(SpecoTaskRunner pid=62090)[0m Training Progress:  45%|████▌     | 9/20 [10:20<09:00, 49.15s/it]
[36m(SpecoWorker pid=63572)[0m WARNING:2026-09-19 10:08:48,375:[speco publish reclaim] role=producer global_steps=9 num_weights=58 payload_cleared=1 allocator=glibc action=malloc_trim heap_trimmed=True elapsed_sec=0.251 memory_before=(rss_gib=11.00 anon_gib=5.66 rss_shmem_gib=2.80 node_unavailable_gib=213.22 available_gib=290.27 cached_gib=308.24 node_shmem_gib=41.46 dev_shm_used_gib=0.07 dirty_gib=53.78 writeback_gib=0.04) memory_after=(rss_gib=10.50 anon_gib=5.17 rss_shmem_gib=2.80 node_unavailable_gib=212.74 available_gib=290.75 cached_gib=308.25 node_shmem_gib=41.46 dev_shm_used_gib=0.07 dirty_gib=53.77 writeback_gib=0.03)
[36m(WorkerDict pid=62310)[0m WARNING:2026-09-19 10:08:51,620:[speco publish materialize] async=True global_steps=9 elapsed_sec=2.953 num_weights=58
[36m(SpecoVLLMHttpServer pid=62582)[0m (Worker_TP0 pid=63260) WARNING:2026-09-19 10:08:51,793:[speco draft ipc] streamed 58 translated weights in 1 buckets into DFlashQwen3Model (method=dflash), first 5 keys: ['fc.weight', 'hidden_norm.weight', 'layers.0.self_attn.q_proj.weight', 'layers.0.self_attn.k_proj.weight', 'layers.0.self_attn.v_proj.weight']
[36m(SpecoVLLMHttpServer pid=62582)[0m (Worker_TP0 pid=63260) WARNING:2026-09-19 10:08:51,795:SPECO committed online drafter revision=9 loaded_params=58
[36m(SpecoVLLMHttpServer pid=62582)[0m (Worker_TP1 pid=63261) WARNING:2026-09-19 10:08:51,955:[speco draft ipc] streamed 58 translated weights in 1 buckets into DFlashQwen3Model (method=dflash), first 5 keys: ['fc.weight', 'hidden_norm.weight', 'layers.0.self_attn.q_proj.weight', 'layers.0.self_attn.k_proj.weight', 'layers.0.self_attn.v_proj.weight']
[36m(SpecoVLLMHttpServer pid=62582)[0m (Worker_TP1 pid=63261) WARNING:2026-09-19 10:08:51,961:SPECO committed online drafter revision=9 loaded_params=58
[36m(WorkerDict pid=62310)[0m WARNING:2026-09-19 10:08:53,080:[speco publish reclaim] role=consumer async=True global_steps=9 num_weights=58 payload_cleared=1 allocator=glibc action=malloc_trim heap_trimmed=True elapsed_sec=0.621 memory_before=(rss_gib=20.18 anon_gib=6.90 rss_shmem_gib=10.58 node_unavailable_gib=216.75 available_gib=286.74 cached_gib=306.65 node_shmem_gib=41.46 dev_shm_used_gib=0.07 dirty_gib=53.34 writeback_gib=0.02) memory_after=(rss_gib=19.03 anon_gib=5.76 rss_shmem_gib=10.58 node_unavailable_gib=215.05 available_gib=288.43 cached_gib=306.69 node_shmem_gib=41.46 dev_shm_used_gib=0.07 dirty_gib=53.36 writeback_gib=0.03)
[36m(SpecoVLLMHttpServer pid=62582)[0m (Worker_TP1 pid=63261) WARNING:2026-09-19 10:08:55,240:[speco draft sleep] drafter state saved before level-2 sleep (66 tensors)
[36m(SpecoVLLMHttpServer pid=62582)[0m (Worker_TP0 pid=63260) WARNING:2026-09-19 10:08:55,246:[speco draft sleep] drafter state saved before level-2 sleep (66 tensors)
[36m(SpecoWorker pid=63572)[0m WARNING:2026-09-19 10:09:11,876:[drafter logits quality] valid_tokens=120 top1_acc=0.133333 top5_acc=0.400000 local_ploss_sum=206.913361 local_tokens=120 per_step=[{'step': 0, 'tokens': 8, 'top1': 0.625, 'top5': 0.75}, {'step': 1, 'tokens': 8, 'top1': 0.375, 'top5': 0.625}, {'step': 2, 'tokens': 8, 'top1': 0.125, 'top5': 0.5}, {'step': 3, 'tokens': 8, 'top1': 0.0, 'top5': 0.375}, {'step': 4, 'tokens': 8, 'top1': 0.375, 'top5': 0.75}, {'step': 5, 'tokens': 8, 'top1': 0.25, 'top5': 0.375}, {'step': 6, 'tokens': 8, 'top1': 0.0, 'top5': 0.25}, {'step': 7, 'tokens': 8, 'top1': 0.0, 'top5': 0.375}, {'step': 8, 'tokens': 8, 'top1': 0.125, 'top5': 0.25}, {'step': 9, 'tokens': 8, 'top1': 0.0, 'top5': 0.375}, {'step': 10, 'tokens': 8, 'top1': 0.0, 'top5': 0.375}, {'step': 11, 'tokens': 8, 'top1': 0.0, 'top5': 0.25}, {'step': 12, 'tokens': 8, 'top1': 0.125, 'top5': 0.375}, {'step': 13, 'tokens': 8, 'top1': 0.0, 'top5': 0.125}, {'step': 14, 'tokens': 8, 'top1': 0.0, 'top5': 0.25}]
[36m(SpecoWorker pid=63572)[0m INFO:2026-09-19 10:09:13,254:[drafter loss] step=1 optimizer_step_total=10 lr=1.000e-05 loss=3.8637 vloss=0.0000 ploss=3.8637
[36m(SpecoVLLMHttpServer pid=62582)[0m (Worker_TP1 pid=63261) WARNING:2026-09-19 10:09:19,103:[speco draft wake_up] drafter state restored after level-2 wake_up (66 tensors, revision=9)
[36m(SpecoVLLMHttpServer pid=62582)[0m (Worker_TP0 pid=63260) WARNING:2026-09-19 10:09:19,173:[speco draft wake_up] drafter state restored after level-2 wake_up (66 tensors, revision=9)
[36m(SpecoWorker pid=63642)[0m WARNING:2026-09-19 10:09:11,876:[drafter logits quality] valid_tokens=120 top1_acc=0.133333 top5_acc=0.425000 local_ploss_sum=202.982285 local_tokens=120 per_step=[{'step': 0, 'tokens': 8, 'top1': 0.625, 'top5': 0.875}, {'step': 1, 'tokens': 8, 'top1': 0.25, 'top5': 0.625}, {'step': 2, 'tokens': 8, 'top1': 0.0, 'top5': 0.25}, {'step': 3, 'tokens': 8, 'top1': 0.125, 'top5': 0.5}, {'step': 4, 'tokens': 8, 'top1': 0.25, 'top5': 0.625}, {'step': 5, 'tokens': 8, 'top1': 0.125, 'top5': 0.375}, {'step': 6, 'tokens': 8, 'top1': 0.125, 'top5': 0.375}, {'step': 7, 'tokens': 8, 'top1': 0.0, 'top5': 0.375}, {'step': 8, 'tokens': 8, 'top1': 0.125, 'top5': 0.25}, {'step': 9, 'tokens': 8, 'top1': 0.125, 'top5': 0.5}, {'step': 10, 'tokens': 8, 'top1': 0.0, 'top5': 0.375}, {'step': 11, 'tokens': 8, 'top1': 0.125, 'top5': 0.5}, {'step': 12, 'tokens': 8, 'top1': 0.125, 'top5': 0.375}, {'step': 13, 'tokens': 8, 'top1': 0.0, 'top5': 0.0}, {'step': 14, 'tokens': 8, 'top1': 0.0, 'top5': 0.375}]

[36m(SpecoTaskRunner pid=62090)[0m step:10 - global_seqlen/min:176 - global_seqlen/max:176 - global_seqlen/minmax_diff:0 - global_seqlen/balanced_min:176 - global_seqlen/balanced_max:176 - global_seqlen/mean:176.0 - actor/entropy:0.0 - perf/mfu/actor_infer:0.010265575369413043 - training/rollout_probs_diff_valid:1 - training/rollout_probs_diff_max:0.12435245513916016 - training/rollout_probs_diff_mean:0.0074689872562885284 - training/rollout_probs_diff_std:0.016550712287425995 - training/rollout_actor_probs_pearson_corr:0.9968367218971252 - rollout_corr/training_ppl:1.2212187051773071 - rollout_corr/training_log_ppl:0.199192613363266 - rollout_corr/kl:0.0022631792817264795 - rollout_corr/k3_kl:0.0015765649732202291 - rollout_corr/rollout_ppl:1.2184605598449707 - rollout_corr/rollout_log_ppl:0.1969294250011444 - rollout_corr/log_ppl_diff:0.002263180911540985 - rollout_corr/log_ppl_abs_diff:0.0044920966029167175 - rollout_corr/log_ppl_diff_max:0.007188975811004639 - rollout_corr/log_ppl_diff_min:-0.0023957788944244385 - rollout_corr/ppl_ratio:1.0022759437561035 - rollout_corr/chi2_token:0.0015846490859985352 - rollout_corr/chi2_seq:-0.12384790182113647 - actor/pg_clipfrac:np.float64(0.0) - actor/ppo_kl:np.float64(0.0) - actor/pg_clipfrac_lower:np.float64(0.0) - actor/pg_loss:np.float64(0.0) - actor/loss:np.float64(0.0) - actor/grad_norm:np.float64(0.0) - actor/lr:np.float64(1e-06) - actor/perf/max_memory_allocated_gb:np.float64(28.541846752166748) - actor/perf/max_memory_reserved_gb:np.float64(37.9921875) - actor/perf/cpu_memory_used_gb:np.float64(220.1007080078125) - perf/mfu/actor:np.float64(0.01028217911368633) - drafter/raw_drafter_samples:np.float64(4.0) - drafter/collected_samples:np.float64(2.0) - drafter/collect_interval_matched:np.float64(1.0) - drafter/collection_plan_used:np.float64(1.0) - drafter/collection_plan_collect:np.float64(1.0) - drafter/collection_plan_reason:np.float64(7.0) - drafter/collection_plan_source:np.float64(2.0) - drafter/collection_plan_interval_matched:np.float64(1.0) - drafter/collection_plan_training_interval_matched:np.float64(1.0) - drafter/collection_attempted:np.float64(1.0) - drafter/collection_completed:np.float64(1.0) - drafter/collection_outcome_reason:np.float64(1.0) - drafter/collection_rejected_samples:np.float64(0.0) - drafter/collection_worker_results:np.float64(1.0) - drafter/collection_finalized:np.float64(1.0) - drafter/collection_expired_stages:np.float64(0.0) - timing_s/drafter_collection_rpc:np.float64(0.03214325299995835) - drafter/scheduler_used:np.float64(1.0) - drafter/schedule_launch:np.float64(1.0) - drafter/schedule_interval_matched:np.float64(1.0) - drafter/schedule_strategy:np.float64(0.0) - drafter/schedule_reason:np.float64(10.0) - drafter/target_lm_head_apply_deferred:np.float64(1.0) - drafter/target_lm_head_selected_rows:np.float64(0.0) - drafter/target_lm_head_source_vocab_size:np.float64(0.0) - drafter/target_lm_head_direct_sparse_export:np.float64(0.0) - timing_s/drafter_sync_target_lm_head_fetch:np.float64(3.6848336900002323) - timing_s/drafter_sync_target_lm_head_dispatch:np.float64(1.0468981949998124) - drafter/train_interval_matched:np.float64(1.0) - drafter/target_lm_head_synced:np.float64(1.0) - timing_s/drafter_sync_target_lm_head:np.float64(4.735864594000304) - timing_s/drafter_sync_target_lm_head_apply:np.float64(1.047280132999731) - timing_s/drafter_sync_target_lm_head_wait:np.float64(0.00038193799991859123) - timing_s/drafter_sync_target_lm_head_overlap_window:np.float64(6.7132508309987315) - drafter/trained:np.float64(1.0) - drafter/train_successful_steps_max:np.int64(1) - drafter/train_no_trainable_batch:np.float64(0.0) - drafter/train_activation_failed:np.float64(0.0) - drafter/train_attempted_batches_max:np.int64(1) - drafter/train_buffer_size_before_min:np.int64(2) - drafter/train_buffer_size_after_min:np.int64(0) - drafter/train_optimizer_step_max:np.int64(10) - drafter/train_worker_results_consistent:np.float64(1.0) - drafter/train_worker_ids_consistent:np.float64(1.0) - drafter/train_worker_incarnations_consistent:np.float64(1.0) - drafter/train_plan_ids_consistent:np.float64(1.0) - drafter/train_source_steps_consistent:np.float64(1.0) - drafter/train_data_versions_consistent:np.float64(1.0) - drafter/train_target_versions_consistent:np.float64(1.0) - drafter/train_successful_steps_consistent:np.float64(1.0) - drafter/train_optimizer_steps_consistent:np.float64(1.0) - drafter/train_publish_leader_count:np.float64(1.0) - drafter/train_publish_leader_snapshot_ready:np.float64(1.0) - timing_s/drafter_prepare_batch:np.float64(0.0026144981384277344) - timing_s/drafter_forward_loss:np.float64(1.2573630809783936) - timing_s/drafter_reduce_loss:np.float64(0.0011820793151855469) - timing_s/drafter_backward:np.float64(0.08402895927429199) - timing_s/drafter_optimizer:np.float64(0.19281220436096191) - timing_s/drafter_publish_snapshot:np.float64(2.3992154598236084) - timing_s/drafter_worker_training_loop:np.float64(1.5265276432037354) - timing_s/drafter_worker_cleanup:np.float64(4.233977556228638) - timing_s/drafter_worker_elapsed:np.float64(6.021600961685181) - timing_s/drafter_train_rpc:np.float64(7.19336099299835) - drafter/runtime_state:np.float64(3.0) - drafter/runtime_completed_batches:np.float64(1.0) - drafter/runtime_inflight:np.float64(0.0) - timing_s/drafter_runtime_batch_average:np.float64(7.19336099299835) - timing_s/drafter_outer_unaccounted:np.float64(0.009255383996787714) - drafter/publish_attempted:np.float64(1.0) - drafter/published:np.float64(1.0) - timing_s/drafter_publish_wait_pending:np.float64(3.7150020943954587e-06) - timing_s/drafter_publish_fetch_snapshot:np.float64(3.632659158000024) - timing_s/drafter_publish_update_weights:np.float64(0.001471584997489117) - training/global_step:10 - training/epoch:1 - critic/score/mean:0.0 - critic/score/max:0.0 - critic/score/min:0.0 - critic/rewards/mean:0.0 - critic/rewards/max:0.0 - critic/rewards/min:0.0 - critic/advantages/mean:0.0 - critic/advantages/max:0.0 - critic/advantages/min:0.0 - critic/returns/mean:0.0 - critic/returns/max:0.0 - critic/returns/min:0.0 - response_length/mean:64.0 - response_length/max:64.0 - response_length/min:64.0 - response_length/clip_ratio:1.0 - response_length_non_aborted/mean:64.0 - response_length_non_aborted/max:64.0 - response_length_non_aborted/min:64.0 - response_length_non_aborted/clip_ratio:1.0 - response/aborted_ratio:0.0 - prompt_length/mean:24.0 - prompt_length/max:24.0 - prompt_length/min:24.0 - prompt_length/clip_ratio:0.0 - num_turns/min:np.int32(2) - num_turns/max:np.int32(2) - num_turns/mean:np.float64(2.0) - timing_s/start_profile:0.00012339599925326183 - timing_s/agent_loop/num_preempted/min:np.int64(-1) - timing_s/agent_loop/num_preempted/max:np.int64(-1) - timing_s/agent_loop/num_preempted/mean:np.float64(-1.0) - timing_s/agent_loop/generate_sequences/min:np.float64(0.8734040010022) - timing_s/agent_loop/generate_sequences/max:np.float64(1.0998876089979603) - timing_s/agent_loop/generate_sequences/mean:np.float64(0.9574428557498322) - timing_s/agent_loop/tool_calls/min:np.float64(0.0) - timing_s/agent_loop/tool_calls/max:np.float64(0.0) - timing_s/agent_loop/tool_calls/mean:np.float64(0.0) - timing_s/agent_loop/compute_score/min:np.float64(0.008883578000677517) - timing_s/agent_loop/compute_score/max:np.float64(0.013170604001061292) - timing_s/agent_loop/compute_score/mean:np.float64(0.010973896501127456) - timing_s/agent_loop/slowest/generate_sequences:np.float64(1.0998876089979603) - timing_s/agent_loop/slowest/tool_calls:np.float64(0.0) - timing_s/agent_loop/slowest/compute_score:np.float64(0.01173196200033999) - timing_s/agent_loop/slowest/num_preempted:np.int64(-1) - timing_s/agent_loop/slowest/prompt_length:24 - timing_s/agent_loop/slowest/response_length:64 - timing_s/gen:6.717784888998722 - timing_s/reward:2.7237998438067734e-05 - timing_s/old_log_prob:3.7020253090013284 - timing_s/adv:0.003606472000683425 - timing_s/update_actor:6.713881210005638 - timing_s/drafter:11.938480970995442 - drafter/spec_decode/mean_acceptance_length:2.2033898305084745 - timing_s/update_weights:13.444410748001246 - timing_s/step:42.526462025998626 - timing_s/stop_profile:0.00014634800027124584 - timing_per_token_ms/gen:26.241347222651257 - timing_per_token_ms/adv:0.01024565909285064 - timing_per_token_ms/update_actor:19.073526164788746 - perf/total_num_tokens:352 - perf/time_per_step:42.526462025998626 - perf/throughput:4.1385996298587475[36m(SpecoTaskRunner pid=62090)[0m Training Progress:  50%|█████     | 10/20 [11:03<07:51, 47.11s/it]
[36m(SpecoWorker pid=63572)[0m WARNING:2026-09-19 10:09:30,874:[speco publish reclaim] role=producer global_steps=10 num_weights=58 payload_cleared=1 allocator=glibc action=malloc_trim heap_trimmed=True elapsed_sec=0.237 memory_before=(rss_gib=11.00 anon_gib=5.66 rss_shmem_gib=2.80 node_unavailable_gib=219.77 available_gib=283.71 cached_gib=303.98 node_shmem_gib=41.48 dev_shm_used_gib=0.07 dirty_gib=53.08 writeback_gib=0.02) memory_after=(rss_gib=10.50 anon_gib=5.17 rss_shmem_gib=2.80 node_unavailable_gib=219.29 available_gib=284.20 cached_gib=304.01 node_shmem_gib=41.48 dev_shm_used_gib=0.07 dirty_gib=53.07 writeback_gib=0.02)
[36m(WorkerDict pid=62310)[0m WARNING:2026-09-19 10:09:33,562:[speco publish materialize] async=True global_steps=10 elapsed_sec=2.362 num_weights=58
[36m(SpecoVLLMHttpServer pid=62582)[0m (Worker_TP0 pid=63260) WARNING:2026-09-19 10:09:42,028:[speco draft ipc] streamed 58 translated weights in 1 buckets into DFlashQwen3Model (method=dflash), first 5 keys: ['fc.weight', 'hidden_norm.weight', 'layers.0.self_attn.q_proj.weight', 'layers.0.self_attn.k_proj.weight', 'layers.0.self_attn.v_proj.weight']
[36m(SpecoVLLMHttpServer pid=62582)[0m (Worker_TP0 pid=63260) WARNING:2026-09-19 10:09:42,034:SPECO committed online drafter revision=10 loaded_params=58
[36m(SpecoVLLMHttpServer pid=62582)[0m (Worker_TP1 pid=63261) WARNING:2026-09-19 10:09:42,065:[speco draft ipc] streamed 58 translated weights in 1 buckets into DFlashQwen3Model (method=dflash), first 5 keys: ['fc.weight', 'hidden_norm.weight', 'layers.0.self_attn.q_proj.weight', 'layers.0.self_attn.k_proj.weight', 'layers.0.self_attn.v_proj.weight']
[36m(SpecoVLLMHttpServer pid=62582)[0m (Worker_TP1 pid=63261) WARNING:2026-09-19 10:09:42,070:SPECO committed online drafter revision=10 loaded_params=58
[36m(WorkerDict pid=62310)[0m WARNING:2026-09-19 10:09:42,995:[speco publish reclaim] role=consumer async=True global_steps=10 num_weights=58 payload_cleared=1 allocator=glibc action=malloc_trim heap_trimmed=True elapsed_sec=0.445 memory_before=(rss_gib=20.12 anon_gib=6.85 rss_shmem_gib=10.58 node_unavailable_gib=223.96 available_gib=279.52 cached_gib=299.69 node_shmem_gib=41.48 dev_shm_used_gib=0.07 dirty_gib=52.98 writeback_gib=0.02) memory_after=(rss_gib=19.03 anon_gib=5.76 rss_shmem_gib=10.58 node_unavailable_gib=222.21 available_gib=281.28 cached_gib=299.76 node_shmem_gib=41.48 dev_shm_used_gib=0.07 dirty_gib=52.98 writeback_gib=0.01)
[36m(SpecoVLLMHttpServer pid=62582)[0m (Worker_TP1 pid=63261) WARNING:2026-09-19 10:09:49,092:[speco draft sleep] drafter state saved before level-2 sleep (66 tensors)
[36m(SpecoVLLMHttpServer pid=62582)[0m (Worker_TP0 pid=63260) WARNING:2026-09-19 10:09:49,111:[speco draft sleep] drafter state saved before level-2 sleep (66 tensors)
[36m(SpecoWorker pid=63642)[0m WARNING:2026-09-19 10:10:18,675:[drafter logits quality] valid_tokens=120 top1_acc=0.175000 top5_acc=0.516667 local_ploss_sum=183.085785 local_tokens=120 per_step=[{'step': 0, 'tokens': 8, 'top1': 0.625, 'top5': 0.875}, {'step': 1, 'tokens': 8, 'top1': 0.625, 'top5': 0.875}, {'step': 2, 'tokens': 8, 'top1': 0.125, 'top5': 0.75}, {'step': 3, 'tokens': 8, 'top1': 0.25, 'top5': 0.5}, {'step': 4, 'tokens': 8, 'top1': 0.0, 'top5': 0.375}, {'step': 5, 'tokens': 8, 'top1': 0.125, 'top5': 0.375}, {'step': 6, 'tokens': 8, 'top1': 0.125, 'top5': 0.625}, {'step': 7, 'tokens': 8, 'top1': 0.0, 'top5': 0.75}, {'step': 8, 'tokens': 8, 'top1': 0.0, 'top5': 0.625}, {'step': 9, 'tokens': 8, 'top1': 0.375, 'top5': 0.75}, {'step': 10, 'tokens': 8, 'top1': 0.0, 'top5': 0.25}, {'step': 11, 'tokens': 8, 'top1': 0.125, 'top5': 0.5}, {'step': 12, 'tokens': 8, 'top1': 0.125, 'top5': 0.25}, {'step': 13, 'tokens': 8, 'top1': 0.125, 'top5': 0.125}, {'step': 14, 'tokens': 8, 'top1': 0.0, 'top5': 0.125}]
[36m(SpecoWorker pid=63572)[0m INFO:2026-09-19 10:10:23,990:[drafter loss] step=1 optimizer_step_total=11 lr=1.000e-05 loss=3.3504 vloss=0.0000 ploss=3.3504
[36m(SpecoVLLMHttpServer pid=62582)[0m (Worker_TP1 pid=63261) WARNING:2026-09-19 10:10:29,720:[speco draft wake_up] drafter state restored after level-2 wake_up (66 tensors, revision=10)
[36m(SpecoVLLMHttpServer pid=62582)[0m (Worker_TP0 pid=63260) WARNING:2026-09-19 10:10:29,720:[speco draft wake_up] drafter state restored after level-2 wake_up (66 tensors, revision=10)
[36m(SpecoWorker pid=63572)[0m WARNING:2026-09-19 10:10:18,675:[drafter logits quality] valid_tokens=120 top1_acc=0.216667 top5_acc=0.516667 local_ploss_sum=172.357544 local_tokens=120 per_step=[{'step': 0, 'tokens': 8, 'top1': 0.625, 'top5': 0.875}, {'step': 1, 'tokens': 8, 'top1': 0.75, 'top5': 0.875}, {'step': 2, 'tokens': 8, 'top1': 0.25, 'top5': 0.875}, {'step': 3, 'tokens': 8, 'top1': 0.0, 'top5': 0.125}, {'step': 4, 'tokens': 8, 'top1': 0.25, 'top5': 0.75}, {'step': 5, 'tokens': 8, 'top1': 0.25, 'top5': 0.625}, {'step': 6, 'tokens': 8, 'top1': 0.25, 'top5': 0.5}, {'step': 7, 'tokens': 8, 'top1': 0.0, 'top5': 0.5}, {'step': 8, 'tokens': 8, 'top1': 0.0, 'top5': 0.5}, {'step': 9, 'tokens': 8, 'top1': 0.25, 'top5': 0.5}, {'step': 10, 'tokens': 8, 'top1': 0.125, 'top5': 0.375}, {'step': 11, 'tokens': 8, 'top1': 0.25, 'top5': 0.5}, {'step': 12, 'tokens': 8, 'top1': 0.125, 'top5': 0.375}, {'step': 13, 'tokens': 8, 'top1': 0.0, 'top5': 0.125}, {'step': 14, 'tokens': 8, 'top1': 0.125, 'top5': 0.25}]

[36m(SpecoTaskRunner pid=62090)[0m step:11 - global_seqlen/min:176 - global_seqlen/max:178 - global_seqlen/minmax_diff:2 - global_seqlen/balanced_min:177 - global_seqlen/balanced_max:177 - global_seqlen/mean:177.0 - actor/entropy:0.0 - perf/mfu/actor_infer:0.009714373530853719 - training/rollout_probs_diff_valid:1 - training/rollout_probs_diff_max:0.11653393507003784 - training/rollout_probs_diff_mean:0.005093482322990894 - training/rollout_probs_diff_std:0.01485027838498354 - training/rollout_actor_probs_pearson_corr:0.9972096681594849 - rollout_corr/training_ppl:1.1723819971084595 - rollout_corr/training_log_ppl:0.1582317054271698 - rollout_corr/kl:0.005767751019448042 - rollout_corr/k3_kl:0.0007164455018937588 - rollout_corr/rollout_ppl:1.1655482053756714 - rollout_corr/rollout_log_ppl:0.15246395766735077 - rollout_corr/log_ppl_diff:0.005767742171883583 - rollout_corr/log_ppl_abs_diff:0.005767742171883583 - rollout_corr/log_ppl_diff_max:0.01518237590789795 - rollout_corr/log_ppl_diff_min:0.0002760663628578186 - rollout_corr/ppl_ratio:1.0058003664016724 - rollout_corr/chi2_token:-0.008815467357635498 - rollout_corr/chi2_seq:-0.41570186614990234 - actor/pg_clipfrac:np.float64(0.0) - actor/ppo_kl:np.float64(0.0) - actor/pg_clipfrac_lower:np.float64(0.0) - actor/pg_loss:np.float64(0.0) - actor/loss:np.float64(0.0) - actor/grad_norm:np.float64(0.0) - actor/lr:np.float64(1e-06) - actor/perf/max_memory_allocated_gb:np.float64(28.541846752166748) - actor/perf/max_memory_reserved_gb:np.float64(37.9921875) - actor/perf/cpu_memory_used_gb:np.float64(231.54961013793945) - perf/mfu/actor:np.float64(0.010301946288073098) - drafter/raw_drafter_samples:np.float64(4.0) - drafter/collected_samples:np.float64(2.0) - drafter/collect_interval_matched:np.float64(1.0) - drafter/collection_plan_used:np.float64(1.0) - drafter/collection_plan_collect:np.float64(1.0) - drafter/collection_plan_reason:np.float64(7.0) - drafter/collection_plan_source:np.float64(2.0) - drafter/collection_plan_interval_matched:np.float64(1.0) - drafter/collection_plan_training_interval_matched:np.float64(1.0) - drafter/collection_attempted:np.float64(1.0) - drafter/collection_completed:np.float64(1.0) - drafter/collection_outcome_reason:np.float64(1.0) - drafter/collection_rejected_samples:np.float64(0.0) - drafter/collection_worker_results:np.float64(1.0) - drafter/collection_finalized:np.float64(1.0) - drafter/collection_expired_stages:np.float64(0.0) - timing_s/drafter_collection_rpc:np.float64(4.194681012999354) - drafter/scheduler_used:np.float64(1.0) - drafter/schedule_launch:np.float64(1.0) - drafter/schedule_interval_matched:np.float64(1.0) - drafter/schedule_strategy:np.float64(0.0) - drafter/schedule_reason:np.float64(10.0) - drafter/target_lm_head_apply_deferred:np.float64(1.0) - drafter/target_lm_head_selected_rows:np.float64(0.0) - drafter/target_lm_head_source_vocab_size:np.float64(0.0) - drafter/target_lm_head_direct_sparse_export:np.float64(0.0) - timing_s/drafter_sync_target_lm_head_fetch:np.float64(3.6024355810004636) - timing_s/drafter_sync_target_lm_head_dispatch:np.float64(0.9253609070001403) - drafter/train_interval_matched:np.float64(1.0) - drafter/target_lm_head_synced:np.float64(1.0) - timing_s/drafter_sync_target_lm_head:np.float64(4.531505991002632) - timing_s/drafter_sync_target_lm_head_apply:np.float64(0.9256975400021474) - timing_s/drafter_sync_target_lm_head_wait:np.float64(0.0003366330020071473) - timing_s/drafter_sync_target_lm_head_overlap_window:np.float64(15.883342211000127) - drafter/trained:np.float64(1.0) - drafter/train_successful_steps_max:np.int64(1) - drafter/train_no_trainable_batch:np.float64(0.0) - drafter/train_activation_failed:np.float64(0.0) - drafter/train_attempted_batches_max:np.int64(1) - drafter/train_buffer_size_before_min:np.int64(2) - drafter/train_buffer_size_after_min:np.int64(0) - drafter/train_optimizer_step_max:np.int64(11) - drafter/train_worker_results_consistent:np.float64(1.0) - drafter/train_worker_ids_consistent:np.float64(1.0) - drafter/train_worker_incarnations_consistent:np.float64(1.0) - drafter/train_plan_ids_consistent:np.float64(1.0) - drafter/train_source_steps_consistent:np.float64(1.0) - drafter/train_data_versions_consistent:np.float64(1.0) - drafter/train_target_versions_consistent:np.float64(1.0) - drafter/train_successful_steps_consistent:np.float64(1.0) - drafter/train_optimizer_steps_consistent:np.float64(1.0) - drafter/train_publish_leader_count:np.float64(1.0) - drafter/train_publish_leader_snapshot_ready:np.float64(1.0) - timing_s/drafter_prepare_batch:np.float64(0.0025620460510253906) - timing_s/drafter_forward_loss:np.float64(5.193016767501831) - timing_s/drafter_reduce_loss:np.float64(0.0011925697326660156) - timing_s/drafter_backward:np.float64(0.1252903938293457) - timing_s/drafter_optimizer:np.float64(0.13011646270751953) - timing_s/drafter_publish_snapshot:np.float64(2.346442461013794) - timing_s/drafter_worker_training_loop:np.float64(5.4630327224731445) - timing_s/drafter_worker_cleanup:np.float64(4.165884017944336) - timing_s/drafter_worker_elapsed:np.float64(9.942733526229858) - timing_s/drafter_train_rpc:np.float64(11.122231807999924) - drafter/runtime_state:np.float64(3.0) - drafter/runtime_completed_batches:np.float64(1.0) - drafter/runtime_inflight:np.float64(0.0) - timing_s/drafter_runtime_batch_average:np.float64(11.122231807999924) - timing_s/drafter_outer_unaccounted:np.float64(0.008558970999729354) - drafter/publish_attempted:np.float64(1.0) - drafter/published:np.float64(1.0) - timing_s/drafter_publish_wait_pending:np.float64(2.9959992389194667e-06) - timing_s/drafter_publish_fetch_snapshot:np.float64(13.528058698000677) - timing_s/drafter_publish_update_weights:np.float64(0.0014399120009329636) - training/global_step:11 - training/epoch:1 - critic/score/mean:0.0 - critic/score/max:0.0 - critic/score/min:0.0 - critic/rewards/mean:0.0 - critic/rewards/max:0.0 - critic/rewards/min:0.0 - critic/advantages/mean:0.0 - critic/advantages/max:0.0 - critic/advantages/min:0.0 - critic/returns/mean:0.0 - critic/returns/max:0.0 - critic/returns/min:0.0 - response_length/mean:64.0 - response_length/max:64.0 - response_length/min:64.0 - response_length/clip_ratio:1.0 - response_length_non_aborted/mean:64.0 - response_length_non_aborted/max:64.0 - response_length_non_aborted/min:64.0 - response_length_non_aborted/clip_ratio:1.0 - response/aborted_ratio:0.0 - prompt_length/mean:24.5 - prompt_length/max:25.0 - prompt_length/min:24.0 - prompt_length/clip_ratio:0.0 - num_turns/min:np.int32(2) - num_turns/max:np.int32(2) - num_turns/mean:np.float64(2.0) - timing_s/start_profile:0.00012286800119909458 - timing_s/agent_loop/num_preempted/min:np.int64(-1) - timing_s/agent_loop/num_preempted/max:np.int64(-1) - timing_s/agent_loop/num_preempted/mean:np.float64(-1.0) - timing_s/agent_loop/generate_sequences/min:np.float64(0.7758097059995634) - timing_s/agent_loop/generate_sequences/max:np.float64(1.0102186229996732) - timing_s/agent_loop/generate_sequences/mean:np.float64(0.920091311249962) - timing_s/agent_loop/tool_calls/min:np.float64(0.0) - timing_s/agent_loop/tool_calls/max:np.float64(0.0) - timing_s/agent_loop/tool_calls/mean:np.float64(0.0) - timing_s/agent_loop/compute_score/min:np.float64(0.007893607002188219) - timing_s/agent_loop/compute_score/max:np.float64(3.4283704859990394) - timing_s/agent_loop/compute_score/mean:np.float64(1.7170399034994261) - timing_s/agent_loop/slowest/generate_sequences:np.float64(1.0046872990023985) - timing_s/agent_loop/slowest/tool_calls:np.float64(0.0) - timing_s/agent_loop/slowest/compute_score:np.float64(3.4283704859990394) - timing_s/agent_loop/slowest/num_preempted:np.int64(-1) - timing_s/agent_loop/slowest/prompt_length:24 - timing_s/agent_loop/slowest/response_length:64 - timing_s/gen:18.055373539998982 - timing_s/reward:1.7977999959839508e-05 - timing_s/old_log_prob:7.656261326999811 - timing_s/adv:0.0034663170008570887 - timing_s/update_actor:15.88338193299569 - timing_s/drafter:15.662296770002285 - drafter/spec_decode/mean_acceptance_length:2.263157894736842 - timing_s/update_weights:24.092804511001304 - timing_s/step:81.35885083599715 - timing_s/stop_profile:0.00016306200268445536 - timing_per_token_ms/gen:70.52880289062102 - timing_per_token_ms/adv:0.009791855934624545 - timing_per_token_ms/update_actor:44.868310545185565 - perf/total_num_tokens:354 - perf/time_per_step:81.35885083599715 - perf/throughput:2.175546952559543[36m(SpecoTaskRunner pid=62090)[0m Training Progress:  55%|█████▌    | 11/20 [12:24<08:38, 57.59s/it]
[36m(SpecoWorker pid=63572)[0m WARNING:2026-09-19 10:10:47,132:[speco publish reclaim] role=producer global_steps=11 num_weights=58 payload_cleared=1 allocator=glibc action=malloc_trim heap_trimmed=True elapsed_sec=0.235 memory_before=(rss_gib=11.00 anon_gib=5.67 rss_shmem_gib=2.80 node_unavailable_gib=235.03 available_gib=268.46 cached_gib=289.50 node_shmem_gib=41.48 dev_shm_used_gib=0.07 dirty_gib=52.86 writeback_gib=0.02) memory_after=(rss_gib=10.50 anon_gib=5.17 rss_shmem_gib=2.80 node_unavailable_gib=234.59 available_gib=268.90 cached_gib=289.55 node_shmem_gib=41.48 dev_shm_used_gib=0.07 dirty_gib=52.86 writeback_gib=0.02)
[36m(WorkerDict pid=62310)[0m WARNING:2026-09-19 10:10:54,916:[speco publish materialize] async=True global_steps=11 elapsed_sec=2.348 num_weights=58
[36m(SpecoVLLMHttpServer pid=62582)[0m (Worker_TP1 pid=63261) WARNING:2026-09-19 10:10:55,240:[speco draft ipc] streamed 58 translated weights in 1 buckets into DFlashQwen3Model (method=dflash), first 5 keys: ['fc.weight', 'hidden_norm.weight', 'layers.0.self_attn.q_proj.weight', 'layers.0.self_attn.k_proj.weight', 'layers.0.self_attn.v_proj.weight']
[36m(SpecoVLLMHttpServer pid=62582)[0m (Worker_TP1 pid=63261) WARNING:2026-09-19 10:10:55,244:SPECO committed online drafter revision=11 loaded_params=58
[36m(SpecoVLLMHttpServer pid=62582)[0m (Worker_TP0 pid=63260) WARNING:2026-09-19 10:10:55,253:[speco draft ipc] streamed 58 translated weights in 1 buckets into DFlashQwen3Model (method=dflash), first 5 keys: ['fc.weight', 'hidden_norm.weight', 'layers.0.self_attn.q_proj.weight', 'layers.0.self_attn.k_proj.weight', 'layers.0.self_attn.v_proj.weight']
[36m(SpecoVLLMHttpServer pid=62582)[0m (Worker_TP0 pid=63260) WARNING:2026-09-19 10:10:55,257:SPECO committed online drafter revision=11 loaded_params=58
[36m(WorkerDict pid=62310)[0m WARNING:2026-09-19 10:10:56,166:[speco publish reclaim] role=consumer async=True global_steps=11 num_weights=58 payload_cleared=1 allocator=glibc action=malloc_trim heap_trimmed=True elapsed_sec=0.443 memory_before=(rss_gib=20.13 anon_gib=6.86 rss_shmem_gib=10.58 node_unavailable_gib=239.30 available_gib=264.19 cached_gib=284.85 node_shmem_gib=41.48 dev_shm_used_gib=0.07 dirty_gib=52.88 writeback_gib=0.01) memory_after=(rss_gib=19.03 anon_gib=5.76 rss_shmem_gib=10.58 node_unavailable_gib=236.79 available_gib=266.69 cached_gib=284.95 node_shmem_gib=41.48 dev_shm_used_gib=0.07 dirty_gib=52.88 writeback_gib=0.01)
[36m(SpecoVLLMHttpServer pid=62582)[0m (Worker_TP1 pid=63261) WARNING:2026-09-19 10:10:57,813:[speco draft sleep] drafter state saved before level-2 sleep (66 tensors)
[36m(SpecoVLLMHttpServer pid=62582)[0m (Worker_TP0 pid=63260) WARNING:2026-09-19 10:10:57,823:[speco draft sleep] drafter state saved before level-2 sleep (66 tensors)
[36m(SpecoWorker pid=63572)[0m WARNING:2026-09-19 10:11:29,804:[drafter logits quality] valid_tokens=120 top1_acc=0.166667 top5_acc=0.400000 local_ploss_sum=202.270279 local_tokens=120 per_step=[{'step': 0, 'tokens': 8, 'top1': 0.625, 'top5': 0.875}, {'step': 1, 'tokens': 8, 'top1': 0.375, 'top5': 0.625}, {'step': 2, 'tokens': 8, 'top1': 0.375, 'top5': 0.5}, {'step': 3, 'tokens': 8, 'top1': 0.25, 'top5': 0.5}, {'step': 4, 'tokens': 8, 'top1': 0.125, 'top5': 0.5}, {'step': 5, 'tokens': 8, 'top1': 0.25, 'top5': 0.375}, {'step': 6, 'tokens': 8, 'top1': 0.125, 'top5': 0.5}, {'step': 7, 'tokens': 8, 'top1': 0.0, 'top5': 0.25}, {'step': 8, 'tokens': 8, 'top1': 0.0, 'top5': 0.25}, {'step': 9, 'tokens': 8, 'top1': 0.125, 'top5': 0.25}, {'step': 10, 'tokens': 8, 'top1': 0.125, 'top5': 0.5}, {'step': 11, 'tokens': 8, 'top1': 0.125, 'top5': 0.5}, {'step': 12, 'tokens': 8, 'top1': 0.0, 'top5': 0.25}, {'step': 13, 'tokens': 8, 'top1': 0.0, 'top5': 0.0}, {'step': 14, 'tokens': 8, 'top1': 0.0, 'top5': 0.125}]
[36m(SpecoWorker pid=63572)[0m INFO:2026-09-19 10:11:30,089:[drafter loss] step=1 optimizer_step_total=12 lr=1.000e-05 loss=3.8511 vloss=0.0000 ploss=3.8511
[36m(SpecoVLLMHttpServer pid=62582)[0m (Worker_TP1 pid=63261) WARNING:2026-09-19 10:11:35,934:[speco draft wake_up] drafter state restored after level-2 wake_up (66 tensors, revision=11)
[36m(SpecoVLLMHttpServer pid=62582)[0m (Worker_TP0 pid=63260) WARNING:2026-09-19 10:11:35,937:[speco draft wake_up] drafter state restored after level-2 wake_up (66 tensors, revision=11)
[36m(SpecoWorker pid=63642)[0m WARNING:2026-09-19 10:11:29,804:[drafter logits quality] valid_tokens=120 top1_acc=0.175000 top5_acc=0.391667 local_ploss_sum=206.294571 local_tokens=120 per_step=[{'step': 0, 'tokens': 8, 'top1': 0.625, 'top5': 0.75}, {'step': 1, 'tokens': 8, 'top1': 0.375, 'top5': 0.625}, {'step': 2, 'tokens': 8, 'top1': 0.375, 'top5': 0.5}, {'step': 3, 'tokens': 8, 'top1': 0.25, 'top5': 0.25}, {'step': 4, 'tokens': 8, 'top1': 0.0, 'top5': 0.625}, {'step': 5, 'tokens': 8, 'top1': 0.25, 'top5': 0.375}, {'step': 6, 'tokens': 8, 'top1': 0.25, 'top5': 0.5}, {'step': 7, 'tokens': 8, 'top1': 0.0, 'top5': 0.25}, {'step': 8, 'tokens': 8, 'top1': 0.25, 'top5': 0.375}, {'step': 9, 'tokens': 8, 'top1': 0.0, 'top5': 0.25}, {'step': 10, 'tokens': 8, 'top1': 0.125, 'top5': 0.5}, {'step': 11, 'tokens': 8, 'top1': 0.125, 'top5': 0.625}, {'step': 12, 'tokens': 8, 'top1': 0.0, 'top5': 0.125}, {'step': 13, 'tokens': 8, 'top1': 0.0, 'top5': 0.0}, {'step': 14, 'tokens': 8, 'top1': 0.0, 'top5': 0.125}]
[36m(SpecoWorker pid=63572)[0m WARNING:2026-09-19 10:12:36,435:[speco publish reclaim] role=producer global_steps=12 num_weights=58 payload_cleared=1 allocator=glibc action=malloc_trim heap_trimmed=True elapsed_sec=0.271 memory_before=(rss_gib=11.00 anon_gib=5.66 rss_shmem_gib=2.80 node_unavailable_gib=260.56 available_gib=242.92 cached_gib=265.32 node_shmem_gib=41.48 dev_shm_used_gib=0.07 dirty_gib=52.64 writeback_gib=0.03) memory_after=(rss_gib=10.50 anon_gib=5.17 rss_shmem_gib=2.80 node_unavailable_gib=260.16 available_gib=243.33 cached_gib=265.44 node_shmem_gib=41.48 dev_shm_used_gib=0.07 dirty_gib=52.64 writeback_gib=0.04)

[36m(SpecoTaskRunner pid=62090)[0m step:12 - global_seqlen/min:176 - global_seqlen/max:178 - global_seqlen/minmax_diff:2 - global_seqlen/balanced_min:177 - global_seqlen/balanced_max:177 - global_seqlen/mean:177.0 - actor/entropy:0.0 - perf/mfu/actor_infer:0.0011409342788490959 - training/rollout_probs_diff_valid:1 - training/rollout_probs_diff_max:0.09584885835647583 - training/rollout_probs_diff_mean:0.006852630991488695 - training/rollout_probs_diff_std:0.015546918846666813 - training/rollout_actor_probs_pearson_corr:0.997114896774292 - rollout_corr/training_ppl:1.2093663215637207 - rollout_corr/training_log_ppl:0.19002625346183777 - rollout_corr/kl:-0.003948717378079891 - rollout_corr/k3_kl:0.0012291877064853907 - rollout_corr/rollout_ppl:1.2142130136489868 - rollout_corr/rollout_log_ppl:0.19397498667240143 - rollout_corr/log_ppl_diff:-0.003948722034692764 - rollout_corr/log_ppl_abs_diff:0.006393183022737503 - rollout_corr/log_ppl_diff_max:0.004250854253768921 - rollout_corr/log_ppl_diff_min:-0.012685731053352356 - rollout_corr/ppl_ratio:0.9960815906524658 - rollout_corr/chi2_token:0.013085484504699707 - rollout_corr/chi2_seq:1.3394355773925781 - actor/pg_clipfrac:np.float64(0.0) - actor/ppo_kl:np.float64(0.0) - actor/pg_clipfrac_lower:np.float64(0.0) - actor/pg_loss:np.float64(0.0) - actor/loss:np.float64(0.0) - actor/grad_norm:np.float64(0.0) - actor/lr:np.float64(1e-06) - actor/perf/max_memory_allocated_gb:np.float64(28.541846752166748) - actor/perf/max_memory_reserved_gb:np.float64(37.9921875) - actor/perf/cpu_memory_used_gb:np.float64(248.04650497436523) - perf/mfu/actor:np.float64(0.010115502818403836) - drafter/raw_drafter_samples:np.float64(4.0) - drafter/collected_samples:np.float64(2.0) - drafter/collect_interval_matched:np.float64(1.0) - drafter/collection_plan_used:np.float64(1.0) - drafter/collection_plan_collect:np.float64(1.0) - drafter/collection_plan_reason:np.float64(7.0) - drafter/collection_plan_source:np.float64(2.0) - drafter/collection_plan_interval_matched:np.float64(1.0) - drafter/collection_plan_training_interval_matched:np.float64(1.0) - drafter/collection_attempted:np.float64(1.0) - drafter/collection_completed:np.float64(1.0) - drafter/collection_outcome_reason:np.float64(1.0) - drafter/collection_rejected_samples:np.float64(0.0) - drafter/collection_worker_results:np.float64(1.0) - drafter/collection_finalized:np.float64(1.0) - drafter/collection_expired_stages:np.float64(0.0) - timing_s/drafter_collection_rpc:np.float64(0.49157894200106966) - drafter/scheduler_used:np.float64(1.0) - drafter/schedule_launch:np.float64(1.0) - drafter/schedule_interval_matched:np.float64(1.0) - drafter/schedule_strategy:np.float64(0.0) - drafter/schedule_reason:np.float64(10.0) - drafter/target_lm_head_apply_deferred:np.float64(1.0) - drafter/target_lm_head_selected_rows:np.float64(0.0) - drafter/target_lm_head_source_vocab_size:np.float64(0.0) - drafter/target_lm_head_direct_sparse_export:np.float64(0.0) - timing_s/drafter_sync_target_lm_head_fetch:np.float64(4.458675737998419) - timing_s/drafter_sync_target_lm_head_dispatch:np.float64(4.4470773359971645) - drafter/train_interval_matched:np.float64(1.0) - drafter/target_lm_head_synced:np.float64(1.0) - timing_s/drafter_sync_target_lm_head:np.float64(8.909617389999767) - timing_s/drafter_sync_target_lm_head_apply:np.float64(4.447456648998923) - timing_s/drafter_sync_target_lm_head_wait:np.float64(0.000379313001758419) - timing_s/drafter_sync_target_lm_head_overlap_window:np.float64(7.122103598001559) - drafter/trained:np.float64(1.0) - drafter/train_successful_steps_max:np.int64(1) - drafter/train_no_trainable_batch:np.float64(0.0) - drafter/train_activation_failed:np.float64(0.0) - drafter/train_attempted_batches_max:np.int64(1) - drafter/train_buffer_size_before_min:np.int64(2) - drafter/train_buffer_size_after_min:np.int64(0) - drafter/train_optimizer_step_max:np.int64(12) - drafter/train_worker_results_consistent:np.float64(1.0) - drafter/train_worker_ids_consistent:np.float64(1.0) - drafter/train_worker_incarnations_consistent:np.float64(1.0) - drafter/train_plan_ids_consistent:np.float64(1.0) - drafter/train_source_steps_consistent:np.float64(1.0) - drafter/train_data_versions_consistent:np.float64(1.0) - drafter/train_target_versions_consistent:np.float64(1.0) - drafter/train_successful_steps_consistent:np.float64(1.0) - drafter/train_optimizer_steps_consistent:np.float64(1.0) - drafter/train_publish_leader_count:np.float64(1.0) - drafter/train_publish_leader_snapshot_ready:np.float64(1.0) - timing_s/drafter_prepare_batch:np.float64(0.0026082992553710938) - timing_s/drafter_forward_loss:np.float64(0.16238117218017578) - timing_s/drafter_reduce_loss:np.float64(0.0011126995086669922) - timing_s/drafter_backward:np.float64(0.09368085861206055) - timing_s/drafter_optimizer:np.float64(0.15807223320007324) - timing_s/drafter_publish_snapshot:np.float64(2.3846728801727295) - timing_s/drafter_worker_training_loop:np.float64(0.4335942268371582) - timing_s/drafter_worker_cleanup:np.float64(4.229412317276001) - timing_s/drafter_worker_elapsed:np.float64(4.929020881652832) - timing_s/drafter_train_rpc:np.float64(6.134389672999532) - drafter/runtime_state:np.float64(3.0) - drafter/runtime_completed_batches:np.float64(1.0) - drafter/runtime_inflight:np.float64(0.0) - timing_s/drafter_runtime_batch_average:np.float64(6.134389672999532) - timing_s/drafter_outer_unaccounted:np.float64(0.00922699400325655) - drafter/publish_attempted:np.float64(1.0) - drafter/published:np.float64(1.0) - timing_s/drafter_publish_wait_pending:np.float64(3.19199898513034e-06) - timing_s/drafter_publish_fetch_snapshot:np.float64(57.381083713997214) - timing_s/drafter_publish_update_weights:np.float64(0.001452102998882765) - training/global_step:12 - training/epoch:1 - critic/score/mean:0.0 - critic/score/max:0.0 - critic/score/min:0.0 - critic/rewards/mean:0.0 - critic/rewards/max:0.0 - critic/rewards/min:0.0 - critic/advantages/mean:0.0 - critic/advantages/max:0.0 - critic/advantages/min:0.0 - critic/returns/mean:0.0 - critic/returns/max:0.0 - critic/returns/min:0.0 - response_length/mean:64.0 - response_length/max:64.0 - response_length/min:64.0 - response_length/clip_ratio:1.0 - response_length_non_aborted/mean:64.0 - response_length_non_aborted/max:64.0 - response_length_non_aborted/min:64.0 - response_length_non_aborted/clip_ratio:1.0 - response/aborted_ratio:0.0 - prompt_length/mean:24.5 - prompt_length/max:25.0 - prompt_length/min:24.0 - prompt_length/clip_ratio:0.0 - num_turns/min:np.int32(2) - num_turns/max:np.int32(2) - num_turns/mean:np.float64(2.0) - timing_s/start_profile:0.0001352480030618608 - timing_s/agent_loop/num_preempted/min:np.int64(-1) - timing_s/agent_loop/num_preempted/max:np.int64(-1) - timing_s/agent_loop/num_preempted/mean:np.float64(-1.0) - timing_s/agent_loop/generate_sequences/min:np.float64(0.817161816998123) - timing_s/agent_loop/generate_sequences/max:np.float64(0.9571384480004781) - timing_s/agent_loop/generate_sequences/mean:np.float64(0.8923290007505784) - timing_s/agent_loop/tool_calls/min:np.float64(0.0) - timing_s/agent_loop/tool_calls/max:np.float64(0.0) - timing_s/agent_loop/tool_calls/mean:np.float64(0.0) - timing_s/agent_loop/compute_score/min:np.float64(0.009081973999855109) - timing_s/agent_loop/compute_score/max:np.float64(0.013574734999565408) - timing_s/agent_loop/compute_score/mean:np.float64(0.011255352749685699) - timing_s/agent_loop/slowest/generate_sequences:np.float64(0.9571384480004781) - timing_s/agent_loop/slowest/tool_calls:np.float64(0.0) - timing_s/agent_loop/slowest/compute_score:np.float64(0.009081973999855109) - timing_s/agent_loop/slowest/num_preempted:np.int64(-1) - timing_s/agent_loop/slowest/prompt_length:24 - timing_s/agent_loop/slowest/response_length:64 - timing_s/gen:5.6954529879985785 - timing_s/reward:2.6027002604678273e-05 - timing_s/old_log_prob:14.133080769999651 - timing_s/adv:0.003570451997802593 - timing_s/update_actor:7.122148529997503 - timing_s/drafter:15.053234057002555 - drafter/spec_decode/mean_acceptance_length:2.254385964912281 - timing_s/update_weights:61.85163857900261 - timing_s/step:103.86542512100277 - timing_s/stop_profile:0.00014366799950948916 - timing_per_token_ms/gen:22.247863234369447 - timing_per_token_ms/adv:0.010086022592662692 - timing_per_token_ms/update_actor:20.11906364406074 - perf/total_num_tokens:354 - perf/time_per_step:103.86542512100277 - perf/throughput:1.7041282004458727[36m(SpecoTaskRunner pid=62090)[0m Training Progress:  60%|██████    | 12/20 [14:08<09:33, 71.67s/it]
[36m(WorkerDict pid=62310)[0m WARNING:2026-09-19 10:12:39,245:[speco publish materialize] async=True global_steps=12 elapsed_sec=2.803 num_weights=58
[36m(SpecoVLLMHttpServer pid=62582)[0m (Worker_TP0 pid=63260) WARNING:2026-09-19 10:12:39,566:[speco draft ipc] streamed 58 translated weights in 1 buckets into DFlashQwen3Model (method=dflash), first 5 keys: ['fc.weight', 'hidden_norm.weight', 'layers.0.self_attn.q_proj.weight', 'layers.0.self_attn.k_proj.weight', 'layers.0.self_attn.v_proj.weight']
[36m(SpecoVLLMHttpServer pid=62582)[0m (Worker_TP0 pid=63260) WARNING:2026-09-19 10:12:39,568:SPECO committed online drafter revision=12 loaded_params=58
[36m(SpecoVLLMHttpServer pid=62582)[0m (Worker_TP1 pid=63261) WARNING:2026-09-19 10:12:39,716:[speco draft ipc] streamed 58 translated weights in 1 buckets into DFlashQwen3Model (method=dflash), first 5 keys: ['fc.weight', 'hidden_norm.weight', 'layers.0.self_attn.q_proj.weight', 'layers.0.self_attn.k_proj.weight', 'layers.0.self_attn.v_proj.weight']
[36m(SpecoVLLMHttpServer pid=62582)[0m (Worker_TP1 pid=63261) WARNING:2026-09-19 10:12:39,721:SPECO committed online drafter revision=12 loaded_params=58
[36m(WorkerDict pid=62310)[0m WARNING:2026-09-19 10:12:40,887:[speco publish reclaim] role=consumer async=True global_steps=12 num_weights=58 payload_cleared=1 allocator=glibc action=malloc_trim heap_trimmed=True elapsed_sec=0.491 memory_before=(rss_gib=20.36 anon_gib=7.08 rss_shmem_gib=10.58 node_unavailable_gib=262.09 available_gib=241.39 cached_gib=261.92 node_shmem_gib=41.48 dev_shm_used_gib=0.07 dirty_gib=52.63 writeback_gib=0.04) memory_after=(rss_gib=19.03 anon_gib=5.76 rss_shmem_gib=10.58 node_unavailable_gib=260.04 available_gib=243.44 cached_gib=261.98 node_shmem_gib=41.48 dev_shm_used_gib=0.07 dirty_gib=52.63 writeback_gib=0.02)
[36m(SpecoVLLMHttpServer pid=62582)[0m (Worker_TP1 pid=63261) WARNING:2026-09-19 10:12:42,759:[speco draft sleep] drafter state saved before level-2 sleep (66 tensors)
[36m(SpecoVLLMHttpServer pid=62582)[0m (Worker_TP0 pid=63260) WARNING:2026-09-19 10:12:42,764:[speco draft sleep] drafter state saved before level-2 sleep (66 tensors)
[36m(SpecoWorker pid=63572)[0m WARNING:2026-09-19 10:13:06,789:[drafter logits quality] valid_tokens=120 top1_acc=0.216667 top5_acc=0.483333 local_ploss_sum=177.365448 local_tokens=120 per_step=[{'step': 0, 'tokens': 8, 'top1': 0.625, 'top5': 0.875}, {'step': 1, 'tokens': 8, 'top1': 0.75, 'top5': 0.875}, {'step': 2, 'tokens': 8, 'top1': 0.25, 'top5': 0.875}, {'step': 3, 'tokens': 8, 'top1': 0.0, 'top5': 0.125}, {'step': 4, 'tokens': 8, 'top1': 0.25, 'top5': 0.75}, {'step': 5, 'tokens': 8, 'top1': 0.25, 'top5': 0.625}, {'step': 6, 'tokens': 8, 'top1': 0.25, 'top5': 0.5}, {'step': 7, 'tokens': 8, 'top1': 0.0, 'top5': 0.5}, {'step': 8, 'tokens': 8, 'top1': 0.0, 'top5': 0.375}, {'step': 9, 'tokens': 8, 'top1': 0.25, 'top5': 0.25}, {'step': 10, 'tokens': 8, 'top1': 0.125, 'top5': 0.25}, {'step': 11, 'tokens': 8, 'top1': 0.125, 'top5': 0.375}, {'step': 12, 'tokens': 8, 'top1': 0.25, 'top5': 0.375}, {'step': 13, 'tokens': 8, 'top1': 0.0, 'top5': 0.125}, {'step': 14, 'tokens': 8, 'top1': 0.125, 'top5': 0.375}]
[36m(SpecoWorker pid=63572)[0m INFO:2026-09-19 10:13:07,076:[drafter loss] step=1 optimizer_step_total=13 lr=1.000e-05 loss=3.4955 vloss=0.0000 ploss=3.4955
[36m(SpecoVLLMHttpServer pid=62582)[0m (Worker_TP0 pid=63260) WARNING:2026-09-19 10:13:12,935:[speco draft wake_up] drafter state restored after level-2 wake_up (66 tensors, revision=12)
[36m(SpecoVLLMHttpServer pid=62582)[0m (Worker_TP1 pid=63261) WARNING:2026-09-19 10:13:12,936:[speco draft wake_up] drafter state restored after level-2 wake_up (66 tensors, revision=12)
[36m(SpecoWorker pid=63642)[0m WARNING:2026-09-19 10:13:06,790:[drafter logits quality] valid_tokens=120 top1_acc=0.158333 top5_acc=0.466667 local_ploss_sum=193.470062 local_tokens=120 per_step=[{'step': 0, 'tokens': 8, 'top1': 0.625, 'top5': 0.875}, {'step': 1, 'tokens': 8, 'top1': 0.75, 'top5': 0.875}, {'step': 2, 'tokens': 8, 'top1': 0.125, 'top5': 0.625}, {'step': 3, 'tokens': 8, 'top1': 0.25, 'top5': 0.5}, {'step': 4, 'tokens': 8, 'top1': 0.0, 'top5': 0.25}, {'step': 5, 'tokens': 8, 'top1': 0.125, 'top5': 0.375}, {'step': 6, 'tokens': 8, 'top1': 0.125, 'top5': 0.625}, {'step': 7, 'tokens': 8, 'top1': 0.0, 'top5': 0.5}, {'step': 8, 'tokens': 8, 'top1': 0.0, 'top5': 0.375}, {'step': 9, 'tokens': 8, 'top1': 0.25, 'top5': 0.5}, {'step': 10, 'tokens': 8, 'top1': 0.0, 'top5': 0.375}, {'step': 11, 'tokens': 8, 'top1': 0.0, 'top5': 0.25}, {'step': 12, 'tokens': 8, 'top1': 0.125, 'top5': 0.25}, {'step': 13, 'tokens': 8, 'top1': 0.0, 'top5': 0.375}, {'step': 14, 'tokens': 8, 'top1': 0.0, 'top5': 0.25}]

[36m(SpecoTaskRunner pid=62090)[0m step:13 - global_seqlen/min:178 - global_seqlen/max:178 - global_seqlen/minmax_diff:0 - global_seqlen/balanced_min:178 - global_seqlen/balanced_max:178 - global_seqlen/mean:178.0 - actor/entropy:0.0 - perf/mfu/actor_infer:0.010501872870566172 - training/rollout_probs_diff_valid:1 - training/rollout_probs_diff_max:0.09114378690719604 - training/rollout_probs_diff_mean:0.00644756481051445 - training/rollout_probs_diff_std:0.015949029475450516 - training/rollout_actor_probs_pearson_corr:0.9964181780815125 - rollout_corr/training_ppl:1.155870795249939 - rollout_corr/training_log_ppl:0.14395278692245483 - rollout_corr/kl:-0.002995934570208192 - rollout_corr/k3_kl:0.0009997908491641283 - rollout_corr/rollout_ppl:1.1594457626342773 - rollout_corr/rollout_log_ppl:0.14694872498512268 - rollout_corr/log_ppl_diff:-0.0029959380626678467 - rollout_corr/log_ppl_abs_diff:0.003507860004901886 - rollout_corr/log_ppl_diff_max:0.0010238438844680786 - rollout_corr/log_ppl_diff_min:-0.006965532898902893 - rollout_corr/ppl_ratio:0.9970126152038574 - rollout_corr/chi2_token:0.010018706321716309 - rollout_corr/chi2_seq:0.5666956901550293 - actor/pg_clipfrac:np.float64(0.0) - actor/ppo_kl:np.float64(0.0) - actor/pg_clipfrac_lower:np.float64(0.0) - actor/pg_loss:np.float64(0.0) - actor/loss:np.float64(0.0) - actor/grad_norm:np.float64(0.0) - actor/lr:np.float64(1e-06) - actor/perf/max_memory_allocated_gb:np.float64(28.541846752166748) - actor/perf/max_memory_reserved_gb:np.float64(37.9921875) - actor/perf/cpu_memory_used_gb:np.float64(264.1945991516113) - perf/mfu/actor:np.float64(0.01033152345885086) - drafter/raw_drafter_samples:np.float64(4.0) - drafter/collected_samples:np.float64(2.0) - drafter/collect_interval_matched:np.float64(1.0) - drafter/collection_plan_used:np.float64(1.0) - drafter/collection_plan_collect:np.float64(1.0) - drafter/collection_plan_reason:np.float64(7.0) - drafter/collection_plan_source:np.float64(2.0) - drafter/collection_plan_interval_matched:np.float64(1.0) - drafter/collection_plan_training_interval_matched:np.float64(1.0) - drafter/collection_attempted:np.float64(1.0) - drafter/collection_completed:np.float64(1.0) - drafter/collection_outcome_reason:np.float64(1.0) - drafter/collection_rejected_samples:np.float64(0.0) - drafter/collection_worker_results:np.float64(1.0) - drafter/collection_finalized:np.float64(1.0) - drafter/collection_expired_stages:np.float64(0.0) - timing_s/drafter_collection_rpc:np.float64(1.5948781199986115) - drafter/scheduler_used:np.float64(1.0) - drafter/schedule_launch:np.float64(1.0) - drafter/schedule_interval_matched:np.float64(1.0) - drafter/schedule_strategy:np.float64(0.0) - drafter/schedule_reason:np.float64(10.0) - drafter/target_lm_head_apply_deferred:np.float64(1.0) - drafter/target_lm_head_selected_rows:np.float64(0.0) - drafter/target_lm_head_source_vocab_size:np.float64(0.0) - drafter/target_lm_head_direct_sparse_export:np.float64(0.0) - timing_s/drafter_sync_target_lm_head_fetch:np.float64(6.7631966739972995) - timing_s/drafter_sync_target_lm_head_dispatch:np.float64(2.426991617998283) - drafter/train_interval_matched:np.float64(1.0) - drafter/target_lm_head_synced:np.float64(1.0) - timing_s/drafter_sync_target_lm_head:np.float64(9.19411569800286) - timing_s/drafter_sync_target_lm_head_apply:np.float64(2.4273426750005456) - timing_s/drafter_sync_target_lm_head_wait:np.float64(0.000351057002262678) - timing_s/drafter_sync_target_lm_head_overlap_window:np.float64(8.452139119999629) - drafter/trained:np.float64(1.0) - drafter/train_successful_steps_max:np.int64(1) - drafter/train_no_trainable_batch:np.float64(0.0) - drafter/train_activation_failed:np.float64(0.0) - drafter/train_attempted_batches_max:np.int64(1) - drafter/train_buffer_size_before_min:np.int64(2) - drafter/train_buffer_size_after_min:np.int64(0) - drafter/train_optimizer_step_max:np.int64(13) - drafter/train_worker_results_consistent:np.float64(1.0) - drafter/train_worker_ids_consistent:np.float64(1.0) - drafter/train_worker_incarnations_consistent:np.float64(1.0) - drafter/train_plan_ids_consistent:np.float64(1.0) - drafter/train_source_steps_consistent:np.float64(1.0) - drafter/train_data_versions_consistent:np.float64(1.0) - drafter/train_target_versions_consistent:np.float64(1.0) - drafter/train_successful_steps_consistent:np.float64(1.0) - drafter/train_optimizer_steps_consistent:np.float64(1.0) - drafter/train_publish_leader_count:np.float64(1.0) - drafter/train_publish_leader_snapshot_ready:np.float64(1.0) - timing_s/drafter_prepare_batch:np.float64(0.002710580825805664) - timing_s/drafter_forward_loss:np.float64(0.16460728645324707) - timing_s/drafter_reduce_loss:np.float64(0.0010917186737060547) - timing_s/drafter_backward:np.float64(0.07176327705383301) - timing_s/drafter_optimizer:np.float64(0.18444061279296875) - timing_s/drafter_publish_snapshot:np.float64(2.3575665950775146) - timing_s/drafter_worker_training_loop:np.float64(0.4364135265350342) - timing_s/drafter_worker_cleanup:np.float64(4.2063329219818115) - timing_s/drafter_worker_elapsed:np.float64(4.9829723834991455) - timing_s/drafter_train_rpc:np.float64(6.224298599998292) - drafter/runtime_state:np.float64(3.0) - drafter/runtime_completed_batches:np.float64(1.0) - drafter/runtime_inflight:np.float64(0.0) - timing_s/drafter_runtime_batch_average:np.float64(6.224298599998292) - timing_s/drafter_outer_unaccounted:np.float64(0.008984123996924609) - drafter/publish_attempted:np.float64(1.0) - drafter/published:np.float64(1.0) - timing_s/drafter_publish_wait_pending:np.float64(3.4010008675977588e-06) - timing_s/drafter_publish_fetch_snapshot:np.float64(4.6775781539981836) - timing_s/drafter_publish_update_weights:np.float64(0.0007205769979918841) - training/global_step:13 - training/epoch:1 - critic/score/mean:0.0 - critic/score/max:0.0 - critic/score/min:0.0 - critic/rewards/mean:0.0 - critic/rewards/max:0.0 - critic/rewards/min:0.0 - critic/advantages/mean:0.0 - critic/advantages/max:0.0 - critic/advantages/min:0.0 - critic/returns/mean:0.0 - critic/returns/max:0.0 - critic/returns/min:0.0 - response_length/mean:64.0 - response_length/max:64.0 - response_length/min:64.0 - response_length/clip_ratio:1.0 - response_length_non_aborted/mean:64.0 - response_length_non_aborted/max:64.0 - response_length_non_aborted/min:64.0 - response_length_non_aborted/clip_ratio:1.0 - response/aborted_ratio:0.0 - prompt_length/mean:25.0 - prompt_length/max:25.0 - prompt_length/min:25.0 - prompt_length/clip_ratio:0.0 - num_turns/min:np.int32(2) - num_turns/max:np.int32(2) - num_turns/mean:np.float64(2.0) - timing_s/start_profile:0.0001426150010956917 - timing_s/agent_loop/num_preempted/min:np.int64(-1) - timing_s/agent_loop/num_preempted/max:np.int64(-1) - timing_s/agent_loop/num_preempted/mean:np.float64(-1.0) - timing_s/agent_loop/generate_sequences/min:np.float64(1.018306047997612) - timing_s/agent_loop/generate_sequences/max:np.float64(1.1525897850006004) - timing_s/agent_loop/generate_sequences/mean:np.float64(1.0720647210000607) - timing_s/agent_loop/tool_calls/min:np.float64(0.0) - timing_s/agent_loop/tool_calls/max:np.float64(0.0) - timing_s/agent_loop/tool_calls/mean:np.float64(0.0) - timing_s/agent_loop/compute_score/min:np.float64(0.010173038997891126) - timing_s/agent_loop/compute_score/max:np.float64(0.020115458999498514) - timing_s/agent_loop/compute_score/mean:np.float64(0.014881566249641764) - timing_s/agent_loop/slowest/generate_sequences:np.float64(1.1525897850006004) - timing_s/agent_loop/slowest/tool_calls:np.float64(0.0) - timing_s/agent_loop/slowest/compute_score:np.float64(0.01657775100102299) - timing_s/agent_loop/slowest/num_preempted:np.int64(-1) - timing_s/agent_loop/slowest/prompt_length:25 - timing_s/agent_loop/slowest/response_length:64 - timing_s/gen:6.475384830999246 - timing_s/reward:2.8177000785944983e-05 - timing_s/old_log_prob:4.81195855900296 - timing_s/adv:0.00344747100098175 - timing_s/update_actor:8.452206854999531 - timing_s/drafter:15.427398421998078 - drafter/spec_decode/mean_acceptance_length:2.245614035087719 - timing_s/update_weights:9.187757488001807 - timing_s/step:44.36341596299826 - timing_s/stop_profile:7.32059997972101e-05 - timing_per_token_ms/gen:25.294471996090806 - timing_per_token_ms/adv:0.009683907306128512 - timing_per_token_ms/update_actor:23.74215408707734 - perf/total_num_tokens:356 - perf/time_per_step:44.36341596299826 - perf/throughput:4.012315015337472[36m(SpecoTaskRunner pid=62090)[0m Training Progress:  65%|██████▌   | 13/20 [14:52<07:23, 63.40s/it]
[36m(SpecoWorker pid=63572)[0m WARNING:2026-09-19 10:13:20,812:[speco publish reclaim] role=producer global_steps=13 num_weights=58 payload_cleared=1 allocator=glibc action=malloc_trim heap_trimmed=True elapsed_sec=0.289 memory_before=(rss_gib=11.00 anon_gib=5.66 rss_shmem_gib=2.80 node_unavailable_gib=231.95 available_gib=271.53 cached_gib=261.16 node_shmem_gib=41.46 dev_shm_used_gib=0.07 dirty_gib=52.15 writeback_gib=0.04) memory_after=(rss_gib=10.50 anon_gib=5.17 rss_shmem_gib=2.80 node_unavailable_gib=232.35 available_gib=271.14 cached_gib=261.22 node_shmem_gib=41.46 dev_shm_used_gib=0.07 dirty_gib=52.18 writeback_gib=0.03)
[36m(WorkerDict pid=62310)[0m WARNING:2026-09-19 10:13:23,130:[speco publish materialize] async=True global_steps=13 elapsed_sec=2.313 num_weights=58
[36m(SpecoVLLMHttpServer pid=62582)[0m (Worker_TP1 pid=63261) WARNING:2026-09-19 10:13:23,963:[speco draft ipc] streamed 58 translated weights in 1 buckets into DFlashQwen3Model (method=dflash), first 5 keys: ['fc.weight', 'hidden_norm.weight', 'layers.0.self_attn.q_proj.weight', 'layers.0.self_attn.k_proj.weight', 'layers.0.self_attn.v_proj.weight']
[36m(SpecoVLLMHttpServer pid=62582)[0m (Worker_TP1 pid=63261) WARNING:2026-09-19 10:13:23,969:SPECO committed online drafter revision=13 loaded_params=58
[36m(SpecoVLLMHttpServer pid=62582)[0m (Worker_TP0 pid=63260) WARNING:2026-09-19 10:13:23,972:[speco draft ipc] streamed 58 translated weights in 1 buckets into DFlashQwen3Model (method=dflash), first 5 keys: ['fc.weight', 'hidden_norm.weight', 'layers.0.self_attn.q_proj.weight', 'layers.0.self_attn.k_proj.weight', 'layers.0.self_attn.v_proj.weight']
[36m(SpecoVLLMHttpServer pid=62582)[0m (Worker_TP0 pid=63260) WARNING:2026-09-19 10:13:23,976:SPECO committed online drafter revision=13 loaded_params=58
[36m(WorkerDict pid=62310)[0m WARNING:2026-09-19 10:13:24,859:[speco publish reclaim] role=consumer async=True global_steps=13 num_weights=58 payload_cleared=1 allocator=glibc action=malloc_trim heap_trimmed=True elapsed_sec=0.432 memory_before=(rss_gib=20.04 anon_gib=6.76 rss_shmem_gib=10.58 node_unavailable_gib=234.42 available_gib=269.07 cached_gib=260.86 node_shmem_gib=41.46 dev_shm_used_gib=0.07 dirty_gib=52.22 writeback_gib=0.03) memory_after=(rss_gib=19.03 anon_gib=5.76 rss_shmem_gib=10.58 node_unavailable_gib=231.93 available_gib=271.56 cached_gib=260.88 node_shmem_gib=41.46 dev_shm_used_gib=0.07 dirty_gib=52.20 writeback_gib=0.02)
[36m(SpecoVLLMHttpServer pid=62582)[0m (Worker_TP1 pid=63261) WARNING:2026-09-19 10:13:26,816:[speco draft sleep] drafter state saved before level-2 sleep (66 tensors)
[36m(SpecoVLLMHttpServer pid=62582)[0m (Worker_TP0 pid=63260) WARNING:2026-09-19 10:13:26,825:[speco draft sleep] drafter state saved before level-2 sleep (66 tensors)
[36m(SpecoWorker pid=63572)[0m WARNING:2026-09-19 10:14:01,607:[drafter logits quality] valid_tokens=120 top1_acc=0.250000 top5_acc=0.450000 local_ploss_sum=170.120850 local_tokens=120 per_step=[{'step': 0, 'tokens': 8, 'top1': 0.75, 'top5': 0.875}, {'step': 1, 'tokens': 8, 'top1': 0.5, 'top5': 0.75}, {'step': 2, 'tokens': 8, 'top1': 0.5, 'top5': 0.75}, {'step': 3, 'tokens': 8, 'top1': 0.25, 'top5': 0.375}, {'step': 4, 'tokens': 8, 'top1': 0.375, 'top5': 0.625}, {'step': 5, 'tokens': 8, 'top1': 0.25, 'top5': 0.375}, {'step': 6, 'tokens': 8, 'top1': 0.25, 'top5': 0.375}, {'step': 7, 'tokens': 8, 'top1': 0.125, 'top5': 0.5}, {'step': 8, 'tokens': 8, 'top1': 0.25, 'top5': 0.25}, {'step': 9, 'tokens': 8, 'top1': 0.0, 'top5': 0.25}, {'step': 10, 'tokens': 8, 'top1': 0.125, 'top5': 0.375}, {'step': 11, 'tokens': 8, 'top1': 0.25, 'top5': 0.625}, {'step': 12, 'tokens': 8, 'top1': 0.0, 'top5': 0.25}, {'step': 13, 'tokens': 8, 'top1': 0.0, 'top5': 0.25}, {'step': 14, 'tokens': 8, 'top1': 0.125, 'top5': 0.125}]
[36m(SpecoWorker pid=63572)[0m INFO:2026-09-19 10:14:01,893:[drafter loss] step=1 optimizer_step_total=14 lr=1.000e-05 loss=3.2428 vloss=0.0000 ploss=3.2428
[36m(SpecoVLLMHttpServer pid=62582)[0m (Worker_TP1 pid=63261) WARNING:2026-09-19 10:14:09,060:[speco draft wake_up] drafter state restored after level-2 wake_up (66 tensors, revision=13)
[36m(SpecoVLLMHttpServer pid=62582)[0m (Worker_TP0 pid=63260) WARNING:2026-09-19 10:14:09,065:[speco draft wake_up] drafter state restored after level-2 wake_up (66 tensors, revision=13)
[36m(SpecoWorker pid=63642)[0m WARNING:2026-09-19 10:14:01,607:[drafter logits quality] valid_tokens=120 top1_acc=0.225000 top5_acc=0.450000 local_ploss_sum=173.907867 local_tokens=120 per_step=[{'step': 0, 'tokens': 8, 'top1': 0.875, 'top5': 0.875}, {'step': 1, 'tokens': 8, 'top1': 0.375, 'top5': 0.625}, {'step': 2, 'tokens': 8, 'top1': 0.125, 'top5': 0.75}, {'step': 3, 'tokens': 8, 'top1': 0.25, 'top5': 0.5}, {'step': 4, 'tokens': 8, 'top1': 0.25, 'top5': 0.375}, {'step': 5, 'tokens': 8, 'top1': 0.25, 'top5': 0.5}, {'step': 6, 'tokens': 8, 'top1': 0.5, 'top5': 0.625}, {'step': 7, 'tokens': 8, 'top1': 0.0, 'top5': 0.5}, {'step': 8, 'tokens': 8, 'top1': 0.25, 'top5': 0.25}, {'step': 9, 'tokens': 8, 'top1': 0.125, 'top5': 0.25}, {'step': 10, 'tokens': 8, 'top1': 0.125, 'top5': 0.5}, {'step': 11, 'tokens': 8, 'top1': 0.125, 'top5': 0.5}, {'step': 12, 'tokens': 8, 'top1': 0.0, 'top5': 0.25}, {'step': 13, 'tokens': 8, 'top1': 0.0, 'top5': 0.125}, {'step': 14, 'tokens': 8, 'top1': 0.125, 'top5': 0.125}]

[36m(SpecoTaskRunner pid=62090)[0m step:14 - global_seqlen/min:176 - global_seqlen/max:178 - global_seqlen/minmax_diff:2 - global_seqlen/balanced_min:177 - global_seqlen/balanced_max:177 - global_seqlen/mean:177.0 - actor/entropy:0.0 - perf/mfu/actor_infer:0.007571803397182314 - training/rollout_probs_diff_valid:1 - training/rollout_probs_diff_max:0.10859960317611694 - training/rollout_probs_diff_mean:0.005415529012680054 - training/rollout_probs_diff_std:0.015095681883394718 - training/rollout_actor_probs_pearson_corr:0.996539831161499 - rollout_corr/training_ppl:1.1503968238830566 - rollout_corr/training_log_ppl:0.13837400078773499 - rollout_corr/kl:0.0008058089297264814 - rollout_corr/k3_kl:0.0006068290676921606 - rollout_corr/rollout_ppl:1.1495212316513062 - rollout_corr/rollout_log_ppl:0.13756819069385529 - rollout_corr/log_ppl_diff:0.0008058100938796997 - rollout_corr/log_ppl_abs_diff:0.0028539374470710754 - rollout_corr/log_ppl_diff_max:0.006601251661777496 - rollout_corr/log_ppl_diff_min:-0.0030403882265090942 - rollout_corr/ppl_ratio:1.0008125305175781 - rollout_corr/chi2_token:0.0007419586181640625 - rollout_corr/chi2_seq:-0.009449124336242676 - actor/pg_clipfrac:np.float64(0.0) - actor/ppo_kl:np.float64(0.0) - actor/pg_clipfrac_lower:np.float64(0.0) - actor/pg_loss:np.float64(0.0) - actor/loss:np.float64(0.0) - actor/grad_norm:np.float64(0.0) - actor/lr:np.float64(1e-06) - actor/perf/max_memory_allocated_gb:np.float64(28.541846752166748) - actor/perf/max_memory_reserved_gb:np.float64(37.9921875) - actor/perf/cpu_memory_used_gb:np.float64(225.14277267456055) - perf/mfu/actor:np.float64(0.00897484890348489) - drafter/raw_drafter_samples:np.float64(4.0) - drafter/collected_samples:np.float64(2.0) - drafter/collect_interval_matched:np.float64(1.0) - drafter/collection_plan_used:np.float64(1.0) - drafter/collection_plan_collect:np.float64(1.0) - drafter/collection_plan_reason:np.float64(7.0) - drafter/collection_plan_source:np.float64(2.0) - drafter/collection_plan_interval_matched:np.float64(1.0) - drafter/collection_plan_training_interval_matched:np.float64(1.0) - drafter/collection_attempted:np.float64(1.0) - drafter/collection_completed:np.float64(1.0) - drafter/collection_outcome_reason:np.float64(1.0) - drafter/collection_rejected_samples:np.float64(0.0) - drafter/collection_worker_results:np.float64(1.0) - drafter/collection_finalized:np.float64(1.0) - drafter/collection_expired_stages:np.float64(0.0) - timing_s/drafter_collection_rpc:np.float64(0.026405648000945803) - drafter/scheduler_used:np.float64(1.0) - drafter/schedule_launch:np.float64(1.0) - drafter/schedule_interval_matched:np.float64(1.0) - drafter/schedule_strategy:np.float64(0.0) - drafter/schedule_reason:np.float64(10.0) - drafter/target_lm_head_apply_deferred:np.float64(1.0) - drafter/target_lm_head_selected_rows:np.float64(0.0) - drafter/target_lm_head_source_vocab_size:np.float64(0.0) - drafter/target_lm_head_direct_sparse_export:np.float64(0.0) - timing_s/drafter_sync_target_lm_head_fetch:np.float64(18.702336383998045) - timing_s/drafter_sync_target_lm_head_dispatch:np.float64(2.372718986000109) - drafter/train_interval_matched:np.float64(1.0) - drafter/target_lm_head_synced:np.float64(1.0) - timing_s/drafter_sync_target_lm_head:np.float64(21.078491391996067) - timing_s/drafter_sync_target_lm_head_apply:np.float64(2.3730850349966204) - timing_s/drafter_sync_target_lm_head_wait:np.float64(0.0003660489965113811) - timing_s/drafter_sync_target_lm_head_overlap_window:np.float64(7.518221886002721) - drafter/trained:np.float64(1.0) - drafter/train_successful_steps_max:np.int64(1) - drafter/train_no_trainable_batch:np.float64(0.0) - drafter/train_activation_failed:np.float64(0.0) - drafter/train_attempted_batches_max:np.int64(1) - drafter/train_buffer_size_before_min:np.int64(2) - drafter/train_buffer_size_after_min:np.int64(0) - drafter/train_optimizer_step_max:np.int64(14) - drafter/train_worker_results_consistent:np.float64(1.0) - drafter/train_worker_ids_consistent:np.float64(1.0) - drafter/train_worker_incarnations_consistent:np.float64(1.0) - drafter/train_plan_ids_consistent:np.float64(1.0) - drafter/train_source_steps_consistent:np.float64(1.0) - drafter/train_data_versions_consistent:np.float64(1.0) - drafter/train_target_versions_consistent:np.float64(1.0) - drafter/train_successful_steps_consistent:np.float64(1.0) - drafter/train_optimizer_steps_consistent:np.float64(1.0) - drafter/train_publish_leader_count:np.float64(1.0) - drafter/train_publish_leader_snapshot_ready:np.float64(1.0) - timing_s/drafter_prepare_batch:np.float64(0.004400730133056641) - timing_s/drafter_forward_loss:np.float64(0.1659083366394043) - timing_s/drafter_reduce_loss:np.float64(0.0011665821075439453) - timing_s/drafter_backward:np.float64(0.0647430419921875) - timing_s/drafter_optimizer:np.float64(0.19212794303894043) - timing_s/drafter_publish_snapshot:np.float64(2.4427742958068848) - timing_s/drafter_worker_training_loop:np.float64(1.1322252750396729) - timing_s/drafter_worker_cleanup:np.float64(5.096876382827759) - timing_s/drafter_worker_elapsed:np.float64(5.975102186203003) - timing_s/drafter_train_rpc:np.float64(7.3405764140006795) - drafter/runtime_state:np.float64(3.0) - drafter/runtime_completed_batches:np.float64(1.0) - drafter/runtime_inflight:np.float64(0.0) - timing_s/drafter_runtime_batch_average:np.float64(7.3405764140006795) - timing_s/drafter_outer_unaccounted:np.float64(0.008468815001833718) - drafter/publish_attempted:np.float64(1.0) - drafter/published:np.float64(1.0) - timing_s/drafter_publish_wait_pending:np.float64(3.6450001061894e-06) - timing_s/drafter_publish_fetch_snapshot:np.float64(4.161654827999882) - timing_s/drafter_publish_update_weights:np.float64(0.00147913500040886) - training/global_step:14 - training/epoch:1 - critic/score/mean:0.0 - critic/score/max:0.0 - critic/score/min:0.0 - critic/rewards/mean:0.0 - critic/rewards/max:0.0 - critic/rewards/min:0.0 - critic/advantages/mean:0.0 - critic/advantages/max:0.0 - critic/advantages/min:0.0 - critic/returns/mean:0.0 - critic/returns/max:0.0 - critic/returns/min:0.0 - response_length/mean:64.0 - response_length/max:64.0 - response_length/min:64.0 - response_length/clip_ratio:1.0 - response_length_non_aborted/mean:64.0 - response_length_non_aborted/max:64.0 - response_length_non_aborted/min:64.0 - response_length_non_aborted/clip_ratio:1.0 - response/aborted_ratio:0.0 - prompt_length/mean:24.5 - prompt_length/max:25.0 - prompt_length/min:24.0 - prompt_length/clip_ratio:0.0 - num_turns/min:np.int32(2) - num_turns/max:np.int32(2) - num_turns/mean:np.float64(2.0) - timing_s/start_profile:6.026700066286139e-05 - timing_s/agent_loop/num_preempted/min:np.int64(-1) - timing_s/agent_loop/num_preempted/max:np.int64(-1) - timing_s/agent_loop/num_preempted/mean:np.float64(-1.0) - timing_s/agent_loop/generate_sequences/min:np.float64(0.8970169619969965) - timing_s/agent_loop/generate_sequences/max:np.float64(1.320193373998336) - timing_s/agent_loop/generate_sequences/mean:np.float64(1.0604813212494264) - timing_s/agent_loop/tool_calls/min:np.float64(0.0) - timing_s/agent_loop/tool_calls/max:np.float64(0.0) - timing_s/agent_loop/tool_calls/mean:np.float64(0.0) - timing_s/agent_loop/compute_score/min:np.float64(0.010137296001630602) - timing_s/agent_loop/compute_score/max:np.float64(0.013087609000649536) - timing_s/agent_loop/compute_score/mean:np.float64(0.011273621000327694) - timing_s/agent_loop/slowest/generate_sequences:np.float64(1.320193373998336) - timing_s/agent_loop/slowest/tool_calls:np.float64(0.0) - timing_s/agent_loop/slowest/compute_score:np.float64(0.010636155999236507) - timing_s/agent_loop/slowest/num_preempted:np.int64(-1) - timing_s/agent_loop/slowest/prompt_length:24 - timing_s/agent_loop/slowest/response_length:64 - timing_s/gen:6.90893705399867 - timing_s/reward:2.8427002689568326e-05 - timing_s/old_log_prob:3.752697415999137 - timing_s/adv:0.0036578510007529985 - timing_s/update_actor:7.518245545001264 - timing_s/drafter:28.42753662099858 - drafter/spec_decode/mean_acceptance_length:2.2627118644067794 - timing_s/update_weights:10.76127839399851 - timing_s/step:57.378600481999456 - timing_s/stop_profile:0.00015056000120239332 - timing_per_token_ms/gen:26.988035367182306 - timing_per_token_ms/adv:0.010332912431505645 - timing_per_token_ms/update_actor:21.237981765540294 - perf/total_num_tokens:354 - perf/time_per_step:57.378600481999456 - perf/throughput:3.08477373991594[36m(SpecoTaskRunner pid=62090)[0m Training Progress:  70%|███████   | 14/20 [15:50<06:09, 61.58s/it]
[36m(SpecoWorker pid=63572)[0m WARNING:2026-09-19 10:14:18,192:[speco publish reclaim] role=producer global_steps=14 num_weights=58 payload_cleared=1 allocator=glibc action=malloc_trim heap_trimmed=True elapsed_sec=0.288 memory_before=(rss_gib=11.00 anon_gib=5.66 rss_shmem_gib=2.80 node_unavailable_gib=219.61 available_gib=283.88 cached_gib=263.39 node_shmem_gib=41.46 dev_shm_used_gib=0.07 dirty_gib=51.96 writeback_gib=0.03) memory_after=(rss_gib=10.50 anon_gib=5.17 rss_shmem_gib=2.80 node_unavailable_gib=219.60 available_gib=283.89 cached_gib=263.45 node_shmem_gib=41.46 dev_shm_used_gib=0.07 dirty_gib=52.01 writeback_gib=0.03)
[36m(WorkerDict pid=62310)[0m WARNING:2026-09-19 10:14:21,056:[speco publish materialize] async=True global_steps=14 elapsed_sec=2.853 num_weights=58
[36m(SpecoVLLMHttpServer pid=62582)[0m (Worker_TP0 pid=63260) WARNING:2026-09-19 10:14:21,710:[speco draft ipc] streamed 58 translated weights in 1 buckets into DFlashQwen3Model (method=dflash), first 5 keys: ['fc.weight', 'hidden_norm.weight', 'layers.0.self_attn.q_proj.weight', 'layers.0.self_attn.k_proj.weight', 'layers.0.self_attn.v_proj.weight']
[36m(SpecoVLLMHttpServer pid=62582)[0m (Worker_TP0 pid=63260) WARNING:2026-09-19 10:14:21,718:SPECO committed online drafter revision=14 loaded_params=58
[36m(SpecoVLLMHttpServer pid=62582)[0m (Worker_TP1 pid=63261) WARNING:2026-09-19 10:14:21,794:[speco draft ipc] streamed 58 translated weights in 1 buckets into DFlashQwen3Model (method=dflash), first 5 keys: ['fc.weight', 'hidden_norm.weight', 'layers.0.self_attn.q_proj.weight', 'layers.0.self_attn.k_proj.weight', 'layers.0.self_attn.v_proj.weight']
[36m(SpecoVLLMHttpServer pid=62582)[0m (Worker_TP1 pid=63261) WARNING:2026-09-19 10:14:21,799:SPECO committed online drafter revision=14 loaded_params=58
[36m(WorkerDict pid=62310)[0m WARNING:2026-09-19 10:14:22,886:[speco publish reclaim] role=consumer async=True global_steps=14 num_weights=58 payload_cleared=1 allocator=glibc action=malloc_trim heap_trimmed=True elapsed_sec=0.521 memory_before=(rss_gib=20.06 anon_gib=6.79 rss_shmem_gib=10.58 node_unavailable_gib=220.47 available_gib=283.02 cached_gib=263.58 node_shmem_gib=41.46 dev_shm_used_gib=0.07 dirty_gib=51.88 writeback_gib=0.04) memory_after=(rss_gib=19.03 anon_gib=5.76 rss_shmem_gib=10.58 node_unavailable_gib=218.77 available_gib=284.71 cached_gib=263.59 node_shmem_gib=41.46 dev_shm_used_gib=0.07 dirty_gib=51.88 writeback_gib=0.02)
[36m(SpecoVLLMHttpServer pid=62582)[0m (Worker_TP1 pid=63261) WARNING:2026-09-19 10:14:25,079:[speco draft sleep] drafter state saved before level-2 sleep (66 tensors)
[36m(SpecoVLLMHttpServer pid=62582)[0m (Worker_TP0 pid=63260) WARNING:2026-09-19 10:14:25,082:[speco draft sleep] drafter state saved before level-2 sleep (66 tensors)
[36m(SpecoWorker pid=63642)[0m WARNING:2026-09-19 10:14:43,294:[drafter logits quality] valid_tokens=120 top1_acc=0.208333 top5_acc=0.533333 local_ploss_sum=179.457672 local_tokens=120 per_step=[{'step': 0, 'tokens': 8, 'top1': 0.75, 'top5': 1.0}, {'step': 1, 'tokens': 8, 'top1': 0.5, 'top5': 0.875}, {'step': 2, 'tokens': 8, 'top1': 0.25, 'top5': 0.625}, {'step': 3, 'tokens': 8, 'top1': 0.25, 'top5': 0.625}, {'step': 4, 'tokens': 8, 'top1': 0.375, 'top5': 0.5}, {'step': 5, 'tokens': 8, 'top1': 0.375, 'top5': 0.5}, {'step': 6, 'tokens': 8, 'top1': 0.125, 'top5': 0.75}, {'step': 7, 'tokens': 8, 'top1': 0.125, 'top5': 0.5}, {'step': 8, 'tokens': 8, 'top1': 0.0, 'top5': 0.25}, {'step': 9, 'tokens': 8, 'top1': 0.125, 'top5': 0.375}, {'step': 10, 'tokens': 8, 'top1': 0.0, 'top5': 0.5}, {'step': 11, 'tokens': 8, 'top1': 0.0, 'top5': 0.375}, {'step': 12, 'tokens': 8, 'top1': 0.0, 'top5': 0.5}, {'step': 13, 'tokens': 8, 'top1': 0.0, 'top5': 0.375}, {'step': 14, 'tokens': 8, 'top1': 0.25, 'top5': 0.25}]
[36m(SpecoWorker pid=63572)[0m INFO:2026-09-19 10:14:43,946:[drafter loss] step=1 optimizer_step_total=15 lr=1.000e-05 loss=3.3782 vloss=0.0000 ploss=3.3782
[36m(SpecoVLLMHttpServer pid=62582)[0m (Worker_TP1 pid=63261) WARNING:2026-09-19 10:14:50,754:[speco draft wake_up] drafter state restored after level-2 wake_up (66 tensors, revision=14)
[36m(SpecoVLLMHttpServer pid=62582)[0m (Worker_TP0 pid=63260) WARNING:2026-09-19 10:14:50,755:[speco draft wake_up] drafter state restored after level-2 wake_up (66 tensors, revision=14)
[36m(SpecoWorker pid=63572)[0m WARNING:2026-09-19 10:14:43,295:[drafter logits quality] valid_tokens=120 top1_acc=0.233333 top5_acc=0.516667 local_ploss_sum=178.933014 local_tokens=120 per_step=[{'step': 0, 'tokens': 8, 'top1': 0.625, 'top5': 0.75}, {'step': 1, 'tokens': 8, 'top1': 0.625, 'top5': 0.875}, {'step': 2, 'tokens': 8, 'top1': 0.5, 'top5': 0.75}, {'step': 3, 'tokens': 8, 'top1': 0.125, 'top5': 0.75}, {'step': 4, 'tokens': 8, 'top1': 0.5, 'top5': 0.625}, {'step': 5, 'tokens': 8, 'top1': 0.375, 'top5': 0.5}, {'step': 6, 'tokens': 8, 'top1': 0.125, 'top5': 0.5}, {'step': 7, 'tokens': 8, 'top1': 0.125, 'top5': 0.375}, {'step': 8, 'tokens': 8, 'top1': 0.0, 'top5': 0.625}, {'step': 9, 'tokens': 8, 'top1': 0.0, 'top5': 0.25}, {'step': 10, 'tokens': 8, 'top1': 0.0, 'top5': 0.375}, {'step': 11, 'tokens': 8, 'top1': 0.125, 'top5': 0.5}, {'step': 12, 'tokens': 8, 'top1': 0.25, 'top5': 0.5}, {'step': 13, 'tokens': 8, 'top1': 0.0, 'top5': 0.125}, {'step': 14, 'tokens': 8, 'top1': 0.125, 'top5': 0.25}]

[36m(SpecoTaskRunner pid=62090)[0m step:15 - global_seqlen/min:176 - global_seqlen/max:176 - global_seqlen/minmax_diff:0 - global_seqlen/balanced_min:176 - global_seqlen/balanced_max:176 - global_seqlen/mean:176.0 - actor/entropy:0.0 - perf/mfu/actor_infer:0.006506803005405488 - training/rollout_probs_diff_valid:1 - training/rollout_probs_diff_max:0.07697570323944092 - training/rollout_probs_diff_mean:0.004941236227750778 - training/rollout_probs_diff_std:0.012757385149598122 - training/rollout_actor_probs_pearson_corr:0.9976865649223328 - rollout_corr/training_ppl:1.172206163406372 - rollout_corr/training_log_ppl:0.15762582421302795 - rollout_corr/kl:0.0022800967562943697 - rollout_corr/k3_kl:0.0006688579451292753 - rollout_corr/rollout_ppl:1.169334053993225 - rollout_corr/rollout_log_ppl:0.15534572303295135 - rollout_corr/log_ppl_diff:0.0022801049053668976 - rollout_corr/log_ppl_abs_diff:0.003918860107660294 - rollout_corr/log_ppl_diff_max:0.007326006889343262 - rollout_corr/log_ppl_diff_min:-0.0018308758735656738 - rollout_corr/ppl_ratio:1.0022907257080078 - rollout_corr/chi2_token:-0.0019289255142211914 - rollout_corr/chi2_seq:-0.15462738275527954 - actor/pg_clipfrac:np.float64(0.0) - actor/ppo_kl:np.float64(0.0) - actor/pg_clipfrac_lower:np.float64(0.0) - actor/pg_loss:np.float64(0.0) - actor/loss:np.float64(0.0) - actor/grad_norm:np.float64(0.0) - actor/lr:np.float64(1e-06) - actor/perf/max_memory_allocated_gb:np.float64(28.541846752166748) - actor/perf/max_memory_reserved_gb:np.float64(37.9921875) - actor/perf/cpu_memory_used_gb:np.float64(217.80234909057617) - perf/mfu/actor:np.float64(0.010114601291408065) - drafter/raw_drafter_samples:np.float64(4.0) - drafter/collected_samples:np.float64(2.0) - drafter/collect_interval_matched:np.float64(1.0) - drafter/collection_plan_used:np.float64(1.0) - drafter/collection_plan_collect:np.float64(1.0) - drafter/collection_plan_reason:np.float64(7.0) - drafter/collection_plan_source:np.float64(2.0) - drafter/collection_plan_interval_matched:np.float64(1.0) - drafter/collection_plan_training_interval_matched:np.float64(1.0) - drafter/collection_attempted:np.float64(1.0) - drafter/collection_completed:np.float64(1.0) - drafter/collection_outcome_reason:np.float64(1.0) - drafter/collection_rejected_samples:np.float64(0.0) - drafter/collection_worker_results:np.float64(1.0) - drafter/collection_finalized:np.float64(1.0) - drafter/collection_expired_stages:np.float64(0.0) - timing_s/drafter_collection_rpc:np.float64(0.022001584999088664) - drafter/scheduler_used:np.float64(1.0) - drafter/schedule_launch:np.float64(1.0) - drafter/schedule_interval_matched:np.float64(1.0) - drafter/schedule_strategy:np.float64(0.0) - drafter/schedule_reason:np.float64(10.0) - drafter/target_lm_head_apply_deferred:np.float64(1.0) - drafter/target_lm_head_selected_rows:np.float64(0.0) - drafter/target_lm_head_source_vocab_size:np.float64(0.0) - drafter/target_lm_head_direct_sparse_export:np.float64(0.0) - timing_s/drafter_sync_target_lm_head_fetch:np.float64(3.625358396999218) - timing_s/drafter_sync_target_lm_head_dispatch:np.float64(1.0086532850000367) - drafter/train_interval_matched:np.float64(1.0) - drafter/target_lm_head_synced:np.float64(1.0) - timing_s/drafter_sync_target_lm_head:np.float64(4.63751472599688) - timing_s/drafter_sync_target_lm_head_apply:np.float64(1.0089948549975816) - timing_s/drafter_sync_target_lm_head_wait:np.float64(0.00034156999754486606) - timing_s/drafter_sync_target_lm_head_overlap_window:np.float64(6.9999354550018325) - drafter/trained:np.float64(1.0) - drafter/train_successful_steps_max:np.int64(1) - drafter/train_no_trainable_batch:np.float64(0.0) - drafter/train_activation_failed:np.float64(0.0) - drafter/train_attempted_batches_max:np.int64(1) - drafter/train_buffer_size_before_min:np.int64(2) - drafter/train_buffer_size_after_min:np.int64(0) - drafter/train_optimizer_step_max:np.int64(15) - drafter/train_worker_results_consistent:np.float64(1.0) - drafter/train_worker_ids_consistent:np.float64(1.0) - drafter/train_worker_incarnations_consistent:np.float64(1.0) - drafter/train_plan_ids_consistent:np.float64(1.0) - drafter/train_source_steps_consistent:np.float64(1.0) - drafter/train_data_versions_consistent:np.float64(1.0) - drafter/train_target_versions_consistent:np.float64(1.0) - drafter/train_successful_steps_consistent:np.float64(1.0) - drafter/train_optimizer_steps_consistent:np.float64(1.0) - drafter/train_publish_leader_count:np.float64(1.0) - drafter/train_publish_leader_snapshot_ready:np.float64(1.0) - timing_s/drafter_prepare_batch:np.float64(0.002743959426879883) - timing_s/drafter_forward_loss:np.float64(0.5297858715057373) - timing_s/drafter_reduce_loss:np.float64(0.0013515949249267578) - timing_s/drafter_backward:np.float64(0.054914236068725586) - timing_s/drafter_optimizer:np.float64(0.20439839363098145) - timing_s/drafter_publish_snapshot:np.float64(2.3806474208831787) - timing_s/drafter_worker_training_loop:np.float64(1.7670965194702148) - timing_s/drafter_worker_cleanup:np.float64(5.195962905883789) - timing_s/drafter_worker_elapsed:np.float64(6.300634145736694) - timing_s/drafter_train_rpc:np.float64(7.551754862997768) - drafter/runtime_state:np.float64(3.0) - drafter/runtime_completed_batches:np.float64(1.0) - drafter/runtime_inflight:np.float64(0.0) - timing_s/drafter_runtime_batch_average:np.float64(7.551754862997768) - timing_s/drafter_outer_unaccounted:np.float64(0.008702565002749907) - drafter/publish_attempted:np.float64(1.0) - drafter/published:np.float64(1.0) - timing_s/drafter_publish_wait_pending:np.float64(1.8089995137415826e-06) - timing_s/drafter_publish_fetch_snapshot:np.float64(11.722699917998398) - timing_s/drafter_publish_update_weights:np.float64(0.0013953540001239162) - training/global_step:15 - training/epoch:1 - critic/score/mean:0.0 - critic/score/max:0.0 - critic/score/min:0.0 - critic/rewards/mean:0.0 - critic/rewards/max:0.0 - critic/rewards/min:0.0 - critic/advantages/mean:0.0 - critic/advantages/max:0.0 - critic/advantages/min:0.0 - critic/returns/mean:0.0 - critic/returns/max:0.0 - critic/returns/min:0.0 - response_length/mean:64.0 - response_length/max:64.0 - response_length/min:64.0 - response_length/clip_ratio:1.0 - response_length_non_aborted/mean:64.0 - response_length_non_aborted/max:64.0 - response_length_non_aborted/min:64.0 - response_length_non_aborted/clip_ratio:1.0 - response/aborted_ratio:0.0 - prompt_length/mean:24.0 - prompt_length/max:24.0 - prompt_length/min:24.0 - prompt_length/clip_ratio:0.0 - num_turns/min:np.int32(2) - num_turns/max:np.int32(2) - num_turns/mean:np.float64(2.0) - timing_s/start_profile:0.00015888599955360405 - timing_s/agent_loop/num_preempted/min:np.int64(-1) - timing_s/agent_loop/num_preempted/max:np.int64(-1) - timing_s/agent_loop/num_preempted/mean:np.float64(-1.0) - timing_s/agent_loop/generate_sequences/min:np.float64(1.0045085819983797) - timing_s/agent_loop/generate_sequences/max:np.float64(1.1585917699994752) - timing_s/agent_loop/generate_sequences/mean:np.float64(1.0630111309992571) - timing_s/agent_loop/tool_calls/min:np.float64(0.0) - timing_s/agent_loop/tool_calls/max:np.float64(0.0) - timing_s/agent_loop/tool_calls/mean:np.float64(0.0) - timing_s/agent_loop/compute_score/min:np.float64(0.006675757002085447) - timing_s/agent_loop/compute_score/max:np.float64(0.011439457997767022) - timing_s/agent_loop/compute_score/mean:np.float64(0.009864176499831956) - timing_s/agent_loop/slowest/generate_sequences:np.float64(1.1585917699994752) - timing_s/agent_loop/slowest/tool_calls:np.float64(0.0) - timing_s/agent_loop/slowest/compute_score:np.float64(0.011439457997767022) - timing_s/agent_loop/slowest/num_preempted:np.int64(-1) - timing_s/agent_loop/slowest/prompt_length:24 - timing_s/agent_loop/slowest/response_length:64 - timing_s/gen:8.009663747001468 - timing_s/reward:1.0719999409047887e-05 - timing_s/old_log_prob:4.02870842700213 - timing_s/adv:0.003654087002360029 - timing_s/update_actor:6.99996508500044 - timing_s/drafter:12.197972153997398 - drafter/spec_decode/mean_acceptance_length:2.099173553719008 - timing_s/update_weights:17.21614104100081 - timing_s/step:48.460444155000005 - timing_s/stop_profile:0.00017583700173418038 - timing_per_token_ms/gen:31.287749011724486 - timing_per_token_ms/adv:0.010380928983977356 - timing_per_token_ms/update_actor:19.886264446023976 - perf/total_num_tokens:352 - perf/time_per_step:48.460444155000005 - perf/throughput:3.631828041795627[36m(SpecoTaskRunner pid=62090)[0m Training Progress:  75%|███████▌  | 15/20 [16:38<04:48, 57.63s/it]
[36m(SpecoWorker pid=63572)[0m WARNING:2026-09-19 10:15:06,662:[speco publish reclaim] role=producer global_steps=15 num_weights=58 payload_cleared=1 allocator=glibc action=malloc_trim heap_trimmed=True elapsed_sec=0.262 memory_before=(rss_gib=10.98 anon_gib=5.64 rss_shmem_gib=2.80 node_unavailable_gib=222.50 available_gib=280.99 cached_gib=265.69 node_shmem_gib=41.47 dev_shm_used_gib=0.07 dirty_gib=51.62 writeback_gib=0.05) memory_after=(rss_gib=10.54 anon_gib=5.21 rss_shmem_gib=2.80 node_unavailable_gib=221.76 available_gib=281.72 cached_gib=265.71 node_shmem_gib=41.47 dev_shm_used_gib=0.07 dirty_gib=51.63 writeback_gib=0.05)
[36m(WorkerDict pid=62310)[0m WARNING:2026-09-19 10:15:09,063:[speco publish materialize] async=True global_steps=15 elapsed_sec=2.395 num_weights=58
[36m(SpecoVLLMHttpServer pid=62582)[0m (Worker_TP0 pid=63260) WARNING:2026-09-19 10:15:11,062:[speco draft ipc] streamed 58 translated weights in 1 buckets into DFlashQwen3Model (method=dflash), first 5 keys: ['fc.weight', 'hidden_norm.weight', 'layers.0.self_attn.q_proj.weight', 'layers.0.self_attn.k_proj.weight', 'layers.0.self_attn.v_proj.weight']
[36m(SpecoVLLMHttpServer pid=62582)[0m (Worker_TP1 pid=63261) WARNING:2026-09-19 10:15:11,083:[speco draft ipc] streamed 58 translated weights in 1 buckets into DFlashQwen3Model (method=dflash), first 5 keys: ['fc.weight', 'hidden_norm.weight', 'layers.0.self_attn.q_proj.weight', 'layers.0.self_attn.k_proj.weight', 'layers.0.self_attn.v_proj.weight']
[36m(SpecoVLLMHttpServer pid=62582)[0m (Worker_TP1 pid=63261) WARNING:2026-09-19 10:15:12,049:SPECO committed online drafter revision=15 loaded_params=58
[36m(SpecoVLLMHttpServer pid=62582)[0m (Worker_TP0 pid=63260) WARNING:2026-09-19 10:15:12,049:SPECO committed online drafter revision=15 loaded_params=58
[36m(WorkerDict pid=62310)[0m WARNING:2026-09-19 10:15:13,487:[speco publish reclaim] role=consumer async=True global_steps=15 num_weights=58 payload_cleared=1 allocator=glibc action=malloc_trim heap_trimmed=True elapsed_sec=0.448 memory_before=(rss_gib=19.87 anon_gib=6.60 rss_shmem_gib=10.58 node_unavailable_gib=219.98 available_gib=283.50 cached_gib=266.01 node_shmem_gib=41.47 dev_shm_used_gib=0.07 dirty_gib=51.59 writeback_gib=0.04) memory_after=(rss_gib=19.03 anon_gib=5.76 rss_shmem_gib=10.58 node_unavailable_gib=218.04 available_gib=285.44 cached_gib=266.02 node_shmem_gib=41.47 dev_shm_used_gib=0.07 dirty_gib=51.59 writeback_gib=0.01)
[36m(SpecoVLLMHttpServer pid=62582)[0m (Worker_TP1 pid=63261) WARNING:2026-09-19 10:15:16,264:[speco draft sleep] drafter state saved before level-2 sleep (66 tensors)
[36m(SpecoVLLMHttpServer pid=62582)[0m (Worker_TP0 pid=63260) WARNING:2026-09-19 10:15:16,267:[speco draft sleep] drafter state saved before level-2 sleep (66 tensors)
[36m(SpecoWorker pid=63572)[0m WARNING:2026-09-19 10:15:44,435:[drafter logits quality] valid_tokens=120 top1_acc=0.316667 top5_acc=0.583333 local_ploss_sum=148.632385 local_tokens=120 per_step=[{'step': 0, 'tokens': 8, 'top1': 0.75, 'top5': 0.875}, {'step': 1, 'tokens': 8, 'top1': 0.875, 'top5': 0.875}, {'step': 2, 'tokens': 8, 'top1': 0.375, 'top5': 0.75}, {'step': 3, 'tokens': 8, 'top1': 0.25, 'top5': 0.5}, {'step': 4, 'tokens': 8, 'top1': 0.5, 'top5': 0.75}, {'step': 5, 'tokens': 8, 'top1': 0.375, 'top5': 0.625}, {'step': 6, 'tokens': 8, 'top1': 0.25, 'top5': 0.5}, {'step': 7, 'tokens': 8, 'top1': 0.25, 'top5': 0.5}, {'step': 8, 'tokens': 8, 'top1': 0.25, 'top5': 0.625}, {'step': 9, 'tokens': 8, 'top1': 0.25, 'top5': 0.5}, {'step': 10, 'tokens': 8, 'top1': 0.125, 'top5': 0.375}, {'step': 11, 'tokens': 8, 'top1': 0.375, 'top5': 0.875}, {'step': 12, 'tokens': 8, 'top1': 0.0, 'top5': 0.375}, {'step': 13, 'tokens': 8, 'top1': 0.0, 'top5': 0.375}, {'step': 14, 'tokens': 8, 'top1': 0.125, 'top5': 0.25}]
[36m(SpecoWorker pid=63572)[0m INFO:2026-09-19 10:15:45,196:[drafter loss] step=1 optimizer_step_total=16 lr=1.000e-05 loss=2.7902 vloss=0.0000 ploss=2.7902
[36m(SpecoVLLMHttpServer pid=62582)[0m (Worker_TP1 pid=63261) WARNING:2026-09-19 10:15:51,050:[speco draft wake_up] drafter state restored after level-2 wake_up (66 tensors, revision=15)
[36m(SpecoVLLMHttpServer pid=62582)[0m (Worker_TP0 pid=63260) WARNING:2026-09-19 10:15:51,055:[speco draft wake_up] drafter state restored after level-2 wake_up (66 tensors, revision=15)
[36m(SpecoWorker pid=63642)[0m WARNING:2026-09-19 10:15:44,435:[drafter logits quality] valid_tokens=120 top1_acc=0.308333 top5_acc=0.575000 local_ploss_sum=147.382004 local_tokens=120 per_step=[{'step': 0, 'tokens': 8, 'top1': 0.75, 'top5': 1.0}, {'step': 1, 'tokens': 8, 'top1': 0.875, 'top5': 0.875}, {'step': 2, 'tokens': 8, 'top1': 0.5, 'top5': 0.875}, {'step': 3, 'tokens': 8, 'top1': 0.375, 'top5': 0.625}, {'step': 4, 'tokens': 8, 'top1': 0.125, 'top5': 0.375}, {'step': 5, 'tokens': 8, 'top1': 0.375, 'top5': 0.5}, {'step': 6, 'tokens': 8, 'top1': 0.375, 'top5': 0.75}, {'step': 7, 'tokens': 8, 'top1': 0.125, 'top5': 0.5}, {'step': 8, 'tokens': 8, 'top1': 0.25, 'top5': 0.375}, {'step': 9, 'tokens': 8, 'top1': 0.375, 'top5': 0.625}, {'step': 10, 'tokens': 8, 'top1': 0.125, 'top5': 0.375}, {'step': 11, 'tokens': 8, 'top1': 0.125, 'top5': 0.625}, {'step': 12, 'tokens': 8, 'top1': 0.125, 'top5': 0.5}, {'step': 13, 'tokens': 8, 'top1': 0.0, 'top5': 0.375}, {'step': 14, 'tokens': 8, 'top1': 0.125, 'top5': 0.25}]

[36m(SpecoTaskRunner pid=62090)[0m step:16 - global_seqlen/min:176 - global_seqlen/max:176 - global_seqlen/minmax_diff:0 - global_seqlen/balanced_min:176 - global_seqlen/balanced_max:176 - global_seqlen/mean:176.0 - actor/entropy:0.0 - perf/mfu/actor_infer:0.00485242873662058 - training/rollout_probs_diff_valid:1 - training/rollout_probs_diff_max:0.07860720157623291 - training/rollout_probs_diff_mean:0.004387788474559784 - training/rollout_probs_diff_std:0.011806239373981953 - training/rollout_actor_probs_pearson_corr:0.9977615475654602 - rollout_corr/training_ppl:1.1386363506317139 - rollout_corr/training_log_ppl:0.12938857078552246 - rollout_corr/kl:0.0011829817667603493 - rollout_corr/k3_kl:0.0003952283877879381 - rollout_corr/rollout_ppl:1.137330412864685 - rollout_corr/rollout_log_ppl:0.1282055824995041 - rollout_corr/log_ppl_diff:0.0011829826980829239 - rollout_corr/log_ppl_abs_diff:0.00265679694712162 - rollout_corr/log_ppl_diff_max:0.004214577376842499 - rollout_corr/log_ppl_diff_min:-0.0029476284980773926 - rollout_corr/ppl_ratio:1.0011870861053467 - rollout_corr/chi2_token:-0.0008330941200256348 - rollout_corr/chi2_seq:-0.08829671144485474 - actor/pg_clipfrac:np.float64(0.0) - actor/ppo_kl:np.float64(0.0) - actor/pg_clipfrac_lower:np.float64(0.0) - actor/pg_loss:np.float64(0.0) - actor/loss:np.float64(0.0) - actor/grad_norm:np.float64(0.0) - actor/lr:np.float64(1e-06) - actor/perf/max_memory_allocated_gb:np.float64(28.541846752166748) - actor/perf/max_memory_reserved_gb:np.float64(37.9921875) - actor/perf/cpu_memory_used_gb:np.float64(218.9436264038086) - perf/mfu/actor:np.float64(0.010035230552947302) - drafter/raw_drafter_samples:np.float64(4.0) - drafter/collected_samples:np.float64(2.0) - drafter/collect_interval_matched:np.float64(1.0) - drafter/collection_plan_used:np.float64(1.0) - drafter/collection_plan_collect:np.float64(1.0) - drafter/collection_plan_reason:np.float64(7.0) - drafter/collection_plan_source:np.float64(2.0) - drafter/collection_plan_interval_matched:np.float64(1.0) - drafter/collection_plan_training_interval_matched:np.float64(1.0) - drafter/collection_attempted:np.float64(1.0) - drafter/collection_completed:np.float64(1.0) - drafter/collection_outcome_reason:np.float64(1.0) - drafter/collection_rejected_samples:np.float64(0.0) - drafter/collection_worker_results:np.float64(1.0) - drafter/collection_finalized:np.float64(1.0) - drafter/collection_expired_stages:np.float64(0.0) - timing_s/drafter_collection_rpc:np.float64(0.3309312819983461) - drafter/scheduler_used:np.float64(1.0) - drafter/schedule_launch:np.float64(1.0) - drafter/schedule_interval_matched:np.float64(1.0) - drafter/schedule_strategy:np.float64(0.0) - drafter/schedule_reason:np.float64(10.0) - drafter/target_lm_head_apply_deferred:np.float64(1.0) - drafter/target_lm_head_selected_rows:np.float64(0.0) - drafter/target_lm_head_source_vocab_size:np.float64(0.0) - drafter/target_lm_head_direct_sparse_export:np.float64(0.0) - timing_s/drafter_sync_target_lm_head_fetch:np.float64(6.265165370998147) - timing_s/drafter_sync_target_lm_head_dispatch:np.float64(8.208223485999042) - drafter/train_interval_matched:np.float64(1.0) - drafter/target_lm_head_synced:np.float64(1.0) - timing_s/drafter_sync_target_lm_head:np.float64(14.476916640996933) - timing_s/drafter_sync_target_lm_head_apply:np.float64(8.20858107299864) - timing_s/drafter_sync_target_lm_head_wait:np.float64(0.0003575869995984249) - timing_s/drafter_sync_target_lm_head_overlap_window:np.float64(6.880021753000619) - drafter/trained:np.float64(1.0) - drafter/train_successful_steps_max:np.int64(1) - drafter/train_no_trainable_batch:np.float64(0.0) - drafter/train_activation_failed:np.float64(0.0) - drafter/train_attempted_batches_max:np.int64(1) - drafter/train_buffer_size_before_min:np.int64(2) - drafter/train_buffer_size_after_min:np.int64(0) - drafter/train_optimizer_step_max:np.int64(16) - drafter/train_worker_results_consistent:np.float64(1.0) - drafter/train_worker_ids_consistent:np.float64(1.0) - drafter/train_worker_incarnations_consistent:np.float64(1.0) - drafter/train_plan_ids_consistent:np.float64(1.0) - drafter/train_source_steps_consistent:np.float64(1.0) - drafter/train_data_versions_consistent:np.float64(1.0) - drafter/train_target_versions_consistent:np.float64(1.0) - drafter/train_successful_steps_consistent:np.float64(1.0) - drafter/train_optimizer_steps_consistent:np.float64(1.0) - drafter/train_publish_leader_count:np.float64(1.0) - drafter/train_publish_leader_snapshot_ready:np.float64(1.0) - timing_s/drafter_prepare_batch:np.float64(0.002789735794067383) - timing_s/drafter_forward_loss:np.float64(0.6373069286346436) - timing_s/drafter_reduce_loss:np.float64(0.0014812946319580078) - timing_s/drafter_backward:np.float64(0.0653233528137207) - timing_s/drafter_optimizer:np.float64(0.19537067413330078) - timing_s/drafter_publish_snapshot:np.float64(2.413276433944702) - timing_s/drafter_worker_training_loop:np.float64(0.9106929302215576) - timing_s/drafter_worker_cleanup:np.float64(4.290346384048462) - timing_s/drafter_worker_elapsed:np.float64(5.453860759735107) - timing_s/drafter_train_rpc:np.float64(6.706577567998465) - drafter/runtime_state:np.float64(3.0) - drafter/runtime_completed_batches:np.float64(1.0) - drafter/runtime_inflight:np.float64(0.0) - timing_s/drafter_runtime_batch_average:np.float64(6.706577567998465) - timing_s/drafter_outer_unaccounted:np.float64(0.007719830009591533) - drafter/publish_attempted:np.float64(1.0) - drafter/published:np.float64(1.0) - timing_s/drafter_publish_wait_pending:np.float64(3.6950004869140685e-06) - timing_s/drafter_publish_fetch_snapshot:np.float64(4.321119106996775) - timing_s/drafter_publish_update_weights:np.float64(0.00143631699756952) - training/global_step:16 - training/epoch:1 - critic/score/mean:0.0 - critic/score/max:0.0 - critic/score/min:0.0 - critic/rewards/mean:0.0 - critic/rewards/max:0.0 - critic/rewards/min:0.0 - critic/advantages/mean:0.0 - critic/advantages/max:0.0 - critic/advantages/min:0.0 - critic/returns/mean:0.0 - critic/returns/max:0.0 - critic/returns/min:0.0 - response_length/mean:64.0 - response_length/max:64.0 - response_length/min:64.0 - response_length/clip_ratio:1.0 - response_length_non_aborted/mean:64.0 - response_length_non_aborted/max:64.0 - response_length_non_aborted/min:64.0 - response_length_non_aborted/clip_ratio:1.0 - response/aborted_ratio:0.0 - prompt_length/mean:24.0 - prompt_length/max:24.0 - prompt_length/min:24.0 - prompt_length/clip_ratio:0.0 - num_turns/min:np.int32(2) - num_turns/max:np.int32(2) - num_turns/mean:np.float64(2.0) - timing_s/start_profile:0.00012941999739268795 - timing_s/agent_loop/num_preempted/min:np.int64(-1) - timing_s/agent_loop/num_preempted/max:np.int64(-1) - timing_s/agent_loop/num_preempted/mean:np.float64(-1.0) - timing_s/agent_loop/generate_sequences/min:np.float64(0.7792933780001476) - timing_s/agent_loop/generate_sequences/max:np.float64(0.974646730999666) - timing_s/agent_loop/generate_sequences/mean:np.float64(0.8987674882500869) - timing_s/agent_loop/tool_calls/min:np.float64(0.0) - timing_s/agent_loop/tool_calls/max:np.float64(0.0) - timing_s/agent_loop/tool_calls/mean:np.float64(0.0) - timing_s/agent_loop/compute_score/min:np.float64(0.010552359002758749) - timing_s/agent_loop/compute_score/max:np.float64(0.013310640999407042) - timing_s/agent_loop/compute_score/mean:np.float64(0.011842152251119842) - timing_s/agent_loop/slowest/generate_sequences:np.float64(0.974646730999666) - timing_s/agent_loop/slowest/tool_calls:np.float64(0.0) - timing_s/agent_loop/slowest/compute_score:np.float64(0.01086784200015245) - timing_s/agent_loop/slowest/num_preempted:np.int64(-1) - timing_s/agent_loop/slowest/prompt_length:24 - timing_s/agent_loop/slowest/response_length:64 - timing_s/gen:9.75940042000002 - timing_s/reward:2.6983998395735398e-05 - timing_s/old_log_prob:5.230628916000569 - timing_s/adv:0.001966701001947513 - timing_s/update_actor:6.880091244995128 - timing_s/drafter:21.19121403900499 - drafter/spec_decode/mean_acceptance_length:2.466019417475728 - timing_s/update_weights:7.683252795995941 - timing_s/step:50.751703533002 - timing_s/stop_profile:0.00016015599976526573 - timing_per_token_ms/gen:38.12265789062508 - timing_per_token_ms/adv:0.005587218755532707 - timing_per_token_ms/update_actor:19.545713764190705 - perf/total_num_tokens:352 - perf/time_per_step:50.751703533002 - perf/throughput:3.46786388924962[36m(SpecoTaskRunner pid=62090)[0m Training Progress:  80%|████████  | 16/20 [17:29<03:42, 55.56s/it]
[36m(SpecoWorker pid=63572)[0m WARNING:2026-09-19 10:15:57,064:[speco publish reclaim] role=producer global_steps=16 num_weights=58 payload_cleared=1 allocator=glibc action=malloc_trim heap_trimmed=True elapsed_sec=0.249 memory_before=(rss_gib=10.97 anon_gib=5.63 rss_shmem_gib=2.80 node_unavailable_gib=214.68 available_gib=288.81 cached_gib=267.04 node_shmem_gib=41.46 dev_shm_used_gib=0.07 dirty_gib=50.99 writeback_gib=0.03) memory_after=(rss_gib=10.54 anon_gib=5.21 rss_shmem_gib=2.80 node_unavailable_gib=214.26 available_gib=289.23 cached_gib=267.04 node_shmem_gib=41.46 dev_shm_used_gib=0.07 dirty_gib=50.99 writeback_gib=0.03)
[36m(WorkerDict pid=62310)[0m WARNING:2026-09-19 10:15:59,968:[speco publish materialize] async=True global_steps=16 elapsed_sec=2.540 num_weights=58
[36m(SpecoVLLMHttpServer pid=62582)[0m (Worker_TP0 pid=63260) WARNING:2026-09-19 10:16:00,283:[speco draft ipc] streamed 58 translated weights in 1 buckets into DFlashQwen3Model (method=dflash), first 5 keys: ['fc.weight', 'hidden_norm.weight', 'layers.0.self_attn.q_proj.weight', 'layers.0.self_attn.k_proj.weight', 'layers.0.self_attn.v_proj.weight']
[36m(SpecoVLLMHttpServer pid=62582)[0m (Worker_TP0 pid=63260) WARNING:2026-09-19 10:16:01,053:SPECO committed online drafter revision=16 loaded_params=58
[36m(SpecoVLLMHttpServer pid=62582)[0m (Worker_TP1 pid=63261) WARNING:2026-09-19 10:16:01,297:[speco draft ipc] streamed 58 translated weights in 1 buckets into DFlashQwen3Model (method=dflash), first 5 keys: ['fc.weight', 'hidden_norm.weight', 'layers.0.self_attn.q_proj.weight', 'layers.0.self_attn.k_proj.weight', 'layers.0.self_attn.v_proj.weight']
[36m(SpecoVLLMHttpServer pid=62582)[0m (Worker_TP1 pid=63261) WARNING:2026-09-19 10:16:01,574:SPECO committed online drafter revision=16 loaded_params=58
[36m(WorkerDict pid=62310)[0m WARNING:2026-09-19 10:16:02,589:[speco publish reclaim] role=consumer async=True global_steps=16 num_weights=58 payload_cleared=1 allocator=glibc action=malloc_trim heap_trimmed=True elapsed_sec=0.467 memory_before=(rss_gib=19.79 anon_gib=6.51 rss_shmem_gib=10.58 node_unavailable_gib=213.86 available_gib=289.63 cached_gib=266.96 node_shmem_gib=41.46 dev_shm_used_gib=0.07 dirty_gib=50.60 writeback_gib=0.07) memory_after=(rss_gib=19.03 anon_gib=5.76 rss_shmem_gib=10.58 node_unavailable_gib=212.52 available_gib=290.97 cached_gib=266.96 node_shmem_gib=41.46 dev_shm_used_gib=0.07 dirty_gib=50.58 writeback_gib=0.05)
[36m(SpecoVLLMHttpServer pid=62582)[0m (Worker_TP1 pid=63261) WARNING:2026-09-19 10:16:04,316:[speco draft sleep] drafter state saved before level-2 sleep (66 tensors)
[36m(SpecoVLLMHttpServer pid=62582)[0m (Worker_TP0 pid=63260) WARNING:2026-09-19 10:16:04,318:[speco draft sleep] drafter state saved before level-2 sleep (66 tensors)
[36m(SpecoWorker pid=63642)[0m WARNING:2026-09-19 10:16:23,132:[drafter logits quality] valid_tokens=120 top1_acc=0.241667 top5_acc=0.483333 local_ploss_sum=166.793549 local_tokens=120 per_step=[{'step': 0, 'tokens': 8, 'top1': 0.75, 'top5': 1.0}, {'step': 1, 'tokens': 8, 'top1': 0.625, 'top5': 0.875}, {'step': 2, 'tokens': 8, 'top1': 0.625, 'top5': 0.75}, {'step': 3, 'tokens': 8, 'top1': 0.5, 'top5': 0.75}, {'step': 4, 'tokens': 8, 'top1': 0.375, 'top5': 0.625}, {'step': 5, 'tokens': 8, 'top1': 0.25, 'top5': 0.5}, {'step': 6, 'tokens': 8, 'top1': 0.125, 'top5': 0.5}, {'step': 7, 'tokens': 8, 'top1': 0.25, 'top5': 0.5}, {'step': 8, 'tokens': 8, 'top1': 0.125, 'top5': 0.375}, {'step': 9, 'tokens': 8, 'top1': 0.0, 'top5': 0.375}, {'step': 10, 'tokens': 8, 'top1': 0.0, 'top5': 0.375}, {'step': 11, 'tokens': 8, 'top1': 0.0, 'top5': 0.25}, {'step': 12, 'tokens': 8, 'top1': 0.0, 'top5': 0.125}, {'step': 13, 'tokens': 8, 'top1': 0.0, 'top5': 0.0}, {'step': 14, 'tokens': 8, 'top1': 0.0, 'top5': 0.25}]
[36m(SpecoWorker pid=63572)[0m INFO:2026-09-19 10:16:24,003:[drafter loss] step=1 optimizer_step_total=17 lr=1.000e-05 loss=3.0528 vloss=0.0000 ploss=3.0528
[36m(SpecoVLLMHttpServer pid=62582)[0m (Worker_TP0 pid=63260) WARNING:2026-09-19 10:16:29,835:[speco draft wake_up] drafter state restored after level-2 wake_up (66 tensors, revision=16)
[36m(SpecoVLLMHttpServer pid=62582)[0m (Worker_TP1 pid=63261) WARNING:2026-09-19 10:16:29,853:[speco draft wake_up] drafter state restored after level-2 wake_up (66 tensors, revision=16)
[36m(SpecoWorker pid=63572)[0m WARNING:2026-09-19 10:16:23,132:[drafter logits quality] valid_tokens=120 top1_acc=0.250000 top5_acc=0.491667 local_ploss_sum=157.081909 local_tokens=120 per_step=[{'step': 0, 'tokens': 8, 'top1': 0.625, 'top5': 0.875}, {'step': 1, 'tokens': 8, 'top1': 0.625, 'top5': 0.875}, {'step': 2, 'tokens': 8, 'top1': 0.875, 'top5': 1.0}, {'step': 3, 'tokens': 8, 'top1': 0.5, 'top5': 0.625}, {'step': 4, 'tokens': 8, 'top1': 0.5, 'top5': 0.75}, {'step': 5, 'tokens': 8, 'top1': 0.25, 'top5': 0.625}, {'step': 6, 'tokens': 8, 'top1': 0.125, 'top5': 0.625}, {'step': 7, 'tokens': 8, 'top1': 0.125, 'top5': 0.5}, {'step': 8, 'tokens': 8, 'top1': 0.125, 'top5': 0.25}, {'step': 9, 'tokens': 8, 'top1': 0.0, 'top5': 0.375}, {'step': 10, 'tokens': 8, 'top1': 0.0, 'top5': 0.25}, {'step': 11, 'tokens': 8, 'top1': 0.0, 'top5': 0.375}, {'step': 12, 'tokens': 8, 'top1': 0.0, 'top5': 0.0}, {'step': 13, 'tokens': 8, 'top1': 0.0, 'top5': 0.0}, {'step': 14, 'tokens': 8, 'top1': 0.0, 'top5': 0.25}]

[36m(SpecoTaskRunner pid=62090)[0m step:17 - global_seqlen/min:176 - global_seqlen/max:178 - global_seqlen/minmax_diff:2 - global_seqlen/balanced_min:177 - global_seqlen/balanced_max:177 - global_seqlen/mean:177.0 - actor/entropy:0.0 - perf/mfu/actor_infer:0.006419010189572738 - training/rollout_probs_diff_valid:1 - training/rollout_probs_diff_max:0.08994448184967041 - training/rollout_probs_diff_mean:0.005445677787065506 - training/rollout_probs_diff_std:0.013968583196401596 - training/rollout_actor_probs_pearson_corr:0.9978029131889343 - rollout_corr/training_ppl:1.2026804685592651 - rollout_corr/training_log_ppl:0.18291649222373962 - rollout_corr/kl:0.0030405335128307343 - rollout_corr/k3_kl:0.0007641811389476061 - rollout_corr/rollout_ppl:1.1988482475280762 - rollout_corr/rollout_log_ppl:0.17987596988677979 - rollout_corr/log_ppl_diff:0.003040540963411331 - rollout_corr/log_ppl_abs_diff:0.0066185928881168365 - rollout_corr/log_ppl_diff_max:0.009554609656333923 - rollout_corr/log_ppl_diff_min:-0.007156103849411011 - rollout_corr/ppl_ratio:1.0030653476715088 - rollout_corr/chi2_token:-0.003108382225036621 - rollout_corr/chi2_seq:-0.025421500205993652 - actor/pg_clipfrac:np.float64(0.0) - actor/ppo_kl:np.float64(0.0) - actor/pg_clipfrac_lower:np.float64(0.0) - actor/pg_loss:np.float64(0.0) - actor/loss:np.float64(0.0) - actor/grad_norm:np.float64(0.0) - actor/lr:np.float64(1e-06) - actor/perf/max_memory_allocated_gb:np.float64(28.541846752166748) - actor/perf/max_memory_reserved_gb:np.float64(37.9921875) - actor/perf/cpu_memory_used_gb:np.float64(214.39407348632812) - perf/mfu/actor:np.float64(0.010334759733857043) - drafter/raw_drafter_samples:np.float64(4.0) - drafter/collected_samples:np.float64(2.0) - drafter/collect_interval_matched:np.float64(1.0) - drafter/collection_plan_used:np.float64(1.0) - drafter/collection_plan_collect:np.float64(1.0) - drafter/collection_plan_reason:np.float64(7.0) - drafter/collection_plan_source:np.float64(2.0) - drafter/collection_plan_interval_matched:np.float64(1.0) - drafter/collection_plan_training_interval_matched:np.float64(1.0) - drafter/collection_attempted:np.float64(1.0) - drafter/collection_completed:np.float64(1.0) - drafter/collection_outcome_reason:np.float64(1.0) - drafter/collection_rejected_samples:np.float64(0.0) - drafter/collection_worker_results:np.float64(1.0) - drafter/collection_finalized:np.float64(1.0) - drafter/collection_expired_stages:np.float64(0.0) - timing_s/drafter_collection_rpc:np.float64(0.08990353099943604) - drafter/scheduler_used:np.float64(1.0) - drafter/schedule_launch:np.float64(1.0) - drafter/schedule_interval_matched:np.float64(1.0) - drafter/schedule_strategy:np.float64(0.0) - drafter/schedule_reason:np.float64(10.0) - drafter/target_lm_head_apply_deferred:np.float64(1.0) - drafter/target_lm_head_selected_rows:np.float64(0.0) - drafter/target_lm_head_source_vocab_size:np.float64(0.0) - drafter/target_lm_head_direct_sparse_export:np.float64(0.0) - timing_s/drafter_sync_target_lm_head_fetch:np.float64(4.156329198995081) - timing_s/drafter_sync_target_lm_head_dispatch:np.float64(1.9356683139994857) - drafter/train_interval_matched:np.float64(1.0) - drafter/target_lm_head_synced:np.float64(1.0) - timing_s/drafter_sync_target_lm_head:np.float64(6.096605475002434) - timing_s/drafter_sync_target_lm_head_apply:np.float64(1.9360727930034045) - timing_s/drafter_sync_target_lm_head_wait:np.float64(0.00040447900391882285) - timing_s/drafter_sync_target_lm_head_overlap_window:np.float64(6.825863193000259) - drafter/trained:np.float64(1.0) - drafter/train_successful_steps_max:np.int64(1) - drafter/train_no_trainable_batch:np.float64(0.0) - drafter/train_activation_failed:np.float64(0.0) - drafter/train_attempted_batches_max:np.int64(1) - drafter/train_buffer_size_before_min:np.int64(2) - drafter/train_buffer_size_after_min:np.int64(0) - drafter/train_optimizer_step_max:np.int64(17) - drafter/train_worker_results_consistent:np.float64(1.0) - drafter/train_worker_ids_consistent:np.float64(1.0) - drafter/train_worker_incarnations_consistent:np.float64(1.0) - drafter/train_plan_ids_consistent:np.float64(1.0) - drafter/train_source_steps_consistent:np.float64(1.0) - drafter/train_data_versions_consistent:np.float64(1.0) - drafter/train_target_versions_consistent:np.float64(1.0) - drafter/train_successful_steps_consistent:np.float64(1.0) - drafter/train_optimizer_steps_consistent:np.float64(1.0) - drafter/train_publish_leader_count:np.float64(1.0) - drafter/train_publish_leader_snapshot_ready:np.float64(1.0) - timing_s/drafter_prepare_batch:np.float64(0.002730846405029297) - timing_s/drafter_forward_loss:np.float64(0.7498989105224609) - timing_s/drafter_reduce_loss:np.float64(0.0010900497436523438) - timing_s/drafter_backward:np.float64(0.05720329284667969) - timing_s/drafter_optimizer:np.float64(0.19860291481018066) - timing_s/drafter_publish_snapshot:np.float64(2.4377939701080322) - timing_s/drafter_worker_training_loop:np.float64(1.0223252773284912) - timing_s/drafter_worker_cleanup:np.float64(4.320800065994263) - timing_s/drafter_worker_elapsed:np.float64(5.606442928314209) - timing_s/drafter_train_rpc:np.float64(6.9549539370054845) - drafter/runtime_state:np.float64(3.0) - drafter/runtime_completed_batches:np.float64(1.0) - drafter/runtime_inflight:np.float64(0.0) - timing_s/drafter_runtime_batch_average:np.float64(6.9549539370054845) - timing_s/drafter_outer_unaccounted:np.float64(0.010727778993896209) - drafter/publish_attempted:np.float64(1.0) - drafter/published:np.float64(1.0) - timing_s/drafter_publish_wait_pending:np.float64(3.3149990485981107e-06) - timing_s/drafter_publish_fetch_snapshot:np.float64(5.840890978004609) - timing_s/drafter_publish_update_weights:np.float64(0.0018217229953734204) - training/global_step:17 - training/epoch:2 - critic/score/mean:0.0 - critic/score/max:0.0 - critic/score/min:0.0 - critic/rewards/mean:0.0 - critic/rewards/max:0.0 - critic/rewards/min:0.0 - critic/advantages/mean:0.0 - critic/advantages/max:0.0 - critic/advantages/min:0.0 - critic/returns/mean:0.0 - critic/returns/max:0.0 - critic/returns/min:0.0 - response_length/mean:64.0 - response_length/max:64.0 - response_length/min:64.0 - response_length/clip_ratio:1.0 - response_length_non_aborted/mean:64.0 - response_length_non_aborted/max:64.0 - response_length_non_aborted/min:64.0 - response_length_non_aborted/clip_ratio:1.0 - response/aborted_ratio:0.0 - prompt_length/mean:24.5 - prompt_length/max:25.0 - prompt_length/min:24.0 - prompt_length/clip_ratio:0.0 - num_turns/min:np.int32(2) - num_turns/max:np.int32(2) - num_turns/mean:np.float64(2.0) - timing_s/start_profile:0.00035704100446309894 - timing_s/agent_loop/num_preempted/min:np.int64(-1) - timing_s/agent_loop/num_preempted/max:np.int64(-1) - timing_s/agent_loop/num_preempted/mean:np.float64(-1.0) - timing_s/agent_loop/generate_sequences/min:np.float64(0.8041764500012505) - timing_s/agent_loop/generate_sequences/max:np.float64(0.9161255199942389) - timing_s/agent_loop/generate_sequences/mean:np.float64(0.8603508167489053) - timing_s/agent_loop/tool_calls/min:np.float64(0.0) - timing_s/agent_loop/tool_calls/max:np.float64(0.0) - timing_s/agent_loop/tool_calls/mean:np.float64(0.0) - timing_s/agent_loop/compute_score/min:np.float64(0.01060662799864076) - timing_s/agent_loop/compute_score/max:np.float64(0.015141960000619292) - timing_s/agent_loop/compute_score/mean:np.float64(0.012469637749745743) - timing_s/agent_loop/slowest/generate_sequences:np.float64(0.9161255199942389) - timing_s/agent_loop/slowest/tool_calls:np.float64(0.0) - timing_s/agent_loop/slowest/compute_score:np.float64(0.010893211998336483) - timing_s/agent_loop/slowest/num_preempted:np.int64(-1) - timing_s/agent_loop/slowest/prompt_length:24 - timing_s/agent_loop/slowest/response_length:64 - timing_s/gen:5.3095563870010665 - timing_s/reward:6.659800419583917e-05 - timing_s/old_log_prob:4.2313124439970125 - timing_s/adv:0.003981166999437846 - timing_s/update_actor:6.8258362709966605 - timing_s/drafter:13.062287191001815 - drafter/spec_decode/mean_acceptance_length:2.4056603773584904 - timing_s/update_weights:10.202559821002069 - timing_s/step:39.64347572699626 - timing_s/stop_profile:0.0001538439973955974 - timing_per_token_ms/gen:20.740454636722916 - timing_per_token_ms/adv:0.011246234461688832 - timing_per_token_ms/update_actor:19.282023364397347 - perf/total_num_tokens:354 - perf/time_per_step:39.64347572699626 - perf/throughput:4.464795196538916[36m(SpecoTaskRunner pid=62090)[0m Training Progress:  85%|████████▌ | 17/20 [18:10<02:33, 51.29s/it]
[36m(SpecoWorker pid=63572)[0m WARNING:2026-09-19 10:16:38,789:[speco publish reclaim] role=producer global_steps=17 num_weights=58 payload_cleared=1 allocator=glibc action=malloc_trim heap_trimmed=True elapsed_sec=0.271 memory_before=(rss_gib=10.90 anon_gib=5.56 rss_shmem_gib=2.80 node_unavailable_gib=212.47 available_gib=291.02 cached_gib=268.46 node_shmem_gib=41.46 dev_shm_used_gib=0.07 dirty_gib=50.47 writeback_gib=0.02) memory_after=(rss_gib=10.50 anon_gib=5.17 rss_shmem_gib=2.80 node_unavailable_gib=212.12 available_gib=291.37 cached_gib=268.51 node_shmem_gib=41.46 dev_shm_used_gib=0.07 dirty_gib=50.47 writeback_gib=0.04)
[36m(WorkerDict pid=62310)[0m WARNING:2026-09-19 10:16:41,107:[speco publish materialize] async=True global_steps=17 elapsed_sec=2.311 num_weights=58
[36m(SpecoVLLMHttpServer pid=62582)[0m (Worker_TP1 pid=63261) WARNING:2026-09-19 10:16:41,837:[speco draft ipc] streamed 58 translated weights in 1 buckets into DFlashQwen3Model (method=dflash), first 5 keys: ['fc.weight', 'hidden_norm.weight', 'layers.0.self_attn.q_proj.weight', 'layers.0.self_attn.k_proj.weight', 'layers.0.self_attn.v_proj.weight']
[36m(SpecoVLLMHttpServer pid=62582)[0m (Worker_TP1 pid=63261) WARNING:2026-09-19 10:16:41,843:SPECO committed online drafter revision=17 loaded_params=58
[36m(SpecoVLLMHttpServer pid=62582)[0m (Worker_TP0 pid=63260) WARNING:2026-09-19 10:16:41,986:[speco draft ipc] streamed 58 translated weights in 1 buckets into DFlashQwen3Model (method=dflash), first 5 keys: ['fc.weight', 'hidden_norm.weight', 'layers.0.self_attn.q_proj.weight', 'layers.0.self_attn.k_proj.weight', 'layers.0.self_attn.v_proj.weight']
[36m(SpecoVLLMHttpServer pid=62582)[0m (Worker_TP0 pid=63260) WARNING:2026-09-19 10:16:41,991:SPECO committed online drafter revision=17 loaded_params=58
[36m(WorkerDict pid=62310)[0m WARNING:2026-09-19 10:16:42,786:[speco publish reclaim] role=consumer async=True global_steps=17 num_weights=58 payload_cleared=1 allocator=glibc action=malloc_trim heap_trimmed=True elapsed_sec=0.442 memory_before=(rss_gib=19.82 anon_gib=6.54 rss_shmem_gib=10.58 node_unavailable_gib=214.98 available_gib=288.51 cached_gib=269.01 node_shmem_gib=41.46 dev_shm_used_gib=0.07 dirty_gib=50.67 writeback_gib=0.02) memory_after=(rss_gib=19.04 anon_gib=5.76 rss_shmem_gib=10.58 node_unavailable_gib=212.22 available_gib=291.27 cached_gib=269.01 node_shmem_gib=41.46 dev_shm_used_gib=0.07 dirty_gib=50.61 writeback_gib=0.05)
[36m(SpecoVLLMHttpServer pid=62582)[0m (Worker_TP0 pid=63260) WARNING:2026-09-19 10:16:44,493:[speco draft sleep] drafter state saved before level-2 sleep (66 tensors)
[36m(SpecoVLLMHttpServer pid=62582)[0m (Worker_TP1 pid=63261) WARNING:2026-09-19 10:16:44,587:[speco draft sleep] drafter state saved before level-2 sleep (66 tensors)
[36m(SpecoWorker pid=63572)[0m WARNING:2026-09-19 10:17:00,887:[drafter logits quality] valid_tokens=120 top1_acc=0.091667 top5_acc=0.225000 local_ploss_sum=271.786682 local_tokens=120 per_step=[{'step': 0, 'tokens': 8, 'top1': 0.5, 'top5': 0.75}, {'step': 1, 'tokens': 8, 'top1': 0.25, 'top5': 0.375}, {'step': 2, 'tokens': 8, 'top1': 0.0, 'top5': 0.125}, {'step': 3, 'tokens': 8, 'top1': 0.125, 'top5': 0.125}, {'step': 4, 'tokens': 8, 'top1': 0.125, 'top5': 0.25}, {'step': 5, 'tokens': 8, 'top1': 0.0, 'top5': 0.0}, {'step': 6, 'tokens': 8, 'top1': 0.125, 'top5': 0.375}, {'step': 7, 'tokens': 8, 'top1': 0.125, 'top5': 0.25}, {'step': 8, 'tokens': 8, 'top1': 0.0, 'top5': 0.375}, {'step': 9, 'tokens': 8, 'top1': 0.0, 'top5': 0.375}, {'step': 10, 'tokens': 8, 'top1': 0.0, 'top5': 0.125}, {'step': 11, 'tokens': 8, 'top1': 0.0, 'top5': 0.125}, {'step': 12, 'tokens': 8, 'top1': 0.125, 'top5': 0.125}, {'step': 13, 'tokens': 8, 'top1': 0.0, 'top5': 0.0}, {'step': 14, 'tokens': 8, 'top1': 0.0, 'top5': 0.0}]
[36m(SpecoWorker pid=63572)[0m INFO:2026-09-19 10:17:01,172:[drafter loss] step=1 optimizer_step_total=18 lr=1.000e-05 loss=5.0995 vloss=0.0000 ploss=5.0995
[36m(SpecoVLLMHttpServer pid=62582)[0m (Worker_TP0 pid=63260) WARNING:2026-09-19 10:17:07,097:[speco draft wake_up] drafter state restored after level-2 wake_up (66 tensors, revision=17)
[36m(SpecoWorker pid=63642)[0m WARNING:2026-09-19 10:17:00,887:[drafter logits quality] valid_tokens=120 top1_acc=0.091667 top5_acc=0.283333 local_ploss_sum=269.212952 local_tokens=120 per_step=[{'step': 0, 'tokens': 8, 'top1': 0.5, 'top5': 0.75}, {'step': 1, 'tokens': 8, 'top1': 0.125, 'top5': 0.5}, {'step': 2, 'tokens': 8, 'top1': 0.125, 'top5': 0.375}, {'step': 3, 'tokens': 8, 'top1': 0.125, 'top5': 0.25}, {'step': 4, 'tokens': 8, 'top1': 0.125, 'top5': 0.25}, {'step': 5, 'tokens': 8, 'top1': 0.0, 'top5': 0.125}, {'step': 6, 'tokens': 8, 'top1': 0.0, 'top5': 0.375}, {'step': 7, 'tokens': 8, 'top1': 0.125, 'top5': 0.25}, {'step': 8, 'tokens': 8, 'top1': 0.0, 'top5': 0.25}, {'step': 9, 'tokens': 8, 'top1': 0.0, 'top5': 0.375}, {'step': 10, 'tokens': 8, 'top1': 0.0, 'top5': 0.125}, {'step': 11, 'tokens': 8, 'top1': 0.0, 'top5': 0.125}, {'step': 12, 'tokens': 8, 'top1': 0.0, 'top5': 0.125}, {'step': 13, 'tokens': 8, 'top1': 0.125, 'top5': 0.125}, {'step': 14, 'tokens': 8, 'top1': 0.125, 'top5': 0.25}]
[36m(SpecoVLLMHttpServer pid=62582)[0m (Worker_TP1 pid=63261) WARNING:2026-09-19 10:17:07,122:[speco draft wake_up] drafter state restored after level-2 wake_up (66 tensors, revision=17)

[36m(SpecoTaskRunner pid=62090)[0m step:18 - global_seqlen/min:176 - global_seqlen/max:176 - global_seqlen/minmax_diff:0 - global_seqlen/balanced_min:176 - global_seqlen/balanced_max:176 - global_seqlen/mean:176.0 - actor/entropy:0.0 - perf/mfu/actor_infer:0.010156148772973935 - training/rollout_probs_diff_valid:1 - training/rollout_probs_diff_max:0.07838141918182373 - training/rollout_probs_diff_mean:0.005753360688686371 - training/rollout_probs_diff_std:0.014132995158433914 - training/rollout_actor_probs_pearson_corr:0.9975354671478271 - rollout_corr/training_ppl:1.2047297954559326 - rollout_corr/training_log_ppl:0.1827290952205658 - rollout_corr/kl:-1.116920611821115e-05 - rollout_corr/k3_kl:0.0007317224517464638 - rollout_corr/rollout_ppl:1.2045482397079468 - rollout_corr/rollout_log_ppl:0.18274027109146118 - rollout_corr/log_ppl_diff:-1.1168420314788818e-05 - rollout_corr/log_ppl_abs_diff:0.003915630280971527 - rollout_corr/log_ppl_diff_max:0.006119638681411743 - rollout_corr/log_ppl_diff_min:-0.007853597402572632 - rollout_corr/ppl_ratio:1.0000015497207642 - rollout_corr/chi2_token:0.003019571304321289 - rollout_corr/chi2_seq:0.2486255168914795 - actor/pg_clipfrac:np.float64(0.0) - actor/ppo_kl:np.float64(0.0) - actor/pg_clipfrac_lower:np.float64(0.0) - actor/pg_loss:np.float64(0.0) - actor/loss:np.float64(0.0) - actor/grad_norm:np.float64(0.0) - actor/lr:np.float64(1e-06) - actor/perf/max_memory_allocated_gb:np.float64(28.541846752166748) - actor/perf/max_memory_reserved_gb:np.float64(37.9921875) - actor/perf/cpu_memory_used_gb:np.float64(214.20952606201172) - perf/mfu/actor:np.float64(0.010229592245505554) - drafter/raw_drafter_samples:np.float64(4.0) - drafter/collected_samples:np.float64(2.0) - drafter/collect_interval_matched:np.float64(1.0) - drafter/collection_plan_used:np.float64(1.0) - drafter/collection_plan_collect:np.float64(1.0) - drafter/collection_plan_reason:np.float64(7.0) - drafter/collection_plan_source:np.float64(2.0) - drafter/collection_plan_interval_matched:np.float64(1.0) - drafter/collection_plan_training_interval_matched:np.float64(1.0) - drafter/collection_attempted:np.float64(1.0) - drafter/collection_completed:np.float64(1.0) - drafter/collection_outcome_reason:np.float64(1.0) - drafter/collection_rejected_samples:np.float64(0.0) - drafter/collection_worker_results:np.float64(1.0) - drafter/collection_finalized:np.float64(1.0) - drafter/collection_expired_stages:np.float64(0.0) - timing_s/drafter_collection_rpc:np.float64(0.032412715001555625) - drafter/scheduler_used:np.float64(1.0) - drafter/schedule_launch:np.float64(1.0) - drafter/schedule_interval_matched:np.float64(1.0) - drafter/schedule_strategy:np.float64(0.0) - drafter/schedule_reason:np.float64(10.0) - drafter/target_lm_head_apply_deferred:np.float64(1.0) - drafter/target_lm_head_selected_rows:np.float64(0.0) - drafter/target_lm_head_source_vocab_size:np.float64(0.0) - drafter/target_lm_head_direct_sparse_export:np.float64(0.0) - timing_s/drafter_sync_target_lm_head_fetch:np.float64(3.590592692999053) - timing_s/drafter_sync_target_lm_head_dispatch:np.float64(0.9721395820015459) - drafter/train_interval_matched:np.float64(1.0) - drafter/target_lm_head_synced:np.float64(1.0) - timing_s/drafter_sync_target_lm_head:np.float64(4.566632764996029) - timing_s/drafter_sync_target_lm_head_apply:np.float64(0.9724930079974001) - timing_s/drafter_sync_target_lm_head_wait:np.float64(0.0003534259958541952) - timing_s/drafter_sync_target_lm_head_overlap_window:np.float64(6.814825790002942) - drafter/trained:np.float64(1.0) - drafter/train_successful_steps_max:np.int64(1) - drafter/train_no_trainable_batch:np.float64(0.0) - drafter/train_activation_failed:np.float64(0.0) - drafter/train_attempted_batches_max:np.int64(1) - drafter/train_buffer_size_before_min:np.int64(2) - drafter/train_buffer_size_after_min:np.int64(0) - drafter/train_optimizer_step_max:np.int64(18) - drafter/train_worker_results_consistent:np.float64(1.0) - drafter/train_worker_ids_consistent:np.float64(1.0) - drafter/train_worker_incarnations_consistent:np.float64(1.0) - drafter/train_plan_ids_consistent:np.float64(1.0) - drafter/train_source_steps_consistent:np.float64(1.0) - drafter/train_data_versions_consistent:np.float64(1.0) - drafter/train_target_versions_consistent:np.float64(1.0) - drafter/train_successful_steps_consistent:np.float64(1.0) - drafter/train_optimizer_steps_consistent:np.float64(1.0) - drafter/train_publish_leader_count:np.float64(1.0) - drafter/train_publish_leader_snapshot_ready:np.float64(1.0) - timing_s/drafter_prepare_batch:np.float64(0.002941131591796875) - timing_s/drafter_forward_loss:np.float64(0.16432738304138184) - timing_s/drafter_reduce_loss:np.float64(0.0010924339294433594) - timing_s/drafter_backward:np.float64(0.05760478973388672) - timing_s/drafter_optimizer:np.float64(0.20284605026245117) - timing_s/drafter_publish_snapshot:np.float64(2.4040212631225586) - timing_s/drafter_worker_training_loop:np.float64(0.45002126693725586) - timing_s/drafter_worker_cleanup:np.float64(4.2853758335113525) - timing_s/drafter_worker_elapsed:np.float64(4.9547507762908936) - timing_s/drafter_train_rpc:np.float64(6.2001481910047005) - drafter/runtime_state:np.float64(3.0) - drafter/runtime_completed_batches:np.float64(1.0) - drafter/runtime_inflight:np.float64(0.0) - timing_s/drafter_runtime_batch_average:np.float64(6.2001481910047005) - timing_s/drafter_outer_unaccounted:np.float64(0.009244543995009735) - drafter/publish_attempted:np.float64(1.0) - drafter/published:np.float64(1.0) - timing_s/drafter_publish_wait_pending:np.float64(2.6529960450716317e-06) - timing_s/drafter_publish_fetch_snapshot:np.float64(4.288194291002583) - timing_s/drafter_publish_update_weights:np.float64(0.0007375920031336136) - training/global_step:18 - training/epoch:2 - critic/score/mean:0.0 - critic/score/max:0.0 - critic/score/min:0.0 - critic/rewards/mean:0.0 - critic/rewards/max:0.0 - critic/rewards/min:0.0 - critic/advantages/mean:0.0 - critic/advantages/max:0.0 - critic/advantages/min:0.0 - critic/returns/mean:0.0 - critic/returns/max:0.0 - critic/returns/min:0.0 - response_length/mean:64.0 - response_length/max:64.0 - response_length/min:64.0 - response_length/clip_ratio:1.0 - response_length_non_aborted/mean:64.0 - response_length_non_aborted/max:64.0 - response_length_non_aborted/min:64.0 - response_length_non_aborted/clip_ratio:1.0 - response/aborted_ratio:0.0 - prompt_length/mean:24.0 - prompt_length/max:24.0 - prompt_length/min:24.0 - prompt_length/clip_ratio:0.0 - num_turns/min:np.int32(2) - num_turns/max:np.int32(2) - num_turns/mean:np.float64(2.0) - timing_s/start_profile:0.0001483529995311983 - timing_s/agent_loop/num_preempted/min:np.int64(-1) - timing_s/agent_loop/num_preempted/max:np.int64(-1) - timing_s/agent_loop/num_preempted/mean:np.float64(-1.0) - timing_s/agent_loop/generate_sequences/min:np.float64(0.9347846419987036) - timing_s/agent_loop/generate_sequences/max:np.float64(1.0454516639947542) - timing_s/agent_loop/generate_sequences/mean:np.float64(0.989563224997255) - timing_s/agent_loop/tool_calls/min:np.float64(0.0) - timing_s/agent_loop/tool_calls/max:np.float64(0.0) - timing_s/agent_loop/tool_calls/mean:np.float64(0.0) - timing_s/agent_loop/compute_score/min:np.float64(0.008146997999574523) - timing_s/agent_loop/compute_score/max:np.float64(0.010641460998158436) - timing_s/agent_loop/compute_score/mean:np.float64(0.009888257249258459) - timing_s/agent_loop/slowest/generate_sequences:np.float64(1.0454516639947542) - timing_s/agent_loop/slowest/tool_calls:np.float64(0.0) - timing_s/agent_loop/slowest/compute_score:np.float64(0.010482581004907843) - timing_s/agent_loop/slowest/num_preempted:np.int64(-1) - timing_s/agent_loop/slowest/prompt_length:24 - timing_s/agent_loop/slowest/response_length:64 - timing_s/gen:5.914237652003067 - timing_s/reward:2.6802998036146164e-05 - timing_s/old_log_prob:3.367147955999826 - timing_s/adv:0.003478272999927867 - timing_s/update_actor:6.814907605010376 - timing_s/drafter:10.77602549999574 - drafter/spec_decode/mean_acceptance_length:2.1229508196721314 - timing_s/update_weights:8.052667428004497 - timing_s/step:34.93328695100354 - timing_s/stop_profile:5.2350995247252285e-05 - timing_per_token_ms/gen:23.10249082813698 - timing_per_token_ms/adv:0.009881457386158714 - timing_per_token_ms/update_actor:19.360532968779477 - perf/total_num_tokens:352 - perf/time_per_step:34.93328695100354 - perf/throughput:5.038174628309461[36m(SpecoTaskRunner pid=62090)[0m Training Progress:  90%|█████████ | 18/20 [18:45<01:32, 46.38s/it]
[36m(SpecoWorker pid=63572)[0m WARNING:2026-09-19 10:17:13,745:[speco publish reclaim] role=producer global_steps=18 num_weights=58 payload_cleared=1 allocator=glibc action=malloc_trim heap_trimmed=True elapsed_sec=0.246 memory_before=(rss_gib=10.88 anon_gib=5.55 rss_shmem_gib=2.80 node_unavailable_gib=212.48 available_gib=291.00 cached_gib=270.80 node_shmem_gib=41.46 dev_shm_used_gib=0.07 dirty_gib=50.94 writeback_gib=0.01) memory_after=(rss_gib=10.52 anon_gib=5.19 rss_shmem_gib=2.80 node_unavailable_gib=212.12 available_gib=291.37 cached_gib=270.83 node_shmem_gib=41.46 dev_shm_used_gib=0.07 dirty_gib=50.95 writeback_gib=0.02)
[36m(WorkerDict pid=62310)[0m WARNING:2026-09-19 10:17:16,104:[speco publish materialize] async=True global_steps=18 elapsed_sec=2.355 num_weights=58
[36m(SpecoVLLMHttpServer pid=62582)[0m (Worker_TP0 pid=63260) WARNING:2026-09-19 10:17:17,545:[speco draft ipc] streamed 58 translated weights in 1 buckets into DFlashQwen3Model (method=dflash), first 5 keys: ['fc.weight', 'hidden_norm.weight', 'layers.0.self_attn.q_proj.weight', 'layers.0.self_attn.k_proj.weight', 'layers.0.self_attn.v_proj.weight']
[36m(SpecoVLLMHttpServer pid=62582)[0m (Worker_TP0 pid=63260) WARNING:2026-09-19 10:17:17,550:SPECO committed online drafter revision=18 loaded_params=58
[36m(SpecoVLLMHttpServer pid=62582)[0m (Worker_TP1 pid=63261) WARNING:2026-09-19 10:17:17,648:[speco draft ipc] streamed 58 translated weights in 1 buckets into DFlashQwen3Model (method=dflash), first 5 keys: ['fc.weight', 'hidden_norm.weight', 'layers.0.self_attn.q_proj.weight', 'layers.0.self_attn.k_proj.weight', 'layers.0.self_attn.v_proj.weight']
[36m(SpecoVLLMHttpServer pid=62582)[0m (Worker_TP1 pid=63261) WARNING:2026-09-19 10:17:17,652:SPECO committed online drafter revision=18 loaded_params=58
[36m(WorkerDict pid=62310)[0m WARNING:2026-09-19 10:17:18,628:[speco publish reclaim] role=consumer async=True global_steps=18 num_weights=58 payload_cleared=1 allocator=glibc action=malloc_trim heap_trimmed=True elapsed_sec=0.444 memory_before=(rss_gib=19.74 anon_gib=6.46 rss_shmem_gib=10.58 node_unavailable_gib=212.89 available_gib=290.59 cached_gib=270.99 node_shmem_gib=41.46 dev_shm_used_gib=0.07 dirty_gib=50.90 writeback_gib=0.03) memory_after=(rss_gib=19.04 anon_gib=5.76 rss_shmem_gib=10.58 node_unavailable_gib=211.74 available_gib=291.74 cached_gib=271.12 node_shmem_gib=41.46 dev_shm_used_gib=0.07 dirty_gib=51.01 writeback_gib=0.03)
[36m(SpecoVLLMHttpServer pid=62582)[0m (Worker_TP0 pid=63260) WARNING:2026-09-19 10:17:20,239:[speco draft sleep] drafter state saved before level-2 sleep (66 tensors)
[36m(SpecoVLLMHttpServer pid=62582)[0m (Worker_TP1 pid=63261) WARNING:2026-09-19 10:17:20,241:[speco draft sleep] drafter state saved before level-2 sleep (66 tensors)
[36m(SpecoWorker pid=63642)[0m WARNING:2026-09-19 10:17:36,512:[drafter logits quality] valid_tokens=120 top1_acc=0.250000 top5_acc=0.458333 local_ploss_sum=182.113831 local_tokens=120 per_step=[{'step': 0, 'tokens': 8, 'top1': 0.625, 'top5': 1.0}, {'step': 1, 'tokens': 8, 'top1': 0.125, 'top5': 0.75}, {'step': 2, 'tokens': 8, 'top1': 0.875, 'top5': 0.875}, {'step': 3, 'tokens': 8, 'top1': 0.625, 'top5': 0.625}, {'step': 4, 'tokens': 8, 'top1': 0.25, 'top5': 0.25}, {'step': 5, 'tokens': 8, 'top1': 0.25, 'top5': 0.375}, {'step': 6, 'tokens': 8, 'top1': 0.25, 'top5': 0.5}, {'step': 7, 'tokens': 8, 'top1': 0.125, 'top5': 0.25}, {'step': 8, 'tokens': 8, 'top1': 0.0, 'top5': 0.25}, {'step': 9, 'tokens': 8, 'top1': 0.25, 'top5': 0.375}, {'step': 10, 'tokens': 8, 'top1': 0.25, 'top5': 0.375}, {'step': 11, 'tokens': 8, 'top1': 0.0, 'top5': 0.25}, {'step': 12, 'tokens': 8, 'top1': 0.0, 'top5': 0.375}, {'step': 13, 'tokens': 8, 'top1': 0.125, 'top5': 0.25}, {'step': 14, 'tokens': 8, 'top1': 0.0, 'top5': 0.375}]
[36m(SpecoWorker pid=63572)[0m INFO:2026-09-19 10:17:36,992:[drafter loss] step=1 optimizer_step_total=19 lr=1.000e-05 loss=3.3724 vloss=0.0000 ploss=3.3724
[36m(SpecoVLLMHttpServer pid=62582)[0m (Worker_TP1 pid=63261) WARNING:2026-09-19 10:17:43,051:[speco draft wake_up] drafter state restored after level-2 wake_up (66 tensors, revision=18)
[36m(SpecoVLLMHttpServer pid=62582)[0m (Worker_TP0 pid=63260) WARNING:2026-09-19 10:17:43,051:[speco draft wake_up] drafter state restored after level-2 wake_up (66 tensors, revision=18)
[36m(SpecoWorker pid=63572)[0m WARNING:2026-09-19 10:17:36,513:[drafter logits quality] valid_tokens=120 top1_acc=0.208333 top5_acc=0.458333 local_ploss_sum=175.661377 local_tokens=120 per_step=[{'step': 0, 'tokens': 8, 'top1': 0.375, 'top5': 0.875}, {'step': 1, 'tokens': 8, 'top1': 0.125, 'top5': 0.625}, {'step': 2, 'tokens': 8, 'top1': 0.75, 'top5': 0.75}, {'step': 3, 'tokens': 8, 'top1': 0.5, 'top5': 0.875}, {'step': 4, 'tokens': 8, 'top1': 0.25, 'top5': 0.375}, {'step': 5, 'tokens': 8, 'top1': 0.375, 'top5': 0.5}, {'step': 6, 'tokens': 8, 'top1': 0.125, 'top5': 0.25}, {'step': 7, 'tokens': 8, 'top1': 0.125, 'top5': 0.25}, {'step': 8, 'tokens': 8, 'top1': 0.25, 'top5': 0.5}, {'step': 9, 'tokens': 8, 'top1': 0.125, 'top5': 0.25}, {'step': 10, 'tokens': 8, 'top1': 0.125, 'top5': 0.25}, {'step': 11, 'tokens': 8, 'top1': 0.0, 'top5': 0.375}, {'step': 12, 'tokens': 8, 'top1': 0.0, 'top5': 0.375}, {'step': 13, 'tokens': 8, 'top1': 0.0, 'top5': 0.25}, {'step': 14, 'tokens': 8, 'top1': 0.0, 'top5': 0.375}]
[36m(SpecoWorker pid=63572)[0m WARNING:2026-09-19 10:17:53,261:[speco publish reclaim] role=producer global_steps=19 num_weights=58 payload_cleared=1 allocator=glibc action=malloc_trim heap_trimmed=True elapsed_sec=0.241 memory_before=(rss_gib=10.87 anon_gib=5.54 rss_shmem_gib=2.80 node_unavailable_gib=214.13 available_gib=289.35 cached_gib=272.18 node_shmem_gib=41.46 dev_shm_used_gib=0.07 dirty_gib=50.49 writeback_gib=0.02) memory_after=(rss_gib=10.50 anon_gib=5.17 rss_shmem_gib=2.80 node_unavailable_gib=213.81 available_gib=289.68 cached_gib=272.19 node_shmem_gib=41.46 dev_shm_used_gib=0.07 dirty_gib=50.48 writeback_gib=0.03)

[36m(SpecoTaskRunner pid=62090)[0m step:19 - global_seqlen/min:176 - global_seqlen/max:176 - global_seqlen/minmax_diff:0 - global_seqlen/balanced_min:176 - global_seqlen/balanced_max:176 - global_seqlen/mean:176.0 - actor/entropy:0.0 - perf/mfu/actor_infer:0.009889452304092479 - training/rollout_probs_diff_valid:1 - training/rollout_probs_diff_max:0.06926029920578003 - training/rollout_probs_diff_mean:0.005460816435515881 - training/rollout_probs_diff_std:0.013376476243138313 - training/rollout_actor_probs_pearson_corr:0.9967648983001709 - rollout_corr/training_ppl:1.1285322904586792 - rollout_corr/training_log_ppl:0.12030849605798721 - rollout_corr/kl:-0.0028965056408196688 - rollout_corr/k3_kl:0.0006044756155461073 - rollout_corr/rollout_ppl:1.1319694519042969 - rollout_corr/rollout_log_ppl:0.12320500612258911 - rollout_corr/log_ppl_diff:-0.0028965026140213013 - rollout_corr/log_ppl_abs_diff:0.004440788179636002 - rollout_corr/log_ppl_diff_max:0.0030885711312294006 - rollout_corr/log_ppl_diff_min:-0.009466111660003662 - rollout_corr/ppl_ratio:0.9971184730529785 - rollout_corr/chi2_token:0.00828397274017334 - rollout_corr/chi2_seq:0.7276434898376465 - actor/pg_clipfrac:np.float64(0.0) - actor/ppo_kl:np.float64(0.0) - actor/pg_clipfrac_lower:np.float64(0.0) - actor/pg_loss:np.float64(0.0) - actor/loss:np.float64(0.0) - actor/grad_norm:np.float64(0.0) - actor/lr:np.float64(1e-06) - actor/perf/max_memory_allocated_gb:np.float64(28.541846752166748) - actor/perf/max_memory_reserved_gb:np.float64(37.9921875) - actor/perf/cpu_memory_used_gb:np.float64(217.58179092407227) - perf/mfu/actor:np.float64(0.010188955490716918) - drafter/raw_drafter_samples:np.float64(4.0) - drafter/collected_samples:np.float64(2.0) - drafter/collect_interval_matched:np.float64(1.0) - drafter/collection_plan_used:np.float64(1.0) - drafter/collection_plan_collect:np.float64(1.0) - drafter/collection_plan_reason:np.float64(7.0) - drafter/collection_plan_source:np.float64(2.0) - drafter/collection_plan_interval_matched:np.float64(1.0) - drafter/collection_plan_training_interval_matched:np.float64(1.0) - drafter/collection_attempted:np.float64(1.0) - drafter/collection_completed:np.float64(1.0) - drafter/collection_outcome_reason:np.float64(1.0) - drafter/collection_rejected_samples:np.float64(0.0) - drafter/collection_worker_results:np.float64(1.0) - drafter/collection_finalized:np.float64(1.0) - drafter/collection_expired_stages:np.float64(0.0) - timing_s/drafter_collection_rpc:np.float64(0.03365015699819196) - drafter/scheduler_used:np.float64(1.0) - drafter/schedule_launch:np.float64(1.0) - drafter/schedule_interval_matched:np.float64(1.0) - drafter/schedule_strategy:np.float64(0.0) - drafter/schedule_reason:np.float64(10.0) - drafter/target_lm_head_apply_deferred:np.float64(1.0) - drafter/target_lm_head_selected_rows:np.float64(0.0) - drafter/target_lm_head_source_vocab_size:np.float64(0.0) - drafter/target_lm_head_direct_sparse_export:np.float64(0.0) - timing_s/drafter_sync_target_lm_head_fetch:np.float64(3.5899958359950688) - timing_s/drafter_sync_target_lm_head_dispatch:np.float64(0.9949318150029285) - drafter/train_interval_matched:np.float64(1.0) - drafter/target_lm_head_synced:np.float64(1.0) - timing_s/drafter_sync_target_lm_head:np.float64(4.58877555700019) - timing_s/drafter_sync_target_lm_head_apply:np.float64(0.9952845760053606) - timing_s/drafter_sync_target_lm_head_wait:np.float64(0.0003527610024320893) - timing_s/drafter_sync_target_lm_head_overlap_window:np.float64(6.7791192660006345) - drafter/trained:np.float64(1.0) - drafter/train_successful_steps_max:np.int64(1) - drafter/train_no_trainable_batch:np.float64(0.0) - drafter/train_activation_failed:np.float64(0.0) - drafter/train_attempted_batches_max:np.int64(1) - drafter/train_buffer_size_before_min:np.int64(2) - drafter/train_buffer_size_after_min:np.int64(0) - drafter/train_optimizer_step_max:np.int64(19) - drafter/train_worker_results_consistent:np.float64(1.0) - drafter/train_worker_ids_consistent:np.float64(1.0) - drafter/train_worker_incarnations_consistent:np.float64(1.0) - drafter/train_plan_ids_consistent:np.float64(1.0) - drafter/train_source_steps_consistent:np.float64(1.0) - drafter/train_data_versions_consistent:np.float64(1.0) - drafter/train_target_versions_consistent:np.float64(1.0) - drafter/train_successful_steps_consistent:np.float64(1.0) - drafter/train_optimizer_steps_consistent:np.float64(1.0) - drafter/train_publish_leader_count:np.float64(1.0) - drafter/train_publish_leader_snapshot_ready:np.float64(1.0) - timing_s/drafter_prepare_batch:np.float64(0.0027196407318115234) - timing_s/drafter_forward_loss:np.float64(0.35602545738220215) - timing_s/drafter_reduce_loss:np.float64(0.0010921955108642578) - timing_s/drafter_backward:np.float64(0.0409238338470459) - timing_s/drafter_optimizer:np.float64(0.21040129661560059) - timing_s/drafter_publish_snapshot:np.float64(2.410437822341919) - timing_s/drafter_worker_training_loop:np.float64(0.9098663330078125) - timing_s/drafter_worker_cleanup:np.float64(4.555229425430298) - timing_s/drafter_worker_elapsed:np.float64(5.422145128250122) - timing_s/drafter_train_rpc:np.float64(6.633404426997004) - drafter/runtime_state:np.float64(3.0) - drafter/runtime_completed_batches:np.float64(1.0) - drafter/runtime_inflight:np.float64(0.0) - timing_s/drafter_runtime_batch_average:np.float64(6.633404426997004) - timing_s/drafter_outer_unaccounted:np.float64(0.009132254999713041) - drafter/publish_attempted:np.float64(1.0) - drafter/published:np.float64(1.0) - timing_s/drafter_publish_wait_pending:np.float64(3.086999640800059e-06) - timing_s/drafter_publish_fetch_snapshot:np.float64(7.015365967999969) - timing_s/drafter_publish_update_weights:np.float64(0.0018503250030335039) - training/global_step:19 - training/epoch:2 - critic/score/mean:0.0 - critic/score/max:0.0 - critic/score/min:0.0 - critic/rewards/mean:0.0 - critic/rewards/max:0.0 - critic/rewards/min:0.0 - critic/advantages/mean:0.0 - critic/advantages/max:0.0 - critic/advantages/min:0.0 - critic/returns/mean:0.0 - critic/returns/max:0.0 - critic/returns/min:0.0 - response_length/mean:64.0 - response_length/max:64.0 - response_length/min:64.0 - response_length/clip_ratio:1.0 - response_length_non_aborted/mean:64.0 - response_length_non_aborted/max:64.0 - response_length_non_aborted/min:64.0 - response_length_non_aborted/clip_ratio:1.0 - response/aborted_ratio:0.0 - prompt_length/mean:24.0 - prompt_length/max:24.0 - prompt_length/min:24.0 - prompt_length/clip_ratio:0.0 - num_turns/min:np.int32(2) - num_turns/max:np.int32(2) - num_turns/mean:np.float64(2.0) - timing_s/start_profile:5.480799882207066e-05 - timing_s/agent_loop/num_preempted/min:np.int64(-1) - timing_s/agent_loop/num_preempted/max:np.int64(-1) - timing_s/agent_loop/num_preempted/mean:np.float64(-1.0) - timing_s/agent_loop/generate_sequences/min:np.float64(0.7476931869969121) - timing_s/agent_loop/generate_sequences/max:np.float64(0.9998066769985599) - timing_s/agent_loop/generate_sequences/mean:np.float64(0.8308332314991276) - timing_s/agent_loop/tool_calls/min:np.float64(0.0) - timing_s/agent_loop/tool_calls/max:np.float64(0.0) - timing_s/agent_loop/tool_calls/mean:np.float64(0.0) - timing_s/agent_loop/compute_score/min:np.float64(0.010548653001023922) - timing_s/agent_loop/compute_score/max:np.float64(0.013371872999414336) - timing_s/agent_loop/compute_score/mean:np.float64(0.011957644248468569) - timing_s/agent_loop/slowest/generate_sequences:np.float64(0.9998066769985599) - timing_s/agent_loop/slowest/tool_calls:np.float64(0.0) - timing_s/agent_loop/slowest/compute_score:np.float64(0.010548653001023922) - timing_s/agent_loop/slowest/num_preempted:np.int64(-1) - timing_s/agent_loop/slowest/prompt_length:24 - timing_s/agent_loop/slowest/response_length:64 - timing_s/gen:6.671179696000763 - timing_s/reward:2.6377005269750953e-05 - timing_s/old_log_prob:3.3490794180033845 - timing_s/adv:0.003474426004686393 - timing_s/update_actor:6.779201227000158 - timing_s/drafter:11.231312238996907 - drafter/spec_decode/mean_acceptance_length:2.5145631067961167 - timing_s/update_weights:11.475228278999566 - timing_s/step:39.51575988299737 - timing_s/stop_profile:0.00015123499906621873 - timing_per_token_ms/gen:26.05929568750298 - timing_per_token_ms/adv:0.009870528422404524 - timing_per_token_ms/update_actor:19.259094394886812 - perf/total_num_tokens:352 - perf/time_per_step:39.51575988299737 - perf/throughput:4.453919158359102[36m(SpecoTaskRunner pid=62090)[0m Training Progress:  95%|█████████▌| 19/20 [19:25<00:44, 44.32s/it]
[36m(WorkerDict pid=62310)[0m WARNING:2026-09-19 10:17:55,567:[speco publish materialize] async=True global_steps=19 elapsed_sec=2.299 num_weights=58
[36m(SpecoVLLMHttpServer pid=62582)[0m (Worker_TP0 pid=63260) WARNING:2026-09-19 10:17:55,836:[speco draft ipc] streamed 58 translated weights in 1 buckets into DFlashQwen3Model (method=dflash), first 5 keys: ['fc.weight', 'hidden_norm.weight', 'layers.0.self_attn.q_proj.weight', 'layers.0.self_attn.k_proj.weight', 'layers.0.self_attn.v_proj.weight']
[36m(SpecoVLLMHttpServer pid=62582)[0m (Worker_TP0 pid=63260) WARNING:2026-09-19 10:17:55,838:SPECO committed online drafter revision=19 loaded_params=58
[36m(SpecoVLLMHttpServer pid=62582)[0m (Worker_TP1 pid=63261) WARNING:2026-09-19 10:17:55,844:[speco draft ipc] streamed 58 translated weights in 1 buckets into DFlashQwen3Model (method=dflash), first 5 keys: ['fc.weight', 'hidden_norm.weight', 'layers.0.self_attn.q_proj.weight', 'layers.0.self_attn.k_proj.weight', 'layers.0.self_attn.v_proj.weight']
[36m(SpecoVLLMHttpServer pid=62582)[0m (Worker_TP1 pid=63261) WARNING:2026-09-19 10:17:55,847:SPECO committed online drafter revision=19 loaded_params=58
[36m(WorkerDict pid=62310)[0m WARNING:2026-09-19 10:17:56,798:[speco publish reclaim] role=consumer async=True global_steps=19 num_weights=58 payload_cleared=1 allocator=glibc action=malloc_trim heap_trimmed=True elapsed_sec=0.456 memory_before=(rss_gib=20.05 anon_gib=6.77 rss_shmem_gib=10.58 node_unavailable_gib=216.29 available_gib=287.19 cached_gib=272.04 node_shmem_gib=41.46 dev_shm_used_gib=0.07 dirty_gib=50.21 writeback_gib=0.02) memory_after=(rss_gib=19.04 anon_gib=5.76 rss_shmem_gib=10.58 node_unavailable_gib=211.67 available_gib=291.81 cached_gib=272.04 node_shmem_gib=41.46 dev_shm_used_gib=0.07 dirty_gib=50.17 writeback_gib=0.04)
[36m(SpecoVLLMHttpServer pid=62582)[0m (Worker_TP0 pid=63260) WARNING:2026-09-19 10:18:00,264:[speco draft sleep] drafter state saved before level-2 sleep (66 tensors)
[36m(SpecoVLLMHttpServer pid=62582)[0m (Worker_TP1 pid=63261) WARNING:2026-09-19 10:18:00,278:[speco draft sleep] drafter state saved before level-2 sleep (66 tensors)
[36m(SpecoWorker pid=63572)[0m WARNING:2026-09-19 10:18:20,156:[drafter logits quality] valid_tokens=120 top1_acc=0.316667 top5_acc=0.616667 local_ploss_sum=130.771027 local_tokens=120 per_step=[{'step': 0, 'tokens': 8, 'top1': 0.625, 'top5': 0.875}, {'step': 1, 'tokens': 8, 'top1': 0.875, 'top5': 0.875}, {'step': 2, 'tokens': 8, 'top1': 0.625, 'top5': 0.875}, {'step': 3, 'tokens': 8, 'top1': 0.125, 'top5': 0.375}, {'step': 4, 'tokens': 8, 'top1': 0.375, 'top5': 0.875}, {'step': 5, 'tokens': 8, 'top1': 0.375, 'top5': 0.75}, {'step': 6, 'tokens': 8, 'top1': 0.375, 'top5': 0.625}, {'step': 7, 'tokens': 8, 'top1': 0.25, 'top5': 0.625}, {'step': 8, 'tokens': 8, 'top1': 0.125, 'top5': 0.5}, {'step': 9, 'tokens': 8, 'top1': 0.375, 'top5': 0.5}, {'step': 10, 'tokens': 8, 'top1': 0.25, 'top5': 0.375}, {'step': 11, 'tokens': 8, 'top1': 0.25, 'top5': 0.5}, {'step': 12, 'tokens': 8, 'top1': 0.125, 'top5': 0.625}, {'step': 13, 'tokens': 8, 'top1': 0.0, 'top5': 0.375}, {'step': 14, 'tokens': 8, 'top1': 0.0, 'top5': 0.5}]
[36m(SpecoWorker pid=63572)[0m INFO:2026-09-19 10:18:20,442:[drafter loss] step=1 optimizer_step_total=20 lr=1.000e-05 loss=2.5447 vloss=0.0000 ploss=2.5447
[36m(SpecoVLLMHttpServer pid=62582)[0m (Worker_TP1 pid=63261) WARNING:2026-09-19 10:18:27,525:[speco draft wake_up] drafter state restored after level-2 wake_up (66 tensors, revision=19)
[36m(SpecoWorker pid=63642)[0m WARNING:2026-09-19 10:18:20,155:[drafter logits quality] valid_tokens=120 top1_acc=0.300000 top5_acc=0.591667 local_ploss_sum=139.200836 local_tokens=120 per_step=[{'step': 0, 'tokens': 8, 'top1': 0.875, 'top5': 1.0}, {'step': 1, 'tokens': 8, 'top1': 0.875, 'top5': 0.875}, {'step': 2, 'tokens': 8, 'top1': 0.625, 'top5': 1.0}, {'step': 3, 'tokens': 8, 'top1': 0.25, 'top5': 0.5}, {'step': 4, 'tokens': 8, 'top1': 0.0, 'top5': 0.625}, {'step': 5, 'tokens': 8, 'top1': 0.125, 'top5': 0.5}, {'step': 6, 'tokens': 8, 'top1': 0.5, 'top5': 0.75}, {'step': 7, 'tokens': 8, 'top1': 0.25, 'top5': 0.625}, {'step': 8, 'tokens': 8, 'top1': 0.125, 'top5': 0.375}, {'step': 9, 'tokens': 8, 'top1': 0.25, 'top5': 0.5}, {'step': 10, 'tokens': 8, 'top1': 0.25, 'top5': 0.5}, {'step': 11, 'tokens': 8, 'top1': 0.125, 'top5': 0.375}, {'step': 12, 'tokens': 8, 'top1': 0.125, 'top5': 0.375}, {'step': 13, 'tokens': 8, 'top1': 0.125, 'top5': 0.5}, {'step': 14, 'tokens': 8, 'top1': 0.0, 'top5': 0.375}]
[36m(SpecoVLLMHttpServer pid=62582)[0m (Worker_TP0 pid=63260) WARNING:2026-09-19 10:18:27,575:[speco draft wake_up] drafter state restored after level-2 wake_up (66 tensors, revision=19)
[36m(SpecoWorker pid=63572)[0m WARNING:2026-09-19 10:18:34,345:[speco publish reclaim] role=producer global_steps=20 num_weights=58 payload_cleared=1 allocator=glibc action=malloc_trim heap_trimmed=True elapsed_sec=0.255 memory_before=(rss_gib=10.98 anon_gib=5.64 rss_shmem_gib=2.80 node_unavailable_gib=213.98 available_gib=289.50 cached_gib=273.63 node_shmem_gib=41.46 dev_shm_used_gib=0.07 dirty_gib=50.43 writeback_gib=0.03) memory_after=(rss_gib=10.50 anon_gib=5.17 rss_shmem_gib=2.80 node_unavailable_gib=213.46 available_gib=290.03 cached_gib=273.63 node_shmem_gib=41.46 dev_shm_used_gib=0.07 dirty_gib=50.42 writeback_gib=0.02)

[36m(SpecoTaskRunner pid=62090)[0m step:20 - global_seqlen/min:178 - global_seqlen/max:178 - global_seqlen/minmax_diff:0 - global_seqlen/balanced_min:178 - global_seqlen/balanced_max:178 - global_seqlen/mean:178.0 - actor/entropy:0.0 - perf/mfu/actor_infer:0.010283055971209721 - training/rollout_probs_diff_valid:1 - training/rollout_probs_diff_max:0.08650442957878113 - training/rollout_probs_diff_mean:0.005379097536206245 - training/rollout_probs_diff_std:0.014715234749019146 - training/rollout_actor_probs_pearson_corr:0.9968817830085754 - rollout_corr/training_ppl:1.1804466247558594 - rollout_corr/training_log_ppl:0.1634010374546051 - rollout_corr/kl:0.0011770385317504406 - rollout_corr/k3_kl:0.0008140013087540865 - rollout_corr/rollout_ppl:1.1791361570358276 - rollout_corr/rollout_log_ppl:0.16222399473190308 - rollout_corr/log_ppl_diff:0.001177038997411728 - rollout_corr/log_ppl_abs_diff:0.0057884640991687775 - rollout_corr/log_ppl_diff_max:0.009791731834411621 - rollout_corr/log_ppl_diff_min:-0.0072006285190582275 - rollout_corr/ppl_ratio:1.001198172569275 - rollout_corr/chi2_token:0.0008093118667602539 - rollout_corr/chi2_seq:0.1708005666732788 - actor/pg_clipfrac:np.float64(0.0) - actor/ppo_kl:np.float64(0.0) - actor/pg_clipfrac_lower:np.float64(0.0) - actor/pg_loss:np.float64(0.0) - actor/loss:np.float64(0.0) - actor/grad_norm:np.float64(0.0) - actor/lr:np.float64(1e-06) - actor/perf/max_memory_allocated_gb:np.float64(28.541846752166748) - actor/perf/max_memory_reserved_gb:np.float64(37.9921875) - actor/perf/cpu_memory_used_gb:np.float64(224.70083236694336) - perf/mfu/actor:np.float64(0.01002968223232942) - drafter/raw_drafter_samples:np.float64(4.0) - drafter/collected_samples:np.float64(2.0) - drafter/collect_interval_matched:np.float64(1.0) - drafter/collection_plan_used:np.float64(1.0) - drafter/collection_plan_collect:np.float64(1.0) - drafter/collection_plan_reason:np.float64(7.0) - drafter/collection_plan_source:np.float64(2.0) - drafter/collection_plan_interval_matched:np.float64(1.0) - drafter/collection_plan_training_interval_matched:np.float64(1.0) - drafter/collection_attempted:np.float64(1.0) - drafter/collection_completed:np.float64(1.0) - drafter/collection_outcome_reason:np.float64(1.0) - drafter/collection_rejected_samples:np.float64(0.0) - drafter/collection_worker_results:np.float64(1.0) - drafter/collection_finalized:np.float64(1.0) - drafter/collection_expired_stages:np.float64(0.0) - timing_s/drafter_collection_rpc:np.float64(0.03007966799486894) - drafter/scheduler_used:np.float64(1.0) - drafter/schedule_launch:np.float64(1.0) - drafter/schedule_interval_matched:np.float64(1.0) - drafter/schedule_strategy:np.float64(0.0) - drafter/schedule_reason:np.float64(10.0) - drafter/target_lm_head_apply_deferred:np.float64(1.0) - drafter/target_lm_head_selected_rows:np.float64(0.0) - drafter/target_lm_head_source_vocab_size:np.float64(0.0) - drafter/target_lm_head_direct_sparse_export:np.float64(0.0) - timing_s/drafter_sync_target_lm_head_fetch:np.float64(4.490860138001153) - timing_s/drafter_sync_target_lm_head_dispatch:np.float64(2.6523685840002145) - drafter/train_interval_matched:np.float64(1.0) - drafter/target_lm_head_synced:np.float64(1.0) - timing_s/drafter_sync_target_lm_head:np.float64(7.145108508004341) - timing_s/drafter_sync_target_lm_head_apply:np.float64(2.652707007000572) - timing_s/drafter_sync_target_lm_head_wait:np.float64(0.00033842300035757944) - timing_s/drafter_sync_target_lm_head_overlap_window:np.float64(7.078087179994327) - drafter/trained:np.float64(1.0) - drafter/train_successful_steps_max:np.int64(1) - drafter/train_no_trainable_batch:np.float64(0.0) - drafter/train_activation_failed:np.float64(0.0) - drafter/train_attempted_batches_max:np.int64(1) - drafter/train_buffer_size_before_min:np.int64(2) - drafter/train_buffer_size_after_min:np.int64(0) - drafter/train_optimizer_step_max:np.int64(20) - drafter/train_worker_results_consistent:np.float64(1.0) - drafter/train_worker_ids_consistent:np.float64(1.0) - drafter/train_worker_incarnations_consistent:np.float64(1.0) - drafter/train_plan_ids_consistent:np.float64(1.0) - drafter/train_source_steps_consistent:np.float64(1.0) - drafter/train_data_versions_consistent:np.float64(1.0) - drafter/train_target_versions_consistent:np.float64(1.0) - drafter/train_successful_steps_consistent:np.float64(1.0) - drafter/train_optimizer_steps_consistent:np.float64(1.0) - drafter/train_publish_leader_count:np.float64(1.0) - drafter/train_publish_leader_snapshot_ready:np.float64(1.0) - timing_s/drafter_prepare_batch:np.float64(0.002527475357055664) - timing_s/drafter_forward_loss:np.float64(0.16795992851257324) - timing_s/drafter_reduce_loss:np.float64(0.0010726451873779297) - timing_s/drafter_backward:np.float64(0.11136245727539062) - timing_s/drafter_optimizer:np.float64(0.15619874000549316) - timing_s/drafter_publish_snapshot:np.float64(2.4008138179779053) - timing_s/drafter_worker_training_loop:np.float64(1.6928057670593262) - timing_s/drafter_worker_cleanup:np.float64(5.53919243812561) - timing_s/drafter_worker_elapsed:np.float64(6.211337327957153) - timing_s/drafter_train_rpc:np.float64(7.38410451800155) - drafter/runtime_state:np.float64(3.0) - drafter/runtime_completed_batches:np.float64(1.0) - drafter/runtime_inflight:np.float64(0.0) - timing_s/drafter_runtime_batch_average:np.float64(7.38410451800155) - timing_s/drafter_outer_unaccounted:np.float64(0.00818978100141976) - drafter/publish_attempted:np.float64(1.0) - drafter/published:np.float64(1.0) - timing_s/drafter_publish_wait_pending:np.float64(3.392997314222157e-06) - timing_s/drafter_publish_fetch_snapshot:np.float64(4.894614044002083) - timing_s/drafter_publish_update_weights:np.float64(0.0014734099968336523) - training/global_step:20 - training/epoch:2 - critic/score/mean:0.0 - critic/score/max:0.0 - critic/score/min:0.0 - critic/rewards/mean:0.0 - critic/rewards/max:0.0 - critic/rewards/min:0.0 - critic/advantages/mean:0.0 - critic/advantages/max:0.0 - critic/advantages/min:0.0 - critic/returns/mean:0.0 - critic/returns/max:0.0 - critic/returns/min:0.0 - response_length/mean:64.0 - response_length/max:64.0 - response_length/min:64.0 - response_length/clip_ratio:1.0 - response_length_non_aborted/mean:64.0 - response_length_non_aborted/max:64.0 - response_length_non_aborted/min:64.0 - response_length_non_aborted/clip_ratio:1.0 - response/aborted_ratio:0.0 - prompt_length/mean:25.0 - prompt_length/max:25.0 - prompt_length/min:25.0 - prompt_length/clip_ratio:0.0 - num_turns/min:np.int32(2) - num_turns/max:np.int32(2) - num_turns/mean:np.float64(2.0) - timing_s/start_profile:0.00013858799502486363 - timing_s/agent_loop/num_preempted/min:np.int64(-1) - timing_s/agent_loop/num_preempted/max:np.int64(-1) - timing_s/agent_loop/num_preempted/mean:np.float64(-1.0) - timing_s/agent_loop/generate_sequences/min:np.float64(2.341742965996673) - timing_s/agent_loop/generate_sequences/max:np.float64(2.843844638999144) - timing_s/agent_loop/generate_sequences/mean:np.float64(2.5579107042485703) - timing_s/agent_loop/tool_calls/min:np.float64(0.0) - timing_s/agent_loop/tool_calls/max:np.float64(0.0) - timing_s/agent_loop/tool_calls/mean:np.float64(0.0) - timing_s/agent_loop/compute_score/min:np.float64(0.01068633800605312) - timing_s/agent_loop/compute_score/max:np.float64(0.5130154750004294) - timing_s/agent_loop/compute_score/mean:np.float64(0.13643041850082227) - timing_s/agent_loop/slowest/generate_sequences:np.float64(2.843844638999144) - timing_s/agent_loop/slowest/tool_calls:np.float64(0.0) - timing_s/agent_loop/slowest/compute_score:np.float64(0.011116768997453619) - timing_s/agent_loop/slowest/num_preempted:np.int64(-1) - timing_s/agent_loop/slowest/prompt_length:25 - timing_s/agent_loop/slowest/response_length:64 - timing_s/gen:7.589439936004055 - timing_s/reward:2.710999979171902e-05 - timing_s/old_log_prob:3.730792217000271 - timing_s/adv:0.0035139100000378676 - timing_s/update_actor:7.078106734988978 - timing_s/drafter:14.537402807007311 - drafter/spec_decode/mean_acceptance_length:2.2831858407079646 - timing_s/update_weights:8.586527507002756 - timing_s/step:41.53196405899507 - timing_s/stop_profile:0.00014159100101096556 - timing_per_token_ms/gen:29.64624975001584 - timing_per_token_ms/adv:0.009870533707971538 - timing_per_token_ms/update_actor:19.882322289294883 - perf/total_num_tokens:356 - perf/time_per_step:41.53196405899507 - perf/throughput:4.285855582152475[36m(SpecoTaskRunner pid=62090)[0m Training Progress: 100%|██████████| 20/20 [20:07<00:00, 43.64s/it]Training Progress: 100%|██████████| 20/20 [20:07<00:00, 60.37s/it]
[36m(WorkerDict pid=62310)[0m WARNING:2026-09-19 10:18:37,185:[speco publish materialize] async=True global_steps=20 elapsed_sec=2.376 num_weights=58
[36m(SpecoVLLMHttpServer pid=62582)[0m (Worker_TP1 pid=63261) WARNING:2026-09-19 10:18:37,708:[speco draft ipc] streamed 58 translated weights in 1 buckets into DFlashQwen3Model (method=dflash), first 5 keys: ['fc.weight', 'hidden_norm.weight', 'layers.0.self_attn.q_proj.weight', 'layers.0.self_attn.k_proj.weight', 'layers.0.self_attn.v_proj.weight']
[36m(SpecoVLLMHttpServer pid=62582)[0m (Worker_TP1 pid=63261) WARNING:2026-09-19 10:18:37,713:SPECO committed online drafter revision=20 loaded_params=58
[36m(SpecoVLLMHttpServer pid=62582)[0m (Worker_TP0 pid=63260) WARNING:2026-09-19 10:18:37,785:[speco draft ipc] streamed 58 translated weights in 1 buckets into DFlashQwen3Model (method=dflash), first 5 keys: ['fc.weight', 'hidden_norm.weight', 'layers.0.self_attn.q_proj.weight', 'layers.0.self_attn.k_proj.weight', 'layers.0.self_attn.v_proj.weight']
[36m(SpecoVLLMHttpServer pid=62582)[0m (Worker_TP0 pid=63260) WARNING:2026-09-19 10:18:37,786:SPECO committed online drafter revision=20 loaded_params=58

[36m(SpecoTaskRunner pid=62090)[0m 'Final validation metrics: None'
[36m(WorkerDict pid=62310)[0m WARNING:2026-09-19 10:18:38,650:[speco publish reclaim] role=consumer async=True global_steps=20 num_weights=58 payload_cleared=1 allocator=glibc action=malloc_trim heap_trimmed=True elapsed_sec=0.471 memory_before=(rss_gib=20.50 anon_gib=7.22 rss_shmem_gib=10.58 node_unavailable_gib=217.08 available_gib=286.41 cached_gib=273.83 node_shmem_gib=41.46 dev_shm_used_gib=0.07 dirty_gib=50.37 writeback_gib=0.03) memory_after=(rss_gib=19.04 anon_gib=5.76 rss_shmem_gib=10.58 node_unavailable_gib=213.83 available_gib=289.66 cached_gib=273.85 node_shmem_gib=41.46 dev_shm_used_gib=0.07 dirty_gib=50.38 writeback_gib=0.03)
[36m(SpecoTaskRunner pid=62090)[0m Traceback (most recent call last):
[36m(SpecoTaskRunner pid=62090)[0m   File "/experiment/.venv-clean/lib/python3.12/site-packages/ray/_private/workers/default_worker.py", line 323, in <module>
[36m(SpecoTaskRunner pid=62090)[0m     worker.main_loop()
[36m(SpecoTaskRunner pid=62090)[0m   File "/experiment/.venv-clean/lib/python3.12/site-packages/ray/_private/worker.py", line 1028, in main_loop
[36m(SpecoTaskRunner pid=62090)[0m     self.core_worker.run_task_loop()
[36m(SpecoTaskRunner pid=62090)[0m   File "/usr/local/lib/python3.12/dist-packages/torch/utils/data/_utils/signal_handling.py", line 73, in handler
