/experiment/.venv-clean/lib/python3.12/site-packages/verl/workers/engine/__init__.py:31: UserWarning: torchtitan engine is not available: ModuleNotFoundError("No module named 'torchtitan'")
  warnings.warn(f"torchtitan engine is not available: {e!r}", stacklevel=1)
/experiment/.venv-clean/lib/python3.12/site-packages/verl/workers/engine/__init__.py:40: UserWarning: veomni engine is not available: ModuleNotFoundError("No module named 'veomni'")
  warnings.warn(f"veomni engine is not available: {e!r}", stacklevel=1)
/experiment/.venv-clean/lib/python3.12/site-packages/verl/workers/engine/__init__.py:49: UserWarning: automodel engine is not available: ModuleNotFoundError("No module named 'nemo_automodel'")
  warnings.warn(f"automodel engine is not available: {e!r}", stacklevel=1)
/experiment/.venv-clean/lib/python3.12/site-packages/verl/workers/engine/mindspeed/transformer_impl.py:24: UserWarning: NPU not support router replay for now.
  from verl.utils.megatron.router_replay_patch import RouterReplay
/experiment/.venv-clean/lib/python3.12/site-packages/verl/workers/engine/__init__.py:59: UserWarning: mindspeed engine is not available: ModuleNotFoundError("No module named 'megatron'")
  warnings.warn(f"mindspeed engine is not available: {e!r}", stacklevel=1)
/experiment/.venv-clean/lib/python3.12/site-packages/verl/workers/engine/__init__.py:69: UserWarning: megatron engine is not available: ModuleNotFoundError("No module named 'megatron'")
  warnings.warn(f"megatron engine is not available: {e!r}", stacklevel=1)
2026-09-19 09:13:34,805	WARNING services.py:2168 -- WARNING: The object store is using /experiment/.cache/ray instead of /dev/shm because /dev/shm has only 8586813440 bytes available. This will harm performance! You may be able to free up space by deleting files in /dev/shm. If you are inside a Docker container, you can increase /dev/shm size by passing '--shm-size=10.24gb' to 'docker run' (or add it to the run_options list in a Ray cluster config). Make sure to set this to more than 30% of available RAM.
2026-09-19 09:13:37,008	INFO worker.py:2013 -- Started a local Ray instance.
/experiment/.venv-clean/lib/python3.12/site-packages/ray/_private/worker.py:2052: FutureWarning: Tip: In future versions of Ray, Ray will no longer override accelerator visible devices env var if num_gpus=0 or num_gpus=None (default). To enable this behavior and turn off this error message, set RAY_ACCEL_ENV_VAR_OVERRIDE_ON_ZERO=0
  warnings.warn(
[36m(pid=54668)[0m WARNING:2026-09-19 09:13:44,125:Platform 'nvidia' (PlatformCUDA) is registered but not available. This may be due to this ray actor being a CPU-only actor.
[36m(pid=54668)[0m /experiment/.venv-clean/lib/python3.12/site-packages/verl/workers/engine/__init__.py:31: UserWarning: torchtitan engine is not available: ModuleNotFoundError("No module named 'torchtitan'")
[36m(pid=54668)[0m   warnings.warn(f"torchtitan engine is not available: {e!r}", stacklevel=1)
[36m(pid=54668)[0m /experiment/.venv-clean/lib/python3.12/site-packages/verl/workers/engine/__init__.py:40: UserWarning: veomni engine is not available: ModuleNotFoundError("No module named 'veomni'")
[36m(pid=54668)[0m   warnings.warn(f"veomni engine is not available: {e!r}", stacklevel=1)
[36m(pid=54668)[0m /experiment/.venv-clean/lib/python3.12/site-packages/verl/workers/engine/__init__.py:49: UserWarning: automodel engine is not available: ModuleNotFoundError("No module named 'nemo_automodel'")
[36m(pid=54668)[0m   warnings.warn(f"automodel engine is not available: {e!r}", stacklevel=1)
[36m(pid=54668)[0m /experiment/.venv-clean/lib/python3.12/site-packages/verl/workers/engine/mindspeed/transformer_impl.py:24: UserWarning: NPU not support router replay for now.
[36m(pid=54668)[0m   from verl.utils.megatron.router_replay_patch import RouterReplay
[36m(pid=54668)[0m /experiment/.venv-clean/lib/python3.12/site-packages/verl/workers/engine/__init__.py:59: UserWarning: mindspeed engine is not available: ModuleNotFoundError("No module named 'megatron'")
[36m(pid=54668)[0m   warnings.warn(f"mindspeed engine is not available: {e!r}", stacklevel=1)
[36m(pid=54668)[0m /experiment/.venv-clean/lib/python3.12/site-packages/verl/workers/engine/__init__.py:69: UserWarning: megatron engine is not available: ModuleNotFoundError("No module named 'megatron'")
[36m(pid=54668)[0m   warnings.warn(f"megatron engine is not available: {e!r}", stacklevel=1)
[36m(SpecoTaskRunner pid=54668)[0m WARNING:2026-09-19 09:13:46,169:[speco vllm compat] patched transformers.configuration_utils missing ALLOWED_ATTENTION_LAYER_TYPES for vLLM import
[36m(SpecoTaskRunner pid=54668)[0m W0919 09:13:52.823000 54668 torch/utils/cpp_extension.py:178] No CUDA runtime is found, using CUDA_HOME='/usr/local/cuda'
ray init kwargs: {'num_cpus': 16, 'runtime_env': {'env_vars': {'NCCL_DEBUG': 'WARN', 'VLLM_LOGGING_LEVEL': 'WARN', 'VLLM_ALLOW_RUNTIME_LORA_UPDATING': 'true', 'VLLM_DISABLE_COMPILE_CACHE': '1', 'HCCL_HOST_SOCKET_PORT_RANGE': 'auto', 'HCCL_NPU_SOCKET_PORT_RANGE': 'auto', 'HSA_NO_SCRATCH_RECLAIM': '1', 'VERL_FULL_DETERMINISM': '0', 'VLLM_BATCH_INVARIANT': '0', 'VERL_RL_INSIGHT_ENABLE': '0'}, 'working_dir': None}}
[36m(SpecoTaskRunner pid=54668)[0m SpecoTaskRunner hostname: 01938c56e757, PID: 54668
[36m(SpecoTaskRunner pid=54668)[0m {'actor_rollout_ref': {'actor': {'_target_': 'verl.workers.config.FSDPActorConfig',
[36m(SpecoTaskRunner pid=54668)[0m                                  'calculate_entropy': False,
[36m(SpecoTaskRunner pid=54668)[0m                                  'calculate_sum_pi_squared': False,
[36m(SpecoTaskRunner pid=54668)[0m                                  'checkpoint': {'_target_': 'verl.trainer.config.CheckpointConfig',
[36m(SpecoTaskRunner pid=54668)[0m                                                 'async_save': False,
[36m(SpecoTaskRunner pid=54668)[0m                                                 'load_contents': ['model',
[36m(SpecoTaskRunner pid=54668)[0m                                                                   'optimizer',
[36m(SpecoTaskRunner pid=54668)[0m                                                                   'extra'],
[36m(SpecoTaskRunner pid=54668)[0m                                                 'save_contents': ['model',
[36m(SpecoTaskRunner pid=54668)[0m                                                                   'optimizer',
[36m(SpecoTaskRunner pid=54668)[0m                                                                   'extra'],
[36m(SpecoTaskRunner pid=54668)[0m                                                 'strict': True},
[36m(SpecoTaskRunner pid=54668)[0m                                  'clip_ratio': 0.2,
[36m(SpecoTaskRunner pid=54668)[0m                                  'clip_ratio_c': 3.0,
[36m(SpecoTaskRunner pid=54668)[0m                                  'clip_ratio_high': 0.2,
[36m(SpecoTaskRunner pid=54668)[0m                                  'clip_ratio_low': 0.2,
[36m(SpecoTaskRunner pid=54668)[0m                                  'data_loader_seed': 42,
[36m(SpecoTaskRunner pid=54668)[0m                                  'entropy_checkpointing': False,
[36m(SpecoTaskRunner pid=54668)[0m                                  'entropy_coeff': 0,
[36m(SpecoTaskRunner pid=54668)[0m                                  'entropy_from_logits_chunk_size': 2048,
[36m(SpecoTaskRunner pid=54668)[0m                                  'entropy_from_logits_with_chunking': False,
[36m(SpecoTaskRunner pid=54668)[0m                                  'freeze_vision_tower': False,
[36m(SpecoTaskRunner pid=54668)[0m                                  'fsdp_config': {'_target_': 'verl.workers.config.FSDPEngineConfig',
[36m(SpecoTaskRunner pid=54668)[0m                                                  'dtype': 'bfloat16',
[36m(SpecoTaskRunner pid=54668)[0m                                                  'entropy_checkpointing': False,
[36m(SpecoTaskRunner pid=54668)[0m                                                  'entropy_from_logits_chunk_size': 2048,
[36m(SpecoTaskRunner pid=54668)[0m                                                  'entropy_from_logits_with_chunking': False,
[36m(SpecoTaskRunner pid=54668)[0m                                                  'forward_only': False,
[36m(SpecoTaskRunner pid=54668)[0m                                                  'forward_prefetch': False,
[36m(SpecoTaskRunner pid=54668)[0m                                                  'fsdp_size': -1,
[36m(SpecoTaskRunner pid=54668)[0m                                                  'full_determinism': False,
[36m(SpecoTaskRunner pid=54668)[0m                                                  'model_dtype': 'bf16',
[36m(SpecoTaskRunner pid=54668)[0m                                                  'offload_policy': False,
[36m(SpecoTaskRunner pid=54668)[0m                                                  'optimizer_offload': True,
[36m(SpecoTaskRunner pid=54668)[0m                                                  'pad_to_length': False,
[36m(SpecoTaskRunner pid=54668)[0m                                                  'pad_to_length_bucket': 1024,
[36m(SpecoTaskRunner pid=54668)[0m                                                  'param_offload': True,
[36m(SpecoTaskRunner pid=54668)[0m                                                  'qat': {'_target_': 'verl.workers.config.QATEngineConfig',
[36m(SpecoTaskRunner pid=54668)[0m                                                          'activation_observer': 'static_minmax',
[36m(SpecoTaskRunner pid=54668)[0m                                                          'enable': False,
[36m(SpecoTaskRunner pid=54668)[0m                                                          'group_size': 16,
[36m(SpecoTaskRunner pid=54668)[0m                                                          'ignore_patterns': ['lm_head',
[36m(SpecoTaskRunner pid=54668)[0m                                                                              'embed_tokens',
[36m(SpecoTaskRunner pid=54668)[0m                                                                              're:.*mlp.gate$'],
[36m(SpecoTaskRunner pid=54668)[0m                                                          'mode': 'w4a16',
[36m(SpecoTaskRunner pid=54668)[0m                                                          'quantization_config_path': None},
[36m(SpecoTaskRunner pid=54668)[0m                                                  'reshard_after_forward': True,
[36m(SpecoTaskRunner pid=54668)[0m                                                  'seed': 42,
[36m(SpecoTaskRunner pid=54668)[0m                                                  'strategy': 'fsdp',
[36m(SpecoTaskRunner pid=54668)[0m                                                  'ulysses_sequence_parallel_size': 1,
[36m(SpecoTaskRunner pid=54668)[0m                                                  'use_orig_params': False,
[36m(SpecoTaskRunner pid=54668)[0m                                                  'use_torch_compile': False,
[36m(SpecoTaskRunner pid=54668)[0m                                                  'wrap_policy': {'min_num_params': 0}},
[36m(SpecoTaskRunner pid=54668)[0m                                  'grad_clip': 1.0,
[36m(SpecoTaskRunner pid=54668)[0m                                  'kl_loss_coef': 0.001,
[36m(SpecoTaskRunner pid=54668)[0m                                  'kl_loss_type': 'low_var_kl',
[36m(SpecoTaskRunner pid=54668)[0m                                  'loss_agg_mode': 'token-mean',
[36m(SpecoTaskRunner pid=54668)[0m                                  'loss_scale_factor': None,
[36m(SpecoTaskRunner pid=54668)[0m                                  'optim': {'_target_': 'verl.workers.config.FSDPOptimizerConfig',
[36m(SpecoTaskRunner pid=54668)[0m                                            'betas': [0.9, 0.999],
[36m(SpecoTaskRunner pid=54668)[0m                                            'clip_grad': 1.0,
[36m(SpecoTaskRunner pid=54668)[0m                                            'lr': 1e-06,
[36m(SpecoTaskRunner pid=54668)[0m                                            'lr_scheduler_type': 'constant',
[36m(SpecoTaskRunner pid=54668)[0m                                            'lr_warmup_steps': -1,
[36m(SpecoTaskRunner pid=54668)[0m                                            'lr_warmup_steps_ratio': 0.0,
[36m(SpecoTaskRunner pid=54668)[0m                                            'min_lr_ratio': 0.0,
[36m(SpecoTaskRunner pid=54668)[0m                                            'num_cycles': 0.5,
[36m(SpecoTaskRunner pid=54668)[0m                                            'optimizer': 'AdamW',
[36m(SpecoTaskRunner pid=54668)[0m                                            'optimizer_impl': 'torch.optim',
[36m(SpecoTaskRunner pid=54668)[0m                                            'override_optimizer_config': None,
[36m(SpecoTaskRunner pid=54668)[0m                                            'total_training_steps': -1,
[36m(SpecoTaskRunner pid=54668)[0m                                            'warmup_style': None,
[36m(SpecoTaskRunner pid=54668)[0m                                            'weight_decay': 0.01,
[36m(SpecoTaskRunner pid=54668)[0m                                            'zero_indexed_step': True},
[36m(SpecoTaskRunner pid=54668)[0m                                  'pad_to_length': False,
[36m(SpecoTaskRunner pid=54668)[0m                                  'policy_loss': {'_target_': 'verl.workers.config.PolicyLossConfig',
[36m(SpecoTaskRunner pid=54668)[0m                                                  'clip_cov_lb': 1.0,
[36m(SpecoTaskRunner pid=54668)[0m                                                  'clip_cov_ratio': 0.0002,
[36m(SpecoTaskRunner pid=54668)[0m                                                  'clip_cov_ub': 5.0,
[36m(SpecoTaskRunner pid=54668)[0m                                                  'dro_beta': None,
[36m(SpecoTaskRunner pid=54668)[0m                                                  'kl_cov_ratio': 0.0002,
[36m(SpecoTaskRunner pid=54668)[0m                                                  'loss_mode': 'vanilla',
[36m(SpecoTaskRunner pid=54668)[0m                                                  'ppo_kl_coef': 0.1},
[36m(SpecoTaskRunner pid=54668)[0m                                  'ppo_epochs': 1,
[36m(SpecoTaskRunner pid=54668)[0m                                  'ppo_max_token_len_per_gpu': 16384,
[36m(SpecoTaskRunner pid=54668)[0m                                  'ppo_micro_batch_size': None,
[36m(SpecoTaskRunner pid=54668)[0m                                  'ppo_micro_batch_size_per_gpu': 1,
[36m(SpecoTaskRunner pid=54668)[0m                                  'ppo_mini_batch_size': 2,
[36m(SpecoTaskRunner pid=54668)[0m                                  'profiler': {'_target_': 'verl.utils.profiler.ProfilerConfig',
[36m(SpecoTaskRunner pid=54668)[0m                                               'all_ranks': False,
[36m(SpecoTaskRunner pid=54668)[0m                                               'enable': False,
[36m(SpecoTaskRunner pid=54668)[0m                                               'ranks': [],
[36m(SpecoTaskRunner pid=54668)[0m                                               'save_path': 'outputs/profile',
[36m(SpecoTaskRunner pid=54668)[0m                                               'tool': None,
[36m(SpecoTaskRunner pid=54668)[0m                                               'tool_config': {'npu': {'_target_': 'verl.utils.profiler.config.NPUToolConfig',
[36m(SpecoTaskRunner pid=54668)[0m                                                                       'analysis': True,
[36m(SpecoTaskRunner pid=54668)[0m                                                                       'contents': [],
[36m(SpecoTaskRunner pid=54668)[0m                                                                       'discrete': False,
[36m(SpecoTaskRunner pid=54668)[0m                                                                       'level': 'level0'},
[36m(SpecoTaskRunner pid=54668)[0m                                                               'nsys': {'_target_': 'verl.utils.profiler.config.NsightToolConfig',
[36m(SpecoTaskRunner pid=54668)[0m                                                                        'discrete': False},
[36m(SpecoTaskRunner pid=54668)[0m                                                               'precision_debugger': {'_target_': 'verl.utils.profiler.config.PrecisionDebuggerToolConfig',
[36m(SpecoTaskRunner pid=54668)[0m                                                                                      'config_path': None,
[36m(SpecoTaskRunner pid=54668)[0m                                                                                      'stages': None,
[36m(SpecoTaskRunner pid=54668)[0m                                                                                      'steps': None,
[36m(SpecoTaskRunner pid=54668)[0m                                                                                      'strict': False},
[36m(SpecoTaskRunner pid=54668)[0m                                                               'torch': {'_target_': 'verl.utils.profiler.config.TorchProfilerToolConfig',
[36m(SpecoTaskRunner pid=54668)[0m                                                                         'contents': [],
[36m(SpecoTaskRunner pid=54668)[0m                                                                         'discrete': False,
[36m(SpecoTaskRunner pid=54668)[0m                                                                         'schedule': {'_target_': 'verl.utils.profiler.config.TorchProfilerScheduleConfig',
[36m(SpecoTaskRunner pid=54668)[0m                                                                                      'active': 0,
[36m(SpecoTaskRunner pid=54668)[0m                                                                                      'repeat': 0,
[36m(SpecoTaskRunner pid=54668)[0m                                                                                      'skip_first': 0,
[36m(SpecoTaskRunner pid=54668)[0m                                                                                      'wait': 0,
[36m(SpecoTaskRunner pid=54668)[0m                                                                                      'warmup': 0}},
[36m(SpecoTaskRunner pid=54668)[0m                                                               'torch_memory': {'_target_': 'verl.utils.profiler.config.TorchMemoryToolConfig',
[36m(SpecoTaskRunner pid=54668)[0m                                                                                'stack_depth': 32,
[36m(SpecoTaskRunner pid=54668)[0m                                                                                'trace_alloc_max_entries': 100000}}},
[36m(SpecoTaskRunner pid=54668)[0m                                  'qat': {'activation_observer': 'static_minmax',
[36m(SpecoTaskRunner pid=54668)[0m                                          'enable': False,
[36m(SpecoTaskRunner pid=54668)[0m                                          'group_size': 16,
[36m(SpecoTaskRunner pid=54668)[0m                                          'ignore_patterns': ['lm_head',
[36m(SpecoTaskRunner pid=54668)[0m                                                              'embed_tokens',
[36m(SpecoTaskRunner pid=54668)[0m                                                              're:.*mlp.gate$'],
[36m(SpecoTaskRunner pid=54668)[0m                                          'mode': 'w4a16',
[36m(SpecoTaskRunner pid=54668)[0m                                          'quantization_config_path': None},
[36m(SpecoTaskRunner pid=54668)[0m                                  'rollout_n': 2,
[36m(SpecoTaskRunner pid=54668)[0m                                  'router_replay': {'_target_': 'verl.workers.config.RouterReplayConfig',
[36m(SpecoTaskRunner pid=54668)[0m                                                    'mode': 'disabled',
[36m(SpecoTaskRunner pid=54668)[0m                                                    'record_file': None,
[36m(SpecoTaskRunner pid=54668)[0m                                                    'replay_file': None},
[36m(SpecoTaskRunner pid=54668)[0m                                  'shuffle': False,
[36m(SpecoTaskRunner pid=54668)[0m                                  'strategy': 'fsdp2',
[36m(SpecoTaskRunner pid=54668)[0m                                  'tau_neg': 1.05,
[36m(SpecoTaskRunner pid=54668)[0m                                  'tau_pos': 1.0,
[36m(SpecoTaskRunner pid=54668)[0m                                  'ulysses_sequence_parallel_size': 1,
[36m(SpecoTaskRunner pid=54668)[0m                                  'use_dynamic_bsz': False,
[36m(SpecoTaskRunner pid=54668)[0m                                  'use_fused_kernels': False,
[36m(SpecoTaskRunner pid=54668)[0m                                  'use_kl_loss': False,
[36m(SpecoTaskRunner pid=54668)[0m                                  'use_prefix_grouper': False,
[36m(SpecoTaskRunner pid=54668)[0m                                  'use_remove_padding': True,
[36m(SpecoTaskRunner pid=54668)[0m                                  'use_torch_compile': True},
[36m(SpecoTaskRunner pid=54668)[0m                        'hybrid_engine': True,
[36m(SpecoTaskRunner pid=54668)[0m                        'model': {'_target_': 'verl.workers.config.HFModelConfig',
[36m(SpecoTaskRunner pid=54668)[0m                                  'custom_chat_template': None,
[36m(SpecoTaskRunner pid=54668)[0m                                  'enable_activation_offload': False,
[36m(SpecoTaskRunner pid=54668)[0m                                  'enable_gradient_checkpointing': True,
[36m(SpecoTaskRunner pid=54668)[0m                                  'exclude_modules': None,
[36m(SpecoTaskRunner pid=54668)[0m                                  'external_lib': None,
[36m(SpecoTaskRunner pid=54668)[0m                                  'fused_kernel_options': {'impl_backend': 'torch'},
[36m(SpecoTaskRunner pid=54668)[0m                                  'hf_config_path': None,
[36m(SpecoTaskRunner pid=54668)[0m                                  'lora': {'a2a_experimental': False,
[36m(SpecoTaskRunner pid=54668)[0m                                           'adapter_path': None,
[36m(SpecoTaskRunner pid=54668)[0m                                           'alpha': 32,
[36m(SpecoTaskRunner pid=54668)[0m                                           'dropout': 0.0,
[36m(SpecoTaskRunner pid=54668)[0m                                           'dropout_position': 'pre',
[36m(SpecoTaskRunner pid=54668)[0m                                           'dtype': None,
[36m(SpecoTaskRunner pid=54668)[0m                                           'exclude_modules': [],
[36m(SpecoTaskRunner pid=54668)[0m                                           'freeze_language_model': True,
[36m(SpecoTaskRunner pid=54668)[0m                                           'freeze_vision_model': True,
[36m(SpecoTaskRunner pid=54668)[0m                                           'freeze_vision_projection': True,
[36m(SpecoTaskRunner pid=54668)[0m                                           'lora_A_init_method': 'xavier',
[36m(SpecoTaskRunner pid=54668)[0m                                           'lora_B_init_method': 'zero',
[36m(SpecoTaskRunner pid=54668)[0m                                           'merge': False,
[36m(SpecoTaskRunner pid=54668)[0m                                           'rank': 0,
[36m(SpecoTaskRunner pid=54668)[0m                                           'target_modules': ['linear_qkv',
[36m(SpecoTaskRunner pid=54668)[0m                                                              'linear_proj',
[36m(SpecoTaskRunner pid=54668)[0m                                                              'linear_fc1',
[36m(SpecoTaskRunner pid=54668)[0m                                                              'linear_fc2'],
[36m(SpecoTaskRunner pid=54668)[0m                                           'type': 'lora'},
[36m(SpecoTaskRunner pid=54668)[0m                                  'lora_adapter_path': None,
[36m(SpecoTaskRunner pid=54668)[0m                                  'lora_alpha': 16,
[36m(SpecoTaskRunner pid=54668)[0m                                  'lora_rank': 0,
[36m(SpecoTaskRunner pid=54668)[0m                                  'mtp': {'_target_': 'verl.workers.config.MtpConfig',
[36m(SpecoTaskRunner pid=54668)[0m                                          'detach_encoder': False,
[36m(SpecoTaskRunner pid=54668)[0m                                          'enable': False,
[36m(SpecoTaskRunner pid=54668)[0m                                          'enable_rollout': False,
[36m(SpecoTaskRunner pid=54668)[0m                                          'enable_train': False,
[36m(SpecoTaskRunner pid=54668)[0m                                          'method': 'mtp',
[36m(SpecoTaskRunner pid=54668)[0m                                          'mtp_loss_scaling_factor': 0.1,
[36m(SpecoTaskRunner pid=54668)[0m                                          'num_speculative_tokens': 1,
[36m(SpecoTaskRunner pid=54668)[0m                                          'speculative_algorithm': 'EAGLE',
[36m(SpecoTaskRunner pid=54668)[0m                                          'speculative_eagle_topk': 1,
[36m(SpecoTaskRunner pid=54668)[0m                                          'speculative_num_draft_tokens': 4,
[36m(SpecoTaskRunner pid=54668)[0m                                          'speculative_num_steps': 3},
[36m(SpecoTaskRunner pid=54668)[0m                                  'override_config': {'attn_implementation': 'flash_attention_2'},
[36m(SpecoTaskRunner pid=54668)[0m                                  'path': '/experiment/models/target',
[36m(SpecoTaskRunner pid=54668)[0m                                  'target_modules': 'all-linear',
[36m(SpecoTaskRunner pid=54668)[0m                                  'tiled_mlp': {'enabled': False,
[36m(SpecoTaskRunner pid=54668)[0m                                                'num_shards': 4},
[36m(SpecoTaskRunner pid=54668)[0m                                  'tokenizer_path': None,
[36m(SpecoTaskRunner pid=54668)[0m                                  'trust_remote_code': False,
[36m(SpecoTaskRunner pid=54668)[0m                                  'use_fused_kernels': False,
[36m(SpecoTaskRunner pid=54668)[0m                                  'use_liger': False,
[36m(SpecoTaskRunner pid=54668)[0m                                  'use_remove_padding': True,
[36m(SpecoTaskRunner pid=54668)[0m                                  'use_shm': False},
[36m(SpecoTaskRunner pid=54668)[0m                        'nccl_timeout': 600,
[36m(SpecoTaskRunner pid=54668)[0m                        'ref': {'_target_': 'verl.workers.config.FSDPActorConfig',
[36m(SpecoTaskRunner pid=54668)[0m                                'entropy_checkpointing': False,
[36m(SpecoTaskRunner pid=54668)[0m                                'entropy_from_logits_chunk_size': 2048,
[36m(SpecoTaskRunner pid=54668)[0m                                'entropy_from_logits_with_chunking': False,
[36m(SpecoTaskRunner pid=54668)[0m                                'fsdp_config': {'_target_': 'verl.workers.config.FSDPEngineConfig',
[36m(SpecoTaskRunner pid=54668)[0m                                                'dtype': 'bfloat16',
[36m(SpecoTaskRunner pid=54668)[0m                                                'entropy_checkpointing': False,
[36m(SpecoTaskRunner pid=54668)[0m                                                'entropy_from_logits_chunk_size': 2048,
[36m(SpecoTaskRunner pid=54668)[0m                                                'entropy_from_logits_with_chunking': False,
[36m(SpecoTaskRunner pid=54668)[0m                                                'forward_only': True,
[36m(SpecoTaskRunner pid=54668)[0m                                                'forward_prefetch': False,
[36m(SpecoTaskRunner pid=54668)[0m                                                'fsdp_size': -1,
[36m(SpecoTaskRunner pid=54668)[0m                                                'full_determinism': False,
[36m(SpecoTaskRunner pid=54668)[0m                                                'model_dtype': 'fp32',
[36m(SpecoTaskRunner pid=54668)[0m                                                'offload_policy': False,
[36m(SpecoTaskRunner pid=54668)[0m                                                'optimizer_offload': False,
[36m(SpecoTaskRunner pid=54668)[0m                                                'pad_to_length': False,
[36m(SpecoTaskRunner pid=54668)[0m                                                'pad_to_length_bucket': 1024,
[36m(SpecoTaskRunner pid=54668)[0m                                                'param_offload': False,
[36m(SpecoTaskRunner pid=54668)[0m                                                'qat': {'_target_': 'verl.workers.config.QATEngineConfig',
[36m(SpecoTaskRunner pid=54668)[0m                                                        'activation_observer': 'static_minmax',
[36m(SpecoTaskRunner pid=54668)[0m                                                        'enable': False,
[36m(SpecoTaskRunner pid=54668)[0m                                                        'group_size': 16,
[36m(SpecoTaskRunner pid=54668)[0m                                                        'ignore_patterns': ['lm_head',
[36m(SpecoTaskRunner pid=54668)[0m                                                                            'embed_tokens',
[36m(SpecoTaskRunner pid=54668)[0m                                                                            're:.*mlp.gate$'],
[36m(SpecoTaskRunner pid=54668)[0m                                                        'mode': 'w4a16',
[36m(SpecoTaskRunner pid=54668)[0m                                                        'quantization_config_path': None},
[36m(SpecoTaskRunner pid=54668)[0m                                                'reshard_after_forward': True,
[36m(SpecoTaskRunner pid=54668)[0m                                                'seed': 42,
[36m(SpecoTaskRunner pid=54668)[0m                                                'strategy': 'fsdp',
[36m(SpecoTaskRunner pid=54668)[0m                                                'ulysses_sequence_parallel_size': 1,
[36m(SpecoTaskRunner pid=54668)[0m                                                'use_orig_params': False,
[36m(SpecoTaskRunner pid=54668)[0m                                                'use_torch_compile': True,
[36m(SpecoTaskRunner pid=54668)[0m                                                'wrap_policy': {'min_num_params': 0}},
[36m(SpecoTaskRunner pid=54668)[0m                                'log_prob_max_token_len_per_gpu': 16384,
[36m(SpecoTaskRunner pid=54668)[0m                                'log_prob_micro_batch_size': None,
[36m(SpecoTaskRunner pid=54668)[0m                                'log_prob_micro_batch_size_per_gpu': None,
[36m(SpecoTaskRunner pid=54668)[0m                                'log_prob_use_dynamic_bsz': False,
[36m(SpecoTaskRunner pid=54668)[0m                                'pad_to_length': False,
[36m(SpecoTaskRunner pid=54668)[0m                                'profiler': {'_target_': 'verl.utils.profiler.ProfilerConfig',
[36m(SpecoTaskRunner pid=54668)[0m                                             'all_ranks': False,
[36m(SpecoTaskRunner pid=54668)[0m                                             'enable': False,
[36m(SpecoTaskRunner pid=54668)[0m                                             'ranks': [],
[36m(SpecoTaskRunner pid=54668)[0m                                             'save_path': 'outputs/profile',
[36m(SpecoTaskRunner pid=54668)[0m                                             'tool': None,
[36m(SpecoTaskRunner pid=54668)[0m                                             'tool_config': {'npu': {'_target_': 'verl.utils.profiler.config.NPUToolConfig',
[36m(SpecoTaskRunner pid=54668)[0m                                                                     'analysis': True,
[36m(SpecoTaskRunner pid=54668)[0m                                                                     'contents': [],
[36m(SpecoTaskRunner pid=54668)[0m                                                                     'discrete': False,
[36m(SpecoTaskRunner pid=54668)[0m                                                                     'level': 'level0'},
[36m(SpecoTaskRunner pid=54668)[0m                                                             'nsys': {'_target_': 'verl.utils.profiler.config.NsightToolConfig',
[36m(SpecoTaskRunner pid=54668)[0m                                                                      'discrete': False},
[36m(SpecoTaskRunner pid=54668)[0m                                                             'precision_debugger': {'_target_': 'verl.utils.profiler.config.PrecisionDebuggerToolConfig',
[36m(SpecoTaskRunner pid=54668)[0m                                                                                    'config_path': None,
[36m(SpecoTaskRunner pid=54668)[0m                                                                                    'stages': None,
[36m(SpecoTaskRunner pid=54668)[0m                                                                                    'steps': None,
[36m(SpecoTaskRunner pid=54668)[0m                                                                                    'strict': False},
[36m(SpecoTaskRunner pid=54668)[0m                                                             'torch': {'_target_': 'verl.utils.profiler.config.TorchProfilerToolConfig',
[36m(SpecoTaskRunner pid=54668)[0m                                                                       'contents': [],
[36m(SpecoTaskRunner pid=54668)[0m                                                                       'discrete': False,
[36m(SpecoTaskRunner pid=54668)[0m                                                                       'schedule': {'_target_': 'verl.utils.profiler.config.TorchProfilerScheduleConfig',
[36m(SpecoTaskRunner pid=54668)[0m                                                                                    'active': 0,
[36m(SpecoTaskRunner pid=54668)[0m                                                                                    'repeat': 0,
[36m(SpecoTaskRunner pid=54668)[0m                                                                                    'skip_first': 0,
[36m(SpecoTaskRunner pid=54668)[0m                                                                                    'wait': 0,
[36m(SpecoTaskRunner pid=54668)[0m                                                                                    'warmup': 0}},
[36m(SpecoTaskRunner pid=54668)[0m                                                             'torch_memory': {'_target_': 'verl.utils.profiler.config.TorchMemoryToolConfig',
[36m(SpecoTaskRunner pid=54668)[0m                                                                              'stack_depth': 32,
[36m(SpecoTaskRunner pid=54668)[0m                                                                              'trace_alloc_max_entries': 100000}}},
[36m(SpecoTaskRunner pid=54668)[0m                                'rollout_n': 2,
[36m(SpecoTaskRunner pid=54668)[0m                                'router_replay': {'_target_': 'verl.workers.config.RouterReplayConfig',
[36m(SpecoTaskRunner pid=54668)[0m                                                  'mode': 'disabled',
[36m(SpecoTaskRunner pid=54668)[0m                                                  'record_file': None,
[36m(SpecoTaskRunner pid=54668)[0m                                                  'replay_file': None},
[36m(SpecoTaskRunner pid=54668)[0m                                'strategy': 'fsdp2',
[36m(SpecoTaskRunner pid=54668)[0m                                'ulysses_sequence_parallel_size': 1,
[36m(SpecoTaskRunner pid=54668)[0m                                'use_torch_compile': True},
[36m(SpecoTaskRunner pid=54668)[0m                        'rollout': {'_target_': 'verl.workers.config.RolloutConfig',
[36m(SpecoTaskRunner pid=54668)[0m                                    'agent': {'_target_': 'verl.workers.config.AgentLoopConfig',
[36m(SpecoTaskRunner pid=54668)[0m                                              'agent_loop_config_path': None,
[36m(SpecoTaskRunner pid=54668)[0m                                              'custom_async_server': {'_target_': 'verl.workers.config.CustomAsyncServerConfig',
[36m(SpecoTaskRunner pid=54668)[0m                                                                      'name': None,
[36m(SpecoTaskRunner pid=54668)[0m                                                                      'path': None},
[36m(SpecoTaskRunner pid=54668)[0m                                              'default_agent_loop': 'single_turn_agent',
[36m(SpecoTaskRunner pid=54668)[0m                                              'num_workers': 2},
[36m(SpecoTaskRunner pid=54668)[0m                                    'calculate_log_probs': True,
[36m(SpecoTaskRunner pid=54668)[0m                                    'checkpoint_engine': {'_target_': 'verl.workers.config.CheckpointEngineConfig',
[36m(SpecoTaskRunner pid=54668)[0m                                                          'backend': 'naive',
[36m(SpecoTaskRunner pid=54668)[0m                                                          'custom_backend_module': None,
[36m(SpecoTaskRunner pid=54668)[0m                                                          'engine_kwargs': {},
[36m(SpecoTaskRunner pid=54668)[0m                                                          'update_weights_bucket_megabytes': 10240},
[36m(SpecoTaskRunner pid=54668)[0m                                    'cudagraph_capture_sizes': None,
[36m(SpecoTaskRunner pid=54668)[0m                                    'data_parallel_size': 1,
[36m(SpecoTaskRunner pid=54668)[0m                                    'disable_log_stats': True,
[36m(SpecoTaskRunner pid=54668)[0m                                    'disaggregation': {'bootstrap_port': None,
[36m(SpecoTaskRunner pid=54668)[0m                                                       'decode_replicas': 1,
[36m(SpecoTaskRunner pid=54668)[0m                                                       'decode_tensor_model_parallel_size': None,
[36m(SpecoTaskRunner pid=54668)[0m                                                       'enabled': False,
[36m(SpecoTaskRunner pid=54668)[0m                                                       'ib_device': None,
[36m(SpecoTaskRunner pid=54668)[0m                                                       'prefill_replicas': 1,
[36m(SpecoTaskRunner pid=54668)[0m                                                       'transfer_backend': 'nixl'},
[36m(SpecoTaskRunner pid=54668)[0m                                    'do_sample': True,
[36m(SpecoTaskRunner pid=54668)[0m                                    'drafter': {'checkpoint_path': None,
[36m(SpecoTaskRunner pid=54668)[0m                                                'enable': True,
[36m(SpecoTaskRunner pid=54668)[0m                                                'enable_drafter_training': True,
[36m(SpecoTaskRunner pid=54668)[0m                                                'model_path': '/experiment/models/dflash',
[36m(SpecoTaskRunner pid=54668)[0m                                                'rollout': {'cuda_graph_max_bs': None,
[36m(SpecoTaskRunner pid=54668)[0m                                                            'spec_steps': 3,
[36m(SpecoTaskRunner pid=54668)[0m                                                            'spec_topk': 1,
[36m(SpecoTaskRunner pid=54668)[0m                                                            'spec_verify_tokens': 16},
[36m(SpecoTaskRunner pid=54668)[0m                                                'speculative_algorithm': 'DFLASH',
[36m(SpecoTaskRunner pid=54668)[0m                                                'training': {'allow_sglang_prenorm_last_layer': False,
[36m(SpecoTaskRunner pid=54668)[0m                                                             'batch_size_per_gpu': 1,
[36m(SpecoTaskRunner pid=54668)[0m                                                             'collect_hidden_states_from_old_logprob': True,
[36m(SpecoTaskRunner pid=54668)[0m                                                             'collect_hidden_states_from_sgl': False,
[36m(SpecoTaskRunner pid=54668)[0m                                                             'collect_interval_steps': 1,
[36m(SpecoTaskRunner pid=54668)[0m                                                             'collection_sample_rate': 1.0,
[36m(SpecoTaskRunner pid=54668)[0m                                                             'current_max_samples': 2048,
[36m(SpecoTaskRunner pid=54668)[0m                                                             'data_buffer_max_size': 1024,
[36m(SpecoTaskRunner pid=54668)[0m                                                             'dflash2_block_size': 8,
[36m(SpecoTaskRunner pid=54668)[0m                                                             'dflash2_conv_group_size': 16,
[36m(SpecoTaskRunner pid=54668)[0m                                                             'dflash2_conv_kernel_size': 2,
[36m(SpecoTaskRunner pid=54668)[0m                                                             'dflash2_hidden_size': None,
[36m(SpecoTaskRunner pid=54668)[0m                                                             'dflash2_loss_decay_gamma': 7.0,
[36m(SpecoTaskRunner pid=54668)[0m                                                             'dflash2_mask_token_id': None,
[36m(SpecoTaskRunner pid=54668)[0m                                                             'dflash2_num_anchors': 512,
[36m(SpecoTaskRunner pid=54668)[0m                                                             'dflash2_num_hidden_layers': 5,
[36m(SpecoTaskRunner pid=54668)[0m                                                             'dflash2_num_target_layers': 5,
[36m(SpecoTaskRunner pid=54668)[0m                                                             'dflash2_selector_loss_weight': 1.0,
[36m(SpecoTaskRunner pid=54668)[0m                                                             'dflash2_selector_rank': 256,
[36m(SpecoTaskRunner pid=54668)[0m                                                             'dflash2_selector_top_k': 16,
[36m(SpecoTaskRunner pid=54668)[0m                                                             'dflash2_target_layer_ids': None,
[36m(SpecoTaskRunner pid=54668)[0m                                                             'dflash_block_size': 16,
[36m(SpecoTaskRunner pid=54668)[0m                                                             'dflash_front_position_count': 0,
[36m(SpecoTaskRunner pid=54668)[0m                                                             'dflash_front_position_weight': 1.0,
[36m(SpecoTaskRunner pid=54668)[0m                                                             'dflash_hard_sample_ratio': 0.0,
[36m(SpecoTaskRunner pid=54668)[0m                                                             'dflash_hidden_size': None,
[36m(SpecoTaskRunner pid=54668)[0m                                                             'dflash_loss_decay_gamma': 7.0,
[36m(SpecoTaskRunner pid=54668)[0m                                                             'dflash_loss_mode': 'full_vocab',
[36m(SpecoTaskRunner pid=54668)[0m                                                             'dflash_mask_token_id': None,
[36m(SpecoTaskRunner pid=54668)[0m                                                             'dflash_max_window': 32,
[36m(SpecoTaskRunner pid=54668)[0m                                                             'dflash_num_anchors': 8,
[36m(SpecoTaskRunner pid=54668)[0m                                                             'dflash_num_hidden_layers': 1,
[36m(SpecoTaskRunner pid=54668)[0m                                                             'dflash_num_target_layers': 5,
[36m(SpecoTaskRunner pid=54668)[0m                                                             'dflash_sampled_ce_negatives': 0,
[36m(SpecoTaskRunner pid=54668)[0m                                                             'dflash_target_layer_ids': None,
[36m(SpecoTaskRunner pid=54668)[0m                                                             'domino_block_size': 16,
[36m(SpecoTaskRunner pid=54668)[0m                                                             'domino_emb_dim': 256,
[36m(SpecoTaskRunner pid=54668)[0m                                                             'domino_gru_hidden_dim': 1024,
[36m(SpecoTaskRunner pid=54668)[0m                                                             'domino_hidden_size': None,
[36m(SpecoTaskRunner pid=54668)[0m                                                             'domino_lambda_base_decay_steps': 2000,
[36m(SpecoTaskRunner pid=54668)[0m                                                             'domino_lambda_base_start': 1.0,
[36m(SpecoTaskRunner pid=54668)[0m                                                             'domino_loss_decay_gamma': 7.0,
[36m(SpecoTaskRunner pid=54668)[0m                                                             'domino_mask_token_id': None,
[36m(SpecoTaskRunner pid=54668)[0m                                                             'domino_max_window': 512,
[36m(SpecoTaskRunner pid=54668)[0m                                                             'domino_num_anchors': 512,
[36m(SpecoTaskRunner pid=54668)[0m                                                             'domino_num_hidden_layers': 5,
[36m(SpecoTaskRunner pid=54668)[0m                                                             'domino_num_target_layers': 5,
[36m(SpecoTaskRunner pid=54668)[0m                                                             'domino_pure_draft_prefix_len': 1,
[36m(SpecoTaskRunner pid=54668)[0m                                                             'domino_shift_label': True,
[36m(SpecoTaskRunner pid=54668)[0m                                                             'domino_target_layer_ids': None,
[36m(SpecoTaskRunner pid=54668)[0m                                                             'draft_update_flush_after': True,
[36m(SpecoTaskRunner pid=54668)[0m                                                             'draft_update_flush_before': True,
[36m(SpecoTaskRunner pid=54668)[0m                                                             'draft_update_pause_generation': True,
[36m(SpecoTaskRunner pid=54668)[0m                                                             'draft_update_use_shm': None,
[36m(SpecoTaskRunner pid=54668)[0m                                                             'draft_update_weights_bucket_megabytes': None,
[36m(SpecoTaskRunner pid=54668)[0m                                                             'dspark_block_size': 7,
[36m(SpecoTaskRunner pid=54668)[0m                                                             'dspark_ce_loss_alpha': 0.1,
[36m(SpecoTaskRunner pid=54668)[0m                                                             'dspark_confidence_head_alpha': 0.0,
[36m(SpecoTaskRunner pid=54668)[0m                                                             'dspark_confidence_head_with_markov': True,
[36m(SpecoTaskRunner pid=54668)[0m                                                             'dspark_confidence_loss_alpha': 0.0,
[36m(SpecoTaskRunner pid=54668)[0m                                                             'dspark_debug_log': False,
[36m(SpecoTaskRunner pid=54668)[0m                                                             'dspark_debug_log_first_n': 2,
[36m(SpecoTaskRunner pid=54668)[0m                                                             'dspark_debug_log_interval': 100,
[36m(SpecoTaskRunner pid=54668)[0m                                                             'dspark_hard_sample_ratio': 0.0,
[36m(SpecoTaskRunner pid=54668)[0m                                                             'dspark_hidden_size': None,
[36m(SpecoTaskRunner pid=54668)[0m                                                             'dspark_l1_chunk_size': 0,
[36m(SpecoTaskRunner pid=54668)[0m                                                             'dspark_l1_loss_alpha': 0.9,
[36m(SpecoTaskRunner pid=54668)[0m                                                             'dspark_loss_decay_gamma': 7.0,
[36m(SpecoTaskRunner pid=54668)[0m                                                             'dspark_loss_mode': 'full_vocab',
[36m(SpecoTaskRunner pid=54668)[0m                                                             'dspark_markov_head_type': 'vanilla',
[36m(SpecoTaskRunner pid=54668)[0m                                                             'dspark_markov_rank': 256,
[36m(SpecoTaskRunner pid=54668)[0m                                                             'dspark_mask_token_id': None,
[36m(SpecoTaskRunner pid=54668)[0m                                                             'dspark_max_window': 512,
[36m(SpecoTaskRunner pid=54668)[0m                                                             'dspark_num_anchors': 32,
[36m(SpecoTaskRunner pid=54668)[0m                                                             'dspark_num_hidden_layers': 5,
[36m(SpecoTaskRunner pid=54668)[0m                                                             'dspark_num_target_layers': 5,
[36m(SpecoTaskRunner pid=54668)[0m                                                             'dspark_sampled_ce_negatives': 0,
[36m(SpecoTaskRunner pid=54668)[0m                                                             'dspark_target_layer_ids': None,
[36m(SpecoTaskRunner pid=54668)[0m                                                             'eagle1_feature_noise': 0.0,
[36m(SpecoTaskRunner pid=54668)[0m                                                             'eagle1_hidden_loss_weight': 1.0,
[36m(SpecoTaskRunner pid=54668)[0m                                                             'eagle1_num_hidden_layers': 1,
[36m(SpecoTaskRunner pid=54668)[0m                                                             'eagle1_token_loss_weight': 0.1,
[36m(SpecoTaskRunner pid=54668)[0m                                                             'eagle3_target_layer_ids': None,
[36m(SpecoTaskRunner pid=54668)[0m                                                             'feature_store': {'flush_interval_steps': 1,
[36m(SpecoTaskRunner pid=54668)[0m                                                                               'max_sample_step': None,
[36m(SpecoTaskRunner pid=54668)[0m                                                                               'max_samples_per_shard': 1024,
[36m(SpecoTaskRunner pid=54668)[0m                                                                               'max_seq_len': 512,
[36m(SpecoTaskRunner pid=54668)[0m                                                                               'min_sample_step': None,
[36m(SpecoTaskRunner pid=54668)[0m                                                                               'path': None,
[36m(SpecoTaskRunner pid=54668)[0m                                                                               'prefetch_depth': 2,
[36m(SpecoTaskRunner pid=54668)[0m                                                                               'repeat': True,
[36m(SpecoTaskRunner pid=54668)[0m                                                                               'shuffle': True,
[36m(SpecoTaskRunner pid=54668)[0m                                                                               'strict_schema': True,
[36m(SpecoTaskRunner pid=54668)[0m                                                                               'tokenizer_path': None,
[36m(SpecoTaskRunner pid=54668)[0m                                                                               'train_on': 'last_assistant',
[36m(SpecoTaskRunner pid=54668)[0m                                                                               'trust_remote_code': False,
[36m(SpecoTaskRunner pid=54668)[0m                                                                               'type': 'torch_shard',
[36m(SpecoTaskRunner pid=54668)[0m                                                                               'window_mode': 'loss'},
[36m(SpecoTaskRunner pid=54668)[0m                                                             'hidden_state_clip_value': 10000.0,
[36m(SpecoTaskRunner pid=54668)[0m                                                             'hidden_state_max_tokens_per_sample': None,
[36m(SpecoTaskRunner pid=54668)[0m                                                             'hidden_state_random_max_offset': None,
[36m(SpecoTaskRunner pid=54668)[0m                                                             'hidden_state_random_seed_by_step': True,
[36m(SpecoTaskRunner pid=54668)[0m                                                             'hidden_state_window_min_rows': 32,
[36m(SpecoTaskRunner pid=54668)[0m                                                             'hidden_state_window_mode': 'front',
[36m(SpecoTaskRunner pid=54668)[0m                                                             'hidden_state_window_tokens_per_sample': 32,
[36m(SpecoTaskRunner pid=54668)[0m                                                             'logits_coverage_mask_min_ratio': 0.1,
[36m(SpecoTaskRunner pid=54668)[0m                                                             'logits_coverage_mask_require_top1': False,
[36m(SpecoTaskRunner pid=54668)[0m                                                             'logits_sparse_min_intersection': 1,
[36m(SpecoTaskRunner pid=54668)[0m                                                             'logits_sparse_min_mass': None,
[36m(SpecoTaskRunner pid=54668)[0m                                                             'logits_topk': 128,
[36m(SpecoTaskRunner pid=54668)[0m                                                             'lr': 1e-05,
[36m(SpecoTaskRunner pid=54668)[0m                                                             'lr_decay_steps': 100,
[36m(SpecoTaskRunner pid=54668)[0m                                                             'lr_scheduler_type': 'constant',
[36m(SpecoTaskRunner pid=54668)[0m                                                             'lr_warmup_steps': 0,
[36m(SpecoTaskRunner pid=54668)[0m                                                             'max_collect_samples_per_step_per_replica': 16,
[36m(SpecoTaskRunner pid=54668)[0m                                                             'max_collect_tokens_per_step_per_replica': 16384,
[36m(SpecoTaskRunner pid=54668)[0m                                                             'max_seq_len': 8192,
[36m(SpecoTaskRunner pid=54668)[0m                                                             'min_lr_ratio': 0.1,
[36m(SpecoTaskRunner pid=54668)[0m                                                             'mode': 'online',
[36m(SpecoTaskRunner pid=54668)[0m                                                             'old_logprob_hidden_capture_impl': 'forward_hook',
[36m(SpecoTaskRunner pid=54668)[0m                                                             'park_hccl_after_drafter_training': False,
[36m(SpecoTaskRunner pid=54668)[0m                                                             'peagle_down_sample_ratio': 0.7,
[36m(SpecoTaskRunner pid=54668)[0m                                                             'peagle_down_sample_ratio_min': 0.2,
[36m(SpecoTaskRunner pid=54668)[0m                                                             'peagle_draft_vocab_size': None,
[36m(SpecoTaskRunner pid=54668)[0m                                                             'peagle_fc_norm': False,
[36m(SpecoTaskRunner pid=54668)[0m                                                             'peagle_mask_token_id': None,
[36m(SpecoTaskRunner pid=54668)[0m                                                             'peagle_num_aux_hidden_states': 3,
[36m(SpecoTaskRunner pid=54668)[0m                                                             'peagle_num_depths': 8,
[36m(SpecoTaskRunner pid=54668)[0m                                                             'peagle_num_draft_layers': 4,
[36m(SpecoTaskRunner pid=54668)[0m                                                             'publish_async': True,
[36m(SpecoTaskRunner pid=54668)[0m                                                             'publish_dtype': None,
[36m(SpecoTaskRunner pid=54668)[0m                                                             'publish_interval_steps': 1,
[36m(SpecoTaskRunner pid=54668)[0m                                                             'publish_param_name_patterns': None,
[36m(SpecoTaskRunner pid=54668)[0m                                                             'resume_trainer_state_from_checkpoint': True,
[36m(SpecoTaskRunner pid=54668)[0m                                                             'sample_last_n_steps': 20,
[36m(SpecoTaskRunner pid=54668)[0m                                                             'save_full_drafter_checkpoint': True,
[36m(SpecoTaskRunner pid=54668)[0m                                                             'skip_heavy_cleanup_after_drafter_training': False,
[36m(SpecoTaskRunner pid=54668)[0m                                                             'step': 1,
[36m(SpecoTaskRunner pid=54668)[0m                                                             'target_lm_head_row_restricted_sync': True,
[36m(SpecoTaskRunner pid=54668)[0m                                                             'train_batches_per_cycle': 4,
[36m(SpecoTaskRunner pid=54668)[0m                                                             'training_interval_steps': 1,
[36m(SpecoTaskRunner pid=54668)[0m                                                             'transfer_queue': {'backend': {'SimpleStorage': {'num_data_storage_units': 8,
[36m(SpecoTaskRunner pid=54668)[0m                                                                                                              'total_storage_size': 100000},
[36m(SpecoTaskRunner pid=54668)[0m                                                                                            'storage_backend': 'SimpleStorage'},
[36m(SpecoTaskRunner pid=54668)[0m                                                                                'connect_timeout_seconds': 120,
[36m(SpecoTaskRunner pid=54668)[0m                                                                                'controller': {'polling_mode': True},
[36m(SpecoTaskRunner pid=54668)[0m                                                                                'drop_last': True,
[36m(SpecoTaskRunner pid=54668)[0m                                                                                'enable': False,
[36m(SpecoTaskRunner pid=54668)[0m                                                                                'expected_feature': {'algorithm': None,
[36m(SpecoTaskRunner pid=54668)[0m                                                                                                     'hidden_dtype': None,
[36m(SpecoTaskRunner pid=54668)[0m                                                                                                     'hidden_states_layout': None,
[36m(SpecoTaskRunner pid=54668)[0m                                                                                                     'target_layer_ids': None,
[36m(SpecoTaskRunner pid=54668)[0m                                                                                                     'target_model_path': None,
[36m(SpecoTaskRunner pid=54668)[0m                                                                                                     'target_revision': None,
[36m(SpecoTaskRunner pid=54668)[0m                                                                                                     'tokenizer_fingerprint': None},
[36m(SpecoTaskRunner pid=54668)[0m                                                                                'package_version': '0.1.10',
[36m(SpecoTaskRunner pid=54668)[0m                                                                                'partition_id': 'speco_drafter_features',
[36m(SpecoTaskRunner pid=54668)[0m                                                                                'poll_interval_seconds': 0.5,
[36m(SpecoTaskRunner pid=54668)[0m                                                                                'ray': {'address': None,
[36m(SpecoTaskRunner pid=54668)[0m                                                                                        'namespace': 'speco-drafter'},
[36m(SpecoTaskRunner pid=54668)[0m                                                                                'run_id': None,
[36m(SpecoTaskRunner pid=54668)[0m                                                                                'schema_version': 2},
[36m(SpecoTaskRunner pid=54668)[0m                                                             'ttt_length': 1,
[36m(SpecoTaskRunner pid=54668)[0m                                                             'use_data_buffer': False,
[36m(SpecoTaskRunner pid=54668)[0m                                                             'use_logits': False,
[36m(SpecoTaskRunner pid=54668)[0m                                                             'vocab_mapping_path': None,
[36m(SpecoTaskRunner pid=54668)[0m                                                             'warmup_style': None},
[36m(SpecoTaskRunner pid=54668)[0m                                                'vllm': {'allow_lossy_speculative_sampling': False,
[36m(SpecoTaskRunner pid=54668)[0m                                                         'draft_tensor_parallel_size': None,
[36m(SpecoTaskRunner pid=54668)[0m                                                         'enforce_eager': None,
[36m(SpecoTaskRunner pid=54668)[0m                                                         'max_model_len': None,
[36m(SpecoTaskRunner pid=54668)[0m                                                         'speculative_config_overrides': {}},
[36m(SpecoTaskRunner pid=54668)[0m                                                'world_size': 16},
[36m(SpecoTaskRunner pid=54668)[0m                                    'dtype': 'bfloat16',
[36m(SpecoTaskRunner pid=54668)[0m                                    'enable_chunked_prefill': True,
[36m(SpecoTaskRunner pid=54668)[0m                                    'enable_prefix_caching': True,
[36m(SpecoTaskRunner pid=54668)[0m                                    'enable_rollout_routing_replay': False,
[36m(SpecoTaskRunner pid=54668)[0m                                    'enforce_eager': True,
[36m(SpecoTaskRunner pid=54668)[0m                                    'engine_kwargs': {'sglang': {},
[36m(SpecoTaskRunner pid=54668)[0m                                                      'trtllm': {},
[36m(SpecoTaskRunner pid=54668)[0m                                                      'vllm': {}},
[36m(SpecoTaskRunner pid=54668)[0m                                    'expert_parallel_size': 1,
[36m(SpecoTaskRunner pid=54668)[0m                                    'free_cache_engine': True,
[36m(SpecoTaskRunner pid=54668)[0m                                    'full_determinism': False,
[36m(SpecoTaskRunner pid=54668)[0m                                    'gpu_memory_utilization': 0.25,
[36m(SpecoTaskRunner pid=54668)[0m                                    'ignore_eos': False,
[36m(SpecoTaskRunner pid=54668)[0m                                    'layered_summon': False,
[36m(SpecoTaskRunner pid=54668)[0m                                    'load_format': 'auto',
[36m(SpecoTaskRunner pid=54668)[0m                                    'log_prob_max_token_len_per_gpu': 16384,
[36m(SpecoTaskRunner pid=54668)[0m                                    'log_prob_micro_batch_size': None,
[36m(SpecoTaskRunner pid=54668)[0m                                    'log_prob_micro_batch_size_per_gpu': 1,
[36m(SpecoTaskRunner pid=54668)[0m                                    'log_prob_use_dynamic_bsz': False,
[36m(SpecoTaskRunner pid=54668)[0m                                    'logprobs_mode': 'processed_logprobs',
[36m(SpecoTaskRunner pid=54668)[0m                                    'max_model_len': 256,
[36m(SpecoTaskRunner pid=54668)[0m                                    'max_num_batched_tokens': 8192,
[36m(SpecoTaskRunner pid=54668)[0m                                    'max_num_seqs': 4,
[36m(SpecoTaskRunner pid=54668)[0m                                    'mode': 'async',
[36m(SpecoTaskRunner pid=54668)[0m                                    'moe_load_balance_metrics_interval': 0,
[36m(SpecoTaskRunner pid=54668)[0m                                    'mtp': {'_target_': 'verl.workers.config.MtpConfig',
[36m(SpecoTaskRunner pid=54668)[0m                                            'detach_encoder': False,
[36m(SpecoTaskRunner pid=54668)[0m                                            'enable': False,
[36m(SpecoTaskRunner pid=54668)[0m                                            'enable_rollout': False,
[36m(SpecoTaskRunner pid=54668)[0m                                            'enable_train': False,
[36m(SpecoTaskRunner pid=54668)[0m                                            'method': 'mtp',
[36m(SpecoTaskRunner pid=54668)[0m                                            'mtp_loss_scaling_factor': 0.1,
[36m(SpecoTaskRunner pid=54668)[0m                                            'num_speculative_tokens': 1,
[36m(SpecoTaskRunner pid=54668)[0m                                            'speculative_algorithm': 'EAGLE',
[36m(SpecoTaskRunner pid=54668)[0m                                            'speculative_eagle_topk': 1,
[36m(SpecoTaskRunner pid=54668)[0m                                            'speculative_num_draft_tokens': 4,
[36m(SpecoTaskRunner pid=54668)[0m                                            'speculative_num_steps': 3},
[36m(SpecoTaskRunner pid=54668)[0m                                    'multi_stage_wake_up': False,
[36m(SpecoTaskRunner pid=54668)[0m                                    'multi_turn': {'_target_': 'verl.workers.config.MultiTurnConfig',
[36m(SpecoTaskRunner pid=54668)[0m                                                   'enable': False,
[36m(SpecoTaskRunner pid=54668)[0m                                                   'format': 'hermes',
[36m(SpecoTaskRunner pid=54668)[0m                                                   'function_tool_path': None,
[36m(SpecoTaskRunner pid=54668)[0m                                                   'max_assistant_turns': None,
[36m(SpecoTaskRunner pid=54668)[0m                                                   'max_parallel_calls': 1,
[36m(SpecoTaskRunner pid=54668)[0m                                                   'max_tool_response_length': 256,
[36m(SpecoTaskRunner pid=54668)[0m                                                   'max_user_turns': None,
[36m(SpecoTaskRunner pid=54668)[0m                                                   'num_repeat_rollouts': None,
[36m(SpecoTaskRunner pid=54668)[0m                                                   'tokenization_sanity_check_mode': 'strict',
[36m(SpecoTaskRunner pid=54668)[0m                                                   'tool_config_path': None,
[36m(SpecoTaskRunner pid=54668)[0m                                                   'tool_response_truncate_side': 'middle',
[36m(SpecoTaskRunner pid=54668)[0m                                                   'use_inference_chat_template': False},
[36m(SpecoTaskRunner pid=54668)[0m                                    'n': 2,
[36m(SpecoTaskRunner pid=54668)[0m                                    'n_gpus_per_node': 2,
[36m(SpecoTaskRunner pid=54668)[0m                                    'name': 'vllm',
[36m(SpecoTaskRunner pid=54668)[0m                                    'nnodes': 0,
[36m(SpecoTaskRunner pid=54668)[0m                                    'over_sample_rate': 0,
[36m(SpecoTaskRunner pid=54668)[0m                                    'pipeline_model_parallel_size': 1,
[36m(SpecoTaskRunner pid=54668)[0m                                    'profiler': {'_target_': 'verl.utils.profiler.ProfilerConfig',
[36m(SpecoTaskRunner pid=54668)[0m                                                 'all_ranks': False,
[36m(SpecoTaskRunner pid=54668)[0m                                                 'enable': False,
[36m(SpecoTaskRunner pid=54668)[0m                                                 'ranks': [],
[36m(SpecoTaskRunner pid=54668)[0m                                                 'save_path': 'outputs/profile',
[36m(SpecoTaskRunner pid=54668)[0m                                                 'tool': None,
[36m(SpecoTaskRunner pid=54668)[0m                                                 'tool_config': {'npu': {'_target_': 'verl.utils.profiler.config.NPUToolConfig',
[36m(SpecoTaskRunner pid=54668)[0m                                                                         'analysis': True,
[36m(SpecoTaskRunner pid=54668)[0m                                                                         'contents': [],
[36m(SpecoTaskRunner pid=54668)[0m                                                                         'discrete': False,
[36m(SpecoTaskRunner pid=54668)[0m                                                                         'level': 'level0',
[36m(SpecoTaskRunner pid=54668)[0m                                                                         'profile_token_end': None,
[36m(SpecoTaskRunner pid=54668)[0m                                                                         'profile_token_start': None},
[36m(SpecoTaskRunner pid=54668)[0m                                                                 'precision_debugger': {'_target_': 'verl.utils.profiler.config.PrecisionDebuggerToolConfig',
[36m(SpecoTaskRunner pid=54668)[0m                                                                                        'config_path': None,
[36m(SpecoTaskRunner pid=54668)[0m                                                                                        'stages': None,
[36m(SpecoTaskRunner pid=54668)[0m                                                                                        'steps': None,
[36m(SpecoTaskRunner pid=54668)[0m                                                                                        'strict': False},
[36m(SpecoTaskRunner pid=54668)[0m                                                                 'torch': {'_target_': 'verl.utils.profiler.config.TorchProfilerToolConfig',
[36m(SpecoTaskRunner pid=54668)[0m                                                                           'contents': [],
[36m(SpecoTaskRunner pid=54668)[0m                                                                           'discrete': False,
[36m(SpecoTaskRunner pid=54668)[0m                                                                           'profile_token_end': None,
[36m(SpecoTaskRunner pid=54668)[0m                                                                           'profile_token_start': None}}},
[36m(SpecoTaskRunner pid=54668)[0m                                    'prometheus': {'_target_': 'verl.workers.config.PrometheusConfig',
[36m(SpecoTaskRunner pid=54668)[0m                                                   'enable': False,
[36m(SpecoTaskRunner pid=54668)[0m                                                   'file': '/tmp/ray/session_latest/metrics/prometheus/prometheus.yml',
[36m(SpecoTaskRunner pid=54668)[0m                                                   'port': 9090,
[36m(SpecoTaskRunner pid=54668)[0m                                                   'served_model_name': '/experiment/models/target'},
[36m(SpecoTaskRunner pid=54668)[0m                                    'prompt_length': 128,
[36m(SpecoTaskRunner pid=54668)[0m                                    'qat': {'_target_': 'verl.workers.config.QATEngineConfig',
[36m(SpecoTaskRunner pid=54668)[0m                                            'activation_observer': 'static_minmax',
[36m(SpecoTaskRunner pid=54668)[0m                                            'enable': False,
[36m(SpecoTaskRunner pid=54668)[0m                                            'group_size': 16,
[36m(SpecoTaskRunner pid=54668)[0m                                            'ignore_patterns': ['lm_head',
[36m(SpecoTaskRunner pid=54668)[0m                                                                'embed_tokens',
[36m(SpecoTaskRunner pid=54668)[0m                                                                're:.*mlp.gate$'],
[36m(SpecoTaskRunner pid=54668)[0m                                            'mode': 'w4a16',
[36m(SpecoTaskRunner pid=54668)[0m                                            'quantization_config_path': None},
[36m(SpecoTaskRunner pid=54668)[0m                                    'quantization': None,
[36m(SpecoTaskRunner pid=54668)[0m                                    'quantization_config_file': None,
[36m(SpecoTaskRunner pid=54668)[0m                                    'response_length': 64,
[36m(SpecoTaskRunner pid=54668)[0m                                    'scheduling_policy': 'fcfs',
[36m(SpecoTaskRunner pid=54668)[0m                                    'seed': 42,
[36m(SpecoTaskRunner pid=54668)[0m                                    'skip_tokenizer_init': True,
[36m(SpecoTaskRunner pid=54668)[0m                                    'temperature': 1.0,
[36m(SpecoTaskRunner pid=54668)[0m                                    'tensor_model_parallel_size': 2,
[36m(SpecoTaskRunner pid=54668)[0m                                    'top_k': -1,
[36m(SpecoTaskRunner pid=54668)[0m                                    'top_p': 1,
[36m(SpecoTaskRunner pid=54668)[0m                                    'trace': {'_target_': 'verl.workers.config.TraceConfig',
[36m(SpecoTaskRunner pid=54668)[0m                                              'backend': None,
[36m(SpecoTaskRunner pid=54668)[0m                                              'experiment_name': 'dflash-compat',
[36m(SpecoTaskRunner pid=54668)[0m                                              'max_samples_per_step_per_worker': None,
[36m(SpecoTaskRunner pid=54668)[0m                                              'project_name': 'speco-l20',
[36m(SpecoTaskRunner pid=54668)[0m                                              'token2text': False},
[36m(SpecoTaskRunner pid=54668)[0m                                    'val_kwargs': {'_target_': 'verl.workers.config.SamplingConfig',
[36m(SpecoTaskRunner pid=54668)[0m                                                   'do_sample': False,
[36m(SpecoTaskRunner pid=54668)[0m                                                   'n': 1,
[36m(SpecoTaskRunner pid=54668)[0m                                                   'temperature': 0,
[36m(SpecoTaskRunner pid=54668)[0m                                                   'top_k': -1,
[36m(SpecoTaskRunner pid=54668)[0m                                                   'top_p': 1.0}}},
[36m(SpecoTaskRunner pid=54668)[0m  'algorithm': {'_target_': 'verl.trainer.config.AlgoConfig',
[36m(SpecoTaskRunner pid=54668)[0m                'adv_estimator': 'grpo',
[36m(SpecoTaskRunner pid=54668)[0m                'filter_groups': {'_target_': 'verl.trainer.config.FilterGroupsConfig',
[36m(SpecoTaskRunner pid=54668)[0m                                  'enable': False,
[36m(SpecoTaskRunner pid=54668)[0m                                  'max_inflight_gen_batches': 1,
[36m(SpecoTaskRunner pid=54668)[0m                                  'max_num_gen_batches': 0,
[36m(SpecoTaskRunner pid=54668)[0m                                  'metric': None},
[36m(SpecoTaskRunner pid=54668)[0m                'gamma': 1.0,
[36m(SpecoTaskRunner pid=54668)[0m                'kl_ctrl': {'_target_': 'verl.trainer.config.KLControlConfig',
[36m(SpecoTaskRunner pid=54668)[0m                            'horizon': 10000,
[36m(SpecoTaskRunner pid=54668)[0m                            'kl_coef': 0.001,
[36m(SpecoTaskRunner pid=54668)[0m                            'target_kl': 0.1,
[36m(SpecoTaskRunner pid=54668)[0m                            'type': 'fixed'},
[36m(SpecoTaskRunner pid=54668)[0m                'kl_penalty': 'kl',
[36m(SpecoTaskRunner pid=54668)[0m                'lam': 1.0,
[36m(SpecoTaskRunner pid=54668)[0m                'norm_adv_by_std_in_grpo': True,
[36m(SpecoTaskRunner pid=54668)[0m                'pf_ppo': {'reweight_method': 'pow', 'weight_pow': 2.0},
[36m(SpecoTaskRunner pid=54668)[0m                'rollout_correction': {'bypass_mode': False,
[36m(SpecoTaskRunner pid=54668)[0m                                       'loss_type': 'ppo_clip',
[36m(SpecoTaskRunner pid=54668)[0m                                       'rollout_is': None,
[36m(SpecoTaskRunner pid=54668)[0m                                       'rollout_is_batch_normalize': False,
[36m(SpecoTaskRunner pid=54668)[0m                                       'rollout_is_threshold': 2.0,
[36m(SpecoTaskRunner pid=54668)[0m                                       'rollout_rs': None,
[36m(SpecoTaskRunner pid=54668)[0m                                       'rollout_rs_threshold': None},
[36m(SpecoTaskRunner pid=54668)[0m                'use_kl_in_reward': False,
[36m(SpecoTaskRunner pid=54668)[0m                'use_pf_ppo': False},
[36m(SpecoTaskRunner pid=54668)[0m  'critic': {'_target_': 'verl.workers.config.FSDPCriticConfig',
[36m(SpecoTaskRunner pid=54668)[0m             'checkpoint': {'_target_': 'verl.trainer.config.CheckpointConfig',
[36m(SpecoTaskRunner pid=54668)[0m                            'async_save': False,
[36m(SpecoTaskRunner pid=54668)[0m                            'load_contents': ['model', 'optimizer', 'extra'],
[36m(SpecoTaskRunner pid=54668)[0m                            'save_contents': ['model', 'optimizer', 'extra']},
[36m(SpecoTaskRunner pid=54668)[0m             'cliprange_value': 0.5,
[36m(SpecoTaskRunner pid=54668)[0m             'data_loader_seed': 42,
[36m(SpecoTaskRunner pid=54668)[0m             'enable': None,
[36m(SpecoTaskRunner pid=54668)[0m             'forward_max_token_len_per_gpu': 32768,
[36m(SpecoTaskRunner pid=54668)[0m             'forward_micro_batch_size': None,
[36m(SpecoTaskRunner pid=54668)[0m             'forward_micro_batch_size_per_gpu': None,
[36m(SpecoTaskRunner pid=54668)[0m             'fsdp': {'_target_': 'verl.workers.config.FSDPEngineConfig',
[36m(SpecoTaskRunner pid=54668)[0m                      'dtype': 'bfloat16',
[36m(SpecoTaskRunner pid=54668)[0m                      'entropy_checkpointing': False,
[36m(SpecoTaskRunner pid=54668)[0m                      'entropy_from_logits_chunk_size': 2048,
[36m(SpecoTaskRunner pid=54668)[0m                      'entropy_from_logits_with_chunking': False,
[36m(SpecoTaskRunner pid=54668)[0m                      'forward_only': False,
[36m(SpecoTaskRunner pid=54668)[0m                      'forward_prefetch': False,
[36m(SpecoTaskRunner pid=54668)[0m                      'fsdp_size': -1,
[36m(SpecoTaskRunner pid=54668)[0m                      'full_determinism': False,
[36m(SpecoTaskRunner pid=54668)[0m                      'model_dtype': 'fp32',
[36m(SpecoTaskRunner pid=54668)[0m                      'offload_policy': False,
[36m(SpecoTaskRunner pid=54668)[0m                      'optimizer_offload': False,
[36m(SpecoTaskRunner pid=54668)[0m                      'pad_to_length': False,
[36m(SpecoTaskRunner pid=54668)[0m                      'pad_to_length_bucket': 1024,
[36m(SpecoTaskRunner pid=54668)[0m                      'param_offload': False,
[36m(SpecoTaskRunner pid=54668)[0m                      'qat': {'_target_': 'verl.workers.config.QATEngineConfig',
[36m(SpecoTaskRunner pid=54668)[0m                              'activation_observer': 'static_minmax',
[36m(SpecoTaskRunner pid=54668)[0m                              'enable': False,
[36m(SpecoTaskRunner pid=54668)[0m                              'group_size': 16,
[36m(SpecoTaskRunner pid=54668)[0m                              'ignore_patterns': ['lm_head',
[36m(SpecoTaskRunner pid=54668)[0m                                                  'embed_tokens',
[36m(SpecoTaskRunner pid=54668)[0m                                                  're:.*mlp.gate$'],
[36m(SpecoTaskRunner pid=54668)[0m                              'mode': 'w4a16',
[36m(SpecoTaskRunner pid=54668)[0m                              'quantization_config_path': None},
[36m(SpecoTaskRunner pid=54668)[0m                      'reshard_after_forward': True,
[36m(SpecoTaskRunner pid=54668)[0m                      'seed': 42,
[36m(SpecoTaskRunner pid=54668)[0m                      'strategy': 'fsdp',
[36m(SpecoTaskRunner pid=54668)[0m                      'ulysses_sequence_parallel_size': 1,
[36m(SpecoTaskRunner pid=54668)[0m                      'use_orig_params': False,
[36m(SpecoTaskRunner pid=54668)[0m                      'use_torch_compile': True,
[36m(SpecoTaskRunner pid=54668)[0m                      'wrap_policy': {'min_num_params': 0}},
[36m(SpecoTaskRunner pid=54668)[0m             'grad_clip': 1.0,
[36m(SpecoTaskRunner pid=54668)[0m             'loss_agg_mode': 'token-mean',
[36m(SpecoTaskRunner pid=54668)[0m             'loss_scale_factor': None,
[36m(SpecoTaskRunner pid=54668)[0m             'model': {'_target_': 'verl.workers.config.HFModelConfig',
[36m(SpecoTaskRunner pid=54668)[0m                       'custom_chat_template': None,
[36m(SpecoTaskRunner pid=54668)[0m                       'enable_activation_offload': False,
[36m(SpecoTaskRunner pid=54668)[0m                       'enable_gradient_checkpointing': True,
[36m(SpecoTaskRunner pid=54668)[0m                       'exclude_modules': None,
[36m(SpecoTaskRunner pid=54668)[0m                       'external_lib': None,
[36m(SpecoTaskRunner pid=54668)[0m                       'fused_kernel_options': {'impl_backend': 'torch'},
[36m(SpecoTaskRunner pid=54668)[0m                       'hf_config_path': None,
[36m(SpecoTaskRunner pid=54668)[0m                       'lora': {'a2a_experimental': False,
[36m(SpecoTaskRunner pid=54668)[0m                                'adapter_path': None,
[36m(SpecoTaskRunner pid=54668)[0m                                'alpha': 32,
[36m(SpecoTaskRunner pid=54668)[0m                                'dropout': 0.0,
[36m(SpecoTaskRunner pid=54668)[0m                                'dropout_position': 'pre',
[36m(SpecoTaskRunner pid=54668)[0m                                'dtype': None,
[36m(SpecoTaskRunner pid=54668)[0m                                'exclude_modules': [],
[36m(SpecoTaskRunner pid=54668)[0m                                'freeze_language_model': True,
[36m(SpecoTaskRunner pid=54668)[0m                                'freeze_vision_model': True,
[36m(SpecoTaskRunner pid=54668)[0m                                'freeze_vision_projection': True,
[36m(SpecoTaskRunner pid=54668)[0m                                'lora_A_init_method': 'xavier',
[36m(SpecoTaskRunner pid=54668)[0m                                'lora_B_init_method': 'zero',
[36m(SpecoTaskRunner pid=54668)[0m                                'merge': False,
[36m(SpecoTaskRunner pid=54668)[0m                                'rank': 0,
[36m(SpecoTaskRunner pid=54668)[0m                                'target_modules': ['linear_qkv',
[36m(SpecoTaskRunner pid=54668)[0m                                                   'linear_proj',
[36m(SpecoTaskRunner pid=54668)[0m                                                   'linear_fc1',
[36m(SpecoTaskRunner pid=54668)[0m                                                   'linear_fc2'],
[36m(SpecoTaskRunner pid=54668)[0m                                'type': 'lora'},
[36m(SpecoTaskRunner pid=54668)[0m                       'lora_adapter_path': None,
[36m(SpecoTaskRunner pid=54668)[0m                       'lora_alpha': 16,
[36m(SpecoTaskRunner pid=54668)[0m                       'lora_rank': 0,
[36m(SpecoTaskRunner pid=54668)[0m                       'mtp': {'_target_': 'verl.workers.config.MtpConfig',
[36m(SpecoTaskRunner pid=54668)[0m                               'detach_encoder': False,
[36m(SpecoTaskRunner pid=54668)[0m                               'enable': False,
[36m(SpecoTaskRunner pid=54668)[0m                               'enable_rollout': False,
[36m(SpecoTaskRunner pid=54668)[0m                               'enable_train': False,
[36m(SpecoTaskRunner pid=54668)[0m                               'method': 'mtp',
[36m(SpecoTaskRunner pid=54668)[0m                               'mtp_loss_scaling_factor': 0.1,
[36m(SpecoTaskRunner pid=54668)[0m                               'num_speculative_tokens': 1,
[36m(SpecoTaskRunner pid=54668)[0m                               'speculative_algorithm': 'EAGLE',
[36m(SpecoTaskRunner pid=54668)[0m                               'speculative_eagle_topk': 1,
[36m(SpecoTaskRunner pid=54668)[0m                               'speculative_num_draft_tokens': 4,
[36m(SpecoTaskRunner pid=54668)[0m                               'speculative_num_steps': 3},
[36m(SpecoTaskRunner pid=54668)[0m                       'override_config': {},
[36m(SpecoTaskRunner pid=54668)[0m                       'path': '~/models/deepseek-llm-7b-chat',
[36m(SpecoTaskRunner pid=54668)[0m                       'target_modules': 'all-linear',
[36m(SpecoTaskRunner pid=54668)[0m                       'tiled_mlp': {'enabled': False, 'num_shards': 4},
[36m(SpecoTaskRunner pid=54668)[0m                       'tokenizer_path': None,
[36m(SpecoTaskRunner pid=54668)[0m                       'trust_remote_code': False,
[36m(SpecoTaskRunner pid=54668)[0m                       'use_fused_kernels': False,
[36m(SpecoTaskRunner pid=54668)[0m                       'use_liger': False,
[36m(SpecoTaskRunner pid=54668)[0m                       'use_remove_padding': True,
[36m(SpecoTaskRunner pid=54668)[0m                       'use_shm': False},
[36m(SpecoTaskRunner pid=54668)[0m             'optim': {'_target_': 'verl.workers.config.FSDPOptimizerConfig',
[36m(SpecoTaskRunner pid=54668)[0m                       'betas': [0.9, 0.999],
[36m(SpecoTaskRunner pid=54668)[0m                       'clip_grad': 1.0,
[36m(SpecoTaskRunner pid=54668)[0m                       'lr': 1e-05,
[36m(SpecoTaskRunner pid=54668)[0m                       'lr_scheduler_type': 'constant',
[36m(SpecoTaskRunner pid=54668)[0m                       'lr_warmup_steps': -1,
[36m(SpecoTaskRunner pid=54668)[0m                       'lr_warmup_steps_ratio': 0.0,
[36m(SpecoTaskRunner pid=54668)[0m                       'min_lr_ratio': 0.0,
[36m(SpecoTaskRunner pid=54668)[0m                       'num_cycles': 0.5,
[36m(SpecoTaskRunner pid=54668)[0m                       'optimizer': 'AdamW',
[36m(SpecoTaskRunner pid=54668)[0m                       'optimizer_impl': 'torch.optim',
[36m(SpecoTaskRunner pid=54668)[0m                       'override_optimizer_config': None,
[36m(SpecoTaskRunner pid=54668)[0m                       'total_training_steps': -1,
[36m(SpecoTaskRunner pid=54668)[0m                       'warmup_style': None,
[36m(SpecoTaskRunner pid=54668)[0m                       'weight_decay': 0.01,
[36m(SpecoTaskRunner pid=54668)[0m                       'zero_indexed_step': True},
[36m(SpecoTaskRunner pid=54668)[0m             'ppo_epochs': 1,
[36m(SpecoTaskRunner pid=54668)[0m             'ppo_max_token_len_per_gpu': 32768,
[36m(SpecoTaskRunner pid=54668)[0m             'ppo_micro_batch_size': None,
[36m(SpecoTaskRunner pid=54668)[0m             'ppo_micro_batch_size_per_gpu': None,
[36m(SpecoTaskRunner pid=54668)[0m             'ppo_mini_batch_size': 2,
[36m(SpecoTaskRunner pid=54668)[0m             'profiler': {'_target_': 'verl.utils.profiler.ProfilerConfig',
[36m(SpecoTaskRunner pid=54668)[0m                          'all_ranks': False,
[36m(SpecoTaskRunner pid=54668)[0m                          'enable': False,
[36m(SpecoTaskRunner pid=54668)[0m                          'ranks': [],
[36m(SpecoTaskRunner pid=54668)[0m                          'save_path': 'outputs/profile',
[36m(SpecoTaskRunner pid=54668)[0m                          'tool': None,
[36m(SpecoTaskRunner pid=54668)[0m                          'tool_config': {'npu': {'_target_': 'verl.utils.profiler.config.NPUToolConfig',
[36m(SpecoTaskRunner pid=54668)[0m                                                  'analysis': True,
[36m(SpecoTaskRunner pid=54668)[0m                                                  'contents': [],
[36m(SpecoTaskRunner pid=54668)[0m                                                  'discrete': False,
[36m(SpecoTaskRunner pid=54668)[0m                                                  'level': 'level0'},
[36m(SpecoTaskRunner pid=54668)[0m                                          'nsys': {'_target_': 'verl.utils.profiler.config.NsightToolConfig',
[36m(SpecoTaskRunner pid=54668)[0m                                                   'discrete': False},
[36m(SpecoTaskRunner pid=54668)[0m                                          'precision_debugger': {'_target_': 'verl.utils.profiler.config.PrecisionDebuggerToolConfig',
[36m(SpecoTaskRunner pid=54668)[0m                                                                 'config_path': None,
[36m(SpecoTaskRunner pid=54668)[0m                                                                 'stages': None,
[36m(SpecoTaskRunner pid=54668)[0m                                                                 'steps': None,
[36m(SpecoTaskRunner pid=54668)[0m                                                                 'strict': False},
[36m(SpecoTaskRunner pid=54668)[0m                                          'torch': {'_target_': 'verl.utils.profiler.config.TorchProfilerToolConfig',
[36m(SpecoTaskRunner pid=54668)[0m                                                    'contents': [],
[36m(SpecoTaskRunner pid=54668)[0m                                                    'discrete': False,
[36m(SpecoTaskRunner pid=54668)[0m                                                    'schedule': {'_target_': 'verl.utils.profiler.config.TorchProfilerScheduleConfig',
[36m(SpecoTaskRunner pid=54668)[0m                                                                 'active': 0,
[36m(SpecoTaskRunner pid=54668)[0m                                                                 'repeat': 0,
[36m(SpecoTaskRunner pid=54668)[0m                                                                 'skip_first': 0,
[36m(SpecoTaskRunner pid=54668)[0m                                                                 'wait': 0,
[36m(SpecoTaskRunner pid=54668)[0m                                                                 'warmup': 0}},
[36m(SpecoTaskRunner pid=54668)[0m                                          'torch_memory': {'_target_': 'verl.utils.profiler.config.TorchMemoryToolConfig',
[36m(SpecoTaskRunner pid=54668)[0m                                                           'stack_depth': 32,
[36m(SpecoTaskRunner pid=54668)[0m                                                           'trace_alloc_max_entries': 100000}}},
[36m(SpecoTaskRunner pid=54668)[0m             'rollout_n': 2,
[36m(SpecoTaskRunner pid=54668)[0m             'shuffle': False,
[36m(SpecoTaskRunner pid=54668)[0m             'strategy': 'fsdp',
[36m(SpecoTaskRunner pid=54668)[0m             'ulysses_sequence_parallel_size': 1,
[36m(SpecoTaskRunner pid=54668)[0m             'use_dynamic_bsz': False},
[36m(SpecoTaskRunner pid=54668)[0m  'custom_reward_function': {'name': None, 'path': None},
[36m(SpecoTaskRunner pid=54668)[0m  'data': {'apply_chat_template_kwargs': {},
[36m(SpecoTaskRunner pid=54668)[0m           'audio_key': 'audios',
[36m(SpecoTaskRunner pid=54668)[0m           'continuous_token': {'enable': False, 'model_family': 'auto'},
[36m(SpecoTaskRunner pid=54668)[0m           'custom_cls': {'name': None, 'path': None},
[36m(SpecoTaskRunner pid=54668)[0m           'dataloader_num_workers': 8,
[36m(SpecoTaskRunner pid=54668)[0m           'filter_overlong_prompts': False,
[36m(SpecoTaskRunner pid=54668)[0m           'filter_overlong_prompts_workers': 1,
[36m(SpecoTaskRunner pid=54668)[0m           'function_tool_path': None,
[36m(SpecoTaskRunner pid=54668)[0m           'gen_batch_size': None,
[36m(SpecoTaskRunner pid=54668)[0m           'image_key': 'images',
[36m(SpecoTaskRunner pid=54668)[0m           'image_patch_size': 14,
[36m(SpecoTaskRunner pid=54668)[0m           'max_prompt_length': 128,
[36m(SpecoTaskRunner pid=54668)[0m           'max_response_length': 64,
[36m(SpecoTaskRunner pid=54668)[0m           'mm_processor_kwargs': {},
[36m(SpecoTaskRunner pid=54668)[0m           'prompt_key': 'prompt',
[36m(SpecoTaskRunner pid=54668)[0m           'return_full_prompt': False,
[36m(SpecoTaskRunner pid=54668)[0m           'return_multi_modal_inputs': True,
[36m(SpecoTaskRunner pid=54668)[0m           'return_raw_chat': True,
[36m(SpecoTaskRunner pid=54668)[0m           'return_raw_input_ids': False,
[36m(SpecoTaskRunner pid=54668)[0m           'reward_fn_key': 'data_source',
[36m(SpecoTaskRunner pid=54668)[0m           'seed': None,
[36m(SpecoTaskRunner pid=54668)[0m           'shuffle': True,
[36m(SpecoTaskRunner pid=54668)[0m           'tokenizer': None,
[36m(SpecoTaskRunner pid=54668)[0m           'tool_config_path': None,
[36m(SpecoTaskRunner pid=54668)[0m           'train_batch_size': 2,
[36m(SpecoTaskRunner pid=54668)[0m           'train_files': '/experiment/evidence/l20-20260919/train.parquet',
[36m(SpecoTaskRunner pid=54668)[0m           'train_max_samples': -1,
[36m(SpecoTaskRunner pid=54668)[0m           'truncation': 'error',
[36m(SpecoTaskRunner pid=54668)[0m           'trust_remote_code': False,
[36m(SpecoTaskRunner pid=54668)[0m           'use_shm': False,
[36m(SpecoTaskRunner pid=54668)[0m           'val_batch_size': None,
[36m(SpecoTaskRunner pid=54668)[0m           'val_files': '/experiment/evidence/l20-20260919/val.parquet',
[36m(SpecoTaskRunner pid=54668)[0m           'val_max_samples': -1,
[36m(SpecoTaskRunner pid=54668)[0m           'validation_shuffle': False,
[36m(SpecoTaskRunner pid=54668)[0m           'video_key': 'videos'},
[36m(SpecoTaskRunner pid=54668)[0m  'distillation': {'_target_': 'verl.workers.config.DistillationConfig',
[36m(SpecoTaskRunner pid=54668)[0m                   'distillation_loss': {'_target_': 'verl.workers.config.DistillationLossConfig',
[36m(SpecoTaskRunner pid=54668)[0m                                         'clip_ratio': 0.2,
[36m(SpecoTaskRunner pid=54668)[0m                                         'clip_ratio_high': 0.2,
[36m(SpecoTaskRunner pid=54668)[0m                                         'clip_ratio_low': 0.2,
[36m(SpecoTaskRunner pid=54668)[0m                                         'distillation_loss_coef': 1.0,
[36m(SpecoTaskRunner pid=54668)[0m                                         'log_prob_min_clamp': None,
[36m(SpecoTaskRunner pid=54668)[0m                                         'loss_max_clamp': None,
[36m(SpecoTaskRunner pid=54668)[0m                                         'loss_mode': 'k3',
[36m(SpecoTaskRunner pid=54668)[0m                                         'policy_loss_mode': 'vanilla',
[36m(SpecoTaskRunner pid=54668)[0m                                         'topk': 32,
[36m(SpecoTaskRunner pid=54668)[0m                                         'use_policy_gradient': False,
[36m(SpecoTaskRunner pid=54668)[0m                                         'use_task_rewards': True},
[36m(SpecoTaskRunner pid=54668)[0m                   'enabled': False,
[36m(SpecoTaskRunner pid=54668)[0m                   'n_gpus_per_node': 8,
[36m(SpecoTaskRunner pid=54668)[0m                   'nnodes': 0,
[36m(SpecoTaskRunner pid=54668)[0m                   'teacher_key': 'data_source',
[36m(SpecoTaskRunner pid=54668)[0m                   'teacher_models': {'teacher_model': {'_target_': 'verl.workers.config.DistillationTeacherModelConfig',
[36m(SpecoTaskRunner pid=54668)[0m                                                        'inference': {'_target_': 'verl.workers.config.RolloutConfig',
[36m(SpecoTaskRunner pid=54668)[0m                                                                      'cudagraph_capture_sizes': None,
[36m(SpecoTaskRunner pid=54668)[0m                                                                      'data_parallel_size': 1,
[36m(SpecoTaskRunner pid=54668)[0m                                                                      'disable_log_stats': True,
[36m(SpecoTaskRunner pid=54668)[0m                                                                      'dtype': 'bfloat16',
[36m(SpecoTaskRunner pid=54668)[0m                                                                      'enable_chunked_prefill': True,
[36m(SpecoTaskRunner pid=54668)[0m                                                                      'enable_prefix_caching': True,
[36m(SpecoTaskRunner pid=54668)[0m                                                                      'enforce_eager': True,
[36m(SpecoTaskRunner pid=54668)[0m                                                                      'engine_kwargs': {},
[36m(SpecoTaskRunner pid=54668)[0m                                                                      'expert_parallel_size': 1,
[36m(SpecoTaskRunner pid=54668)[0m                                                                      'free_cache_engine': True,
[36m(SpecoTaskRunner pid=54668)[0m                                                                      'gpu_memory_utilization': 0.5,
[36m(SpecoTaskRunner pid=54668)[0m                                                                      'limit_images': None,
[36m(SpecoTaskRunner pid=54668)[0m                                                                      'load_format': 'auto',
[36m(SpecoTaskRunner pid=54668)[0m                                                                      'max_model_len': None,
[36m(SpecoTaskRunner pid=54668)[0m                                                                      'max_num_batched_tokens': 8192,
[36m(SpecoTaskRunner pid=54668)[0m                                                                      'max_num_seqs': 1024,
[36m(SpecoTaskRunner pid=54668)[0m                                                                      'name': 'vllm',
[36m(SpecoTaskRunner pid=54668)[0m                                                                      'prompt_length': 128,
[36m(SpecoTaskRunner pid=54668)[0m                                                                      'response_length': 64,
[36m(SpecoTaskRunner pid=54668)[0m                                                                      'skip_tokenizer_init': True,
[36m(SpecoTaskRunner pid=54668)[0m                                                                      'temperature': 1.0,
[36m(SpecoTaskRunner pid=54668)[0m                                                                      'tensor_model_parallel_size': 2},
[36m(SpecoTaskRunner pid=54668)[0m                                                        'key': None,
[36m(SpecoTaskRunner pid=54668)[0m                                                        'model_path': None,
[36m(SpecoTaskRunner pid=54668)[0m                                                        'num_replicas': 0}}},
[36m(SpecoTaskRunner pid=54668)[0m  'global_profiler': {'_target_': 'verl.utils.profiler.ProfilerConfig',
[36m(SpecoTaskRunner pid=54668)[0m                      'global_tool_config': {'nsys': {'_target_': 'verl.utils.profiler.config.NsightToolConfig',
[36m(SpecoTaskRunner pid=54668)[0m                                                      'controller_nsight_options': {'cuda-graph-trace': 'graph',
[36m(SpecoTaskRunner pid=54668)[0m                                                                                    'cuda-memory-usage': 'true',
[36m(SpecoTaskRunner pid=54668)[0m                                                                                    'trace': 'cuda,nvtx,cublas,ucx'},
[36m(SpecoTaskRunner pid=54668)[0m                                                      'discrete': False,
[36m(SpecoTaskRunner pid=54668)[0m                                                      'worker_nsight_options': {'capture-range': 'cudaProfilerApi',
[36m(SpecoTaskRunner pid=54668)[0m                                                                                'capture-range-end': None,
[36m(SpecoTaskRunner pid=54668)[0m                                                                                'cuda-graph-trace': 'graph',
[36m(SpecoTaskRunner pid=54668)[0m                                                                                'cuda-memory-usage': 'true',
[36m(SpecoTaskRunner pid=54668)[0m                                                                                'kill': 'none',
[36m(SpecoTaskRunner pid=54668)[0m                                                                                'trace': 'cuda,nvtx,cublas,ucx'}},
[36m(SpecoTaskRunner pid=54668)[0m                                             'precision_debugger': {'_target_': 'verl.utils.profiler.config.PrecisionDebuggerToolConfig',
[36m(SpecoTaskRunner pid=54668)[0m                                                                    'config_path': None,
[36m(SpecoTaskRunner pid=54668)[0m                                                                    'stages': None,
[36m(SpecoTaskRunner pid=54668)[0m                                                                    'steps': None,
[36m(SpecoTaskRunner pid=54668)[0m                                                                    'strict': False},
[36m(SpecoTaskRunner pid=54668)[0m                                             'torch_memory': {'context': 'all',
[36m(SpecoTaskRunner pid=54668)[0m                                                              'kw_args': {},
[36m(SpecoTaskRunner pid=54668)[0m                                                              'stack_depth': 32,
[36m(SpecoTaskRunner pid=54668)[0m                                                              'stacks': 'all',
[36m(SpecoTaskRunner pid=54668)[0m                                                              'trace_alloc_max_entries': 100000}},
[36m(SpecoTaskRunner pid=54668)[0m                      'profile_continuous_steps': False,
[36m(SpecoTaskRunner pid=54668)[0m                      'save_path': 'outputs/profile',
[36m(SpecoTaskRunner pid=54668)[0m                      'steps': None,
[36m(SpecoTaskRunner pid=54668)[0m                      'tool': None},
[36m(SpecoTaskRunner pid=54668)[0m  'model_engine': 'dp',
[36m(SpecoTaskRunner pid=54668)[0m  'ray_kwargs': {'ray_init': {'num_cpus': 16}, 'timeline_json_file': None},
[36m(SpecoTaskRunner pid=54668)[0m  'reward': {'_target_': 'verl.workers.config.RewardConfig',
[36m(SpecoTaskRunner pid=54668)[0m             'custom_reward_function': {'name': 'compute_score', 'path': None},
[36m(SpecoTaskRunner pid=54668)[0m             'num_workers': 8,
[36m(SpecoTaskRunner pid=54668)[0m             'reward_manager': {'_target_': 'verl.workers.config.reward.RewardManagerConfig',
[36m(SpecoTaskRunner pid=54668)[0m                                'module': {'_target_': 'verl.trainer.config.config.ModuleConfig',
[36m(SpecoTaskRunner pid=54668)[0m                                           'name': 'custom_reward_manager',
[36m(SpecoTaskRunner pid=54668)[0m                                           'path': None},
[36m(SpecoTaskRunner pid=54668)[0m                                'name': 'naive',
[36m(SpecoTaskRunner pid=54668)[0m                                'source': 'register'},
[36m(SpecoTaskRunner pid=54668)[0m             'reward_model': {'_target_': 'verl.workers.config.RewardModelConfig',
[36m(SpecoTaskRunner pid=54668)[0m                              'enable': False,
[36m(SpecoTaskRunner pid=54668)[0m                              'enable_resource_pool': False,
[36m(SpecoTaskRunner pid=54668)[0m                              'model_path': None,
[36m(SpecoTaskRunner pid=54668)[0m                              'n_gpus_per_node': 8,
[36m(SpecoTaskRunner pid=54668)[0m                              'nnodes': 0,
[36m(SpecoTaskRunner pid=54668)[0m                              'rollout': {'_target_': 'verl.workers.config.RolloutConfig',
[36m(SpecoTaskRunner pid=54668)[0m                                          'cudagraph_capture_sizes': None,
[36m(SpecoTaskRunner pid=54668)[0m                                          'data_parallel_size': 1,
[36m(SpecoTaskRunner pid=54668)[0m                                          'disable_log_stats': True,
[36m(SpecoTaskRunner pid=54668)[0m                                          'disaggregation': {'bootstrap_port': None,
[36m(SpecoTaskRunner pid=54668)[0m                                                             'decode_replicas': 1,
[36m(SpecoTaskRunner pid=54668)[0m                                                             'decode_tensor_model_parallel_size': None,
[36m(SpecoTaskRunner pid=54668)[0m                                                             'enabled': False,
[36m(SpecoTaskRunner pid=54668)[0m                                                             'ib_device': None,
[36m(SpecoTaskRunner pid=54668)[0m                                                             'prefill_replicas': 1,
[36m(SpecoTaskRunner pid=54668)[0m                                                             'transfer_backend': 'nixl'},
[36m(SpecoTaskRunner pid=54668)[0m                                          'do_sample': True,
[36m(SpecoTaskRunner pid=54668)[0m                                          'dtype': 'bfloat16',
[36m(SpecoTaskRunner pid=54668)[0m                                          'enable_chunked_prefill': True,
[36m(SpecoTaskRunner pid=54668)[0m                                          'enable_prefix_caching': True,
[36m(SpecoTaskRunner pid=54668)[0m                                          'enforce_eager': True,
[36m(SpecoTaskRunner pid=54668)[0m                                          'engine_kwargs': {},
[36m(SpecoTaskRunner pid=54668)[0m                                          'expert_parallel_size': 1,
[36m(SpecoTaskRunner pid=54668)[0m                                          'free_cache_engine': True,
[36m(SpecoTaskRunner pid=54668)[0m                                          'full_determinism': False,
[36m(SpecoTaskRunner pid=54668)[0m                                          'gpu_memory_utilization': 0.5,
[36m(SpecoTaskRunner pid=54668)[0m                                          'ignore_eos': False,
[36m(SpecoTaskRunner pid=54668)[0m                                          'layered_summon': False,
[36m(SpecoTaskRunner pid=54668)[0m                                          'limit_images': None,
[36m(SpecoTaskRunner pid=54668)[0m                                          'load_format': 'auto',
[36m(SpecoTaskRunner pid=54668)[0m                                          'max_model_len': None,
[36m(SpecoTaskRunner pid=54668)[0m                                          'max_num_batched_tokens': 8192,
[36m(SpecoTaskRunner pid=54668)[0m                                          'max_num_seqs': 1024,
[36m(SpecoTaskRunner pid=54668)[0m                                          'mtp': None,
[36m(SpecoTaskRunner pid=54668)[0m                                          'multi_stage_wake_up': False,
[36m(SpecoTaskRunner pid=54668)[0m                                          'n': 1,
[36m(SpecoTaskRunner pid=54668)[0m                                          'name': '???',
[36m(SpecoTaskRunner pid=54668)[0m                                          'pipeline_model_parallel_size': 1,
[36m(SpecoTaskRunner pid=54668)[0m                                          'prompt_length': 2048,
[36m(SpecoTaskRunner pid=54668)[0m                                          'quantization': None,
[36m(SpecoTaskRunner pid=54668)[0m                                          'quantization_config_file': None,
[36m(SpecoTaskRunner pid=54668)[0m                                          'response_length': 2048,
[36m(SpecoTaskRunner pid=54668)[0m                                          'scheduling_policy': 'fcfs',
[36m(SpecoTaskRunner pid=54668)[0m                                          'seed': 42,
[36m(SpecoTaskRunner pid=54668)[0m                                          'skip_tokenizer_init': False,
[36m(SpecoTaskRunner pid=54668)[0m                                          'temperature': 1.0,
[36m(SpecoTaskRunner pid=54668)[0m                                          'tensor_model_parallel_size': 2,
[36m(SpecoTaskRunner pid=54668)[0m                                          'top_k': -1,
[36m(SpecoTaskRunner pid=54668)[0m                                          'top_p': 1}},
[36m(SpecoTaskRunner pid=54668)[0m             'sandbox_fusion': {'_target_': 'verl.workers.config.SandboxFusionConfig',
[36m(SpecoTaskRunner pid=54668)[0m                                'max_concurrent': 64,
[36m(SpecoTaskRunner pid=54668)[0m                                'memory_limit_mb': 1024,
[36m(SpecoTaskRunner pid=54668)[0m                                'url': None}},
[36m(SpecoTaskRunner pid=54668)[0m  'reward_model': {'enable': None,
[36m(SpecoTaskRunner pid=54668)[0m                   'enable_resource_pool': None,
[36m(SpecoTaskRunner pid=54668)[0m                   'model': {'external_lib': None,
[36m(SpecoTaskRunner pid=54668)[0m                             'path': None,
[36m(SpecoTaskRunner pid=54668)[0m                             'trust_remote_code': None},
[36m(SpecoTaskRunner pid=54668)[0m                   'n_gpus_per_node': None,
[36m(SpecoTaskRunner pid=54668)[0m                   'nnodes': None,
[36m(SpecoTaskRunner pid=54668)[0m                   'num_workers': None,
[36m(SpecoTaskRunner pid=54668)[0m                   'reward_loop_class_name': None,
[36m(SpecoTaskRunner pid=54668)[0m                   'reward_loop_module_path': None,
[36m(SpecoTaskRunner pid=54668)[0m                   'reward_loop_source': None,
[36m(SpecoTaskRunner pid=54668)[0m                   'reward_manager': None,
[36m(SpecoTaskRunner pid=54668)[0m                   'rollout': {'cudagraph_capture_sizes': None,
[36m(SpecoTaskRunner pid=54668)[0m                               'data_parallel_size': None,
[36m(SpecoTaskRunner pid=54668)[0m                               'disable_log_stats': None,
[36m(SpecoTaskRunner pid=54668)[0m                               'dtype': None,
[36m(SpecoTaskRunner pid=54668)[0m                               'enable_chunked_prefill': None,
[36m(SpecoTaskRunner pid=54668)[0m                               'enable_prefix_caching': None,
[36m(SpecoTaskRunner pid=54668)[0m                               'enforce_eager': None,
[36m(SpecoTaskRunner pid=54668)[0m                               'engine_kwargs': None,
[36m(SpecoTaskRunner pid=54668)[0m                               'expert_parallel_size': None,
[36m(SpecoTaskRunner pid=54668)[0m                               'free_cache_engine': None,
[36m(SpecoTaskRunner pid=54668)[0m                               'gpu_memory_utilization': None,
[36m(SpecoTaskRunner pid=54668)[0m                               'limit_images': None,
[36m(SpecoTaskRunner pid=54668)[0m                               'load_format': None,
[36m(SpecoTaskRunner pid=54668)[0m                               'max_model_len': None,
[36m(SpecoTaskRunner pid=54668)[0m                               'max_num_batched_tokens': None,
[36m(SpecoTaskRunner pid=54668)[0m                               'max_num_seqs': None,
[36m(SpecoTaskRunner pid=54668)[0m                               'name': None,
[36m(SpecoTaskRunner pid=54668)[0m                               'prompt_length': None,
[36m(SpecoTaskRunner pid=54668)[0m                               'response_length': None,
[36m(SpecoTaskRunner pid=54668)[0m                               'skip_tokenizer_init': None,
[36m(SpecoTaskRunner pid=54668)[0m                               'tensor_model_parallel_size': None}},
[36m(SpecoTaskRunner pid=54668)[0m  'sandbox_fusion': {'max_concurrent': None,
[36m(SpecoTaskRunner pid=54668)[0m                     'memory_limit_mb': None,
[36m(SpecoTaskRunner pid=54668)[0m                     'url': None},
[36m(SpecoTaskRunner pid=54668)[0m  'skip': {'_target_': 'verl.utils.skip.SkipManagerConfig',
[36m(SpecoTaskRunner pid=54668)[0m           'async_rollout': {'action': 'cache',
[36m(SpecoTaskRunner pid=54668)[0m                             'dump_dir': '~/.verl/rollout_dump',
[36m(SpecoTaskRunner pid=54668)[0m                             'enable': False,
[36m(SpecoTaskRunner pid=54668)[0m                             'steps': []},
[36m(SpecoTaskRunner pid=54668)[0m           'rollout': {'action': 'cache',
[36m(SpecoTaskRunner pid=54668)[0m                       'dump_dir': '~/.verl/rollout_dump',
[36m(SpecoTaskRunner pid=54668)[0m                       'enable': False,
[36m(SpecoTaskRunner pid=54668)[0m                       'steps': []},
[36m(SpecoTaskRunner pid=54668)[0m           'rollout_tq': {'action': 'cache',
[36m(SpecoTaskRunner pid=54668)[0m                          'dump_dir': '~/.verl/rollout_dump',
[36m(SpecoTaskRunner pid=54668)[0m                          'enable': False,
[36m(SpecoTaskRunner pid=54668)[0m                          'steps': []}},
[36m(SpecoTaskRunner pid=54668)[0m  'speco': {'compatibility': {'policy': 'warn',
[36m(SpecoTaskRunner pid=54668)[0m                              'require_verl_base_branch': 'release/v0.8.0',
[36m(SpecoTaskRunner pid=54668)[0m                              'require_verl_base_version': '0.8.0',
[36m(SpecoTaskRunner pid=54668)[0m                              'strict_env': 'VERL_SPECO_STRICT_VERL'},
[36m(SpecoTaskRunner pid=54668)[0m            'enable': True,
[36m(SpecoTaskRunner pid=54668)[0m            'runtime': {'weight_update_mode': 'compat'},
[36m(SpecoTaskRunner pid=54668)[0m            'standalone_tq_producer': {'generation_max_tokens': 511,
[36m(SpecoTaskRunner pid=54668)[0m                                       'hidden_dtype': 'bfloat16',
[36m(SpecoTaskRunner pid=54668)[0m                                       'input_path': None,
[36m(SpecoTaskRunner pid=54668)[0m                                       'input_queue_size': 32,
[36m(SpecoTaskRunner pid=54668)[0m                                       'max_feature_length': 512,
[36m(SpecoTaskRunner pid=54668)[0m                                       'max_inflight_requests': 16,
[36m(SpecoTaskRunner pid=54668)[0m                                       'max_pending_samples': 1024,
[36m(SpecoTaskRunner pid=54668)[0m                                       'max_samples': 0,
[36m(SpecoTaskRunner pid=54668)[0m                                       'max_sequence_length': 8192,
[36m(SpecoTaskRunner pid=54668)[0m                                       'owner_ready_timeout_seconds': 120,
[36m(SpecoTaskRunner pid=54668)[0m                                       'pending_poll_interval_seconds': 0.5,
[36m(SpecoTaskRunner pid=54668)[0m                                       'per_endpoint_concurrency': 4,
[36m(SpecoTaskRunner pid=54668)[0m                                       'publish_queue_size': 16,
[36m(SpecoTaskRunner pid=54668)[0m                                       'request_timeout': 120,
[36m(SpecoTaskRunner pid=54668)[0m                                       'resume_checkpoint_path': None,
[36m(SpecoTaskRunner pid=54668)[0m                                       'target_layer_ids': None,
[36m(SpecoTaskRunner pid=54668)[0m                                       'target_model_id': None,
[36m(SpecoTaskRunner pid=54668)[0m                                       'target_model_revision': None,
[36m(SpecoTaskRunner pid=54668)[0m                                       'tokenizer_fingerprint': None,
[36m(SpecoTaskRunner pid=54668)[0m                                       'tokenizer_path': None,
[36m(SpecoTaskRunner pid=54668)[0m                                       'trust_remote_code': False,
[36m(SpecoTaskRunner pid=54668)[0m                                       'vllm_endpoints': ['http://localhost:8000/v1'],
[36m(SpecoTaskRunner pid=54668)[0m                                       'vllm_model': None},
[36m(SpecoTaskRunner pid=54668)[0m            'trainer': {'ray_trainer': 'verl_speco.trainer.speco_ray_trainer.SpecoRayPPOTrainer',
[36m(SpecoTaskRunner pid=54668)[0m                        'task_runner': 'verl_speco.integration.task_runner.SpecoTaskRunner'},
[36m(SpecoTaskRunner pid=54668)[0m            'verl_base': {'branch': 'release/v0.8.0',
[36m(SpecoTaskRunner pid=54668)[0m                          'source_modifications_allowed': False,
[36m(SpecoTaskRunner pid=54668)[0m                          'supported_branches': ['release/v0.8.0',
[36m(SpecoTaskRunner pid=54668)[0m                                                 'release/v0.9.0'],
[36m(SpecoTaskRunner pid=54668)[0m                          'supported_versions': ['0.8.0', '0.9.0'],
[36m(SpecoTaskRunner pid=54668)[0m                          'version': '0.8.0'}},
[36m(SpecoTaskRunner pid=54668)[0m  'trainer': {'balance_batch': True,
[36m(SpecoTaskRunner pid=54668)[0m              'critic_warmup': 0,
[36m(SpecoTaskRunner pid=54668)[0m              'default_hdfs_dir': None,
[36m(SpecoTaskRunner pid=54668)[0m              'default_local_dir': '/experiment/evidence/l20-20260919/checkpoints',
[36m(SpecoTaskRunner pid=54668)[0m              'del_local_ckpt_after_load': False,
[36m(SpecoTaskRunner pid=54668)[0m              'device': 'cuda',
[36m(SpecoTaskRunner pid=54668)[0m              'esi_redundant_time': 0,
[36m(SpecoTaskRunner pid=54668)[0m              'experiment_name': 'dflash-compat',
[36m(SpecoTaskRunner pid=54668)[0m              'log_val_generations': 0,
[36m(SpecoTaskRunner pid=54668)[0m              'logger': ['console'],[36m(SpecoTaskRunner pid=54668)[0m WARNING:2026-09-19 09:14:16,981:SPECO vLLM worker import compatibility enabled: SpecoVLLMCompatActorRolloutRefWorker
[36m(SpecoTaskRunner pid=54668)[0m /experiment/variants/eagle-alias/verl_speco/integration/task_runner.py:228: UserWarning: Disabled critic as algorithm.adv_estimator != gae. If it is not intended, please set critic.enable=True
[36m(SpecoTaskRunner pid=54668)[0m   use_critic=need_critic(config),
[36m(SpecoTaskRunner pid=54668)[0m Generating train split: 0 examples [00:00, ? examples/s]Generating train split: 16 examples [00:00, 3376.72 examples/s]
[36m(SpecoTaskRunner pid=54668)[0m Generating train split: 0 examples [00:00, ? examples/s]Generating train split: 4 examples [00:00, 1404.89 examples/s]
[36m(SpecoTaskRunner pid=54668)[0m /experiment/variants/eagle-alias/verl_speco/trainer/speco_ray_trainer.py:397: FutureWarning: Warning: Class 'verl.trainer.ppo.ray_trainer.RayPPOTrainer' is deprecated. Please use 'Legacy trainer is deprecated, and wil be removed in v0.9.0. Please use `trainer.use_v1=True` instead.' instead.
[36m(SpecoTaskRunner pid=54668)[0m   super().__init__(*args, **kwargs)
[36m(SpecoTaskRunner pid=54668)[0m /experiment/.venv-clean/lib/python3.12/site-packages/verl/trainer/ppo/ray_trainer.py:348: UserWarning: Disabled critic as algorithm.adv_estimator != gae. If it is not intended, please set critic.enable=True
[36m(SpecoTaskRunner pid=54668)[0m   self.use_critic = need_critic(self.config)
[36m(SpecoTaskRunner pid=54668)[0m /experiment/.venv-clean/lib/python3.12/site-packages/torchdata/stateful_dataloader/stateful_dataloader.py:379: UserWarning: 'set_vital' is deprecated, please do not call
[36m(SpecoTaskRunner pid=54668)[0m   torch.set_vital("Dataloader", "enabled", "True")  # type: ignore[attr-defined]
[36m(WorkerDict pid=54883)[0m /experiment/.venv-clean/lib/python3.12/site-packages/verl/workers/engine/__init__.py:31: UserWarning: torchtitan engine is not available: ModuleNotFoundError("No module named 'torchtitan'")
[36m(WorkerDict pid=54883)[0m   warnings.warn(f"torchtitan engine is not available: {e!r}", stacklevel=1)
[36m(WorkerDict pid=54883)[0m /experiment/.venv-clean/lib/python3.12/site-packages/verl/workers/engine/__init__.py:40: UserWarning: veomni engine is not available: ModuleNotFoundError("No module named 'veomni'")
[36m(WorkerDict pid=54883)[0m   warnings.warn(f"veomni engine is not available: {e!r}", stacklevel=1)
[36m(WorkerDict pid=54883)[0m /experiment/.venv-clean/lib/python3.12/site-packages/verl/workers/engine/__init__.py:49: UserWarning: automodel engine is not available: ModuleNotFoundError("No module named 'nemo_automodel'")
[36m(WorkerDict pid=54883)[0m   warnings.warn(f"automodel engine is not available: {e!r}", stacklevel=1)
[36m(WorkerDict pid=54883)[0m /experiment/.venv-clean/lib/python3.12/site-packages/verl/workers/engine/mindspeed/transformer_impl.py:24: UserWarning: NPU not support router replay for now.
[36m(WorkerDict pid=54883)[0m   from verl.utils.megatron.router_replay_patch import RouterReplay
[36m(WorkerDict pid=54883)[0m /experiment/.venv-clean/lib/python3.12/site-packages/verl/workers/engine/__init__.py:59: UserWarning: mindspeed engine is not available: ModuleNotFoundError("No module named 'megatron'")
[36m(WorkerDict pid=54883)[0m   warnings.warn(f"mindspeed engine is not available: {e!r}", stacklevel=1)
[36m(WorkerDict pid=54883)[0m /experiment/.venv-clean/lib/python3.12/site-packages/verl/workers/engine/__init__.py:69: UserWarning: megatron engine is not available: ModuleNotFoundError("No module named 'megatron'")
[36m(WorkerDict pid=54883)[0m   warnings.warn(f"megatron engine is not available: {e!r}", stacklevel=1)
[36m(WorkerDict pid=54883)[0m WARNING:2026-09-19 09:14:30,909:[speco vllm compat] patched transformers.configuration_utils missing ALLOWED_ATTENTION_LAYER_TYPES for vLLM import
[36m(WorkerDict pid=54883)[0m WARNING:2026-09-19 09:14:35,012:SPECO old-logprob hidden ObjectRef batch postprocess patch active: module=verl.workers.engine.fsdp.transformer_impl
[36m(WorkerDict pid=54883)[0m WARNING:2026-09-19 09:14:35,013:SPECO old-logprob hidden ObjectRef postprocess patch active
[36m(WorkerDict pid=54883)[0m WARNING:2026-09-19 09:14:35,016:SPECO old-logprob aggregate_output patch active
[36m(WorkerDict pid=54883)[0m WARNING:2026-09-19 09:14:35,016:SPECO old-logprob hidden runtime patch active: actor_backend=fsdp
[36m(WorkerDict pid=54883)[0m WARNING:2026-09-19 09:14:35,016:Unable to install SPECO old-logprob Megatron patch: No module named 'megatron'
[36m(WorkerDict pid=54884)[0m Loading weights:   0%|          | 0/398 [00:00<?, ?it/s]
[36m(WorkerDict pid=54884)[0m /experiment/.venv-clean/lib/python3.12/site-packages/verl/workers/engine/__init__.py:31: UserWarning: torchtitan engine is not available: ModuleNotFoundError("No module named 'torchtitan'")
[36m(WorkerDict pid=54884)[0m   warnings.warn(f"torchtitan engine is not available: {e!r}", stacklevel=1)
[36m(WorkerDict pid=54884)[0m /experiment/.venv-clean/lib/python3.12/site-packages/verl/workers/engine/__init__.py:40: UserWarning: veomni engine is not available: ModuleNotFoundError("No module named 'veomni'")
[36m(WorkerDict pid=54884)[0m   warnings.warn(f"veomni engine is not available: {e!r}", stacklevel=1)
[36m(WorkerDict pid=54884)[0m /experiment/.venv-clean/lib/python3.12/site-packages/verl/workers/engine/__init__.py:49: UserWarning: automodel engine is not available: ModuleNotFoundError("No module named 'nemo_automodel'")
[36m(WorkerDict pid=54884)[0m   warnings.warn(f"automodel engine is not available: {e!r}", stacklevel=1)
[36m(WorkerDict pid=54884)[0m /experiment/.venv-clean/lib/python3.12/site-packages/verl/workers/engine/mindspeed/transformer_impl.py:24: UserWarning: NPU not support router replay for now.
[36m(WorkerDict pid=54884)[0m   from verl.utils.megatron.router_replay_patch import RouterReplay
[36m(WorkerDict pid=54884)[0m /experiment/.venv-clean/lib/python3.12/site-packages/verl/workers/engine/__init__.py:59: UserWarning: mindspeed engine is not available: ModuleNotFoundError("No module named 'megatron'")
[36m(WorkerDict pid=54884)[0m   warnings.warn(f"mindspeed engine is not available: {e!r}", stacklevel=1)
[36m(WorkerDict pid=54884)[0m /experiment/.venv-clean/lib/python3.12/site-packages/verl/workers/engine/__init__.py:69: UserWarning: megatron engine is not available: ModuleNotFoundError("No module named 'megatron'")
[36m(WorkerDict pid=54884)[0m   warnings.warn(f"megatron engine is not available: {e!r}", stacklevel=1)
[36m(WorkerDict pid=54884)[0m WARNING:2026-09-19 09:14:30,892:[speco vllm compat] patched transformers.configuration_utils missing ALLOWED_ATTENTION_LAYER_TYPES for vLLM import
[36m(WorkerDict pid=54884)[0m WARNING:2026-09-19 09:14:35,014:SPECO old-logprob hidden ObjectRef batch postprocess patch active: module=verl.workers.engine.fsdp.transformer_impl
[36m(WorkerDict pid=54884)[0m WARNING:2026-09-19 09:14:35,014:SPECO old-logprob hidden ObjectRef postprocess patch active
[36m(WorkerDict pid=54884)[0m WARNING:2026-09-19 09:14:35,017:SPECO old-logprob aggregate_output patch active
[36m(WorkerDict pid=54884)[0m WARNING:2026-09-19 09:14:35,018:SPECO old-logprob hidden runtime patch active: actor_backend=fsdp
[36m(WorkerDict pid=54884)[0m WARNING:2026-09-19 09:14:35,018:Unable to install SPECO old-logprob Megatron patch: No module named 'megatron'
[36m(WorkerDict pid=54883)[0m Loading weights:  71%|███████   | 282/398 [00:00<00:00, 1004.27it/s]
[36m(WorkerDict pid=54883)[0m Loading weights: 100%|██████████| 398/398 [00:00<00:00, 1095.03it/s]
[36m(pid=55180)[0m WARNING:2026-09-19 09:16:22,091:[speco vllm compat] patched transformers.configuration_utils missing ALLOWED_ATTENTION_LAYER_TYPES for vLLM import
[36m(WorkerDict pid=54883)[0m Loading weights:   0%|          | 0/398 [00:00<?, ?it/s]
[36m(WorkerDict pid=54884)[0m Loading weights:  70%|███████   | 279/398 [00:00<00:00, 959.64it/s]
[36m(WorkerDict pid=54884)[0m Loading weights: 100%|██████████| 398/398 [00:00<00:00, 1079.50it/s]

[36m(SpecoTaskRunner pid=54668)[0m              'max_actor_ckpt_to_keep': None,
[36m(SpecoTaskRunner pid=54668)[0m              'max_critic_ckpt_to_keep': None,
[36m(SpecoTaskRunner pid=54668)[0m              'n_gpus_per_node': 2,
[36m(SpecoTaskRunner pid=54668)[0m              'nnodes': 1,
[36m(SpecoTaskRunner pid=54668)[0m              'project_name': 'speco-l20',
[36m(SpecoTaskRunner pid=54668)[0m              'ray_wait_register_center_timeout': 300,
[36m(SpecoTaskRunner pid=54668)[0m              'resume_from_path': None,
[36m(SpecoTaskRunner pid=54668)[0m              'resume_mode': 'auto',
[36m(SpecoTaskRunner pid=54668)[0m              'rollout_data_dir': None,
[36m(SpecoTaskRunner pid=54668)[0m              'save_freq': -1,
[36m(SpecoTaskRunner pid=54668)[0m              'test_freq': -1,
[36m(SpecoTaskRunner pid=54668)[0m              'total_epochs': 3,
[36m(SpecoTaskRunner pid=54668)[0m              'total_training_steps': 20,
[36m(SpecoTaskRunner pid=54668)[0m              'use_v1': False,
[36m(SpecoTaskRunner pid=54668)[0m              'v1': {'colocate_async': {'num_warmup_batches': 1},
[36m(SpecoTaskRunner pid=54668)[0m                     'sampler': {'custom_sampler': {'name': None, 'path': None},
[36m(SpecoTaskRunner pid=54668)[0m                                 'max_off_policy_strategy': 'drop',
[36m(SpecoTaskRunner pid=54668)[0m                                 'max_off_policy_threshold': 8,
[36m(SpecoTaskRunner pid=54668)[0m                                 'sampler_kwargs': {},
[36m(SpecoTaskRunner pid=54668)[0m                                 'sync_refill_failed_groups': False},
[36m(SpecoTaskRunner pid=54668)[0m                     'separate_async': {'num_warmup_batches': 1,
[36m(SpecoTaskRunner pid=54668)[0m                                        'parameter_sync_step': 4},
[36m(SpecoTaskRunner pid=54668)[0m                     'sync': {},
[36m(SpecoTaskRunner pid=54668)[0m                     'trainer_mode': 'sync'},
[36m(SpecoTaskRunner pid=54668)[0m              'val_before_train': False,
[36m(SpecoTaskRunner pid=54668)[0m              'val_only': False,
[36m(SpecoTaskRunner pid=54668)[0m              'validation_data_dir': None},
[36m(SpecoTaskRunner pid=54668)[0m  'transfer_queue': {'backend': {'MooncakeStore': {'auto_init': False,
[36m(SpecoTaskRunner pid=54668)[0m                                                   'device_name': '',
[36m(SpecoTaskRunner pid=54668)[0m                                                   'global_segment_size': 4294967296,
[36m(SpecoTaskRunner pid=54668)[0m                                                   'local_buffer_size': 1073741824,
[36m(SpecoTaskRunner pid=54668)[0m                                                   'local_hostname': 'localhost',
[36m(SpecoTaskRunner pid=54668)[0m                                                   'master_server_address': 'localhost:50124',
[36m(SpecoTaskRunner pid=54668)[0m                                                   'metadata_server': 'localhost:50123',
[36m(SpecoTaskRunner pid=54668)[0m                                                   'protocol': 'tcp'},
[36m(SpecoTaskRunner pid=54668)[0m                                 'SimpleStorage': {'num_data_storage_units': 8,
[36m(SpecoTaskRunner pid=54668)[0m                                                   'total_storage_size': 100000},
[36m(SpecoTaskRunner pid=54668)[0m                                 'storage_backend': 'SimpleStorage'},
[36m(SpecoTaskRunner pid=54668)[0m                     'enable': False,
[36m(SpecoTaskRunner pid=54668)[0m                     'metrics': {'enabled': False, 'port': 0}}}
[36m(SpecoTaskRunner pid=54668)[0m [validate_config] All configuration checks passed successfully!
[36m(SpecoTaskRunner pid=54668)[0m Using dataset class: RLHFDataset
[36m(SpecoTaskRunner pid=54668)[0m dataset len: 16
[36m(SpecoTaskRunner pid=54668)[0m Using dataset class: RLHFDataset
[36m(SpecoTaskRunner pid=54668)[0m dataset len: 4
[36m(SpecoTaskRunner pid=54668)[0m Size of train dataloader: 8, Size of val dataloader: 1
[36m(SpecoTaskRunner pid=54668)[0m Total training steps: 20
[36m(SpecoTaskRunner pid=54668)[0m Checkpoint tracker file does not exist: /experiment/evidence/l20-20260919/checkpoints/latest_checkpointed_iteration.txt
[36m(SpecoTaskRunner pid=54668)[0m colocated worker base class <class 'verl.single_controller.base.worker.Worker'>
[36m(WorkerDict pid=54883)[0m Monkey patch _flash_attention_forward in transformers.integrations.flash_attention
[36m(WorkerDict pid=54883)[0m Skipping monkey patch for Qwen3ForCausalLM as use_fused_kernels is False or fused_kernels_backend is torch
[36m(WorkerDict pid=54883)[0m Qwen3ForCausalLM contains 4.02B parameters
[36m(WorkerDict pid=54883)[0m Before FSDP, memory allocated (GB): 0.00, memory reserved (GB): 0.00, device memory used/total (GB): 1.19/44.39
[36m(WorkerDict pid=54883)[0m After FSDP, memory allocated (GB): 3.77, memory reserved (GB): 4.69, device memory used/total (GB): 6.11/44.39
[36m(WorkerDict pid=54883)[0m Total steps: 20, num_warmup_steps: 0
[36m(WorkerDict pid=54884)[0m Monkey patch _flash_attention_forward in transformers.integrations.flash_attention
[36m(WorkerDict pid=54884)[0m Skipping monkey patch for Qwen3ForCausalLM as use_fused_kernels is False or fused_kernels_backend is torch
[36m(SpecoVLLMHttpServer pid=55180)[0m ['serve',
[36m(SpecoVLLMHttpServer pid=55180)[0m  '/experiment/models/target',
[36m(SpecoVLLMHttpServer pid=55180)[0m  '--dtype',
[36m(SpecoVLLMHttpServer pid=55180)[0m  'bfloat16',
[36m(SpecoVLLMHttpServer pid=55180)[0m  '--load_format',
[36m(SpecoVLLMHttpServer pid=55180)[0m  'auto',
[36m(SpecoVLLMHttpServer pid=55180)[0m  '--distributed_executor_backend',
[36m(SpecoVLLMHttpServer pid=55180)[0m  'mp',
[36m(SpecoVLLMHttpServer pid=55180)[0m  '--worker_extension_cls',
[36m(SpecoVLLMHttpServer pid=55180)[0m  'verl_speco.integration.vllm_runtime.SpecoVLLMColocateWorkerExtension',
[36m(SpecoVLLMHttpServer pid=55180)[0m  '--max_model_len',
[36m(SpecoVLLMHttpServer pid=55180)[0m  '256',
[36m(SpecoVLLMHttpServer pid=55180)[0m  '--max_num_seqs',
[36m(SpecoVLLMHttpServer pid=55180)[0m  '4',
[36m(SpecoVLLMHttpServer pid=55180)[0m  '--enable_chunked_prefill',
[36m(SpecoVLLMHttpServer pid=55180)[0m  '--max_num_batched_tokens',
[36m(SpecoVLLMHttpServer pid=55180)[0m  '8192',
[36m(SpecoVLLMHttpServer pid=55180)[0m  '--enable_prefix_caching',
[36m(SpecoVLLMHttpServer pid=55180)[0m  '--enable_sleep_mode',
[36m(SpecoVLLMHttpServer pid=55180)[0m  '--logprobs_mode',
[36m(SpecoVLLMHttpServer pid=55180)[0m  'processed_logprobs',
[36m(SpecoVLLMHttpServer pid=55180)[0m  '--enforce_eager',
[36m(SpecoVLLMHttpServer pid=55180)[0m  '--gpu_memory_utilization',
[36m(SpecoVLLMHttpServer pid=55180)[0m  '0.25',
[36m(SpecoVLLMHttpServer pid=55180)[0m  '--disable_log_stats',
[36m(SpecoVLLMHttpServer pid=55180)[0m  '--tensor_parallel_size',
[36m(SpecoVLLMHttpServer pid=55180)[0m  '2',
[36m(SpecoVLLMHttpServer pid=55180)[0m  '--seed',
[36m(SpecoVLLMHttpServer pid=55180)[0m  '42',
[36m(SpecoVLLMHttpServer pid=55180)[0m  '--override_generation_config',
[36m(SpecoVLLMHttpServer pid=55180)[0m  '{"temperature": 1.0, "top_k": -1, "top_p": 1, "repetition_penalty": 1.0, '
[36m(SpecoVLLMHttpServer pid=55180)[0m  '"max_new_tokens": 64}',
[36m(SpecoVLLMHttpServer pid=55180)[0m  '--hf_overrides',
[36m(SpecoVLLMHttpServer pid=55180)[0m  '{}',
[36m(SpecoVLLMHttpServer pid=55180)[0m  '--scheduling_policy',
[36m(SpecoVLLMHttpServer pid=55180)[0m  'fcfs',
[36m(SpecoVLLMHttpServer pid=55180)[0m  '--compilation_config',
[36m(SpecoVLLMHttpServer pid=55180)[0m  '{"cudagraph_mode": "FULL_AND_PIECEWISE"}',
[36m(SpecoVLLMHttpServer pid=55180)[0m  '--speculative_config',
[36m(SpecoVLLMHttpServer pid=55180)[0m  '{"method": "dflash", "num_speculative_tokens": 16, "draft_sample_method": '
[36m(SpecoVLLMHttpServer pid=55180)[0m  '"greedy", "model": "/experiment/models/dflash"}']
[36m(SpecoVLLMHttpServer pid=55180)[0m WARNING 09-19 09:16:47 [scheduler.py:306] max_num_batched_tokens (8192) exceeds max_num_seqs * max_model_len (1024). This may lead to unexpected behavior.[36m(SpecoVLLMHttpServer pid=55180)[0m WARNING:2026-09-19 09:16:56,117:[speco vllm compat] patched transformers.configuration_utils missing ALLOWED_ATTENTION_LAYER_TYPES for vLLM import
[36m(SpecoVLLMHttpServer pid=55180)[0m WARNING:2026-09-19 09:17:13,454:[speco vllm compat] patched transformers.configuration_utils missing ALLOWED_ATTENTION_LAYER_TYPES for vLLM import
[36m(SpecoVLLMHttpServer pid=55180)[0m WARNING:2026-09-19 09:17:13,476:[speco vllm compat] patched transformers.configuration_utils missing ALLOWED_ATTENTION_LAYER_TYPES for vLLM import
[36m(SpecoVLLMHttpServer pid=55180)[0m (Worker_TP0 pid=55875) Loading safetensors checkpoint shards:   0% Completed | 0/3 [00:00<?, ?it/s]
[36m(SpecoVLLMHttpServer pid=55180)[0m (Worker_TP0 pid=55875) Loading safetensors checkpoint shards:  33% Completed | 1/3 [00:00<00:00,  2.62it/s]
[36m(SpecoVLLMHttpServer pid=55180)[0m (Worker_TP0 pid=55875) Loading safetensors checkpoint shards:  67% Completed | 2/3 [00:01<00:00,  1.42it/s]
[36m(SpecoVLLMHttpServer pid=55180)[0m (Worker_TP0 pid=55875) Loading safetensors checkpoint shards: 100% Completed | 3/3 [00:01<00:00,  2.31it/s]
[36m(SpecoVLLMHttpServer pid=55180)[0m (Worker_TP0 pid=55875) Loading safetensors checkpoint shards: 100% Completed | 3/3 [00:01<00:00,  2.11it/s]
[36m(SpecoVLLMHttpServer pid=55180)[0m (Worker_TP0 pid=55875) 
[36m(SpecoVLLMHttpServer pid=55180)[0m (Worker_TP0 pid=55875) Loading safetensors checkpoint shards:   0% Completed | 0/1 [00:00<?, ?it/s]
[36m(SpecoVLLMHttpServer pid=55180)[0m (Worker_TP0 pid=55875) Loading safetensors checkpoint shards: 100% Completed | 1/1 [00:02<00:00,  2.88s/it]
[36m(SpecoVLLMHttpServer pid=55180)[0m (Worker_TP0 pid=55875) Loading safetensors checkpoint shards: 100% Completed | 1/1 [00:04<00:00,  4.61s/it]
[36m(SpecoVLLMHttpServer pid=55180)[0m (Worker_TP0 pid=55875) 
[36m(GlobalRequestLoadBalancer pid=56170)[0m WARNING:2026-09-19 09:18:28,320:[speco vllm compat] patched transformers.configuration_utils missing ALLOWED_ATTENTION_LAYER_TYPES for vLLM import
[36m(GlobalRequestLoadBalancer pid=56170)[0m W0919 09:18:30.824000 56170 torch/utils/cpp_extension.py:178] No CUDA runtime is found, using CUDA_HOME='/usr/local/cuda'
[36m(SpecoWorker pid=56179)[0m INFO:2026-09-19 09:18:31,914:Loading DFlash drafter weights from /experiment/models/dflash (drafter_step=unknown)
[36m(WorkerDict pid=54883)[0m /experiment/.venv-clean/lib/python3.12/site-packages/verl/plugin/platform/platform_cuda.py:99: FutureWarning: torch.cuda._set_allocator_settings is deprecated. Use torch._C._accelerator_setAllocatorSettings instead.
[36m(WorkerDict pid=54883)[0m   torch.cuda.memory._set_allocator_settings(settings)
[36m(SpecoWorker pid=56180)[0m INFO:2026-09-19 09:18:31,916:Loading DFlash drafter weights from /experiment/models/dflash (drafter_step=unknown)
[36m(SpecoVLLMHttpServer pid=55180)[0m (Worker_TP1 pid=55876) WARNING:2026-09-19 09:18:47,392:[speco draft wake_up] cold-start drafter restored from checkpoint after level-2 wake_up (58 tensors)
[36m(SpecoVLLMHttpServer pid=55180)[0m (Worker_TP0 pid=55875) WARNING:2026-09-19 09:18:47,392:[speco draft wake_up] cold-start drafter restored from checkpoint after level-2 wake_up (58 tensors)
[36m(SpecoTaskRunner pid=54668)[0m Training Progress:   0%|          | 0/20 [00:00<?, ?it/s]
[36m(AgentLoopWorker pid=56169)[0m WARNING:2026-09-19 09:18:50,805:Platform 'nvidia' (PlatformCUDA) is registered but not available. This may be due to this ray actor being a CPU-only actor.
[36m(AgentLoopWorker pid=56169)[0m WARNING:2026-09-19 09:18:50,858:[speco vllm compat] patched transformers.configuration_utils missing ALLOWED_ATTENTION_LAYER_TYPES for vLLM import
[36m(AgentLoopWorker pid=56172)[0m W0919 09:18:53.371000 56172 torch/utils/cpp_extension.py:178] No CUDA runtime is found, using CUDA_HOME='/usr/local/cuda'
[36m(WorkerDict pid=54884)[0m /experiment/.venv-clean/lib/python3.12/site-packages/verl/plugin/platform/platform_cuda.py:99: FutureWarning: torch.cuda._set_allocator_settings is deprecated. Use torch._C._accelerator_setAllocatorSettings instead.
[36m(WorkerDict pid=54884)[0m   torch.cuda.memory._set_allocator_settings(settings)
[36m(RewardLoopWorker pid=55177)[0m WARNING:2026-09-19 09:19:04,992:Platform 'nvidia' (PlatformCUDA) is registered but not available. This may be due to this ray actor being a CPU-only actor.[32m [repeated 2x across cluster] (Ray deduplicates logs by default. Set RAY_DEDUP_LOGS=0 to disable log deduplication, or see https://docs.ray.io/en/master/ray-observability/user-guides/configure-logging.html#log-deduplication for more options.)[0m
[36m(AgentLoopWorker pid=56172)[0m WARNING:2026-09-19 09:18:50,968:[speco vllm compat] patched transformers.configuration_utils missing ALLOWED_ATTENTION_LAYER_TYPES for vLLM import
[36m(AgentLoopWorker pid=56169)[0m W0919 09:18:53.366000 56169 torch/utils/cpp_extension.py:178] No CUDA runtime is found, using CUDA_HOME='/usr/local/cuda'
[36m(SpecoVLLMHttpServer pid=55180)[0m (Worker_TP1 pid=55876) WARNING:2026-09-19 09:19:05,751:[speco draft sleep] drafter state saved before level-2 sleep (66 tensors)
[36m(SpecoVLLMHttpServer pid=55180)[0m (Worker_TP0 pid=55875) WARNING:2026-09-19 09:19:05,753:[speco draft sleep] drafter state saved before level-2 sleep (66 tensors)
[36m(SpecoTaskRunner pid=54668)[0m W0919 09:19:06.099000 54668 torch/fx/_symbolic_trace.py:56] is_fx_tracing will return true for both fx.symbolic_trace and torch.export. Please use is_fx_tracing_symbolic_tracing() for specifically fx.symbolic_trace or torch.compiler.is_compiling() for specifically torch.export/compile.
[36m(SpecoWorker pid=56179)[0m Using blocking ray.get inside async actor. This blocks the event loop. Please use `await` on object ref with asyncio.gather if you want to yield execution to the event loop instead.
[36m(RewardLoopWorker pid=55179)[0m WARNING:2026-09-19 09:19:05,016:Platform 'nvidia' (PlatformCUDA) is registered but not available. This may be due to this ray actor being a CPU-only actor.[32m [repeated 3x across cluster][0m
[36m(WorkerDict pid=54883)[0m [rank0]:W0919 09:19:07.595000 54883 torch/fx/_symbolic_trace.py:56] is_fx_tracing will return true for both fx.symbolic_trace and torch.export. Please use is_fx_tracing_symbolic_tracing() for specifically fx.symbolic_trace or torch.compiler.is_compiling() for specifically torch.export/compile.[32m [repeated 2x across cluster][0m
[36m(SpecoWorker pid=56179)[0m ERROR:2026-09-19 09:20:25,180:Training step 1 failed with error: DFlash input/hidden/mask row mismatch: input_rows=34, hidden_rows=33, mask_rows=34
[36m(SpecoWorker pid=56179)[0m Traceback (most recent call last):
[36m(SpecoWorker pid=56179)[0m   File "/experiment/variants/eagle-alias/verl_speco/trainer/base_trainer.py", line 4679, in training_step
[36m(SpecoWorker pid=56179)[0m     return await self._training_step_impl(
[36m(SpecoWorker pid=56179)[0m            ^^^^^^^^^^^^^^^^^^^^^^^^^^^^^^^
[36m(SpecoWorker pid=56179)[0m   File "/experiment/variants/eagle-alias/verl_speco/trainer/base_trainer.py", line 4733, in _training_step_impl
[36m(SpecoWorker pid=56179)[0m     batch = self.prepare_training_batch(
[36m(SpecoWorker pid=56179)[0m             ^^^^^^^^^^^^^^^^^^^^^^^^^^^^
[36m(SpecoWorker pid=56179)[0m   File "/experiment/variants/eagle-alias/verl_speco/trainer/base_trainer.py", line 4512, in prepare_training_batch
[36m(SpecoWorker pid=56179)[0m     return self._prepare_training_batch(
[36m(SpecoWorker pid=56179)[0m            ^^^^^^^^^^^^^^^^^^^^^^^^^^^^^
[36m(SpecoWorker pid=56179)[0m   File "/experiment/variants/eagle-alias/verl_speco/trainer/base_trainer.py", line 3702, in _prepare_training_batch
[36m(SpecoWorker pid=56179)[0m     preprocessed_lists = self.backend.preprocess_individual_items(
[36m(SpecoWorker pid=56179)[0m                          ^^^^^^^^^^^^^^^^^^^^^^^^^^^^^^^^^^^^^^^^^
[36m(SpecoWorker pid=56179)[0m   File "/experiment/variants/eagle-alias/verl_speco/backends/dflash_trainer_backend.py", line 1260, in preprocess_individual_items
[36m(SpecoWorker pid=56179)[0m     raise ValueError(
[36m(SpecoWorker pid=56179)[0m ValueError: DFlash input/hidden/mask row mismatch: input_rows=34, hidden_rows=33, mask_rows=34
[36m(SpecoWorker pid=56180)[0m Using blocking ray.get inside async actor. This blocks the event loop. Please use `await` on object ref with asyncio.gather if you want to yield execution to the event loop instead.
[36m(SpecoVLLMHttpServer pid=55180)[0m (Worker_TP1 pid=55876) WARNING:2026-09-19 09:20:29,001:[speco draft wake_up] drafter state restored after level-2 wake_up (66 tensors, revision=0)
[36m(SpecoVLLMHttpServer pid=55180)[0m (Worker_TP0 pid=55875) WARNING:2026-09-19 09:20:29,057:[speco draft wake_up] drafter state restored after level-2 wake_up (66 tensors, revision=0)
[36m(SpecoTaskRunner pid=54668)[0m Training Progress:   5%|▌         | 1/20 [01:42<32:29, 102.63s/it]
[36m(SpecoWorker pid=56180)[0m ERROR:2026-09-19 09:20:25,181:Training step 1 failed with error: DFlash input/hidden/mask row mismatch: input_rows=34, hidden_rows=33, mask_rows=34
[36m(SpecoWorker pid=56180)[0m Traceback (most recent call last):
[36m(SpecoWorker pid=56180)[0m   File "/experiment/variants/eagle-alias/verl_speco/trainer/base_trainer.py", line 4679, in training_step
[36m(SpecoWorker pid=56180)[0m     return await self._training_step_impl(
[36m(SpecoWorker pid=56180)[0m            ^^^^^^^^^^^^^^^^^^^^^^^^^^^^^^^
[36m(SpecoWorker pid=56180)[0m   File "/experiment/variants/eagle-alias/verl_speco/trainer/base_trainer.py", line 4733, in _training_step_impl
[36m(SpecoWorker pid=56180)[0m     batch = self.prepare_training_batch(
[36m(SpecoWorker pid=56180)[0m             ^^^^^^^^^^^^^^^^^^^^^^^^^^^^
[36m(SpecoWorker pid=56180)[0m   File "/experiment/variants/eagle-alias/verl_speco/trainer/base_trainer.py", line 4512, in prepare_training_batch
[36m(SpecoWorker pid=56180)[0m     return self._prepare_training_batch(
[36m(SpecoWorker pid=56180)[0m            ^^^^^^^^^^^^^^^^^^^^^^^^^^^^^
[36m(SpecoWorker pid=56180)[0m   File "/experiment/variants/eagle-alias/verl_speco/trainer/base_trainer.py", line 3702, in _prepare_training_batch
[36m(SpecoWorker pid=56180)[0m     preprocessed_lists = self.backend.preprocess_individual_items(
[36m(SpecoWorker pid=56180)[0m                          ^^^^^^^^^^^^^^^^^^^^^^^^^^^^^^^^^^^^^^^^^
[36m(SpecoWorker pid=56180)[0m   File "/experiment/variants/eagle-alias/verl_speco/backends/dflash_trainer_backend.py", line 1260, in preprocess_individual_items
[36m(SpecoWorker pid=56180)[0m     raise ValueError(
[36m(SpecoWorker pid=56180)[0m ValueError: DFlash input/hidden/mask row mismatch: input_rows=34, hidden_rows=33, mask_rows=34

[36m(SpecoVLLMHttpServer pid=55180)[0m WARNING 09-19 09:16:47 [vllm.py:1371] Enforce eager set, disabling torch.compile and CUDAGraphs. This is equivalent to setting -cc.mode=none -cc.cudagraph_mode=none
[36m(SpecoVLLMHttpServer pid=55180)[0m WARNING 09-19 09:16:47 [vllm.py:1406] Inductor compilation was disabled by user settings, optimizations settings that are only active during inductor compilation will be ignored.
[36m(SpecoVLLMHttpServer pid=55180)[0m WARNING 09-19 09:16:51 [system_utils.py:157] We must use the `spawn` multiprocessing start method. Overriding VLLM_WORKER_MULTIPROC_METHOD to 'spawn'. See https://docs.vllm.ai/en/latest/usage/troubleshooting.html#python-multiprocessing for more information. Reasons: In a Ray actor and can only be spawned; CUDA is initialized
[36m(SpecoVLLMHttpServer pid=55180)[0m (Worker pid=55875) WARNING 09-19 09:17:14 [symm_mem.py:67] SymmMemCommunicator: Device capability 8.9 not supported, communicator is not available.
[36m(SpecoVLLMHttpServer pid=55180)[0m (Worker pid=55876) WARNING 09-19 09:17:14 [symm_mem.py:67] SymmMemCommunicator: Device capability 8.9 not supported, communicator is not available.
[36m(SpecoVLLMHttpServer pid=55180)[0m (Worker pid=55875) WARNING 09-19 09:17:14 [flashinfer_all_reduce.py:383] FlashInfer All Reduce is disabled because it is not supported for world_size=2.
[36m(SpecoVLLMHttpServer pid=55180)[0m (Worker pid=55876) WARNING 09-19 09:17:14 [flashinfer_all_reduce.py:383] FlashInfer All Reduce is disabled because it is not supported for world_size=2.
[36m(SpecoVLLMHttpServer pid=55180)[0m (Worker_TP0 pid=55875) WARNING 09-19 09:17:18 [vllm.py:1371] Enforce eager set, disabling torch.compile and CUDAGraphs. This is equivalent to setting -cc.mode=none -cc.cudagraph_mode=none
[36m(SpecoVLLMHttpServer pid=55180)[0m (Worker_TP0 pid=55875) WARNING 09-19 09:17:18 [vllm.py:1406] Inductor compilation was disabled by user settings, optimizations settings that are only active during inductor compilation will be ignored.
[36m(SpecoVLLMHttpServer pid=55180)[0m (EngineCore pid=55841) WARNING 09-19 09:17:35 [torch_utils.py:265] OMP_NUM_THREADS=4 is set; leaving Torch threads at 4 for serving. Multi-threaded torch CPU ops during serving can degrade performance through spin-wait contention and cgroup CPU-quota throttling.
[36m(SpecoVLLMHttpServer pid=55180)[0m (Worker_TP0 pid=55875) WARNING 09-19 09:18:15 [torch_utils.py:265] OMP_NUM_THREADS=4 is set; leaving Torch threads at 4 for serving. Multi-threaded torch CPU ops during serving can degrade performance through spin-wait contention and cgroup CPU-quota throttling.
[36m(SpecoVLLMHttpServer pid=55180)[0m (EngineCore pid=55841) WARNING 09-19 09:18:17 [vllm.py:1371] Enforce eager set, disabling torch.compile and CUDAGraphs. This is equivalent to setting -cc.mode=none -cc.cudagraph_mode=none
[36m(SpecoVLLMHttpServer pid=55180)[0m (EngineCore pid=55841) WARNING 09-19 09:18:18 [vllm.py:1406] Inductor compilation was disabled by user settings, optimizations settings that are only active during inductor compilation will be ignored.
[36m(SpecoVLLMHttpServer pid=55180)[0m WARNING 09-19 09:18:19 [api_router.py:28] LoRA dynamic loading & unloading is enabled in the API server. This should ONLY be used for local development!
[36m(SpecoVLLMHttpServer pid=55180)[0m WARNING 09-19 09:18:20 [model.py:1759] Default vLLM sampling parameters have been overridden by the model's `generation_config.json`: `{'repetition_penalty': 1.0, 'temperature': 1.0, 'top_k': -1, 'top_p': 1, 'max_tokens': 64}`. If this is not intended, please relaunch vLLM instance with `--generation-config vllm`.
[36m(SpecoTaskRunner pid=54668)[0m LLMServerManager: ['172.17.0.6:36573']
[36m(AgentLoopWorker pid=56169)[0m Using dataset class: RLHFDataset
[36m(SpecoTaskRunner pid=54668)[0m Checkpoint tracker file does not exist: /experiment/evidence/l20-20260919/checkpoints/latest_checkpointed_iteration.txt
[36m(SpecoTaskRunner pid=54668)[0m Training from scratch
[36m(AgentLoopWorker pid=56172)[0m Using dataset class: RLHFDataset
[36m(SpecoVLLMHttpServer pid=55180)[0m (Worker_TP0 pid=55875) [speco vllm weight sync] NPU staging decision enabled=0 reason=not_shm pid=55875 local_rank=0 use_shm=0
[36m(SpecoVLLMHttpServer pid=55180)[0m (Worker_TP1 pid=55876) [speco vllm weight sync] NPU staging decision enabled=0 reason=not_shm pid=55876 local_rank=1 use_shm=0
[36m(SpecoVLLMHttpServer pid=55180)[0m WARNING 09-19 09:18:57 [input_processor.py:315] Passing raw prompts to InputProcessor is deprecated and will be removed in the future. You should instead pass the outputs of Renderer.render_cmpl() or Renderer.render_chat().
[36m(SpecoVLLMHttpServer pid=55180)[0m (Worker_TP0 pid=55875) WARNING 09-19 09:18:58 [jit_monitor.py:141] Triton kernel JIT compilation during inference: _topk_log_softmax_kernel. This causes a latency spike; consider extending warmup to cover this shape/config.
[36m(SpecoVLLMHttpServer pid=55180)[0m (Worker_TP0 pid=55875) WARNING 09-19 09:19:03 [jit_monitor.py:141] Triton kernel JIT compilation during inference: _compute_local_logits_stats_kernel. This causes a latency spike; consider extending warmup to cover this shape/config.
[36m(SpecoVLLMHttpServer pid=55180)[0m (Worker_TP0 pid=55875) WARNING 09-19 09:19:03 [jit_monitor.py:141] Triton kernel JIT compilation during inference: _rejection_kernel. This causes a latency spike; consider extending warmup to cover this shape/config.
[36m(SpecoVLLMHttpServer pid=55180)[0m (Worker_TP0 pid=55875) WARNING 09-19 09:19:03 [jit_monitor.py:141] Triton kernel JIT compilation during inference: _resample_kernel. This causes a latency spike; consider extending warmup to cover this shape/config.
[36m(SpecoTaskRunner pid=54668)[0m step:1 - global_seqlen/min:176 - global_seqlen/max:178 - global_seqlen/minmax_diff:2 - global_seqlen/balanced_min:177 - global_seqlen/balanced_max:177 - global_seqlen/mean:177.0 - actor/entropy:0.0 - perf/mfu/actor_infer:0.003185026758014868 - training/rollout_probs_diff_valid:1 - training/rollout_probs_diff_max:0.06217721104621887 - training/rollout_probs_diff_mean:0.004965708125382662 - training/rollout_probs_diff_std:0.011991978622972965 - training/rollout_actor_probs_pearson_corr:0.9981362819671631 - rollout_corr/training_ppl:1.187739610671997 - rollout_corr/training_log_ppl:0.17158353328704834 - rollout_corr/kl:-0.001066612428985536 - rollout_corr/k3_kl:0.000667317770421505 - rollout_corr/rollout_ppl:1.189041256904602 - rollout_corr/rollout_log_ppl:0.17265012860298157 - rollout_corr/log_ppl_diff:-0.001066606491804123 - rollout_corr/log_ppl_abs_diff:0.0012508369982242584 - rollout_corr/log_ppl_diff_max:0.000368461012840271 - rollout_corr/log_ppl_diff_min:-0.003486648201942444 - rollout_corr/ppl_ratio:0.9989350438117981 - rollout_corr/chi2_token:0.004850506782531738 - rollout_corr/chi2_seq:0.16729319095611572 - actor/pg_clipfrac:np.float64(0.0) - actor/ppo_kl:np.float64(0.0) - actor/pg_clipfrac_lower:np.float64(0.0) - actor/pg_loss:np.float64(0.0) - actor/loss:np.float64(0.0) - actor/grad_norm:np.float64(0.0) - actor/lr:np.float64(1e-06) - actor/perf/max_memory_allocated_gb:np.float64(20.874370098114014) - actor/perf/max_memory_reserved_gb:np.float64(27.607421875) - actor/perf/cpu_memory_used_gb:np.float64(180.51028060913086) - perf/mfu/actor:np.float64(0.0041765681360498635) - drafter/raw_drafter_samples:np.float64(4.0) - drafter/collected_samples:np.float64(2.0) - drafter/collect_interval_matched:np.float64(1.0) - drafter/collection_plan_used:np.float64(1.0) - drafter/collection_plan_collect:np.float64(1.0) - drafter/collection_plan_reason:np.float64(7.0) - drafter/collection_plan_source:np.float64(2.0) - drafter/collection_plan_interval_matched:np.float64(1.0) - drafter/collection_plan_training_interval_matched:np.float64(1.0) - drafter/collection_attempted:np.float64(1.0) - drafter/collection_completed:np.float64(1.0) - drafter/collection_outcome_reason:np.float64(1.0) - drafter/collection_rejected_samples:np.float64(0.0) - drafter/collection_worker_results:np.float64(1.0) - drafter/collection_finalized:np.float64(1.0) - drafter/collection_expired_stages:np.float64(0.0) - timing_s/drafter_collection_rpc:np.float64(0.038964281000517076) - drafter/scheduler_used:np.float64(1.0) - drafter/schedule_launch:np.float64(1.0) - drafter/schedule_interval_matched:np.float64(1.0) - drafter/schedule_strategy:np.float64(0.0) - drafter/schedule_reason:np.float64(10.0) - drafter/target_lm_head_apply_deferred:np.float64(1.0) - drafter/target_lm_head_selected_rows:np.float64(0.0) - drafter/target_lm_head_source_vocab_size:np.float64(0.0) - drafter/target_lm_head_direct_sparse_export:np.float64(0.0) - timing_s/drafter_sync_target_lm_head_fetch:np.float64(4.682892144002835) - timing_s/drafter_sync_target_lm_head_dispatch:np.float64(4.22904356700019) - drafter/train_interval_matched:np.float64(1.0) - drafter/target_lm_head_synced:np.float64(1.0) - timing_s/drafter_sync_target_lm_head:np.float64(8.919507187994896) - timing_s/drafter_sync_target_lm_head_apply:np.float64(4.22942047199831) - timing_s/drafter_sync_target_lm_head_wait:np.float64(0.0003769049981201533) - timing_s/drafter_sync_target_lm_head_overlap_window:np.float64(50.89713862700228) - drafter/trained:np.float64(0.0) - drafter/train_successful_steps_max:np.int64(0) - drafter/train_no_trainable_batch:np.float64(1.0) - drafter/train_activation_failed:np.float64(0.0) - drafter/train_attempted_batches_max:np.int64(1) - drafter/train_buffer_size_before_min:np.int64(2) - drafter/train_buffer_size_after_min:np.int64(2) - drafter/train_optimizer_step_max:np.int64(0) - drafter/train_worker_results_consistent:np.float64(0.0) - drafter/train_worker_ids_consistent:np.float64(1.0) - drafter/train_worker_incarnations_consistent:np.float64(1.0) - drafter/train_plan_ids_consistent:np.float64(1.0) - drafter/train_source_steps_consistent:np.float64(1.0) - drafter/train_data_versions_consistent:np.float64(1.0) - drafter/train_target_versions_consistent:np.float64(1.0) - drafter/train_successful_steps_consistent:np.float64(1.0) - drafter/train_optimizer_steps_consistent:np.float64(1.0) - drafter/train_publish_leader_count:np.float64(1.0) - drafter/train_publish_leader_snapshot_ready:np.float64(0.0) - timing_s/drafter_worker_training_loop:np.float64(0.10425949096679688) - timing_s/drafter_worker_cleanup:np.float64(1.9401841163635254) - timing_s/drafter_worker_elapsed:np.float64(2.0440144538879395) - timing_s/drafter_train_rpc:np.float64(13.146466876998602) - drafter/runtime_state:np.float64(4.0) - drafter/runtime_completed_batches:np.float64(0.0) - drafter/runtime_inflight:np.float64(0.0) - drafter/publish_attempted:np.float64(0.0) - drafter/published:np.float64(0.0) - timing_s/drafter_outer_unaccounted:np.float64(0.010339587002818007) - training/global_step:1 - training/epoch:0 - critic/score/mean:0.0 - critic/score/max:0.0 - critic/score/min:0.0 - critic/rewards/mean:0.0 - critic/rewards/max:0.0 - critic/rewards/min:0.0 - critic/advantages/mean:0.0 - critic/advantages/max:0.0 - critic/advantages/min:0.0 - critic/returns/mean:0.0 - critic/returns/max:0.0 - critic/returns/min:0.0 - response_length/mean:64.0 - response_length/max:64.0 - response_length/min:64.0 - response_length/clip_ratio:1.0 - response_length_non_aborted/mean:64.0 - response_length_non_aborted/max:64.0 - response_length_non_aborted/min:64.0 - response_length_non_aborted/clip_ratio:1.0 - response/aborted_ratio:0.0 - prompt_length/mean:24.5 - prompt_length/max:25.0 - prompt_length/min:24.0 - prompt_length/clip_ratio:0.0 - num_turns/min:np.int32(2) - num_turns/max:np.int32(2) - num_turns/mean:np.float64(2.0) - timing_s/start_profile:0.0007101560004230123 - timing_s/agent_loop/num_preempted/min:np.int64(-1) - timing_s/agent_loop/num_preempted/max:np.int64(-1) - timing_s/agent_loop/num_preempted/mean:np.float64(-1.0) - timing_s/agent_loop/generate_sequences/min:np.float64(13.698483933996613) - timing_s/agent_loop/generate_sequences/max:np.float64(13.92775321800218) - timing_s/agent_loop/generate_sequences/mean:np.float64(13.816533739750412) - timing_s/agent_loop/tool_calls/min:np.float64(0.0) - timing_s/agent_loop/tool_calls/max:np.float64(0.0) - timing_s/agent_loop/tool_calls/mean:np.float64(0.0) - timing_s/agent_loop/compute_score/min:np.float64(0.1748499509994872) - timing_s/agent_loop/compute_score/max:np.float64(0.4037203249972663) - timing_s/agent_loop/compute_score/mean:np.float64(0.344035554248876) - timing_s/agent_loop/slowest/generate_sequences:np.float64(13.824825038002018) - timing_s/agent_loop/slowest/tool_calls:np.float64(0.0) - timing_s/agent_loop/slowest/compute_score:np.float64(0.39451455399830593) - timing_s/agent_loop/slowest/num_preempted:np.int64(-1) - timing_s/agent_loop/slowest/prompt_length:25 - timing_s/agent_loop/slowest/response_length:64 - timing_s/gen:15.20190432399977 - timing_s/reward:2.5171997549477965e-05 - timing_s/old_log_prob:8.309958072000882 - timing_s/adv:0.007504131001041969 - timing_s/update_actor:50.89706857500278 - timing_s/drafter:22.076313651996315 - drafter/spec_decode/mean_acceptance_length:2.1311475409836067 - timing_s/update_weights:5.411449596002058 - timing_s/step:101.91709154300042 - timing_s/stop_profile:0.00018108899894286878 - timing_per_token_ms/gen:59.3824387656241 - timing_per_token_ms/update_actor:143.7770298728892 - timing_per_token_ms/adv:0.02119811017243494 - perf/total_num_tokens:354 - perf/time_per_step:101.91709154300042 - perf/throughput:1.736705760734164[36m(RewardLoopWorker pid=55171)[0m WARNING:2026-09-19 09:20:33,712:Platform 'nvidia' (PlatformCUDA) is registered but not available. This may be due to this ray actor being a CPU-only actor.
[36m(SpecoVLLMHttpServer pid=55180)[0m (Worker_TP0 pid=55875) WARNING:2026-09-19 09:20:35,527:[speco draft sleep] drafter state saved before level-2 sleep (66 tensors)
[36m(SpecoVLLMHttpServer pid=55180)[0m (Worker_TP1 pid=55876) WARNING:2026-09-19 09:20:35,532:[speco draft sleep] drafter state saved before level-2 sleep (66 tensors)
[36m(SpecoWorker pid=56180)[0m ERROR:2026-09-19 09:20:56,019:Training step 2 failed with error: DFlash input/hidden/mask row mismatch: input_rows=34, hidden_rows=33, mask_rows=34
[36m(SpecoWorker pid=56180)[0m Traceback (most recent call last):
[36m(SpecoWorker pid=56180)[0m   File "/experiment/variants/eagle-alias/verl_speco/trainer/base_trainer.py", line 4679, in training_step
[36m(SpecoWorker pid=56180)[0m     return await self._training_step_impl(
[36m(SpecoWorker pid=56180)[0m            ^^^^^^^^^^^^^^^^^^^^^^^^^^^^^^^
[36m(SpecoWorker pid=56180)[0m   File "/experiment/variants/eagle-alias/verl_speco/trainer/base_trainer.py", line 4733, in _training_step_impl
[36m(SpecoWorker pid=56180)[0m     batch = self.prepare_training_batch(
[36m(SpecoWorker pid=56180)[0m             ^^^^^^^^^^^^^^^^^^^^^^^^^^^^
[36m(SpecoWorker pid=56180)[0m   File "/experiment/variants/eagle-alias/verl_speco/trainer/base_trainer.py", line 4512, in prepare_training_batch
[36m(SpecoWorker pid=56180)[0m     return self._prepare_training_batch(
[36m(SpecoWorker pid=56180)[0m            ^^^^^^^^^^^^^^^^^^^^^^^^^^^^^
[36m(SpecoWorker pid=56180)[0m   File "/experiment/variants/eagle-alias/verl_speco/trainer/base_trainer.py", line 3702, in _prepare_training_batch
[36m(SpecoWorker pid=56180)[0m     preprocessed_lists = self.backend.preprocess_individual_items(
[36m(SpecoWorker pid=56180)[0m                          ^^^^^^^^^^^^^^^^^^^^^^^^^^^^^^^^^^^^^^^^^
[36m(SpecoWorker pid=56180)[0m   File "/experiment/variants/eagle-alias/verl_speco/backends/dflash_trainer_backend.py", line 1260, in preprocess_individual_items
[36m(SpecoWorker pid=56180)[0m     raise ValueError(
[36m(SpecoWorker pid=56180)[0m ValueError: DFlash input/hidden/mask row mismatch: input_rows=34, hidden_rows=33, mask_rows=34
[36m(RewardLoopWorker pid=55175)[0m WARNING:2026-09-19 09:20:34,711:Platform 'nvidia' (PlatformCUDA) is registered but not available. This may be due to this ray actor being a CPU-only actor.
[36m(SpecoVLLMHttpServer pid=55180)[0m (Worker_TP1 pid=55876) WARNING:2026-09-19 09:21:00,365:[speco draft wake_up] drafter state restored after level-2 wake_up (66 tensors, revision=0)
[36m(SpecoVLLMHttpServer pid=55180)[0m (Worker_TP0 pid=55875) WARNING:2026-09-19 09:21:00,367:[speco draft wake_up] drafter state restored after level-2 wake_up (66 tensors, revision=0)
[36m(SpecoTaskRunner pid=54668)[0m Training Progress:  10%|█         | 2/20 [02:13<18:05, 60.33s/it] 
[36m(SpecoWorker pid=56179)[0m ERROR:2026-09-19 09:20:56,018:Training step 2 failed with error: DFlash input/hidden/mask row mismatch: input_rows=34, hidden_rows=33, mask_rows=34
[36m(SpecoWorker pid=56179)[0m Traceback (most recent call last):
[36m(SpecoWorker pid=56179)[0m   File "/experiment/variants/eagle-alias/verl_speco/trainer/base_trainer.py", line 4679, in training_step
[36m(SpecoWorker pid=56179)[0m     return await self._training_step_impl(
[36m(SpecoWorker pid=56179)[0m            ^^^^^^^^^^^^^^^^^^^^^^^^^^^^^^^
[36m(SpecoWorker pid=56179)[0m   File "/experiment/variants/eagle-alias/verl_speco/trainer/base_trainer.py", line 4733, in _training_step_impl
[36m(SpecoWorker pid=56179)[0m     batch = self.prepare_training_batch(
[36m(SpecoWorker pid=56179)[0m             ^^^^^^^^^^^^^^^^^^^^^^^^^^^^
[36m(SpecoWorker pid=56179)[0m   File "/experiment/variants/eagle-alias/verl_speco/trainer/base_trainer.py", line 4512, in prepare_training_batch
[36m(SpecoWorker pid=56179)[0m     return self._prepare_training_batch(
[36m(SpecoWorker pid=56179)[0m            ^^^^^^^^^^^^^^^^^^^^^^^^^^^^^
[36m(SpecoWorker pid=56179)[0m   File "/experiment/variants/eagle-alias/verl_speco/trainer/base_trainer.py", line 3702, in _prepare_training_batch
[36m(SpecoWorker pid=56179)[0m     preprocessed_lists = self.backend.preprocess_individual_items(
[36m(SpecoWorker pid=56179)[0m                          ^^^^^^^^^^^^^^^^^^^^^^^^^^^^^^^^^^^^^^^^^
[36m(SpecoWorker pid=56179)[0m   File "/experiment/variants/eagle-alias/verl_speco/backends/dflash_trainer_backend.py", line 1260, in preprocess_individual_items
[36m(SpecoWorker pid=56179)[0m     raise ValueError(
[36m(SpecoWorker pid=56179)[0m ValueError: DFlash input/hidden/mask row mismatch: input_rows=34, hidden_rows=33, mask_rows=34
[36m(SpecoVLLMHttpServer pid=55180)[0m (Worker_TP0 pid=55875) WARNING:2026-09-19 09:21:04,999:[speco draft sleep] drafter state saved before level-2 sleep (66 tensors)
[36m(SpecoVLLMHttpServer pid=55180)[0m (Worker_TP1 pid=55876) WARNING:2026-09-19 09:21:04,999:[speco draft sleep] drafter state saved before level-2 sleep (66 tensors)
[36m(SpecoWorker pid=56179)[0m ERROR:2026-09-19 09:21:30,079:Training step 3 failed with error: DFlash input/hidden/mask row mismatch: input_rows=34, hidden_rows=33, mask_rows=34
[36m(SpecoWorker pid=56179)[0m Traceback (most recent call last):
[36m(SpecoWorker pid=56179)[0m   File "/experiment/variants/eagle-alias/verl_speco/trainer/base_trainer.py", line 4679, in training_step
[36m(SpecoWorker pid=56179)[0m     return await self._training_step_impl(
[36m(SpecoWorker pid=56179)[0m            ^^^^^^^^^^^^^^^^^^^^^^^^^^^^^^^
[36m(SpecoWorker pid=56179)[0m   File "/experiment/variants/eagle-alias/verl_speco/trainer/base_trainer.py", line 4733, in _training_step_impl
[36m(SpecoWorker pid=56179)[0m     batch = self.prepare_training_batch(
[36m(SpecoWorker pid=56179)[0m             ^^^^^^^^^^^^^^^^^^^^^^^^^^^^
[36m(SpecoWorker pid=56179)[0m   File "/experiment/variants/eagle-alias/verl_speco/trainer/base_trainer.py", line 4512, in prepare_training_batch
[36m(SpecoWorker pid=56179)[0m     return self._prepare_training_batch(
[36m(SpecoWorker pid=56179)[0m            ^^^^^^^^^^^^^^^^^^^^^^^^^^^^^
[36m(SpecoWorker pid=56179)[0m   File "/experiment/variants/eagle-alias/verl_speco/trainer/base_trainer.py", line 3702, in _prepare_training_batch
[36m(SpecoWorker pid=56179)[0m     preprocessed_lists = self.backend.preprocess_individual_items(
[36m(SpecoWorker pid=56179)[0m                          ^^^^^^^^^^^^^^^^^^^^^^^^^^^^^^^^^^^^^^^^^
[36m(SpecoWorker pid=56179)[0m   File "/experiment/variants/eagle-alias/verl_speco/backends/dflash_trainer_backend.py", line 1260, in preprocess_individual_items
[36m(SpecoWorker pid=56179)[0m     raise ValueError(
[36m(SpecoWorker pid=56179)[0m ValueError: DFlash input/hidden/mask row mismatch: input_rows=34, hidden_rows=33, mask_rows=34
[36m(SpecoVLLMHttpServer pid=55180)[0m (Worker_TP0 pid=55875) WARNING:2026-09-19 09:21:33,367:[speco draft wake_up] drafter state restored after level-2 wake_up (66 tensors, revision=0)
[36m(SpecoVLLMHttpServer pid=55180)[0m (Worker_TP1 pid=55876) WARNING:2026-09-19 09:21:33,368:[speco draft wake_up] drafter state restored after level-2 wake_up (66 tensors, revision=0)
[36m(SpecoTaskRunner pid=54668)[0m Training Progress:  15%|█▌        | 3/20 [02:47<13:39, 48.18s/it]
[36m(SpecoWorker pid=56180)[0m ERROR:2026-09-19 09:21:30,080:Training step 3 failed with error: DFlash input/hidden/mask row mismatch: input_rows=34, hidden_rows=33, mask_rows=34
[36m(SpecoWorker pid=56180)[0m Traceback (most recent call last):
[36m(SpecoWorker pid=56180)[0m   File "/experiment/variants/eagle-alias/verl_speco/trainer/base_trainer.py", line 4679, in training_step
[36m(SpecoWorker pid=56180)[0m     return await self._training_step_impl(
[36m(SpecoWorker pid=56180)[0m            ^^^^^^^^^^^^^^^^^^^^^^^^^^^^^^^
[36m(SpecoWorker pid=56180)[0m   File "/experiment/variants/eagle-alias/verl_speco/trainer/base_trainer.py", line 4733, in _training_step_impl
[36m(SpecoWorker pid=56180)[0m     batch = self.prepare_training_batch(
[36m(SpecoWorker pid=56180)[0m             ^^^^^^^^^^^^^^^^^^^^^^^^^^^^
[36m(SpecoWorker pid=56180)[0m   File "/experiment/variants/eagle-alias/verl_speco/trainer/base_trainer.py", line 4512, in prepare_training_batch
[36m(SpecoWorker pid=56180)[0m     return self._prepare_training_batch(
[36m(SpecoWorker pid=56180)[0m            ^^^^^^^^^^^^^^^^^^^^^^^^^^^^^
[36m(SpecoWorker pid=56180)[0m   File "/experiment/variants/eagle-alias/verl_speco/trainer/base_trainer.py", line 3702, in _prepare_training_batch
[36m(SpecoWorker pid=56180)[0m     preprocessed_lists = self.backend.preprocess_individual_items(
[36m(SpecoWorker pid=56180)[0m                          ^^^^^^^^^^^^^^^^^^^^^^^^^^^^^^^^^^^^^^^^^
[36m(SpecoWorker pid=56180)[0m   File "/experiment/variants/eagle-alias/verl_speco/backends/dflash_trainer_backend.py", line 1260, in preprocess_individual_items
[36m(SpecoWorker pid=56180)[0m     raise ValueError(
[36m(SpecoWorker pid=56180)[0m ValueError: DFlash input/hidden/mask row mismatch: input_rows=34, hidden_rows=33, mask_rows=34

[36m(SpecoTaskRunner pid=54668)[0m step:2 - global_seqlen/min:176 - global_seqlen/max:178 - global_seqlen/minmax_diff:2 - global_seqlen/balanced_min:177 - global_seqlen/balanced_max:177 - global_seqlen/mean:177.0 - actor/entropy:0.0 - perf/mfu/actor_infer:0.009628387480141679 - training/rollout_probs_diff_valid:1 - training/rollout_probs_diff_max:0.11520311236381531 - training/rollout_probs_diff_mean:0.005634951405227184 - training/rollout_probs_diff_std:0.015721334144473076 - training/rollout_actor_probs_pearson_corr:0.996238112449646 - rollout_corr/training_ppl:1.1538883447647095 - rollout_corr/training_log_ppl:0.14030659198760986 - rollout_corr/kl:0.00017614150419831276 - rollout_corr/k3_kl:0.0008541811257600784 - rollout_corr/rollout_ppl:1.1538374423980713 - rollout_corr/rollout_log_ppl:0.1401304453611374 - rollout_corr/log_ppl_diff:0.00017613917589187622 - rollout_corr/log_ppl_abs_diff:0.0027873925864696503 - rollout_corr/log_ppl_diff_max:0.004788458347320557 - rollout_corr/log_ppl_diff_min:-0.003978729248046875 - rollout_corr/ppl_ratio:1.0001813173294067 - rollout_corr/chi2_token:0.003118753433227539 - rollout_corr/chi2_seq:0.06070280075073242 - actor/pg_clipfrac:np.float64(0.0) - actor/ppo_kl:np.float64(0.0) - actor/pg_clipfrac_lower:np.float64(0.0) - actor/pg_loss:np.float64(0.0) - actor/loss:np.float64(0.0) - actor/grad_norm:np.float64(0.0) - actor/lr:np.float64(1e-06) - actor/perf/max_memory_allocated_gb:np.float64(28.367042064666748) - actor/perf/max_memory_reserved_gb:np.float64(34.052734375) - actor/perf/cpu_memory_used_gb:np.float64(209.93800354003906) - perf/mfu/actor:np.float64(0.009890441773599696) - drafter/raw_drafter_samples:np.float64(4.0) - drafter/collected_samples:np.float64(2.0) - drafter/collect_interval_matched:np.float64(1.0) - drafter/collection_plan_used:np.float64(1.0) - drafter/collection_plan_collect:np.float64(1.0) - drafter/collection_plan_reason:np.float64(7.0) - drafter/collection_plan_source:np.float64(2.0) - drafter/collection_plan_interval_matched:np.float64(1.0) - drafter/collection_plan_training_interval_matched:np.float64(1.0) - drafter/collection_attempted:np.float64(1.0) - drafter/collection_completed:np.float64(1.0) - drafter/collection_outcome_reason:np.float64(1.0) - drafter/collection_rejected_samples:np.float64(0.0) - drafter/collection_worker_results:np.float64(1.0) - drafter/collection_finalized:np.float64(1.0) - drafter/collection_expired_stages:np.float64(0.0) - timing_s/drafter_collection_rpc:np.float64(0.7827605240017874) - drafter/scheduler_used:np.float64(1.0) - drafter/schedule_launch:np.float64(1.0) - drafter/schedule_interval_matched:np.float64(1.0) - drafter/schedule_strategy:np.float64(0.0) - drafter/schedule_reason:np.float64(10.0) - drafter/target_lm_head_apply_deferred:np.float64(1.0) - drafter/target_lm_head_selected_rows:np.float64(0.0) - drafter/target_lm_head_source_vocab_size:np.float64(0.0) - drafter/target_lm_head_direct_sparse_export:np.float64(0.0) - timing_s/drafter_sync_target_lm_head_fetch:np.float64(4.566948031999345) - timing_s/drafter_sync_target_lm_head_dispatch:np.float64(1.6854616820019146) - drafter/train_interval_matched:np.float64(1.0) - drafter/target_lm_head_synced:np.float64(1.0) - timing_s/drafter_sync_target_lm_head:np.float64(6.2571768810012145) - timing_s/drafter_sync_target_lm_head_apply:np.float64(1.685828024001239) - timing_s/drafter_sync_target_lm_head_wait:np.float64(0.0003663419993245043) - timing_s/drafter_sync_target_lm_head_overlap_window:np.float64(7.813068594998185) - drafter/trained:np.float64(0.0) - drafter/train_successful_steps_max:np.int64(0) - drafter/train_no_trainable_batch:np.float64(1.0) - drafter/train_activation_failed:np.float64(0.0) - drafter/train_attempted_batches_max:np.int64(1) - drafter/train_buffer_size_before_min:np.int64(2) - drafter/train_buffer_size_after_min:np.int64(2) - drafter/train_optimizer_step_max:np.int64(0) - drafter/train_worker_results_consistent:np.float64(0.0) - drafter/train_worker_ids_consistent:np.float64(1.0) - drafter/train_worker_incarnations_consistent:np.float64(1.0) - drafter/train_plan_ids_consistent:np.float64(1.0) - drafter/train_source_steps_consistent:np.float64(1.0) - drafter/train_data_versions_consistent:np.float64(1.0) - drafter/train_target_versions_consistent:np.float64(1.0) - drafter/train_successful_steps_consistent:np.float64(1.0) - drafter/train_optimizer_steps_consistent:np.float64(1.0) - drafter/train_publish_leader_count:np.float64(1.0) - drafter/train_publish_leader_snapshot_ready:np.float64(0.0) - timing_s/drafter_worker_training_loop:np.float64(0.08020615577697754) - timing_s/drafter_worker_cleanup:np.float64(1.8654603958129883) - timing_s/drafter_worker_elapsed:np.float64(1.9462268352508545) - timing_s/drafter_train_rpc:np.float64(3.022378812998795) - drafter/runtime_state:np.float64(4.0) - drafter/runtime_completed_batches:np.float64(0.0) - drafter/runtime_inflight:np.float64(0.0) - drafter/publish_attempted:np.float64(0.0) - drafter/published:np.float64(0.0) - timing_s/drafter_outer_unaccounted:np.float64(0.011593882998568006) - training/global_step:2 - training/epoch:0 - critic/score/mean:0.0 - critic/score/max:0.0 - critic/score/min:0.0 - critic/rewards/mean:0.0 - critic/rewards/max:0.0 - critic/rewards/min:0.0 - critic/advantages/mean:0.0 - critic/advantages/max:0.0 - critic/advantages/min:0.0 - critic/returns/mean:0.0 - critic/returns/max:0.0 - critic/returns/min:0.0 - response_length/mean:64.0 - response_length/max:64.0 - response_length/min:64.0 - response_length/clip_ratio:1.0 - response_length_non_aborted/mean:64.0 - response_length_non_aborted/max:64.0 - response_length_non_aborted/min:64.0 - response_length_non_aborted/clip_ratio:1.0 - response/aborted_ratio:0.0 - prompt_length/mean:24.5 - prompt_length/max:25.0 - prompt_length/min:24.0 - prompt_length/clip_ratio:0.0 - num_turns/min:np.int32(2) - num_turns/max:np.int32(2) - num_turns/mean:np.float64(2.0) - timing_s/start_profile:0.0001502740014984738 - timing_s/agent_loop/num_preempted/min:np.int64(-1) - timing_s/agent_loop/num_preempted/max:np.int64(-1) - timing_s/agent_loop/num_preempted/mean:np.float64(-1.0) - timing_s/agent_loop/generate_sequences/min:np.float64(0.8330392169991683) - timing_s/agent_loop/generate_sequences/max:np.float64(1.8279971149968333) - timing_s/agent_loop/generate_sequences/mean:np.float64(1.2502489707494533) - timing_s/agent_loop/tool_calls/min:np.float64(0.0) - timing_s/agent_loop/tool_calls/max:np.float64(0.0) - timing_s/agent_loop/tool_calls/mean:np.float64(0.0) - timing_s/agent_loop/compute_score/min:np.float64(0.01100828999915393) - timing_s/agent_loop/compute_score/max:np.float64(0.6285842729994329) - timing_s/agent_loop/compute_score/mean:np.float64(0.18439294824929675) - timing_s/agent_loop/slowest/generate_sequences:np.float64(1.3930292090008152) - timing_s/agent_loop/slowest/tool_calls:np.float64(0.0) - timing_s/agent_loop/slowest/compute_score:np.float64(0.6285842729994329) - timing_s/agent_loop/slowest/num_preempted:np.int64(-1) - timing_s/agent_loop/slowest/prompt_length:25 - timing_s/agent_loop/slowest/response_length:64 - timing_s/gen:3.0159936460004246 - timing_s/reward:6.177599789225496e-05 - timing_s/old_log_prob:5.1774394330022915 - timing_s/adv:0.003626537996751722 - timing_s/update_actor:7.813012412003445 - timing_s/drafter:9.291149576998578 - drafter/spec_decode/mean_acceptance_length:2.3 - timing_s/update_weights:4.765463231000467 - timing_s/step:30.07379582700014 - timing_s/stop_profile:0.00015608399917255156 - timing_per_token_ms/gen:11.781225179689159 - timing_per_token_ms/update_actor:22.070656531083177 - timing_per_token_ms/adv:0.010244457617942718 - perf/total_num_tokens:354 - perf/time_per_step:30.07379582700014 - perf/throughput:5.885522433489758
[36m(SpecoTaskRunner pid=54668)[0m step:3 - global_seqlen/min:176 - global_seqlen/max:178 - global_seqlen/minmax_diff:2 - global_seqlen/balanced_min:177 - global_seqlen/balanced_max:177 - global_seqlen/mean:177.0 - actor/entropy:0.0 - perf/mfu/actor_infer:0.005069914799928077 - training/rollout_probs_diff_valid:1 - training/rollout_probs_diff_max:0.11110866069793701 - training/rollout_probs_diff_mean:0.006016676779836416 - training/rollout_probs_diff_std:0.015613289549946785 - training/rollout_actor_probs_pearson_corr:0.9972310662269592 - rollout_corr/training_ppl:1.2262859344482422 - rollout_corr/training_log_ppl:0.20100289583206177 - rollout_corr/kl:0.0025909445248544216 - rollout_corr/k3_kl:0.0007625985890626907 - rollout_corr/rollout_ppl:1.2226009368896484 - rollout_corr/rollout_log_ppl:0.1984119415283203 - rollout_corr/log_ppl_diff:0.002590944990515709 - rollout_corr/log_ppl_abs_diff:0.0062590185552835464 - rollout_corr/log_ppl_diff_max:0.008990198373794556 - rollout_corr/log_ppl_diff_min:-0.004602178931236267 - rollout_corr/ppl_ratio:1.002614140510559 - rollout_corr/chi2_token:-0.002132594585418701 - rollout_corr/chi2_seq:-0.03357809782028198 - actor/pg_clipfrac:np.float64(0.0) - actor/ppo_kl:np.float64(0.0) - actor/pg_clipfrac_lower:np.float64(0.0) - actor/pg_loss:np.float64(0.0) - actor/loss:np.float64(0.0) - actor/grad_norm:np.float64(0.0) - actor/lr:np.float64(1e-06) - actor/perf/max_memory_allocated_gb:np.float64(28.367042064666748) - actor/perf/max_memory_reserved_gb:np.float64(34.052734375) - actor/perf/cpu_memory_used_gb:np.float64(212.38906860351562) - perf/mfu/actor:np.float64(0.009839604703782527) - drafter/raw_drafter_samples:np.float64(4.0) - drafter/collected_samples:np.float64(2.0) - drafter/collect_interval_matched:np.float64(1.0) - drafter/collection_plan_used:np.float64(1.0) - drafter/collection_plan_collect:np.float64(1.0) - drafter/collection_plan_reason:np.float64(7.0) - drafter/collection_plan_source:np.float64(2.0) - drafter/collection_plan_interval_matched:np.float64(1.0) - drafter/collection_plan_training_interval_matched:np.float64(1.0) - drafter/collection_attempted:np.float64(1.0) - drafter/collection_completed:np.float64(1.0) - drafter/collection_outcome_reason:np.float64(1.0) - drafter/collection_rejected_samples:np.float64(0.0) - drafter/collection_worker_results:np.float64(1.0) - drafter/collection_finalized:np.float64(1.0) - drafter/collection_expired_stages:np.float64(0.0) - timing_s/drafter_collection_rpc:np.float64(0.028504755999165354) - drafter/scheduler_used:np.float64(1.0) - drafter/schedule_launch:np.float64(1.0) - drafter/schedule_interval_matched:np.float64(1.0) - drafter/schedule_strategy:np.float64(0.0) - drafter/schedule_reason:np.float64(10.0) - drafter/target_lm_head_apply_deferred:np.float64(1.0) - drafter/target_lm_head_selected_rows:np.float64(0.0) - drafter/target_lm_head_source_vocab_size:np.float64(0.0) - drafter/target_lm_head_direct_sparse_export:np.float64(0.0) - timing_s/drafter_sync_target_lm_head_fetch:np.float64(6.72657023499778) - timing_s/drafter_sync_target_lm_head_dispatch:np.float64(3.9019818300002953) - drafter/train_interval_matched:np.float64(1.0) - drafter/target_lm_head_synced:np.float64(1.0) - timing_s/drafter_sync_target_lm_head:np.float64(10.631492551001429) - timing_s/drafter_sync_target_lm_head_apply:np.float64(3.902366117999918) - timing_s/drafter_sync_target_lm_head_wait:np.float64(0.0003842879996227566) - timing_s/drafter_sync_target_lm_head_overlap_window:np.float64(7.271053131000372) - drafter/trained:np.float64(0.0) - drafter/train_successful_steps_max:np.int64(0) - drafter/train_no_trainable_batch:np.float64(1.0) - drafter/train_activation_failed:np.float64(0.0) - drafter/train_attempted_batches_max:np.int64(1) - drafter/train_buffer_size_before_min:np.int64(2) - drafter/train_buffer_size_after_min:np.int64(2) - drafter/train_optimizer_step_max:np.int64(0) - drafter/train_worker_results_consistent:np.float64(0.0) - drafter/train_worker_ids_consistent:np.float64(1.0) - drafter/train_worker_incarnations_consistent:np.float64(1.0) - drafter/train_plan_ids_consistent:np.float64(1.0) - drafter/train_source_steps_consistent:np.float64(1.0) - drafter/train_data_versions_consistent:np.float64(1.0) - drafter/train_target_versions_consistent:np.float64(1.0) - drafter/train_successful_steps_consistent:np.float64(1.0) - drafter/train_optimizer_steps_consistent:np.float64(1.0) - drafter/train_publish_leader_count:np.float64(1.0) - drafter/train_publish_leader_snapshot_ready:np.float64(0.0) - timing_s/drafter_worker_training_loop:np.float64(0.0016252994537353516) - timing_s/drafter_worker_cleanup:np.float64(1.8506205081939697) - timing_s/drafter_worker_elapsed:np.float64(1.8524603843688965) - timing_s/drafter_train_rpc:np.float64(2.9809055120022094) - drafter/runtime_state:np.float64(4.0) - drafter/runtime_completed_batches:np.float64(0.0) - drafter/runtime_inflight:np.float64(0.0) - drafter/publish_attempted:np.float64(0.0) - drafter/published:np.float64(0.0) - timing_s/drafter_outer_unaccounted:np.float64(0.00857087799886358) - training/global_step:3 - training/epoch:0 - critic/score/mean:0.0 - critic/score/max:0.0 - critic/score/min:0.0 - critic/rewards/mean:0.0 - critic/rewards/max:0.0 - critic/rewards/min:0.0 - critic/advantages/mean:0.0 - critic/advantages/max:0.0 - critic/advantages/min:0.0 - critic/returns/mean:0.0 - critic/returns/max:0.0 - critic/returns/min:0.0 - response_length/mean:64.0 - response_length/max:64.0 - response_length/min:64.0 - response_length/clip_ratio:1.0 - response_length_non_aborted/mean:64.0 - response_length_non_aborted/max:64.0 - response_length_non_aborted/min:64.0 - response_length_non_aborted/clip_ratio:1.0 - response/aborted_ratio:0.0 - prompt_length/mean:24.5 - prompt_length/max:25.0 - prompt_length/min:24.0 - prompt_length/clip_ratio:0.0 - num_turns/min:np.int32(2) - num_turns/max:np.int32(2) - num_turns/mean:np.float64(2.0) - timing_s/start_profile:0.00017901100000017323 - timing_s/agent_loop/num_preempted/min:np.int64(-1) - timing_s/agent_loop/num_preempted/max:np.int64(-1) - timing_s/agent_loop/num_preempted/mean:np.float64(-1.0) - timing_s/agent_loop/generate_sequences/min:np.float64(0.8752079890000459) - timing_s/agent_loop/generate_sequences/max:np.float64(1.01907717100039) - timing_s/agent_loop/generate_sequences/mean:np.float64(0.9320614874995954) - timing_s/agent_loop/tool_calls/min:np.float64(0.0) - timing_s/agent_loop/tool_calls/max:np.float64(0.0) - timing_s/agent_loop/tool_calls/mean:np.float64(0.0) - timing_s/agent_loop/compute_score/min:np.float64(0.009940536998328753) - timing_s/agent_loop/compute_score/max:np.float64(0.03236129799915943) - timing_s/agent_loop/compute_score/mean:np.float64(0.01618258424969099) - timing_s/agent_loop/slowest/generate_sequences:np.float64(1.01907717100039) - timing_s/agent_loop/slowest/tool_calls:np.float64(0.0) - timing_s/agent_loop/slowest/compute_score:np.float64(0.011718177000147989) - timing_s/agent_loop/slowest/num_preempted:np.int64(-1) - timing_s/agent_loop/slowest/prompt_length:24 - timing_s/agent_loop/slowest/response_length:64 - timing_s/gen:2.1519284040005004 - timing_s/reward:2.48869982897304e-05 - timing_s/old_log_prob:5.514137926998956 - timing_s/adv:0.0012291769999137614 - timing_s/update_actor:7.2709565379991545 - timing_s/drafter:13.620968941002502 - drafter/spec_decode/mean_acceptance_length:2.1864406779661016 - timing_s/update_weights:5.161035681001522 - timing_s/step:33.72489665000103 - timing_s/stop_profile:6.214199675014243e-05 - timing_per_token_ms/gen:8.405970328126955 - timing_per_token_ms/update_actor:20.539425248585182 - timing_per_token_ms/adv:0.003472251412185767 - perf/total_num_tokens:354 - perf/time_per_step:33.72489665000103 - perf/throughput:5.248348181372251[36m(SpecoVLLMHttpServer pid=55180)[0m (Worker_TP0 pid=55875) WARNING:2026-09-19 09:21:38,676:[speco draft sleep] drafter state saved before level-2 sleep (66 tensors)
[36m(SpecoVLLMHttpServer pid=55180)[0m (Worker_TP1 pid=55876) WARNING:2026-09-19 09:21:38,680:[speco draft sleep] drafter state saved before level-2 sleep (66 tensors)
[36m(SpecoWorker pid=56180)[0m ERROR:2026-09-19 09:21:58,920:Training step 4 failed with error: DFlash input/hidden/mask row mismatch: input_rows=34, hidden_rows=33, mask_rows=34
[36m(SpecoWorker pid=56180)[0m Traceback (most recent call last):
[36m(SpecoWorker pid=56180)[0m   File "/experiment/variants/eagle-alias/verl_speco/trainer/base_trainer.py", line 4679, in training_step
[36m(SpecoWorker pid=56180)[0m     return await self._training_step_impl(
[36m(SpecoWorker pid=56180)[0m            ^^^^^^^^^^^^^^^^^^^^^^^^^^^^^^^
[36m(SpecoWorker pid=56180)[0m   File "/experiment/variants/eagle-alias/verl_speco/trainer/base_trainer.py", line 4733, in _training_step_impl
[36m(SpecoWorker pid=56180)[0m     batch = self.prepare_training_batch(
[36m(SpecoWorker pid=56180)[0m             ^^^^^^^^^^^^^^^^^^^^^^^^^^^^
[36m(SpecoWorker pid=56180)[0m   File "/experiment/variants/eagle-alias/verl_speco/trainer/base_trainer.py", line 4512, in prepare_training_batch
[36m(SpecoWorker pid=56180)[0m     return self._prepare_training_batch(
[36m(SpecoWorker pid=56180)[0m            ^^^^^^^^^^^^^^^^^^^^^^^^^^^^^
[36m(SpecoWorker pid=56180)[0m   File "/experiment/variants/eagle-alias/verl_speco/trainer/base_trainer.py", line 3702, in _prepare_training_batch
[36m(SpecoWorker pid=56180)[0m     preprocessed_lists = self.backend.preprocess_individual_items(
[36m(SpecoWorker pid=56180)[0m                          ^^^^^^^^^^^^^^^^^^^^^^^^^^^^^^^^^^^^^^^^^
[36m(SpecoWorker pid=56180)[0m   File "/experiment/variants/eagle-alias/verl_speco/backends/dflash_trainer_backend.py", line 1260, in preprocess_individual_items
[36m(SpecoWorker pid=56180)[0m     raise ValueError(
[36m(SpecoWorker pid=56180)[0m ValueError: DFlash input/hidden/mask row mismatch: input_rows=34, hidden_rows=33, mask_rows=34
[36m(SpecoVLLMHttpServer pid=55180)[0m (Worker_TP1 pid=55876) WARNING:2026-09-19 09:22:03,692:[speco draft wake_up] drafter state restored after level-2 wake_up (66 tensors, revision=0)
[36m(SpecoVLLMHttpServer pid=55180)[0m (Worker_TP0 pid=55875) WARNING:2026-09-19 09:22:03,693:[speco draft wake_up] drafter state restored after level-2 wake_up (66 tensors, revision=0)
[36m(SpecoTaskRunner pid=54668)[0m Training Progress:  20%|██        | 4/20 [03:18<11:03, 41.47s/it]
[36m(SpecoWorker pid=56179)[0m ERROR:2026-09-19 09:21:58,920:Training step 4 failed with error: DFlash input/hidden/mask row mismatch: input_rows=34, hidden_rows=33, mask_rows=34
[36m(SpecoWorker pid=56179)[0m Traceback (most recent call last):
[36m(SpecoWorker pid=56179)[0m   File "/experiment/variants/eagle-alias/verl_speco/trainer/base_trainer.py", line 4679, in training_step
[36m(SpecoWorker pid=56179)[0m     return await self._training_step_impl(
[36m(SpecoWorker pid=56179)[0m            ^^^^^^^^^^^^^^^^^^^^^^^^^^^^^^^
[36m(SpecoWorker pid=56179)[0m   File "/experiment/variants/eagle-alias/verl_speco/trainer/base_trainer.py", line 4733, in _training_step_impl
[36m(SpecoWorker pid=56179)[0m     batch = self.prepare_training_batch(
[36m(SpecoWorker pid=56179)[0m             ^^^^^^^^^^^^^^^^^^^^^^^^^^^^
[36m(SpecoWorker pid=56179)[0m   File "/experiment/variants/eagle-alias/verl_speco/trainer/base_trainer.py", line 4512, in prepare_training_batch
[36m(SpecoWorker pid=56179)[0m     return self._prepare_training_batch(
[36m(SpecoWorker pid=56179)[0m            ^^^^^^^^^^^^^^^^^^^^^^^^^^^^^
[36m(SpecoWorker pid=56179)[0m   File "/experiment/variants/eagle-alias/verl_speco/trainer/base_trainer.py", line 3702, in _prepare_training_batch
[36m(SpecoWorker pid=56179)[0m     preprocessed_lists = self.backend.preprocess_individual_items(
[36m(SpecoWorker pid=56179)[0m                          ^^^^^^^^^^^^^^^^^^^^^^^^^^^^^^^^^^^^^^^^^
[36m(SpecoWorker pid=56179)[0m   File "/experiment/variants/eagle-alias/verl_speco/backends/dflash_trainer_backend.py", line 1260, in preprocess_individual_items
[36m(SpecoWorker pid=56179)[0m     raise ValueError(
[36m(SpecoWorker pid=56179)[0m ValueError: DFlash input/hidden/mask row mismatch: input_rows=34, hidden_rows=33, mask_rows=34
[36m(RewardLoopWorker pid=55174)[0m WARNING:2026-09-19 09:22:09,895:Platform 'nvidia' (PlatformCUDA) is registered but not available. This may be due to this ray actor being a CPU-only actor.
[36m(SpecoVLLMHttpServer pid=55180)[0m (Worker_TP1 pid=55876) WARNING:2026-09-19 09:22:10,447:[speco draft sleep] drafter state saved before level-2 sleep (66 tensors)
[36m(SpecoVLLMHttpServer pid=55180)[0m (Worker_TP0 pid=55875) WARNING:2026-09-19 09:22:10,447:[speco draft sleep] drafter state saved before level-2 sleep (66 tensors)
[36m(SpecoWorker pid=56179)[0m ERROR:2026-09-19 09:22:31,085:Training step 5 failed with error: DFlash input/hidden/mask row mismatch: input_rows=34, hidden_rows=33, mask_rows=34
[36m(SpecoWorker pid=56179)[0m Traceback (most recent call last):
[36m(SpecoWorker pid=56179)[0m   File "/experiment/variants/eagle-alias/verl_speco/trainer/base_trainer.py", line 4679, in training_step
[36m(SpecoWorker pid=56179)[0m     return await self._training_step_impl(
[36m(SpecoWorker pid=56179)[0m            ^^^^^^^^^^^^^^^^^^^^^^^^^^^^^^^
[36m(SpecoWorker pid=56179)[0m   File "/experiment/variants/eagle-alias/verl_speco/trainer/base_trainer.py", line 4733, in _training_step_impl
[36m(SpecoWorker pid=56179)[0m     batch = self.prepare_training_batch(
[36m(SpecoWorker pid=56179)[0m             ^^^^^^^^^^^^^^^^^^^^^^^^^^^^
[36m(SpecoWorker pid=56179)[0m   File "/experiment/variants/eagle-alias/verl_speco/trainer/base_trainer.py", line 4512, in prepare_training_batch
[36m(SpecoWorker pid=56179)[0m     return self._prepare_training_batch(
[36m(SpecoWorker pid=56179)[0m            ^^^^^^^^^^^^^^^^^^^^^^^^^^^^^
[36m(SpecoWorker pid=56179)[0m   File "/experiment/variants/eagle-alias/verl_speco/trainer/base_trainer.py", line 3702, in _prepare_training_batch
[36m(SpecoWorker pid=56179)[0m     preprocessed_lists = self.backend.preprocess_individual_items(
[36m(SpecoWorker pid=56179)[0m                          ^^^^^^^^^^^^^^^^^^^^^^^^^^^^^^^^^^^^^^^^^
[36m(SpecoWorker pid=56179)[0m   File "/experiment/variants/eagle-alias/verl_speco/backends/dflash_trainer_backend.py", line 1260, in preprocess_individual_items
[36m(SpecoWorker pid=56179)[0m     raise ValueError(
[36m(SpecoWorker pid=56179)[0m ValueError: DFlash input/hidden/mask row mismatch: input_rows=34, hidden_rows=33, mask_rows=34
[36m(SpecoVLLMHttpServer pid=55180)[0m (Worker_TP1 pid=55876) WARNING:2026-09-19 09:22:34,304:[speco draft wake_up] drafter state restored after level-2 wake_up (66 tensors, revision=0)
[36m(SpecoVLLMHttpServer pid=55180)[0m (Worker_TP0 pid=55875) WARNING:2026-09-19 09:22:34,319:[speco draft wake_up] drafter state restored after level-2 wake_up (66 tensors, revision=0)
[36m(SpecoTaskRunner pid=54668)[0m Training Progress:  25%|██▌       | 5/20 [03:48<09:20, 37.35s/it]
[36m(SpecoWorker pid=56180)[0m ERROR:2026-09-19 09:22:31,085:Training step 5 failed with error: DFlash input/hidden/mask row mismatch: input_rows=34, hidden_rows=33, mask_rows=34
[36m(SpecoWorker pid=56180)[0m Traceback (most recent call last):
[36m(SpecoWorker pid=56180)[0m   File "/experiment/variants/eagle-alias/verl_speco/trainer/base_trainer.py", line 4679, in training_step
[36m(SpecoWorker pid=56180)[0m     return await self._training_step_impl(
[36m(SpecoWorker pid=56180)[0m            ^^^^^^^^^^^^^^^^^^^^^^^^^^^^^^^
[36m(SpecoWorker pid=56180)[0m   File "/experiment/variants/eagle-alias/verl_speco/trainer/base_trainer.py", line 4733, in _training_step_impl
[36m(SpecoWorker pid=56180)[0m     batch = self.prepare_training_batch(
[36m(SpecoWorker pid=56180)[0m             ^^^^^^^^^^^^^^^^^^^^^^^^^^^^
[36m(SpecoWorker pid=56180)[0m   File "/experiment/variants/eagle-alias/verl_speco/trainer/base_trainer.py", line 4512, in prepare_training_batch
[36m(SpecoWorker pid=56180)[0m     return self._prepare_training_batch(
[36m(SpecoWorker pid=56180)[0m            ^^^^^^^^^^^^^^^^^^^^^^^^^^^^^
[36m(SpecoWorker pid=56180)[0m   File "/experiment/variants/eagle-alias/verl_speco/trainer/base_trainer.py", line 3702, in _prepare_training_batch
[36m(SpecoWorker pid=56180)[0m     preprocessed_lists = self.backend.preprocess_individual_items(
[36m(SpecoWorker pid=56180)[0m                          ^^^^^^^^^^^^^^^^^^^^^^^^^^^^^^^^^^^^^^^^^
[36m(SpecoWorker pid=56180)[0m   File "/experiment/variants/eagle-alias/verl_speco/backends/dflash_trainer_backend.py", line 1260, in preprocess_individual_items
[36m(SpecoWorker pid=56180)[0m     raise ValueError(
[36m(SpecoWorker pid=56180)[0m ValueError: DFlash input/hidden/mask row mismatch: input_rows=34, hidden_rows=33, mask_rows=34

[36m(SpecoTaskRunner pid=54668)[0m step:4 - global_seqlen/min:176 - global_seqlen/max:176 - global_seqlen/minmax_diff:0 - global_seqlen/balanced_min:176 - global_seqlen/balanced_max:176 - global_seqlen/mean:176.0 - actor/entropy:0.0 - perf/mfu/actor_infer:0.010295066293024041 - training/rollout_probs_diff_valid:1 - training/rollout_probs_diff_max:0.07432940602302551 - training/rollout_probs_diff_mean:0.005668507888913155 - training/rollout_probs_diff_std:0.014096321538090706 - training/rollout_actor_probs_pearson_corr:0.996436357498169 - rollout_corr/training_ppl:1.136781930923462 - rollout_corr/training_log_ppl:0.12775132060050964 - rollout_corr/kl:0.0015139237511903048 - rollout_corr/k3_kl:0.0006889284122735262 - rollout_corr/rollout_ppl:1.135088562965393 - rollout_corr/rollout_log_ppl:0.1262373924255371 - rollout_corr/log_ppl_diff:0.0015139244496822357 - rollout_corr/log_ppl_abs_diff:0.006156455725431442 - rollout_corr/log_ppl_diff_max:0.00947946310043335 - rollout_corr/log_ppl_diff_min:-0.009285062551498413 - rollout_corr/ppl_ratio:1.0015389919281006 - rollout_corr/chi2_token:-0.0002453327178955078 - rollout_corr/chi2_seq:0.24809908866882324 - actor/pg_clipfrac:np.float64(0.0) - actor/ppo_kl:np.float64(0.0) - actor/pg_clipfrac_lower:np.float64(0.0) - actor/pg_loss:np.float64(0.0) - actor/loss:np.float64(0.0) - actor/grad_norm:np.float64(0.0) - actor/lr:np.float64(1e-06) - actor/perf/max_memory_allocated_gb:np.float64(28.367042064666748) - actor/perf/max_memory_reserved_gb:np.float64(34.052734375) - actor/perf/cpu_memory_used_gb:np.float64(212.21076202392578) - perf/mfu/actor:np.float64(0.00998832304753737) - drafter/raw_drafter_samples:np.float64(4.0) - drafter/collected_samples:np.float64(2.0) - drafter/collect_interval_matched:np.float64(1.0) - drafter/collection_plan_used:np.float64(1.0) - drafter/collection_plan_collect:np.float64(1.0) - drafter/collection_plan_reason:np.float64(7.0) - drafter/collection_plan_source:np.float64(2.0) - drafter/collection_plan_interval_matched:np.float64(1.0) - drafter/collection_plan_training_interval_matched:np.float64(1.0) - drafter/collection_attempted:np.float64(1.0) - drafter/collection_completed:np.float64(1.0) - drafter/collection_outcome_reason:np.float64(1.0) - drafter/collection_rejected_samples:np.float64(0.0) - drafter/collection_worker_results:np.float64(1.0) - drafter/collection_finalized:np.float64(1.0) - drafter/collection_expired_stages:np.float64(0.0) - timing_s/drafter_collection_rpc:np.float64(0.4842025649995776) - drafter/scheduler_used:np.float64(1.0) - drafter/schedule_launch:np.float64(1.0) - drafter/schedule_interval_matched:np.float64(1.0) - drafter/schedule_strategy:np.float64(0.0) - drafter/schedule_reason:np.float64(10.0) - drafter/target_lm_head_apply_deferred:np.float64(1.0) - drafter/target_lm_head_selected_rows:np.float64(0.0) - drafter/target_lm_head_source_vocab_size:np.float64(0.0) - drafter/target_lm_head_direct_sparse_export:np.float64(0.0) - timing_s/drafter_sync_target_lm_head_fetch:np.float64(4.935548867000762) - timing_s/drafter_sync_target_lm_head_dispatch:np.float64(2.0006845879979664) - drafter/train_interval_matched:np.float64(1.0) - drafter/target_lm_head_synced:np.float64(1.0) - timing_s/drafter_sync_target_lm_head:np.float64(6.9406841679992795) - timing_s/drafter_sync_target_lm_head_apply:np.float64(2.0010767959975055) - timing_s/drafter_sync_target_lm_head_wait:np.float64(0.0003922079995390959) - timing_s/drafter_sync_target_lm_head_overlap_window:np.float64(7.258321785000589) - drafter/trained:np.float64(0.0) - drafter/train_successful_steps_max:np.int64(0) - drafter/train_no_trainable_batch:np.float64(1.0) - drafter/train_activation_failed:np.float64(0.0) - drafter/train_attempted_batches_max:np.int64(1) - drafter/train_buffer_size_before_min:np.int64(2) - drafter/train_buffer_size_after_min:np.int64(2) - drafter/train_optimizer_step_max:np.int64(0) - drafter/train_worker_results_consistent:np.float64(0.0) - drafter/train_worker_ids_consistent:np.float64(1.0) - drafter/train_worker_incarnations_consistent:np.float64(1.0) - drafter/train_plan_ids_consistent:np.float64(1.0) - drafter/train_source_steps_consistent:np.float64(1.0) - drafter/train_data_versions_consistent:np.float64(1.0) - drafter/train_target_versions_consistent:np.float64(1.0) - drafter/train_successful_steps_consistent:np.float64(1.0) - drafter/train_optimizer_steps_consistent:np.float64(1.0) - drafter/train_publish_leader_count:np.float64(1.0) - drafter/train_publish_leader_snapshot_ready:np.float64(0.0) - timing_s/drafter_worker_training_loop:np.float64(1.5954186916351318) - timing_s/drafter_worker_cleanup:np.float64(1.732987642288208) - timing_s/drafter_worker_elapsed:np.float64(3.328875780105591) - timing_s/drafter_train_rpc:np.float64(4.352825269997993) - drafter/runtime_state:np.float64(4.0) - drafter/runtime_completed_batches:np.float64(0.0) - drafter/runtime_inflight:np.float64(0.0) - drafter/publish_attempted:np.float64(0.0) - drafter/published:np.float64(0.0) - timing_s/drafter_outer_unaccounted:np.float64(0.010934719004580984) - training/global_step:4 - training/epoch:0 - critic/score/mean:0.0 - critic/score/max:0.0 - critic/score/min:0.0 - critic/rewards/mean:0.0 - critic/rewards/max:0.0 - critic/rewards/min:0.0 - critic/advantages/mean:0.0 - critic/advantages/max:0.0 - critic/advantages/min:0.0 - critic/returns/mean:0.0 - critic/returns/max:0.0 - critic/returns/min:0.0 - response_length/mean:64.0 - response_length/max:64.0 - response_length/min:64.0 - response_length/clip_ratio:1.0 - response_length_non_aborted/mean:64.0 - response_length_non_aborted/max:64.0 - response_length_non_aborted/min:64.0 - response_length_non_aborted/clip_ratio:1.0 - response/aborted_ratio:0.0 - prompt_length/mean:24.0 - prompt_length/max:24.0 - prompt_length/min:24.0 - prompt_length/clip_ratio:0.0 - num_turns/min:np.int32(2) - num_turns/max:np.int32(2) - num_turns/mean:np.float64(2.0) - timing_s/start_profile:4.649800030165352e-05 - timing_s/agent_loop/num_preempted/min:np.int64(-1) - timing_s/agent_loop/num_preempted/max:np.int64(-1) - timing_s/agent_loop/num_preempted/mean:np.float64(-1.0) - timing_s/agent_loop/generate_sequences/min:np.float64(0.8902230839994445) - timing_s/agent_loop/generate_sequences/max:np.float64(1.0011259080019954) - timing_s/agent_loop/generate_sequences/mean:np.float64(0.9403976590010643) - timing_s/agent_loop/tool_calls/min:np.float64(0.0) - timing_s/agent_loop/tool_calls/max:np.float64(0.0) - timing_s/agent_loop/tool_calls/mean:np.float64(0.0) - timing_s/agent_loop/compute_score/min:np.float64(0.010544192002271302) - timing_s/agent_loop/compute_score/max:np.float64(0.013702064999961294) - timing_s/agent_loop/compute_score/mean:np.float64(0.011839923500701843) - timing_s/agent_loop/slowest/generate_sequences:np.float64(1.0011259080019954) - timing_s/agent_loop/slowest/tool_calls:np.float64(0.0) - timing_s/agent_loop/slowest/compute_score:np.float64(0.011470096000266494) - timing_s/agent_loop/slowest/num_preempted:np.int64(-1) - timing_s/agent_loop/slowest/prompt_length:24 - timing_s/agent_loop/slowest/response_length:64 - timing_s/gen:2.5172563750020345 - timing_s/reward:3.0743998649995774e-05 - timing_s/old_log_prob:4.064040208002552 - timing_s/adv:0.0038316730024234857 - timing_s/update_actor:7.258333724999829 - timing_s/drafter:11.304444157001853 - drafter/spec_decode/mean_acceptance_length:2.170940170940171 - timing_s/update_weights:5.26973374100271 - timing_s/step:30.424035135998565 - timing_s/stop_profile:0.00015015199824119918 - timing_per_token_ms/gen:9.833032714851697 - timing_per_token_ms/update_actor:20.620266264204062 - timing_per_token_ms/adv:0.010885434665975812 - perf/total_num_tokens:352 - perf/time_per_step:30.424035135998565 - perf/throughput:5.784899971790787
[36m(SpecoTaskRunner pid=54668)[0m step:5 - global_seqlen/min:176 - global_seqlen/max:178 - global_seqlen/minmax_diff:2 - global_seqlen/balanced_min:177 - global_seqlen/balanced_max:177 - global_seqlen/mean:177.0 - actor/entropy:0.0 - perf/mfu/actor_infer:0.004140737025020817 - training/rollout_probs_diff_valid:1 - training/rollout_probs_diff_max:0.12279912829399109 - training/rollout_probs_diff_mean:0.006733942776918411 - training/rollout_probs_diff_std:0.017188705503940582 - training/rollout_actor_probs_pearson_corr:0.9968344569206238 - rollout_corr/training_ppl:1.2199002504348755 - rollout_corr/training_log_ppl:0.19852928817272186 - rollout_corr/kl:0.002527576172724366 - rollout_corr/k3_kl:0.0008044063579291105 - rollout_corr/rollout_ppl:1.2167872190475464 - rollout_corr/rollout_log_ppl:0.19600172340869904 - rollout_corr/log_ppl_diff:0.0025275759398937225 - rollout_corr/log_ppl_abs_diff:0.003762591630220413 - rollout_corr/log_ppl_diff_max:0.010957926511764526 - rollout_corr/log_ppl_diff_min:-0.0024700313806533813 - rollout_corr/ppl_ratio:1.0025436878204346 - rollout_corr/chi2_token:-0.001889348030090332 - rollout_corr/chi2_seq:-0.14441746473312378 - actor/pg_clipfrac:np.float64(0.0) - actor/ppo_kl:np.float64(0.0) - actor/pg_clipfrac_lower:np.float64(0.0) - actor/pg_loss:np.float64(0.0) - actor/loss:np.float64(0.0) - actor/grad_norm:np.float64(0.0) - actor/lr:np.float64(1e-06) - actor/perf/max_memory_allocated_gb:np.float64(28.367042064666748) - actor/perf/max_memory_reserved_gb:np.float64(34.052734375) - actor/perf/cpu_memory_used_gb:np.float64(210.8282356262207) - perf/mfu/actor:np.float64(0.009506785507189886) - drafter/raw_drafter_samples:np.float64(4.0) - drafter/collected_samples:np.float64(2.0) - drafter/collect_interval_matched:np.float64(1.0) - drafter/collection_plan_used:np.float64(1.0) - drafter/collection_plan_collect:np.float64(1.0) - drafter/collection_plan_reason:np.float64(7.0) - drafter/collection_plan_source:np.float64(2.0) - drafter/collection_plan_interval_matched:np.float64(1.0) - drafter/collection_plan_training_interval_matched:np.float64(1.0) - drafter/collection_attempted:np.float64(1.0) - drafter/collection_completed:np.float64(1.0) - drafter/collection_outcome_reason:np.float64(1.0) - drafter/collection_rejected_samples:np.float64(0.0) - drafter/collection_worker_results:np.float64(1.0) - drafter/collection_finalized:np.float64(1.0) - drafter/collection_expired_stages:np.float64(0.0) - timing_s/drafter_collection_rpc:np.float64(0.9902312859994709) - drafter/scheduler_used:np.float64(1.0) - drafter/schedule_launch:np.float64(1.0) - drafter/schedule_interval_matched:np.float64(1.0) - drafter/schedule_strategy:np.float64(0.0) - drafter/schedule_reason:np.float64(10.0) - drafter/target_lm_head_apply_deferred:np.float64(1.0) - drafter/target_lm_head_selected_rows:np.float64(0.0) - drafter/target_lm_head_source_vocab_size:np.float64(0.0) - drafter/target_lm_head_direct_sparse_export:np.float64(0.0) - timing_s/drafter_sync_target_lm_head_fetch:np.float64(4.586127124999621) - timing_s/drafter_sync_target_lm_head_dispatch:np.float64(1.1941987360005442) - drafter/train_interval_matched:np.float64(1.0) - drafter/target_lm_head_synced:np.float64(1.0) - timing_s/drafter_sync_target_lm_head:np.float64(5.7845663920052175) - timing_s/drafter_sync_target_lm_head_apply:np.float64(1.1945751360035501) - timing_s/drafter_sync_target_lm_head_wait:np.float64(0.0003764000030059833) - timing_s/drafter_sync_target_lm_head_overlap_window:np.float64(7.45151187099691) - drafter/trained:np.float64(0.0) - drafter/train_successful_steps_max:np.int64(0) - drafter/train_no_trainable_batch:np.float64(1.0) - drafter/train_activation_failed:np.float64(0.0) - drafter/train_attempted_batches_max:np.int64(1) - drafter/train_buffer_size_before_min:np.int64(2) - drafter/train_buffer_size_after_min:np.int64(2) - drafter/train_optimizer_step_max:np.int64(0) - drafter/train_worker_results_consistent:np.float64(0.0) - drafter/train_worker_ids_consistent:np.float64(1.0) - drafter/train_worker_incarnations_consistent:np.float64(1.0) - drafter/train_plan_ids_consistent:np.float64(1.0) - drafter/train_source_steps_consistent:np.float64(1.0) - drafter/train_data_versions_consistent:np.float64(1.0) - drafter/train_target_versions_consistent:np.float64(1.0) - drafter/train_successful_steps_consistent:np.float64(1.0) - drafter/train_optimizer_steps_consistent:np.float64(1.0) - drafter/train_publish_leader_count:np.float64(1.0) - drafter/train_publish_leader_snapshot_ready:np.float64(0.0) - timing_s/drafter_worker_training_loop:np.float64(0.0015926361083984375) - timing_s/drafter_worker_cleanup:np.float64(1.749150037765503) - timing_s/drafter_worker_elapsed:np.float64(1.750936508178711) - timing_s/drafter_train_rpc:np.float64(2.7311617830018804) - drafter/runtime_state:np.float64(4.0) - drafter/runtime_completed_batches:np.float64(0.0) - drafter/runtime_inflight:np.float64(0.0) - drafter/publish_attempted:np.float64(0.0) - drafter/published:np.float64(0.0) - timing_s/drafter_outer_unaccounted:np.float64(0.010861878992727725) - training/global_step:5 - training/epoch:0 - critic/score/mean:0.0 - critic/score/max:0.0 - critic/score/min:0.0 - critic/rewards/mean:0.0 - critic/rewards/max:0.0 - critic/rewards/min:0.0 - critic/advantages/mean:0.0 - critic/advantages/max:0.0 - critic/advantages/min:0.0 - critic/returns/mean:0.0 - critic/returns/max:0.0 - critic/returns/min:0.0 - response_length/mean:64.0 - response_length/max:64.0 - response_length/min:64.0 - response_length/clip_ratio:1.0 - response_length_non_aborted/mean:64.0 - response_length_non_aborted/max:64.0 - response_length_non_aborted/min:64.0 - response_length_non_aborted/clip_ratio:1.0 - response/aborted_ratio:0.0 - prompt_length/mean:24.5 - prompt_length/max:25.0 - prompt_length/min:24.0 - prompt_length/clip_ratio:0.0 - num_turns/min:np.int32(2) - num_turns/max:np.int32(2) - num_turns/mean:np.float64(2.0) - timing_s/start_profile:0.00020284900165279396 - timing_s/agent_loop/num_preempted/min:np.int64(-1) - timing_s/agent_loop/num_preempted/max:np.int64(-1) - timing_s/agent_loop/num_preempted/mean:np.float64(-1.0) - timing_s/agent_loop/generate_sequences/min:np.float64(0.7881583999987924) - timing_s/agent_loop/generate_sequences/max:np.float64(1.5163557399973797) - timing_s/agent_loop/generate_sequences/mean:np.float64(1.0039725539991196) - timing_s/agent_loop/tool_calls/min:np.float64(0.0) - timing_s/agent_loop/tool_calls/max:np.float64(0.0) - timing_s/agent_loop/tool_calls/mean:np.float64(0.0) - timing_s/agent_loop/compute_score/min:np.float64(0.006329805000859778) - timing_s/agent_loop/compute_score/max:np.float64(0.7525456490002398) - timing_s/agent_loop/compute_score/mean:np.float64(0.35291699150002387) - timing_s/agent_loop/slowest/generate_sequences:np.float64(0.8428000530002464) - timing_s/agent_loop/slowest/tool_calls:np.float64(0.0) - timing_s/agent_loop/slowest/compute_score:np.float64(0.7525456490002398) - timing_s/agent_loop/slowest/num_preempted:np.int64(-1) - timing_s/agent_loop/slowest/prompt_length:25 - timing_s/agent_loop/slowest/response_length:64 - timing_s/gen:2.346681187998911 - timing_s/reward:3.322100019431673e-05 - timing_s/old_log_prob:6.221370204002596 - timing_s/adv:0.0036947660009900574 - timing_s/update_actor:7.451500259998284 - timing_s/drafter:8.526590053999826 - drafter/spec_decode/mean_acceptance_length:2.311926605504587 - timing_s/update_weights:5.488029713000287 - timing_s/step:30.04521201500029 - timing_s/stop_profile:0.00014569199993275106 - timing_per_token_ms/gen:9.166723390620746 - timing_per_token_ms/update_actor:21.049435762707013 - timing_per_token_ms/adv:0.010437192093192252 - perf/total_num_tokens:354 - perf/time_per_step:30.04521201500029 - perf/throughput:5.891121683935246[36m(SpecoVLLMHttpServer pid=55180)[0m (Worker_TP0 pid=55875) WARNING:2026-09-19 09:22:39,812:[speco draft sleep] drafter state saved before level-2 sleep (66 tensors)
[36m(SpecoVLLMHttpServer pid=55180)[0m (Worker_TP1 pid=55876) WARNING:2026-09-19 09:22:39,817:[speco draft sleep] drafter state saved before level-2 sleep (66 tensors)
[36m(SpecoWorker pid=56179)[0m ERROR:2026-09-19 09:22:58,140:Training step 6 failed with error: DFlash input/hidden/mask row mismatch: input_rows=34, hidden_rows=33, mask_rows=34
[36m(SpecoWorker pid=56179)[0m Traceback (most recent call last):
[36m(SpecoWorker pid=56179)[0m   File "/experiment/variants/eagle-alias/verl_speco/trainer/base_trainer.py", line 4679, in training_step
[36m(SpecoWorker pid=56179)[0m     return await self._training_step_impl(
[36m(SpecoWorker pid=56179)[0m            ^^^^^^^^^^^^^^^^^^^^^^^^^^^^^^^
[36m(SpecoWorker pid=56179)[0m   File "/experiment/variants/eagle-alias/verl_speco/trainer/base_trainer.py", line 4733, in _training_step_impl
[36m(SpecoWorker pid=56179)[0m     batch = self.prepare_training_batch(
[36m(SpecoWorker pid=56179)[0m             ^^^^^^^^^^^^^^^^^^^^^^^^^^^^
[36m(SpecoWorker pid=56179)[0m   File "/experiment/variants/eagle-alias/verl_speco/trainer/base_trainer.py", line 4512, in prepare_training_batch
[36m(SpecoWorker pid=56179)[0m     return self._prepare_training_batch(
[36m(SpecoWorker pid=56179)[0m            ^^^^^^^^^^^^^^^^^^^^^^^^^^^^^
[36m(SpecoWorker pid=56179)[0m   File "/experiment/variants/eagle-alias/verl_speco/trainer/base_trainer.py", line 3702, in _prepare_training_batch
[36m(SpecoWorker pid=56179)[0m     preprocessed_lists = self.backend.preprocess_individual_items(
[36m(SpecoWorker pid=56179)[0m                          ^^^^^^^^^^^^^^^^^^^^^^^^^^^^^^^^^^^^^^^^^
[36m(SpecoWorker pid=56179)[0m   File "/experiment/variants/eagle-alias/verl_speco/backends/dflash_trainer_backend.py", line 1260, in preprocess_individual_items
[36m(SpecoWorker pid=56179)[0m     raise ValueError(
[36m(SpecoWorker pid=56179)[0m ValueError: DFlash input/hidden/mask row mismatch: input_rows=34, hidden_rows=33, mask_rows=34
[36m(SpecoVLLMHttpServer pid=55180)[0m (Worker_TP0 pid=55875) WARNING:2026-09-19 09:23:01,267:[speco draft wake_up] drafter state restored after level-2 wake_up (66 tensors, revision=0)
[36m(SpecoVLLMHttpServer pid=55180)[0m (Worker_TP1 pid=55876) WARNING:2026-09-19 09:23:01,277:[speco draft wake_up] drafter state restored after level-2 wake_up (66 tensors, revision=0)
[36m(SpecoTaskRunner pid=54668)[0m Training Progress:  30%|███       | 6/20 [04:13<07:45, 33.24s/it]
[36m(SpecoWorker pid=56180)[0m ERROR:2026-09-19 09:22:58,141:Training step 6 failed with error: DFlash input/hidden/mask row mismatch: input_rows=34, hidden_rows=33, mask_rows=34
[36m(SpecoWorker pid=56180)[0m Traceback (most recent call last):
[36m(SpecoWorker pid=56180)[0m   File "/experiment/variants/eagle-alias/verl_speco/trainer/base_trainer.py", line 4679, in training_step
[36m(SpecoWorker pid=56180)[0m     return await self._training_step_impl(
[36m(SpecoWorker pid=56180)[0m            ^^^^^^^^^^^^^^^^^^^^^^^^^^^^^^^
[36m(SpecoWorker pid=56180)[0m   File "/experiment/variants/eagle-alias/verl_speco/trainer/base_trainer.py", line 4733, in _training_step_impl
[36m(SpecoWorker pid=56180)[0m     batch = self.prepare_training_batch(
[36m(SpecoWorker pid=56180)[0m             ^^^^^^^^^^^^^^^^^^^^^^^^^^^^
[36m(SpecoWorker pid=56180)[0m   File "/experiment/variants/eagle-alias/verl_speco/trainer/base_trainer.py", line 4512, in prepare_training_batch
[36m(SpecoWorker pid=56180)[0m     return self._prepare_training_batch(
[36m(SpecoWorker pid=56180)[0m            ^^^^^^^^^^^^^^^^^^^^^^^^^^^^^
[36m(SpecoWorker pid=56180)[0m   File "/experiment/variants/eagle-alias/verl_speco/trainer/base_trainer.py", line 3702, in _prepare_training_batch
[36m(SpecoWorker pid=56180)[0m     preprocessed_lists = self.backend.preprocess_individual_items(
[36m(SpecoWorker pid=56180)[0m                          ^^^^^^^^^^^^^^^^^^^^^^^^^^^^^^^^^^^^^^^^^
[36m(SpecoWorker pid=56180)[0m   File "/experiment/variants/eagle-alias/verl_speco/backends/dflash_trainer_backend.py", line 1260, in preprocess_individual_items
[36m(SpecoWorker pid=56180)[0m     raise ValueError(
[36m(SpecoWorker pid=56180)[0m ValueError: DFlash input/hidden/mask row mismatch: input_rows=34, hidden_rows=33, mask_rows=34
[36m(RewardLoopWorker pid=55173)[0m WARNING:2026-09-19 09:23:04,710:Platform 'nvidia' (PlatformCUDA) is registered but not available. This may be due to this ray actor being a CPU-only actor.
[36m(SpecoVLLMHttpServer pid=55180)[0m (Worker_TP0 pid=55875) WARNING:2026-09-19 09:23:05,971:[speco draft sleep] drafter state saved before level-2 sleep (66 tensors)
[36m(SpecoVLLMHttpServer pid=55180)[0m (Worker_TP1 pid=55876) WARNING:2026-09-19 09:23:05,973:[speco draft sleep] drafter state saved before level-2 sleep (66 tensors)
[36m(SpecoWorker pid=56179)[0m ERROR:2026-09-19 09:23:23,341:Training step 7 failed with error: DFlash input/hidden/mask row mismatch: input_rows=34, hidden_rows=33, mask_rows=34
[36m(SpecoWorker pid=56179)[0m Traceback (most recent call last):
[36m(SpecoWorker pid=56179)[0m   File "/experiment/variants/eagle-alias/verl_speco/trainer/base_trainer.py", line 4679, in training_step
[36m(SpecoWorker pid=56179)[0m     return await self._training_step_impl(
[36m(SpecoWorker pid=56179)[0m            ^^^^^^^^^^^^^^^^^^^^^^^^^^^^^^^
[36m(SpecoWorker pid=56179)[0m   File "/experiment/variants/eagle-alias/verl_speco/trainer/base_trainer.py", line 4733, in _training_step_impl
[36m(SpecoWorker pid=56179)[0m     batch = self.prepare_training_batch(
[36m(SpecoWorker pid=56179)[0m             ^^^^^^^^^^^^^^^^^^^^^^^^^^^^
[36m(SpecoWorker pid=56179)[0m   File "/experiment/variants/eagle-alias/verl_speco/trainer/base_trainer.py", line 4512, in prepare_training_batch
[36m(SpecoWorker pid=56179)[0m     return self._prepare_training_batch(
[36m(SpecoWorker pid=56179)[0m            ^^^^^^^^^^^^^^^^^^^^^^^^^^^^^
[36m(SpecoWorker pid=56179)[0m   File "/experiment/variants/eagle-alias/verl_speco/trainer/base_trainer.py", line 3702, in _prepare_training_batch
[36m(SpecoWorker pid=56179)[0m     preprocessed_lists = self.backend.preprocess_individual_items(
[36m(SpecoWorker pid=56179)[0m                          ^^^^^^^^^^^^^^^^^^^^^^^^^^^^^^^^^^^^^^^^^
[36m(SpecoWorker pid=56179)[0m   File "/experiment/variants/eagle-alias/verl_speco/backends/dflash_trainer_backend.py", line 1260, in preprocess_individual_items
[36m(SpecoWorker pid=56179)[0m     raise ValueError(
[36m(SpecoWorker pid=56179)[0m ValueError: DFlash input/hidden/mask row mismatch: input_rows=34, hidden_rows=33, mask_rows=34
[36m(SpecoVLLMHttpServer pid=55180)[0m (Worker_TP0 pid=55875) WARNING:2026-09-19 09:23:26,702:[speco draft wake_up] drafter state restored after level-2 wake_up (66 tensors, revision=0)
[36m(SpecoVLLMHttpServer pid=55180)[0m (Worker_TP1 pid=55876) WARNING:2026-09-19 09:23:26,703:[speco draft wake_up] drafter state restored after level-2 wake_up (66 tensors, revision=0)
[36m(SpecoTaskRunner pid=54668)[0m Training Progress:  35%|███▌      | 7/20 [04:39<06:43, 31.01s/it]
[36m(SpecoWorker pid=56180)[0m ERROR:2026-09-19 09:23:23,342:Training step 7 failed with error: DFlash input/hidden/mask row mismatch: input_rows=34, hidden_rows=33, mask_rows=34
[36m(SpecoWorker pid=56180)[0m Traceback (most recent call last):
[36m(SpecoWorker pid=56180)[0m   File "/experiment/variants/eagle-alias/verl_speco/trainer/base_trainer.py", line 4679, in training_step
[36m(SpecoWorker pid=56180)[0m     return await self._training_step_impl(
[36m(SpecoWorker pid=56180)[0m            ^^^^^^^^^^^^^^^^^^^^^^^^^^^^^^^
[36m(SpecoWorker pid=56180)[0m   File "/experiment/variants/eagle-alias/verl_speco/trainer/base_trainer.py", line 4733, in _training_step_impl
[36m(SpecoWorker pid=56180)[0m     batch = self.prepare_training_batch(
[36m(SpecoWorker pid=56180)[0m             ^^^^^^^^^^^^^^^^^^^^^^^^^^^^
[36m(SpecoWorker pid=56180)[0m   File "/experiment/variants/eagle-alias/verl_speco/trainer/base_trainer.py", line 4512, in prepare_training_batch
[36m(SpecoWorker pid=56180)[0m     return self._prepare_training_batch(
[36m(SpecoWorker pid=56180)[0m            ^^^^^^^^^^^^^^^^^^^^^^^^^^^^^
[36m(SpecoWorker pid=56180)[0m   File "/experiment/variants/eagle-alias/verl_speco/trainer/base_trainer.py", line 3702, in _prepare_training_batch
[36m(SpecoWorker pid=56180)[0m     preprocessed_lists = self.backend.preprocess_individual_items(
[36m(SpecoWorker pid=56180)[0m                          ^^^^^^^^^^^^^^^^^^^^^^^^^^^^^^^^^^^^^^^^^
[36m(SpecoWorker pid=56180)[0m   File "/experiment/variants/eagle-alias/verl_speco/backends/dflash_trainer_backend.py", line 1260, in preprocess_individual_items
[36m(SpecoWorker pid=56180)[0m     raise ValueError(
[36m(SpecoWorker pid=56180)[0m ValueError: DFlash input/hidden/mask row mismatch: input_rows=34, hidden_rows=33, mask_rows=34

[36m(SpecoTaskRunner pid=54668)[0m step:6 - global_seqlen/min:176 - global_seqlen/max:178 - global_seqlen/minmax_diff:2 - global_seqlen/balanced_min:177 - global_seqlen/balanced_max:177 - global_seqlen/mean:177.0 - actor/entropy:0.0 - perf/mfu/actor_infer:0.00855795485084322 - training/rollout_probs_diff_valid:1 - training/rollout_probs_diff_max:0.24491921067237854 - training/rollout_probs_diff_mean:0.005874265916645527 - training/rollout_probs_diff_std:0.020027564838528633 - training/rollout_actor_probs_pearson_corr:0.9939408302307129 - rollout_corr/training_ppl:1.1352779865264893 - rollout_corr/training_log_ppl:0.126194030046463 - rollout_corr/kl:-0.0008408669964410365 - rollout_corr/k3_kl:0.0008648722432553768 - rollout_corr/rollout_ppl:1.1361697912216187 - rollout_corr/rollout_log_ppl:0.12703488767147064 - rollout_corr/log_ppl_diff:-0.0008408669382333755 - rollout_corr/log_ppl_abs_diff:0.0028809253126382828 - rollout_corr/log_ppl_diff_max:0.00285378098487854 - rollout_corr/log_ppl_diff_min:-0.0058704763650894165 - rollout_corr/ppl_ratio:0.9991649389266968 - rollout_corr/chi2_token:0.0049626827239990234 - rollout_corr/chi2_seq:0.22295033931732178 - actor/pg_clipfrac:np.float64(0.0) - actor/ppo_kl:np.float64(0.0) - actor/pg_clipfrac_lower:np.float64(0.0) - actor/pg_loss:np.float64(0.0) - actor/loss:np.float64(0.0) - actor/grad_norm:np.float64(0.0) - actor/lr:np.float64(1e-06) - actor/perf/max_memory_allocated_gb:np.float64(28.367042064666748) - actor/perf/max_memory_reserved_gb:np.float64(34.052734375) - actor/perf/cpu_memory_used_gb:np.float64(211.14900970458984) - perf/mfu/actor:np.float64(0.010249627959983828) - drafter/raw_drafter_samples:np.float64(4.0) - drafter/collected_samples:np.float64(2.0) - drafter/collect_interval_matched:np.float64(1.0) - drafter/collection_plan_used:np.float64(1.0) - drafter/collection_plan_collect:np.float64(1.0) - drafter/collection_plan_reason:np.float64(7.0) - drafter/collection_plan_source:np.float64(2.0) - drafter/collection_plan_interval_matched:np.float64(1.0) - drafter/collection_plan_training_interval_matched:np.float64(1.0) - drafter/collection_attempted:np.float64(1.0) - drafter/collection_completed:np.float64(1.0) - drafter/collection_outcome_reason:np.float64(1.0) - drafter/collection_rejected_samples:np.float64(0.0) - drafter/collection_worker_results:np.float64(1.0) - drafter/collection_finalized:np.float64(1.0) - drafter/collection_expired_stages:np.float64(0.0) - timing_s/drafter_collection_rpc:np.float64(0.02083897700140369) - drafter/scheduler_used:np.float64(1.0) - drafter/schedule_launch:np.float64(1.0) - drafter/schedule_interval_matched:np.float64(1.0) - drafter/schedule_strategy:np.float64(0.0) - drafter/schedule_reason:np.float64(10.0) - drafter/target_lm_head_apply_deferred:np.float64(1.0) - drafter/target_lm_head_selected_rows:np.float64(0.0) - drafter/target_lm_head_source_vocab_size:np.float64(0.0) - drafter/target_lm_head_direct_sparse_export:np.float64(0.0) - timing_s/drafter_sync_target_lm_head_fetch:np.float64(3.806023212000582) - timing_s/drafter_sync_target_lm_head_dispatch:np.float64(1.103941155000939) - drafter/train_interval_matched:np.float64(1.0) - drafter/target_lm_head_synced:np.float64(1.0) - timing_s/drafter_sync_target_lm_head:np.float64(4.914087199998903) - timing_s/drafter_sync_target_lm_head_apply:np.float64(1.1042852050013607) - timing_s/drafter_sync_target_lm_head_wait:np.float64(0.00034405000042170286) - timing_s/drafter_sync_target_lm_head_overlap_window:np.float64(7.139378883999598) - drafter/trained:np.float64(0.0) - drafter/train_successful_steps_max:np.int64(0) - drafter/train_no_trainable_batch:np.float64(1.0) - drafter/train_activation_failed:np.float64(0.0) - drafter/train_attempted_batches_max:np.int64(1) - drafter/train_buffer_size_before_min:np.int64(2) - drafter/train_buffer_size_after_min:np.int64(2) - drafter/train_optimizer_step_max:np.int64(0) - drafter/train_worker_results_consistent:np.float64(0.0) - drafter/train_worker_ids_consistent:np.float64(1.0) - drafter/train_worker_incarnations_consistent:np.float64(1.0) - drafter/train_plan_ids_consistent:np.float64(1.0) - drafter/train_source_steps_consistent:np.float64(1.0) - drafter/train_data_versions_consistent:np.float64(1.0) - drafter/train_target_versions_consistent:np.float64(1.0) - drafter/train_successful_steps_consistent:np.float64(1.0) - drafter/train_optimizer_steps_consistent:np.float64(1.0) - drafter/train_publish_leader_count:np.float64(1.0) - drafter/train_publish_leader_snapshot_ready:np.float64(0.0) - timing_s/drafter_worker_training_loop:np.float64(0.0016317367553710938) - timing_s/drafter_worker_cleanup:np.float64(1.6850171089172363) - timing_s/drafter_worker_elapsed:np.float64(1.686657190322876) - timing_s/drafter_train_rpc:np.float64(2.684168474999751) - drafter/runtime_state:np.float64(4.0) - drafter/runtime_completed_batches:np.float64(0.0) - drafter/runtime_inflight:np.float64(0.0) - drafter/publish_attempted:np.float64(0.0) - drafter/published:np.float64(0.0) - timing_s/drafter_outer_unaccounted:np.float64(0.008800673000223469) - training/global_step:6 - training/epoch:0 - critic/score/mean:0.0 - critic/score/max:0.0 - critic/score/min:0.0 - critic/rewards/mean:0.0 - critic/rewards/max:0.0 - critic/rewards/min:0.0 - critic/advantages/mean:0.0 - critic/advantages/max:0.0 - critic/advantages/min:0.0 - critic/returns/mean:0.0 - critic/returns/max:0.0 - critic/returns/min:0.0 - response_length/mean:64.0 - response_length/max:64.0 - response_length/min:64.0 - response_length/clip_ratio:1.0 - response_length_non_aborted/mean:64.0 - response_length_non_aborted/max:64.0 - response_length_non_aborted/min:64.0 - response_length_non_aborted/clip_ratio:1.0 - response/aborted_ratio:0.0 - prompt_length/mean:24.5 - prompt_length/max:25.0 - prompt_length/min:24.0 - prompt_length/clip_ratio:0.0 - num_turns/min:np.int32(2) - num_turns/max:np.int32(2) - num_turns/mean:np.float64(2.0) - timing_s/start_profile:0.0001277980009035673 - timing_s/agent_loop/num_preempted/min:np.int64(-1) - timing_s/agent_loop/num_preempted/max:np.int64(-1) - timing_s/agent_loop/num_preempted/mean:np.float64(-1.0) - timing_s/agent_loop/generate_sequences/min:np.float64(0.8447410840017255) - timing_s/agent_loop/generate_sequences/max:np.float64(0.8940075419995992) - timing_s/agent_loop/generate_sequences/mean:np.float64(0.8640929802504616) - timing_s/agent_loop/tool_calls/min:np.float64(0.0) - timing_s/agent_loop/tool_calls/max:np.float64(0.0) - timing_s/agent_loop/tool_calls/mean:np.float64(0.0) - timing_s/agent_loop/compute_score/min:np.float64(0.009928112998750294) - timing_s/agent_loop/compute_score/max:np.float64(0.014131583000562387) - timing_s/agent_loop/compute_score/mean:np.float64(0.01142327799971099) - timing_s/agent_loop/slowest/generate_sequences:np.float64(0.8940075419995992) - timing_s/agent_loop/slowest/tool_calls:np.float64(0.0) - timing_s/agent_loop/slowest/compute_score:np.float64(0.009928112998750294) - timing_s/agent_loop/slowest/num_preempted:np.int64(-1) - timing_s/agent_loop/slowest/prompt_length:25 - timing_s/agent_loop/slowest/response_length:64 - timing_s/gen:2.9241013409991865 - timing_s/reward:2.3789001716068015e-05 - timing_s/old_log_prob:3.817863659001887 - timing_s/adv:0.0012213900008646306 - timing_s/update_actor:7.1393699159998505 - timing_s/drafter:7.607056347998878 - drafter/spec_decode/mean_acceptance_length:2.4036697247706424 - timing_s/update_weights:3.756320267999399 - timing_s/step:25.251723307999782 - timing_s/stop_profile:0.00015290100054698996 - timing_per_token_ms/gen:11.422270863278072 - timing_per_token_ms/update_actor:20.167711627118223 - timing_per_token_ms/adv:0.003450254239730595 - perf/total_num_tokens:354 - perf/time_per_step:25.251723307999782 - perf/throughput:7.009422598255943
[36m(SpecoTaskRunner pid=54668)[0m step:7 - global_seqlen/min:176 - global_seqlen/max:178 - global_seqlen/minmax_diff:2 - global_seqlen/balanced_min:177 - global_seqlen/balanced_max:177 - global_seqlen/mean:177.0 - actor/entropy:0.0 - perf/mfu/actor_infer:0.01049891554742626 - training/rollout_probs_diff_valid:1 - training/rollout_probs_diff_max:0.15484115481376648 - training/rollout_probs_diff_mean:0.006423835642635822 - training/rollout_probs_diff_std:0.018369553610682487 - training/rollout_actor_probs_pearson_corr:0.9965913891792297 - rollout_corr/training_ppl:1.2344224452972412 - rollout_corr/training_log_ppl:0.20902937650680542 - rollout_corr/kl:-0.002550628036260605 - rollout_corr/k3_kl:0.0016246382147073746 - rollout_corr/rollout_ppl:1.237733006477356 - rollout_corr/rollout_log_ppl:0.21158000826835632 - rollout_corr/log_ppl_diff:-0.002550628036260605 - rollout_corr/log_ppl_abs_diff:0.00258476659655571 - rollout_corr/log_ppl_diff_max:6.827712059020996e-05 - rollout_corr/log_ppl_diff_min:-0.006080269813537598 - rollout_corr/ppl_ratio:0.9974551796913147 - rollout_corr/chi2_token:0.012200117111206055 - rollout_corr/chi2_seq:0.44751012325286865 - actor/pg_clipfrac:np.float64(0.0) - actor/ppo_kl:np.float64(0.0) - actor/pg_clipfrac_lower:np.float64(0.0) - actor/pg_loss:np.float64(0.0) - actor/loss:np.float64(0.0) - actor/grad_norm:np.float64(0.0) - actor/lr:np.float64(1e-06) - actor/perf/max_memory_allocated_gb:np.float64(28.367042064666748) - actor/perf/max_memory_reserved_gb:np.float64(34.052734375) - actor/perf/cpu_memory_used_gb:np.float64(211.06484985351562) - perf/mfu/actor:np.float64(0.009630925006431057) - drafter/raw_drafter_samples:np.float64(4.0) - drafter/collected_samples:np.float64(2.0) - drafter/collect_interval_matched:np.float64(1.0) - drafter/collection_plan_used:np.float64(1.0) - drafter/collection_plan_collect:np.float64(1.0) - drafter/collection_plan_reason:np.float64(7.0) - drafter/collection_plan_source:np.float64(2.0) - drafter/collection_plan_interval_matched:np.float64(1.0) - drafter/collection_plan_training_interval_matched:np.float64(1.0) - drafter/collection_attempted:np.float64(1.0) - drafter/collection_completed:np.float64(1.0) - drafter/collection_outcome_reason:np.float64(1.0) - drafter/collection_rejected_samples:np.float64(0.0) - drafter/collection_worker_results:np.float64(1.0) - drafter/collection_finalized:np.float64(1.0) - drafter/collection_expired_stages:np.float64(0.0) - timing_s/drafter_collection_rpc:np.float64(0.030885073996614665) - drafter/scheduler_used:np.float64(1.0) - drafter/schedule_launch:np.float64(1.0) - drafter/schedule_interval_matched:np.float64(1.0) - drafter/schedule_strategy:np.float64(0.0) - drafter/schedule_reason:np.float64(10.0) - drafter/target_lm_head_apply_deferred:np.float64(1.0) - drafter/target_lm_head_selected_rows:np.float64(0.0) - drafter/target_lm_head_source_vocab_size:np.float64(0.0) - drafter/target_lm_head_direct_sparse_export:np.float64(0.0) - timing_s/drafter_sync_target_lm_head_fetch:np.float64(4.3209622479989775) - timing_s/drafter_sync_target_lm_head_dispatch:np.float64(1.0189058059986564) - drafter/train_interval_matched:np.float64(1.0) - drafter/target_lm_head_synced:np.float64(1.0) - timing_s/drafter_sync_target_lm_head:np.float64(5.343589649994101) - timing_s/drafter_sync_target_lm_head_apply:np.float64(1.0192556149959273) - timing_s/drafter_sync_target_lm_head_wait:np.float64(0.000349808997270884) - timing_s/drafter_sync_target_lm_head_overlap_window:np.float64(7.27730079000321) - drafter/trained:np.float64(0.0) - drafter/train_successful_steps_max:np.int64(0) - drafter/train_no_trainable_batch:np.float64(1.0) - drafter/train_activation_failed:np.float64(0.0) - drafter/train_attempted_batches_max:np.int64(1) - drafter/train_buffer_size_before_min:np.int64(2) - drafter/train_buffer_size_after_min:np.int64(2) - drafter/train_optimizer_step_max:np.int64(0) - drafter/train_worker_results_consistent:np.float64(0.0) - drafter/train_worker_ids_consistent:np.float64(1.0) - drafter/train_worker_incarnations_consistent:np.float64(1.0) - drafter/train_plan_ids_consistent:np.float64(1.0) - drafter/train_source_steps_consistent:np.float64(1.0) - drafter/train_data_versions_consistent:np.float64(1.0) - drafter/train_target_versions_consistent:np.float64(1.0) - drafter/train_successful_steps_consistent:np.float64(1.0) - drafter/train_optimizer_steps_consistent:np.float64(1.0) - drafter/train_publish_leader_count:np.float64(1.0) - drafter/train_publish_leader_snapshot_ready:np.float64(0.0) - timing_s/drafter_worker_training_loop:np.float64(0.0016143321990966797) - timing_s/drafter_worker_cleanup:np.float64(1.6590032577514648) - timing_s/drafter_worker_elapsed:np.float64(1.6608188152313232) - timing_s/drafter_train_rpc:np.float64(2.71716952800125) - drafter/runtime_state:np.float64(4.0) - drafter/runtime_completed_batches:np.float64(0.0) - drafter/runtime_inflight:np.float64(0.0) - drafter/publish_attempted:np.float64(0.0) - drafter/published:np.float64(0.0) - timing_s/drafter_outer_unaccounted:np.float64(0.00990535300297779) - training/global_step:7 - training/epoch:0 - critic/score/mean:0.0 - critic/score/max:0.0 - critic/score/min:0.0 - critic/rewards/mean:0.0 - critic/rewards/max:0.0 - critic/rewards/min:0.0 - critic/advantages/mean:0.0 - critic/advantages/max:0.0 - critic/advantages/min:0.0 - critic/returns/mean:0.0 - critic/returns/max:0.0 - critic/returns/min:0.0 - response_length/mean:64.0 - response_length/max:64.0 - response_length/min:64.0 - response_length/clip_ratio:1.0 - response_length_non_aborted/mean:64.0 - response_length_non_aborted/max:64.0 - response_length_non_aborted/min:64.0 - response_length_non_aborted/clip_ratio:1.0 - response/aborted_ratio:0.0 - prompt_length/mean:24.5 - prompt_length/max:25.0 - prompt_length/min:24.0 - prompt_length/clip_ratio:0.0 - num_turns/min:np.int32(2) - num_turns/max:np.int32(2) - num_turns/mean:np.float64(2.0) - timing_s/start_profile:0.00011921999976038933 - timing_s/agent_loop/num_preempted/min:np.int64(-1) - timing_s/agent_loop/num_preempted/max:np.int64(-1) - timing_s/agent_loop/num_preempted/mean:np.float64(-1.0) - timing_s/agent_loop/generate_sequences/min:np.float64(0.8774609259999124) - timing_s/agent_loop/generate_sequences/max:np.float64(1.0145418910033186) - timing_s/agent_loop/generate_sequences/mean:np.float64(0.9534443732509317) - timing_s/agent_loop/tool_calls/min:np.float64(0.0) - timing_s/agent_loop/tool_calls/max:np.float64(0.0) - timing_s/agent_loop/tool_calls/mean:np.float64(0.0) - timing_s/agent_loop/compute_score/min:np.float64(0.009513811000942951) - timing_s/agent_loop/compute_score/max:np.float64(0.8499181150000368) - timing_s/agent_loop/compute_score/mean:np.float64(0.22036117575044045) - timing_s/agent_loop/slowest/generate_sequences:np.float64(0.9342649419995723) - timing_s/agent_loop/slowest/tool_calls:np.float64(0.0) - timing_s/agent_loop/slowest/compute_score:np.float64(0.8499181150000368) - timing_s/agent_loop/slowest/num_preempted:np.int64(-1) - timing_s/agent_loop/slowest/prompt_length:25 - timing_s/agent_loop/slowest/response_length:64 - timing_s/gen:2.526329602998885 - timing_s/reward:2.3913002223707736e-05 - timing_s/old_log_prob:3.527238003000093 - timing_s/adv:0.003495167999062687 - timing_s/update_actor:7.277306811003655 - timing_s/drafter:8.070664530998329 - drafter/spec_decode/mean_acceptance_length:2.12396694214876 - timing_s/update_weights:4.54557829300029 - timing_s/step:25.956613066999125 - timing_s/stop_profile:0.0001502090017311275 - timing_per_token_ms/gen:9.868475011714395 - timing_per_token_ms/update_actor:20.55736387289168 - timing_per_token_ms/adv:0.009873355929555613 - perf/total_num_tokens:354 - perf/time_per_step:25.956613066999125 - perf/throughput:6.819071484524124[36m(SpecoVLLMHttpServer pid=55180)[0m (Worker_TP0 pid=55875) WARNING:2026-09-19 09:23:31,540:[speco draft sleep] drafter state saved before level-2 sleep (66 tensors)
[36m(SpecoVLLMHttpServer pid=55180)[0m (Worker_TP1 pid=55876) WARNING:2026-09-19 09:23:31,548:[speco draft sleep] drafter state saved before level-2 sleep (66 tensors)
[36m(SpecoWorker pid=56179)[0m ERROR:2026-09-19 09:23:49,015:Training step 8 failed with error: DFlash input/hidden/mask row mismatch: input_rows=34, hidden_rows=33, mask_rows=34
[36m(SpecoWorker pid=56179)[0m Traceback (most recent call last):
[36m(SpecoWorker pid=56179)[0m   File "/experiment/variants/eagle-alias/verl_speco/trainer/base_trainer.py", line 4679, in training_step
[36m(SpecoWorker pid=56179)[0m     return await self._training_step_impl(
[36m(SpecoWorker pid=56179)[0m            ^^^^^^^^^^^^^^^^^^^^^^^^^^^^^^^
[36m(SpecoWorker pid=56179)[0m   File "/experiment/variants/eagle-alias/verl_speco/trainer/base_trainer.py", line 4733, in _training_step_impl
[36m(SpecoWorker pid=56179)[0m     batch = self.prepare_training_batch(
[36m(SpecoWorker pid=56179)[0m             ^^^^^^^^^^^^^^^^^^^^^^^^^^^^
[36m(SpecoWorker pid=56179)[0m   File "/experiment/variants/eagle-alias/verl_speco/trainer/base_trainer.py", line 4512, in prepare_training_batch
[36m(SpecoWorker pid=56179)[0m     return self._prepare_training_batch(
[36m(SpecoWorker pid=56179)[0m            ^^^^^^^^^^^^^^^^^^^^^^^^^^^^^
[36m(SpecoWorker pid=56179)[0m   File "/experiment/variants/eagle-alias/verl_speco/trainer/base_trainer.py", line 3702, in _prepare_training_batch
[36m(SpecoWorker pid=56179)[0m     preprocessed_lists = self.backend.preprocess_individual_items(
[36m(SpecoWorker pid=56179)[0m                          ^^^^^^^^^^^^^^^^^^^^^^^^^^^^^^^^^^^^^^^^^
[36m(SpecoWorker pid=56179)[0m   File "/experiment/variants/eagle-alias/verl_speco/backends/dflash_trainer_backend.py", line 1260, in preprocess_individual_items
[36m(SpecoWorker pid=56179)[0m     raise ValueError(
[36m(SpecoWorker pid=56179)[0m ValueError: DFlash input/hidden/mask row mismatch: input_rows=34, hidden_rows=33, mask_rows=34
[36m(SpecoVLLMHttpServer pid=55180)[0m (Worker_TP0 pid=55875) WARNING:2026-09-19 09:23:52,233:[speco draft wake_up] drafter state restored after level-2 wake_up (66 tensors, revision=0)
[36m(SpecoVLLMHttpServer pid=55180)[0m (Worker_TP1 pid=55876) WARNING:2026-09-19 09:23:52,233:[speco draft wake_up] drafter state restored after level-2 wake_up (66 tensors, revision=0)
[36m(SpecoTaskRunner pid=54668)[0m Training Progress:  40%|████      | 8/20 [05:04<05:47, 28.96s/it]
[36m(SpecoWorker pid=56180)[0m ERROR:2026-09-19 09:23:49,015:Training step 8 failed with error: DFlash input/hidden/mask row mismatch: input_rows=34, hidden_rows=33, mask_rows=34
[36m(SpecoWorker pid=56180)[0m Traceback (most recent call last):
[36m(SpecoWorker pid=56180)[0m   File "/experiment/variants/eagle-alias/verl_speco/trainer/base_trainer.py", line 4679, in training_step
[36m(SpecoWorker pid=56180)[0m     return await self._training_step_impl(
[36m(SpecoWorker pid=56180)[0m            ^^^^^^^^^^^^^^^^^^^^^^^^^^^^^^^
[36m(SpecoWorker pid=56180)[0m   File "/experiment/variants/eagle-alias/verl_speco/trainer/base_trainer.py", line 4733, in _training_step_impl
[36m(SpecoWorker pid=56180)[0m     batch = self.prepare_training_batch(
[36m(SpecoWorker pid=56180)[0m             ^^^^^^^^^^^^^^^^^^^^^^^^^^^^
[36m(SpecoWorker pid=56180)[0m   File "/experiment/variants/eagle-alias/verl_speco/trainer/base_trainer.py", line 4512, in prepare_training_batch
[36m(SpecoWorker pid=56180)[0m     return self._prepare_training_batch(
[36m(SpecoWorker pid=56180)[0m            ^^^^^^^^^^^^^^^^^^^^^^^^^^^^^
[36m(SpecoWorker pid=56180)[0m   File "/experiment/variants/eagle-alias/verl_speco/trainer/base_trainer.py", line 3702, in _prepare_training_batch
[36m(SpecoWorker pid=56180)[0m     preprocessed_lists = self.backend.preprocess_individual_items(
[36m(SpecoWorker pid=56180)[0m                          ^^^^^^^^^^^^^^^^^^^^^^^^^^^^^^^^^^^^^^^^^
[36m(SpecoWorker pid=56180)[0m   File "/experiment/variants/eagle-alias/verl_speco/backends/dflash_trainer_backend.py", line 1260, in preprocess_individual_items
[36m(SpecoWorker pid=56180)[0m     raise ValueError(
[36m(SpecoWorker pid=56180)[0m ValueError: DFlash input/hidden/mask row mismatch: input_rows=34, hidden_rows=33, mask_rows=34
[36m(SpecoVLLMHttpServer pid=55180)[0m (Worker_TP1 pid=55876) WARNING:2026-09-19 09:23:56,562:[speco draft sleep] drafter state saved before level-2 sleep (66 tensors)
[36m(SpecoVLLMHttpServer pid=55180)[0m (Worker_TP0 pid=55875) WARNING:2026-09-19 09:23:56,572:[speco draft sleep] drafter state saved before level-2 sleep (66 tensors)
[36m(SpecoWorker pid=56179)[0m ERROR:2026-09-19 09:24:14,186:Training step 9 failed with error: DFlash input/hidden/mask row mismatch: input_rows=34, hidden_rows=33, mask_rows=34
[36m(SpecoWorker pid=56179)[0m Traceback (most recent call last):
[36m(SpecoWorker pid=56179)[0m   File "/experiment/variants/eagle-alias/verl_speco/trainer/base_trainer.py", line 4679, in training_step
[36m(SpecoWorker pid=56179)[0m     return await self._training_step_impl(
[36m(SpecoWorker pid=56179)[0m            ^^^^^^^^^^^^^^^^^^^^^^^^^^^^^^^
[36m(SpecoWorker pid=56179)[0m   File "/experiment/variants/eagle-alias/verl_speco/trainer/base_trainer.py", line 4733, in _training_step_impl
[36m(SpecoWorker pid=56179)[0m     batch = self.prepare_training_batch(
[36m(SpecoWorker pid=56179)[0m             ^^^^^^^^^^^^^^^^^^^^^^^^^^^^
[36m(SpecoWorker pid=56179)[0m   File "/experiment/variants/eagle-alias/verl_speco/trainer/base_trainer.py", line 4512, in prepare_training_batch
[36m(SpecoWorker pid=56179)[0m     return self._prepare_training_batch(
[36m(SpecoWorker pid=56179)[0m            ^^^^^^^^^^^^^^^^^^^^^^^^^^^^^
[36m(SpecoWorker pid=56179)[0m   File "/experiment/variants/eagle-alias/verl_speco/trainer/base_trainer.py", line 3702, in _prepare_training_batch
[36m(SpecoWorker pid=56179)[0m     preprocessed_lists = self.backend.preprocess_individual_items(
[36m(SpecoWorker pid=56179)[0m                          ^^^^^^^^^^^^^^^^^^^^^^^^^^^^^^^^^^^^^^^^^
[36m(SpecoWorker pid=56179)[0m   File "/experiment/variants/eagle-alias/verl_speco/backends/dflash_trainer_backend.py", line 1260, in preprocess_individual_items
[36m(SpecoWorker pid=56179)[0m     raise ValueError(
[36m(SpecoWorker pid=56179)[0m ValueError: DFlash input/hidden/mask row mismatch: input_rows=34, hidden_rows=33, mask_rows=34
[36m(SpecoVLLMHttpServer pid=55180)[0m (Worker_TP0 pid=55875) WARNING:2026-09-19 09:24:17,280:[speco draft wake_up] drafter state restored after level-2 wake_up (66 tensors, revision=0)
[36m(SpecoVLLMHttpServer pid=55180)[0m (Worker_TP1 pid=55876) WARNING:2026-09-19 09:24:17,292:[speco draft wake_up] drafter state restored after level-2 wake_up (66 tensors, revision=0)

[36m(SpecoTaskRunner pid=54668)[0m step:8 - global_seqlen/min:176 - global_seqlen/max:176 - global_seqlen/minmax_diff:0 - global_seqlen/balanced_min:176 - global_seqlen/balanced_max:176 - global_seqlen/mean:176.0 - actor/entropy:0.0 - perf/mfu/actor_infer:0.009037706650351727 - training/rollout_probs_diff_valid:1 - training/rollout_probs_diff_max:0.17295312881469727 - training/rollout_probs_diff_mean:0.007403730880469084 - training/rollout_probs_diff_std:0.020252684131264687 - training/rollout_actor_probs_pearson_corr:0.994872510433197 - rollout_corr/training_ppl:1.1826934814453125 - rollout_corr/training_log_ppl:0.16715075075626373 - rollout_corr/kl:0.00312595977447927 - rollout_corr/k3_kl:0.0012705523986369371 - rollout_corr/rollout_ppl:1.1791621446609497 - rollout_corr/rollout_log_ppl:0.16402478516101837 - rollout_corr/log_ppl_diff:0.003125963732600212 - rollout_corr/log_ppl_abs_diff:0.004228813573718071 - rollout_corr/log_ppl_diff_max:0.008988805115222931 - rollout_corr/log_ppl_diff_min:-0.0022056996822357178 - rollout_corr/ppl_ratio:1.0031388998031616 - rollout_corr/chi2_token:-0.0011997222900390625 - rollout_corr/chi2_seq:-0.24069589376449585 - actor/pg_clipfrac:np.float64(0.0) - actor/ppo_kl:np.float64(0.0) - actor/pg_clipfrac_lower:np.float64(0.0) - actor/pg_loss:np.float64(0.0) - actor/loss:np.float64(0.0) - actor/grad_norm:np.float64(0.0) - actor/lr:np.float64(1e-06) - actor/perf/max_memory_allocated_gb:np.float64(28.367042064666748) - actor/perf/max_memory_reserved_gb:np.float64(34.052734375) - actor/perf/cpu_memory_used_gb:np.float64(211.2453956604004) - perf/mfu/actor:np.float64(0.010227919309939083) - drafter/raw_drafter_samples:np.float64(4.0) - drafter/collected_samples:np.float64(2.0) - drafter/collect_interval_matched:np.float64(1.0) - drafter/collection_plan_used:np.float64(1.0) - drafter/collection_plan_collect:np.float64(1.0) - drafter/collection_plan_reason:np.float64(7.0) - drafter/collection_plan_source:np.float64(2.0) - drafter/collection_plan_interval_matched:np.float64(1.0) - drafter/collection_plan_training_interval_matched:np.float64(1.0) - drafter/collection_attempted:np.float64(1.0) - drafter/collection_completed:np.float64(1.0) - drafter/collection_outcome_reason:np.float64(1.0) - drafter/collection_rejected_samples:np.float64(0.0) - drafter/collection_worker_results:np.float64(1.0) - drafter/collection_finalized:np.float64(1.0) - drafter/collection_expired_stages:np.float64(0.0) - timing_s/drafter_collection_rpc:np.float64(0.0342669300007401) - drafter/scheduler_used:np.float64(1.0) - drafter/schedule_launch:np.float64(1.0) - drafter/schedule_interval_matched:np.float64(1.0) - drafter/schedule_strategy:np.float64(0.0) - drafter/schedule_reason:np.float64(10.0) - drafter/target_lm_head_apply_deferred:np.float64(1.0) - drafter/target_lm_head_selected_rows:np.float64(0.0) - drafter/target_lm_head_source_vocab_size:np.float64(0.0) - drafter/target_lm_head_direct_sparse_export:np.float64(0.0) - timing_s/drafter_sync_target_lm_head_fetch:np.float64(3.7713415619982698) - timing_s/drafter_sync_target_lm_head_dispatch:np.float64(0.9598790769996413) - drafter/train_interval_matched:np.float64(1.0) - drafter/target_lm_head_synced:np.float64(1.0) - timing_s/drafter_sync_target_lm_head:np.float64(4.734847042003821) - timing_s/drafter_sync_target_lm_head_apply:np.float64(0.9602744520016131) - timing_s/drafter_sync_target_lm_head_wait:np.float64(0.0003953750019718427) - timing_s/drafter_sync_target_lm_head_overlap_window:np.float64(7.181188311998994) - drafter/trained:np.float64(0.0) - drafter/train_successful_steps_max:np.int64(0) - drafter/train_no_trainable_batch:np.float64(1.0) - drafter/train_activation_failed:np.float64(0.0) - drafter/train_attempted_batches_max:np.int64(1) - drafter/train_buffer_size_before_min:np.int64(2) - drafter/train_buffer_size_after_min:np.int64(2) - drafter/train_optimizer_step_max:np.int64(0) - drafter/train_worker_results_consistent:np.float64(0.0) - drafter/train_worker_ids_consistent:np.float64(1.0) - drafter/train_worker_incarnations_consistent:np.float64(1.0) - drafter/train_plan_ids_consistent:np.float64(1.0) - drafter/train_source_steps_consistent:np.float64(1.0) - drafter/train_data_versions_consistent:np.float64(1.0) - drafter/train_target_versions_consistent:np.float64(1.0) - drafter/train_successful_steps_consistent:np.float64(1.0) - drafter/train_optimizer_steps_consistent:np.float64(1.0) - drafter/train_publish_leader_count:np.float64(1.0) - drafter/train_publish_leader_snapshot_ready:np.float64(0.0) - timing_s/drafter_worker_training_loop:np.float64(0.05414175987243652) - timing_s/drafter_worker_cleanup:np.float64(1.687809705734253) - timing_s/drafter_worker_elapsed:np.float64(1.742152452468872) - timing_s/drafter_train_rpc:np.float64(2.819794888000615) - drafter/runtime_state:np.float64(4.0) - drafter/runtime_completed_batches:np.float64(0.0) - drafter/runtime_inflight:np.float64(0.0) - drafter/publish_attempted:np.float64(0.0) - drafter/published:np.float64(0.0) - timing_s/drafter_outer_unaccounted:np.float64(0.009917299994413042) - training/global_step:8 - training/epoch:0 - critic/score/mean:0.0 - critic/score/max:0.0 - critic/score/min:0.0 - critic/rewards/mean:0.0 - critic/rewards/max:0.0 - critic/rewards/min:0.0 - critic/advantages/mean:0.0 - critic/advantages/max:0.0 - critic/advantages/min:0.0 - critic/returns/mean:0.0 - critic/returns/max:0.0 - critic/returns/min:0.0 - response_length/mean:64.0 - response_length/max:64.0 - response_length/min:64.0 - response_length/clip_ratio:1.0 - response_length_non_aborted/mean:64.0 - response_length_non_aborted/max:64.0 - response_length_non_aborted/min:64.0 - response_length_non_aborted/clip_ratio:1.0 - response/aborted_ratio:0.0 - prompt_length/mean:24.0 - prompt_length/max:24.0 - prompt_length/min:24.0 - prompt_length/clip_ratio:0.0 - num_turns/min:np.int32(2) - num_turns/max:np.int32(2) - num_turns/mean:np.float64(2.0) - timing_s/start_profile:0.00015979299860191531 - timing_s/agent_loop/num_preempted/min:np.int64(-1) - timing_s/agent_loop/num_preempted/max:np.int64(-1) - timing_s/agent_loop/num_preempted/mean:np.float64(-1.0) - timing_s/agent_loop/generate_sequences/min:np.float64(0.8810183120003785) - timing_s/agent_loop/generate_sequences/max:np.float64(0.9690361550019588) - timing_s/agent_loop/generate_sequences/mean:np.float64(0.9375361022512152) - timing_s/agent_loop/tool_calls/min:np.float64(0.0) - timing_s/agent_loop/tool_calls/max:np.float64(0.0) - timing_s/agent_loop/tool_calls/mean:np.float64(0.0) - timing_s/agent_loop/compute_score/min:np.float64(0.008215218997065676) - timing_s/agent_loop/compute_score/max:np.float64(0.011393139000574593) - timing_s/agent_loop/compute_score/mean:np.float64(0.010151568999390292) - timing_s/agent_loop/slowest/generate_sequences:np.float64(0.9690361550019588) - timing_s/agent_loop/slowest/tool_calls:np.float64(0.0) - timing_s/agent_loop/slowest/compute_score:np.float64(0.008215218997065676) - timing_s/agent_loop/slowest/num_preempted:np.int64(-1) - timing_s/agent_loop/slowest/prompt_length:24 - timing_s/agent_loop/slowest/response_length:64 - timing_s/gen:1.6836345749979955 - timing_s/reward:2.3908000002847984e-05 - timing_s/old_log_prob:4.31812550000177 - timing_s/adv:0.003476419999060454 - timing_s/update_actor:7.181187758000306 - timing_s/drafter:7.564559229998849 - drafter/spec_decode/mean_acceptance_length:2.1864406779661016 - timing_s/update_weights:3.814004488998762 - timing_s/step:24.570739796999987 - timing_s/stop_profile:0.00014583200027118437 - timing_per_token_ms/gen:6.57669755858592 - timing_per_token_ms/update_actor:20.40110158522814 - timing_per_token_ms/adv:0.009876193179149017 - perf/total_num_tokens:352 - perf/time_per_step:24.570739796999987 - perf/throughput:7.162991487195232
[36m(SpecoTaskRunner pid=54668)[0m step:9 - global_seqlen/min:176 - global_seqlen/max:178 - global_seqlen/minmax_diff:2 - global_seqlen/balanced_min:177 - global_seqlen/balanced_max:177 - global_seqlen/mean:177.0 - actor/entropy:0.0 - perf/mfu/actor_infer:0.009637734050024467 - training/rollout_probs_diff_valid:1 - training/rollout_probs_diff_max:0.18418782949447632 - training/rollout_probs_diff_mean:0.005517142359167337 - training/rollout_probs_diff_std:0.017118709161877632 - training/rollout_actor_probs_pearson_corr:0.9963634014129639 - rollout_corr/training_ppl:1.1857335567474365 - rollout_corr/training_log_ppl:0.16740067303180695 - rollout_corr/kl:0.0047547644935548306 - rollout_corr/k3_kl:0.0014247414655983448 - rollout_corr/rollout_ppl:1.1798397302627563 - rollout_corr/rollout_log_ppl:0.16264590620994568 - rollout_corr/log_ppl_diff:0.004754762165248394 - rollout_corr/log_ppl_abs_diff:0.005901205353438854 - rollout_corr/log_ppl_diff_max:0.010282367467880249 - rollout_corr/log_ppl_diff_min:-0.0022928863763809204 - rollout_corr/ppl_ratio:1.0047786235809326 - rollout_corr/chi2_token:-0.003954887390136719 - rollout_corr/chi2_seq:-0.3325884938240051 - actor/pg_clipfrac:np.float64(0.0) - actor/ppo_kl:np.float64(0.0) - actor/pg_clipfrac_lower:np.float64(0.0) - actor/pg_loss:np.float64(0.0) - actor/loss:np.float64(0.0) - actor/grad_norm:np.float64(0.0) - actor/lr:np.float64(1e-06) - actor/perf/max_memory_allocated_gb:np.float64(28.367042064666748) - actor/perf/max_memory_reserved_gb:np.float64(34.052734375) - actor/perf/cpu_memory_used_gb:np.float64(211.48276138305664) - perf/mfu/actor:np.float64(0.009327970072698736) - drafter/raw_drafter_samples:np.float64(4.0) - drafter/collected_samples:np.float64(2.0) - drafter/collect_interval_matched:np.float64(1.0) - drafter/collection_plan_used:np.float64(1.0) - drafter/collection_plan_collect:np.float64(1.0) - drafter/collection_plan_reason:np.float64(7.0) - drafter/collection_plan_source:np.float64(2.0) - drafter/collection_plan_interval_matched:np.float64(1.0) - drafter/collection_plan_training_interval_matched:np.float64(1.0) - drafter/collection_attempted:np.float64(1.0) - drafter/collection_completed:np.float64(1.0) - drafter/collection_outcome_reason:np.float64(1.0) - drafter/collection_rejected_samples:np.float64(0.0) - drafter/collection_worker_results:np.float64(1.0) - drafter/collection_finalized:np.float64(1.0) - drafter/collection_expired_stages:np.float64(0.0) - timing_s/drafter_collection_rpc:np.float64(0.029670784999325406) - drafter/scheduler_used:np.float64(1.0) - drafter/schedule_launch:np.float64(1.0) - drafter/schedule_interval_matched:np.float64(1.0) - drafter/schedule_strategy:np.float64(0.0) - drafter/schedule_reason:np.float64(10.0) - drafter/target_lm_head_apply_deferred:np.float64(1.0) - drafter/target_lm_head_selected_rows:np.float64(0.0) - drafter/target_lm_head_source_vocab_size:np.float64(0.0) - drafter/target_lm_head_direct_sparse_export:np.float64(0.0) - timing_s/drafter_sync_target_lm_head_fetch:np.float64(4.132247547000588) - timing_s/drafter_sync_target_lm_head_dispatch:np.float64(0.9581533359996683) - drafter/train_interval_matched:np.float64(1.0) - drafter/target_lm_head_synced:np.float64(1.0) - timing_s/drafter_sync_target_lm_head:np.float64(5.093549318000441) - timing_s/drafter_sync_target_lm_head_apply:np.float64(0.9584203009981138) - timing_s/drafter_sync_target_lm_head_wait:np.float64(0.0002669649984454736) - timing_s/drafter_sync_target_lm_head_overlap_window:np.float64(7.631075807999878) - drafter/trained:np.float64(0.0) - drafter/train_successful_steps_max:np.int64(0) - drafter/train_no_trainable_batch:np.float64(1.0) - drafter/train_activation_failed:np.float64(0.0) - drafter/train_attempted_batches_max:np.int64(1) - drafter/train_buffer_size_before_min:np.int64(2) - drafter/train_buffer_size_after_min:np.int64(2) - drafter/train_optimizer_step_max:np.int64(0) - drafter/train_worker_results_consistent:np.float64(0.0) - drafter/train_worker_ids_consistent:np.float64(1.0) - drafter/train_worker_incarnations_consistent:np.float64(1.0) - drafter/train_plan_ids_consistent:np.float64(1.0) - drafter/train_source_steps_consistent:np.float64(1.0) - drafter/train_data_versions_consistent:np.float64(1.0) - drafter/train_target_versions_consistent:np.float64(1.0) - drafter/train_successful_steps_consistent:np.float64(1.0) - drafter/train_optimizer_steps_consistent:np.float64(1.0) - drafter/train_publish_leader_count:np.float64(1.0) - drafter/train_publish_leader_snapshot_ready:np.float64(0.0) - timing_s/drafter_worker_training_loop:np.float64(0.0015375614166259766) - timing_s/drafter_worker_cleanup:np.float64(1.6679809093475342) - timing_s/drafter_worker_elapsed:np.float64(1.6696925163269043) - timing_s/drafter_train_rpc:np.float64(2.6668762339977548) - drafter/runtime_state:np.float64(4.0) - drafter/runtime_completed_batches:np.float64(0.0) - drafter/runtime_inflight:np.float64(0.0) - drafter/publish_attempted:np.float64(0.0) - drafter/published:np.float64(0.0) - timing_s/drafter_outer_unaccounted:np.float64(0.009275450000131968) - training/global_step:9 - training/epoch:1 - critic/score/mean:0.0 - critic/score/max:0.0 - critic/score/min:0.0 - critic/rewards/mean:0.0 - critic/rewards/max:0.0 - critic/rewards/min:0.0 - critic/advantages/mean:0.0 - critic/advantages/max:0.0 - critic/advantages/min:0.0 - critic/returns/mean:0.0 - critic/returns/max:0.0 - critic/returns/min:0.0 - response_length/mean:64.0 - response_length/max:64.0 - response_length/min:64.0 - response_length/clip_ratio:1.0 - response_length_non_aborted/mean:64.0 - response_length_non_aborted/max:64.0 - response_length_non_aborted/min:64.0 - response_length_non_aborted/clip_ratio:1.0 - response/aborted_ratio:0.0 - prompt_length/mean:24.5 - prompt_length/max:25.0 - prompt_length/min:24.0 - prompt_length/clip_ratio:0.0 - num_turns/min:np.int32(2) - num_turns/max:np.int32(2) - num_turns/mean:np.float64(2.0) - timing_s/start_profile:0.0003176040008838754 - timing_s/agent_loop/num_preempted/min:np.int64(-1) - timing_s/agent_loop/num_preempted/max:np.int64(-1) - timing_s/agent_loop/num_preempted/mean:np.float64(-1.0) - timing_s/agent_loop/generate_sequences/min:np.float64(0.7815758180004195) - timing_s/agent_loop/generate_sequences/max:np.float64(1.0438407199981157) - timing_s/agent_loop/generate_sequences/mean:np.float64(0.8990129827498095) - timing_s/agent_loop/tool_calls/min:np.float64(0.0) - timing_s/agent_loop/tool_calls/max:np.float64(0.0) - timing_s/agent_loop/tool_calls/mean:np.float64(0.0) - timing_s/agent_loop/compute_score/min:np.float64(0.009348717001557816) - timing_s/agent_loop/compute_score/max:np.float64(0.010647415001585614) - timing_s/agent_loop/compute_score/mean:np.float64(0.010186107750996598) - timing_s/agent_loop/slowest/generate_sequences:np.float64(1.0438407199981157) - timing_s/agent_loop/slowest/tool_calls:np.float64(0.0) - timing_s/agent_loop/slowest/compute_score:np.float64(0.010647415001585614) - timing_s/agent_loop/slowest/num_preempted:np.int64(-1) - timing_s/agent_loop/slowest/prompt_length:24 - timing_s/agent_loop/slowest/response_length:64 - timing_s/gen:1.7967754700002843 - timing_s/reward:5.243900159257464e-05 - timing_s/old_log_prob:3.735238130997459 - timing_s/adv:0.001622234998649219 - timing_s/update_actor:7.631037257000571 - timing_s/drafter:7.769701001998328 - drafter/spec_decode/mean_acceptance_length:2.170940170940171 - timing_s/update_weights:4.047024948999024 - timing_s/step:24.988789805000124 - timing_s/stop_profile:0.00017031999959726818 - timing_per_token_ms/gen:7.01865417968861 - timing_per_token_ms/update_actor:21.55660242090557 - timing_per_token_ms/adv:0.004582584741946946 - perf/total_num_tokens:354 - perf/time_per_step:24.988789805000124 - perf/throughput:7.083176151435042[36m(SpecoTaskRunner pid=54668)[0m Training Progress:  45%|████▌     | 9/20 [05:30<05:07, 27.95s/it]
[36m(SpecoWorker pid=56180)[0m ERROR:2026-09-19 09:24:14,186:Training step 9 failed with error: DFlash input/hidden/mask row mismatch: input_rows=34, hidden_rows=33, mask_rows=34
[36m(SpecoWorker pid=56180)[0m Traceback (most recent call last):
[36m(SpecoWorker pid=56180)[0m   File "/experiment/variants/eagle-alias/verl_speco/trainer/base_trainer.py", line 4679, in training_step
[36m(SpecoWorker pid=56180)[0m     return await self._training_step_impl(
[36m(SpecoWorker pid=56180)[0m            ^^^^^^^^^^^^^^^^^^^^^^^^^^^^^^^
[36m(SpecoWorker pid=56180)[0m   File "/experiment/variants/eagle-alias/verl_speco/trainer/base_trainer.py", line 4733, in _training_step_impl
[36m(SpecoWorker pid=56180)[0m     batch = self.prepare_training_batch(
[36m(SpecoWorker pid=56180)[0m             ^^^^^^^^^^^^^^^^^^^^^^^^^^^^
[36m(SpecoWorker pid=56180)[0m   File "/experiment/variants/eagle-alias/verl_speco/trainer/base_trainer.py", line 4512, in prepare_training_batch
[36m(SpecoWorker pid=56180)[0m     return self._prepare_training_batch(
[36m(SpecoWorker pid=56180)[0m            ^^^^^^^^^^^^^^^^^^^^^^^^^^^^^
[36m(SpecoWorker pid=56180)[0m   File "/experiment/variants/eagle-alias/verl_speco/trainer/base_trainer.py", line 3702, in _prepare_training_batch
[36m(SpecoWorker pid=56180)[0m     preprocessed_lists = self.backend.preprocess_individual_items(
[36m(SpecoWorker pid=56180)[0m                          ^^^^^^^^^^^^^^^^^^^^^^^^^^^^^^^^^^^^^^^^^
[36m(SpecoWorker pid=56180)[0m   File "/experiment/variants/eagle-alias/verl_speco/backends/dflash_trainer_backend.py", line 1260, in preprocess_individual_items
[36m(SpecoWorker pid=56180)[0m     raise ValueError(
[36m(SpecoWorker pid=56180)[0m ValueError: DFlash input/hidden/mask row mismatch: input_rows=34, hidden_rows=33, mask_rows=34
[36m(SpecoVLLMHttpServer pid=55180)[0m (Worker_TP0 pid=55875) WARNING:2026-09-19 09:24:21,979:[speco draft sleep] drafter state saved before level-2 sleep (66 tensors)
[36m(SpecoVLLMHttpServer pid=55180)[0m (Worker_TP1 pid=55876) WARNING:2026-09-19 09:24:21,986:[speco draft sleep] drafter state saved before level-2 sleep (66 tensors)
[36m(SpecoWorker pid=56179)[0m ERROR:2026-09-19 09:24:41,757:Training step 10 failed with error: DFlash input/hidden/mask row mismatch: input_rows=34, hidden_rows=33, mask_rows=34
[36m(SpecoWorker pid=56179)[0m Traceback (most recent call last):
[36m(SpecoWorker pid=56179)[0m   File "/experiment/variants/eagle-alias/verl_speco/trainer/base_trainer.py", line 4679, in training_step
[36m(SpecoWorker pid=56179)[0m     return await self._training_step_impl(
[36m(SpecoWorker pid=56179)[0m            ^^^^^^^^^^^^^^^^^^^^^^^^^^^^^^^
[36m(SpecoWorker pid=56179)[0m   File "/experiment/variants/eagle-alias/verl_speco/trainer/base_trainer.py", line 4733, in _training_step_impl
[36m(SpecoWorker pid=56179)[0m     batch = self.prepare_training_batch(
[36m(SpecoWorker pid=56179)[0m             ^^^^^^^^^^^^^^^^^^^^^^^^^^^^
[36m(SpecoWorker pid=56179)[0m   File "/experiment/variants/eagle-alias/verl_speco/trainer/base_trainer.py", line 4512, in prepare_training_batch
[36m(SpecoWorker pid=56179)[0m     return self._prepare_training_batch(
[36m(SpecoWorker pid=56179)[0m            ^^^^^^^^^^^^^^^^^^^^^^^^^^^^^
[36m(SpecoWorker pid=56179)[0m   File "/experiment/variants/eagle-alias/verl_speco/trainer/base_trainer.py", line 3702, in _prepare_training_batch
[36m(SpecoWorker pid=56179)[0m     preprocessed_lists = self.backend.preprocess_individual_items(
[36m(SpecoWorker pid=56179)[0m                          ^^^^^^^^^^^^^^^^^^^^^^^^^^^^^^^^^^^^^^^^^
[36m(SpecoWorker pid=56179)[0m   File "/experiment/variants/eagle-alias/verl_speco/backends/dflash_trainer_backend.py", line 1260, in preprocess_individual_items
[36m(SpecoWorker pid=56179)[0m     raise ValueError(
[36m(SpecoWorker pid=56179)[0m ValueError: DFlash input/hidden/mask row mismatch: input_rows=34, hidden_rows=33, mask_rows=34
[36m(SpecoVLLMHttpServer pid=55180)[0m (Worker_TP1 pid=55876) WARNING:2026-09-19 09:24:44,948:[speco draft wake_up] drafter state restored after level-2 wake_up (66 tensors, revision=0)
[36m(SpecoVLLMHttpServer pid=55180)[0m (Worker_TP0 pid=55875) WARNING:2026-09-19 09:24:44,949:[speco draft wake_up] drafter state restored after level-2 wake_up (66 tensors, revision=0)
[36m(SpecoTaskRunner pid=54668)[0m Training Progress:  50%|█████     | 10/20 [05:57<04:37, 27.74s/it]
[36m(SpecoWorker pid=56180)[0m ERROR:2026-09-19 09:24:41,757:Training step 10 failed with error: DFlash input/hidden/mask row mismatch: input_rows=34, hidden_rows=33, mask_rows=34
[36m(SpecoWorker pid=56180)[0m Traceback (most recent call last):
[36m(SpecoWorker pid=56180)[0m   File "/experiment/variants/eagle-alias/verl_speco/trainer/base_trainer.py", line 4679, in training_step
[36m(SpecoWorker pid=56180)[0m     return await self._training_step_impl(
[36m(SpecoWorker pid=56180)[0m            ^^^^^^^^^^^^^^^^^^^^^^^^^^^^^^^
[36m(SpecoWorker pid=56180)[0m   File "/experiment/variants/eagle-alias/verl_speco/trainer/base_trainer.py", line 4733, in _training_step_impl
[36m(SpecoWorker pid=56180)[0m     batch = self.prepare_training_batch(
[36m(SpecoWorker pid=56180)[0m             ^^^^^^^^^^^^^^^^^^^^^^^^^^^^
[36m(SpecoWorker pid=56180)[0m   File "/experiment/variants/eagle-alias/verl_speco/trainer/base_trainer.py", line 4512, in prepare_training_batch
[36m(SpecoWorker pid=56180)[0m     return self._prepare_training_batch(
[36m(SpecoWorker pid=56180)[0m            ^^^^^^^^^^^^^^^^^^^^^^^^^^^^^
[36m(SpecoWorker pid=56180)[0m   File "/experiment/variants/eagle-alias/verl_speco/trainer/base_trainer.py", line 3702, in _prepare_training_batch
[36m(SpecoWorker pid=56180)[0m     preprocessed_lists = self.backend.preprocess_individual_items(
[36m(SpecoWorker pid=56180)[0m                          ^^^^^^^^^^^^^^^^^^^^^^^^^^^^^^^^^^^^^^^^^
[36m(SpecoWorker pid=56180)[0m   File "/experiment/variants/eagle-alias/verl_speco/backends/dflash_trainer_backend.py", line 1260, in preprocess_individual_items
[36m(SpecoWorker pid=56180)[0m     raise ValueError(
[36m(SpecoWorker pid=56180)[0m ValueError: DFlash input/hidden/mask row mismatch: input_rows=34, hidden_rows=33, mask_rows=34
[36m(SpecoVLLMHttpServer pid=55180)[0m (Worker_TP0 pid=55875) WARNING:2026-09-19 09:24:49,133:[speco draft sleep] drafter state saved before level-2 sleep (66 tensors)
[36m(SpecoVLLMHttpServer pid=55180)[0m (Worker_TP1 pid=55876) WARNING:2026-09-19 09:24:49,136:[speco draft sleep] drafter state saved before level-2 sleep (66 tensors)
[36m(SpecoWorker pid=56180)[0m ERROR:2026-09-19 09:25:09,259:Training step 11 failed with error: DFlash input/hidden/mask row mismatch: input_rows=34, hidden_rows=33, mask_rows=34
[36m(SpecoWorker pid=56180)[0m Traceback (most recent call last):
[36m(SpecoWorker pid=56180)[0m   File "/experiment/variants/eagle-alias/verl_speco/trainer/base_trainer.py", line 4679, in training_step
[36m(SpecoWorker pid=56180)[0m     return await self._training_step_impl(
[36m(SpecoWorker pid=56180)[0m            ^^^^^^^^^^^^^^^^^^^^^^^^^^^^^^^
[36m(SpecoWorker pid=56180)[0m   File "/experiment/variants/eagle-alias/verl_speco/trainer/base_trainer.py", line 4733, in _training_step_impl
[36m(SpecoWorker pid=56180)[0m     batch = self.prepare_training_batch(
[36m(SpecoWorker pid=56180)[0m             ^^^^^^^^^^^^^^^^^^^^^^^^^^^^
[36m(SpecoWorker pid=56180)[0m   File "/experiment/variants/eagle-alias/verl_speco/trainer/base_trainer.py", line 4512, in prepare_training_batch
[36m(SpecoWorker pid=56180)[0m     return self._prepare_training_batch(
[36m(SpecoWorker pid=56180)[0m            ^^^^^^^^^^^^^^^^^^^^^^^^^^^^^
[36m(SpecoWorker pid=56180)[0m   File "/experiment/variants/eagle-alias/verl_speco/trainer/base_trainer.py", line 3702, in _prepare_training_batch
[36m(SpecoWorker pid=56180)[0m     preprocessed_lists = self.backend.preprocess_individual_items(
[36m(SpecoWorker pid=56180)[0m                          ^^^^^^^^^^^^^^^^^^^^^^^^^^^^^^^^^^^^^^^^^
[36m(SpecoWorker pid=56180)[0m   File "/experiment/variants/eagle-alias/verl_speco/backends/dflash_trainer_backend.py", line 1260, in preprocess_individual_items
[36m(SpecoWorker pid=56180)[0m     raise ValueError(
[36m(SpecoWorker pid=56180)[0m ValueError: DFlash input/hidden/mask row mismatch: input_rows=34, hidden_rows=33, mask_rows=34
[36m(SpecoVLLMHttpServer pid=55180)[0m (Worker_TP1 pid=55876) WARNING:2026-09-19 09:25:12,833:[speco draft wake_up] drafter state restored after level-2 wake_up (66 tensors, revision=0)
[36m(SpecoVLLMHttpServer pid=55180)[0m (Worker_TP0 pid=55875) WARNING:2026-09-19 09:25:12,833:[speco draft wake_up] drafter state restored after level-2 wake_up (66 tensors, revision=0)
[36m(SpecoTaskRunner pid=54668)[0m Training Progress:  55%|█████▌    | 11/20 [06:25<04:09, 27.75s/it]
[36m(SpecoWorker pid=56179)[0m ERROR:2026-09-19 09:25:09,258:Training step 11 failed with error: DFlash input/hidden/mask row mismatch: input_rows=34, hidden_rows=33, mask_rows=34
[36m(SpecoWorker pid=56179)[0m Traceback (most recent call last):
[36m(SpecoWorker pid=56179)[0m   File "/experiment/variants/eagle-alias/verl_speco/trainer/base_trainer.py", line 4679, in training_step
[36m(SpecoWorker pid=56179)[0m     return await self._training_step_impl(
[36m(SpecoWorker pid=56179)[0m            ^^^^^^^^^^^^^^^^^^^^^^^^^^^^^^^
[36m(SpecoWorker pid=56179)[0m   File "/experiment/variants/eagle-alias/verl_speco/trainer/base_trainer.py", line 4733, in _training_step_impl
[36m(SpecoWorker pid=56179)[0m     batch = self.prepare_training_batch(
[36m(SpecoWorker pid=56179)[0m             ^^^^^^^^^^^^^^^^^^^^^^^^^^^^
[36m(SpecoWorker pid=56179)[0m   File "/experiment/variants/eagle-alias/verl_speco/trainer/base_trainer.py", line 4512, in prepare_training_batch
[36m(SpecoWorker pid=56179)[0m     return self._prepare_training_batch(
[36m(SpecoWorker pid=56179)[0m            ^^^^^^^^^^^^^^^^^^^^^^^^^^^^^
[36m(SpecoWorker pid=56179)[0m   File "/experiment/variants/eagle-alias/verl_speco/trainer/base_trainer.py", line 3702, in _prepare_training_batch
[36m(SpecoWorker pid=56179)[0m     preprocessed_lists = self.backend.preprocess_individual_items(
[36m(SpecoWorker pid=56179)[0m                          ^^^^^^^^^^^^^^^^^^^^^^^^^^^^^^^^^^^^^^^^^
[36m(SpecoWorker pid=56179)[0m   File "/experiment/variants/eagle-alias/verl_speco/backends/dflash_trainer_backend.py", line 1260, in preprocess_individual_items
[36m(SpecoWorker pid=56179)[0m     raise ValueError(
[36m(SpecoWorker pid=56179)[0m ValueError: DFlash input/hidden/mask row mismatch: input_rows=34, hidden_rows=33, mask_rows=34

[36m(SpecoTaskRunner pid=54668)[0m step:10 - global_seqlen/min:176 - global_seqlen/max:176 - global_seqlen/minmax_diff:0 - global_seqlen/balanced_min:176 - global_seqlen/balanced_max:176 - global_seqlen/mean:176.0 - actor/entropy:0.0 - perf/mfu/actor_infer:0.010238645725608857 - training/rollout_probs_diff_valid:1 - training/rollout_probs_diff_max:0.10349875688552856 - training/rollout_probs_diff_mean:0.007167058065533638 - training/rollout_probs_diff_std:0.017596539109945297 - training/rollout_actor_probs_pearson_corr:0.9971248507499695 - rollout_corr/training_ppl:1.2573621273040771 - rollout_corr/training_log_ppl:0.22899238765239716 - rollout_corr/kl:-0.002416380448266864 - rollout_corr/k3_kl:0.002204384421929717 - rollout_corr/rollout_ppl:1.260422945022583 - rollout_corr/rollout_log_ppl:0.23140877485275269 - rollout_corr/log_ppl_diff:-0.00241638720035553 - rollout_corr/log_ppl_abs_diff:0.007462620735168457 - rollout_corr/log_ppl_diff_max:0.006494253873825073 - rollout_corr/log_ppl_diff_min:-0.017695963382720947 - rollout_corr/ppl_ratio:0.9976299405097961 - rollout_corr/chi2_token:0.01385509967803955 - rollout_corr/chi2_seq:2.0000977516174316 - actor/pg_clipfrac:np.float64(0.0) - actor/ppo_kl:np.float64(0.0) - actor/pg_clipfrac_lower:np.float64(0.0) - actor/pg_loss:np.float64(0.0) - actor/loss:np.float64(0.0) - actor/grad_norm:np.float64(0.0) - actor/lr:np.float64(1e-06) - actor/perf/max_memory_allocated_gb:np.float64(28.367042064666748) - actor/perf/max_memory_reserved_gb:np.float64(34.052734375) - actor/perf/cpu_memory_used_gb:np.float64(211.6023826599121) - perf/mfu/actor:np.float64(0.01032414537247792) - drafter/raw_drafter_samples:np.float64(4.0) - drafter/collected_samples:np.float64(2.0) - drafter/collect_interval_matched:np.float64(1.0) - drafter/collection_plan_used:np.float64(1.0) - drafter/collection_plan_collect:np.float64(1.0) - drafter/collection_plan_reason:np.float64(7.0) - drafter/collection_plan_source:np.float64(2.0) - drafter/collection_plan_interval_matched:np.float64(1.0) - drafter/collection_plan_training_interval_matched:np.float64(1.0) - drafter/collection_attempted:np.float64(1.0) - drafter/collection_completed:np.float64(1.0) - drafter/collection_outcome_reason:np.float64(1.0) - drafter/collection_rejected_samples:np.float64(0.0) - drafter/collection_worker_results:np.float64(1.0) - drafter/collection_finalized:np.float64(1.0) - drafter/collection_expired_stages:np.float64(0.0) - timing_s/drafter_collection_rpc:np.float64(0.027344354999513598) - drafter/scheduler_used:np.float64(1.0) - drafter/schedule_launch:np.float64(1.0) - drafter/schedule_interval_matched:np.float64(1.0) - drafter/schedule_strategy:np.float64(0.0) - drafter/schedule_reason:np.float64(10.0) - drafter/target_lm_head_apply_deferred:np.float64(1.0) - drafter/target_lm_head_selected_rows:np.float64(0.0) - drafter/target_lm_head_source_vocab_size:np.float64(0.0) - drafter/target_lm_head_direct_sparse_export:np.float64(0.0) - timing_s/drafter_sync_target_lm_head_fetch:np.float64(5.211374438000348) - timing_s/drafter_sync_target_lm_head_dispatch:np.float64(1.6112766969999939) - drafter/train_interval_matched:np.float64(1.0) - drafter/target_lm_head_synced:np.float64(1.0) - timing_s/drafter_sync_target_lm_head:np.float64(6.826438041003712) - timing_s/drafter_sync_target_lm_head_apply:np.float64(1.6117553550029697) - timing_s/drafter_sync_target_lm_head_wait:np.float64(0.0004786580029758625) - timing_s/drafter_sync_target_lm_head_overlap_window:np.float64(7.81707453099807) - drafter/trained:np.float64(0.0) - drafter/train_successful_steps_max:np.int64(0) - drafter/train_no_trainable_batch:np.float64(1.0) - drafter/train_activation_failed:np.float64(0.0) - drafter/train_attempted_batches_max:np.int64(1) - drafter/train_buffer_size_before_min:np.int64(2) - drafter/train_buffer_size_after_min:np.int64(2) - drafter/train_optimizer_step_max:np.int64(0) - drafter/train_worker_results_consistent:np.float64(0.0) - drafter/train_worker_ids_consistent:np.float64(1.0) - drafter/train_worker_incarnations_consistent:np.float64(1.0) - drafter/train_plan_ids_consistent:np.float64(1.0) - drafter/train_source_steps_consistent:np.float64(1.0) - drafter/train_data_versions_consistent:np.float64(1.0) - drafter/train_target_versions_consistent:np.float64(1.0) - drafter/train_successful_steps_consistent:np.float64(1.0) - drafter/train_optimizer_steps_consistent:np.float64(1.0) - drafter/train_publish_leader_count:np.float64(1.0) - drafter/train_publish_leader_snapshot_ready:np.float64(0.0) - timing_s/drafter_worker_training_loop:np.float64(0.0014462471008300781) - timing_s/drafter_worker_cleanup:np.float64(1.7067253589630127) - timing_s/drafter_worker_elapsed:np.float64(1.7083685398101807) - timing_s/drafter_train_rpc:np.float64(2.7327846820007835) - drafter/runtime_state:np.float64(4.0) - drafter/runtime_completed_batches:np.float64(0.0) - drafter/runtime_inflight:np.float64(0.0) - drafter/publish_attempted:np.float64(0.0) - drafter/published:np.float64(0.0) - timing_s/drafter_outer_unaccounted:np.float64(0.009776467992196558) - training/global_step:10 - training/epoch:1 - critic/score/mean:0.0 - critic/score/max:0.0 - critic/score/min:0.0 - critic/rewards/mean:0.0 - critic/rewards/max:0.0 - critic/rewards/min:0.0 - critic/advantages/mean:0.0 - critic/advantages/max:0.0 - critic/advantages/min:0.0 - critic/returns/mean:0.0 - critic/returns/max:0.0 - critic/returns/min:0.0 - response_length/mean:64.0 - response_length/max:64.0 - response_length/min:64.0 - response_length/clip_ratio:1.0 - response_length_non_aborted/mean:64.0 - response_length_non_aborted/max:64.0 - response_length_non_aborted/min:64.0 - response_length_non_aborted/clip_ratio:1.0 - response/aborted_ratio:0.0 - prompt_length/mean:24.0 - prompt_length/max:24.0 - prompt_length/min:24.0 - prompt_length/clip_ratio:0.0 - num_turns/min:np.int32(2) - num_turns/max:np.int32(2) - num_turns/mean:np.float64(2.0) - timing_s/start_profile:0.00016598599904682487 - timing_s/agent_loop/num_preempted/min:np.int64(-1) - timing_s/agent_loop/num_preempted/max:np.int64(-1) - timing_s/agent_loop/num_preempted/mean:np.float64(-1.0) - timing_s/agent_loop/generate_sequences/min:np.float64(0.8814077000024554) - timing_s/agent_loop/generate_sequences/max:np.float64(1.1029355979990214) - timing_s/agent_loop/generate_sequences/mean:np.float64(0.9573927035007728) - timing_s/agent_loop/tool_calls/min:np.float64(0.0) - timing_s/agent_loop/tool_calls/max:np.float64(0.0) - timing_s/agent_loop/tool_calls/mean:np.float64(0.0) - timing_s/agent_loop/compute_score/min:np.float64(0.007118274999811547) - timing_s/agent_loop/compute_score/max:np.float64(0.013594055999419652) - timing_s/agent_loop/compute_score/mean:np.float64(0.009673904000010225) - timing_s/agent_loop/slowest/generate_sequences:np.float64(1.1029355979990214) - timing_s/agent_loop/slowest/tool_calls:np.float64(0.0) - timing_s/agent_loop/slowest/compute_score:np.float64(0.009788471001229482) - timing_s/agent_loop/slowest/num_preempted:np.int64(-1) - timing_s/agent_loop/slowest/prompt_length:24 - timing_s/agent_loop/slowest/response_length:64 - timing_s/gen:1.8204147510004987 - timing_s/reward:2.3611999495187774e-05 - timing_s/old_log_prob:3.9494799470012367 - timing_s/adv:0.003516107997711515 - timing_s/update_actor:7.817064041002595 - timing_s/drafter:9.568999190996692 - drafter/spec_decode/mean_acceptance_length:2.1818181818181817 - timing_s/update_weights:4.082309436002106 - timing_s/step:27.247673947000294 - timing_s/stop_profile:0.00016303799930028617 - timing_per_token_ms/gen:7.110995121095698 - timing_per_token_ms/update_actor:22.207568298302828 - timing_per_token_ms/adv:0.009988943175316805 - perf/total_num_tokens:352 - perf/time_per_step:27.247673947000294 - perf/throughput:6.459266957698453
[36m(SpecoTaskRunner pid=54668)[0m step:11 - global_seqlen/min:176 - global_seqlen/max:178 - global_seqlen/minmax_diff:2 - global_seqlen/balanced_min:177 - global_seqlen/balanced_max:177 - global_seqlen/mean:177.0 - actor/entropy:0.0 - perf/mfu/actor_infer:0.010234039405853356 - training/rollout_probs_diff_valid:1 - training/rollout_probs_diff_max:0.11700218915939331 - training/rollout_probs_diff_mean:0.004888233263045549 - training/rollout_probs_diff_std:0.014036562293767929 - training/rollout_actor_probs_pearson_corr:0.9981955289840698 - rollout_corr/training_ppl:1.2739940881729126 - rollout_corr/training_log_ppl:0.23796223104000092 - rollout_corr/kl:0.0013826150679960847 - rollout_corr/k3_kl:0.0006375147495418787 - rollout_corr/rollout_ppl:1.271909475326538 - rollout_corr/rollout_log_ppl:0.23657959699630737 - rollout_corr/log_ppl_diff:0.001382613554596901 - rollout_corr/log_ppl_abs_diff:0.005608284845948219 - rollout_corr/log_ppl_diff_max:0.013705730438232422 - rollout_corr/log_ppl_diff_min:-0.005349546670913696 - rollout_corr/ppl_ratio:1.001410961151123 - rollout_corr/chi2_token:-0.0002497434616088867 - rollout_corr/chi2_seq:0.15224111080169678 - actor/pg_clipfrac:np.float64(0.0) - actor/ppo_kl:np.float64(0.0) - actor/pg_clipfrac_lower:np.float64(0.0) - actor/pg_loss:np.float64(0.0) - actor/loss:np.float64(0.0) - actor/grad_norm:np.float64(0.0) - actor/lr:np.float64(1e-06) - actor/perf/max_memory_allocated_gb:np.float64(28.367042064666748) - actor/perf/max_memory_reserved_gb:np.float64(34.052734375) - actor/perf/cpu_memory_used_gb:np.float64(210.92878341674805) - perf/mfu/actor:np.float64(0.010210327637757862) - drafter/raw_drafter_samples:np.float64(4.0) - drafter/collected_samples:np.float64(2.0) - drafter/collect_interval_matched:np.float64(1.0) - drafter/collection_plan_used:np.float64(1.0) - drafter/collection_plan_collect:np.float64(1.0) - drafter/collection_plan_reason:np.float64(7.0) - drafter/collection_plan_source:np.float64(2.0) - drafter/collection_plan_interval_matched:np.float64(1.0) - drafter/collection_plan_training_interval_matched:np.float64(1.0) - drafter/collection_attempted:np.float64(1.0) - drafter/collection_completed:np.float64(1.0) - drafter/collection_outcome_reason:np.float64(1.0) - drafter/collection_rejected_samples:np.float64(0.0) - drafter/collection_worker_results:np.float64(1.0) - drafter/collection_finalized:np.float64(1.0) - drafter/collection_expired_stages:np.float64(0.0) - timing_s/drafter_collection_rpc:np.float64(0.02964614799930132) - drafter/scheduler_used:np.float64(1.0) - drafter/schedule_launch:np.float64(1.0) - drafter/schedule_interval_matched:np.float64(1.0) - drafter/schedule_strategy:np.float64(0.0) - drafter/schedule_reason:np.float64(10.0) - drafter/target_lm_head_apply_deferred:np.float64(1.0) - drafter/target_lm_head_selected_rows:np.float64(0.0) - drafter/target_lm_head_source_vocab_size:np.float64(0.0) - drafter/target_lm_head_direct_sparse_export:np.float64(0.0) - timing_s/drafter_sync_target_lm_head_fetch:np.float64(4.499619475001964) - timing_s/drafter_sync_target_lm_head_dispatch:np.float64(2.6996267100003024) - drafter/train_interval_matched:np.float64(1.0) - drafter/target_lm_head_synced:np.float64(1.0) - timing_s/drafter_sync_target_lm_head:np.float64(7.203157538002415) - timing_s/drafter_sync_target_lm_head_apply:np.float64(2.699960378002288) - timing_s/drafter_sync_target_lm_head_wait:np.float64(0.00033366800198564306) - timing_s/drafter_sync_target_lm_head_overlap_window:np.float64(7.128101240999968) - drafter/trained:np.float64(0.0) - drafter/train_successful_steps_max:np.int64(0) - drafter/train_no_trainable_batch:np.float64(1.0) - drafter/train_activation_failed:np.float64(0.0) - drafter/train_attempted_batches_max:np.int64(1) - drafter/train_buffer_size_before_min:np.int64(2) - drafter/train_buffer_size_after_min:np.int64(2) - drafter/train_optimizer_step_max:np.int64(0) - drafter/train_worker_results_consistent:np.float64(0.0) - drafter/train_worker_ids_consistent:np.float64(1.0) - drafter/train_worker_incarnations_consistent:np.float64(1.0) - drafter/train_plan_ids_consistent:np.float64(1.0) - drafter/train_source_steps_consistent:np.float64(1.0) - drafter/train_data_versions_consistent:np.float64(1.0) - drafter/train_target_versions_consistent:np.float64(1.0) - drafter/train_successful_steps_consistent:np.float64(1.0) - drafter/train_optimizer_steps_consistent:np.float64(1.0) - drafter/train_publish_leader_count:np.float64(1.0) - drafter/train_publish_leader_snapshot_ready:np.float64(0.0) - timing_s/drafter_worker_training_loop:np.float64(0.37786269187927246) - timing_s/drafter_worker_cleanup:np.float64(1.7367675304412842) - timing_s/drafter_worker_elapsed:np.float64(2.115222454071045) - timing_s/drafter_train_rpc:np.float64(3.1389068530006625) - drafter/runtime_state:np.float64(4.0) - drafter/runtime_completed_batches:np.float64(0.0) - drafter/runtime_inflight:np.float64(0.0) - drafter/publish_attempted:np.float64(0.0) - drafter/published:np.float64(0.0) - timing_s/drafter_outer_unaccounted:np.float64(0.010666028996638488) - training/global_step:11 - training/epoch:1 - critic/score/mean:0.0 - critic/score/max:0.0 - critic/score/min:0.0 - critic/rewards/mean:0.0 - critic/rewards/max:0.0 - critic/rewards/min:0.0 - critic/advantages/mean:0.0 - critic/advantages/max:0.0 - critic/advantages/min:0.0 - critic/returns/mean:0.0 - critic/returns/max:0.0 - critic/returns/min:0.0 - response_length/mean:64.0 - response_length/max:64.0 - response_length/min:64.0 - response_length/clip_ratio:1.0 - response_length_non_aborted/mean:64.0 - response_length_non_aborted/max:64.0 - response_length_non_aborted/min:64.0 - response_length_non_aborted/clip_ratio:1.0 - response/aborted_ratio:0.0 - prompt_length/mean:24.5 - prompt_length/max:25.0 - prompt_length/min:24.0 - prompt_length/clip_ratio:0.0 - num_turns/min:np.int32(2) - num_turns/max:np.int32(2) - num_turns/mean:np.float64(2.0) - timing_s/start_profile:0.00012729200170724653 - timing_s/agent_loop/num_preempted/min:np.int64(-1) - timing_s/agent_loop/num_preempted/max:np.int64(-1) - timing_s/agent_loop/num_preempted/mean:np.float64(-1.0) - timing_s/agent_loop/generate_sequences/min:np.float64(0.7514078400017752) - timing_s/agent_loop/generate_sequences/max:np.float64(1.0001562450015626) - timing_s/agent_loop/generate_sequences/mean:np.float64(0.8573105360010231) - timing_s/agent_loop/tool_calls/min:np.float64(0.0) - timing_s/agent_loop/tool_calls/max:np.float64(0.0) - timing_s/agent_loop/tool_calls/mean:np.float64(0.0) - timing_s/agent_loop/compute_score/min:np.float64(0.009914001999277389) - timing_s/agent_loop/compute_score/max:np.float64(0.011669917999824975) - timing_s/agent_loop/compute_score/mean:np.float64(0.01067568174948974) - timing_s/agent_loop/slowest/generate_sequences:np.float64(1.0001562450015626) - timing_s/agent_loop/slowest/tool_calls:np.float64(0.0) - timing_s/agent_loop/slowest/compute_score:np.float64(0.01057780900009675) - timing_s/agent_loop/slowest/num_preempted:np.int64(-1) - timing_s/agent_loop/slowest/prompt_length:25 - timing_s/agent_loop/slowest/response_length:64 - timing_s/gen:1.7940344960006769 - timing_s/reward:2.3740001779515296e-05 - timing_s/old_log_prob:4.533308008998574 - timing_s/adv:0.003604794997954741 - timing_s/update_actor:7.128082122002525 - timing_s/drafter:10.352730419999716 - drafter/spec_decode/mean_acceptance_length:2.327272727272727 - timing_s/update_weights:3.936626012000488 - timing_s/step:27.754410850000568 - timing_s/stop_profile:0.00014885400014463812 - timing_per_token_ms/gen:7.007947250002644 - timing_per_token_ms/update_actor:20.135825203396966 - timing_per_token_ms/adv:0.010183036717386275 - perf/total_num_tokens:354 - perf/time_per_step:27.754410850000568 - perf/throughput:6.377364699132007[36m(SpecoVLLMHttpServer pid=55180)[0m (Worker_TP1 pid=55876) WARNING:2026-09-19 09:25:17,174:[speco draft sleep] drafter state saved before level-2 sleep (66 tensors)
[36m(SpecoVLLMHttpServer pid=55180)[0m (Worker_TP0 pid=55875) WARNING:2026-09-19 09:25:17,175:[speco draft sleep] drafter state saved before level-2 sleep (66 tensors)
[36m(SpecoWorker pid=56180)[0m ERROR:2026-09-19 09:25:38,222:Training step 12 failed with error: DFlash input/hidden/mask row mismatch: input_rows=34, hidden_rows=33, mask_rows=34
[36m(SpecoWorker pid=56180)[0m Traceback (most recent call last):
[36m(SpecoWorker pid=56180)[0m   File "/experiment/variants/eagle-alias/verl_speco/trainer/base_trainer.py", line 4679, in training_step
[36m(SpecoWorker pid=56180)[0m     return await self._training_step_impl(
[36m(SpecoWorker pid=56180)[0m            ^^^^^^^^^^^^^^^^^^^^^^^^^^^^^^^
[36m(SpecoWorker pid=56180)[0m   File "/experiment/variants/eagle-alias/verl_speco/trainer/base_trainer.py", line 4733, in _training_step_impl
[36m(SpecoWorker pid=56180)[0m     batch = self.prepare_training_batch(
[36m(SpecoWorker pid=56180)[0m             ^^^^^^^^^^^^^^^^^^^^^^^^^^^^
[36m(SpecoWorker pid=56180)[0m   File "/experiment/variants/eagle-alias/verl_speco/trainer/base_trainer.py", line 4512, in prepare_training_batch
[36m(SpecoWorker pid=56180)[0m     return self._prepare_training_batch(
[36m(SpecoWorker pid=56180)[0m            ^^^^^^^^^^^^^^^^^^^^^^^^^^^^^
[36m(SpecoWorker pid=56180)[0m   File "/experiment/variants/eagle-alias/verl_speco/trainer/base_trainer.py", line 3702, in _prepare_training_batch
[36m(SpecoWorker pid=56180)[0m     preprocessed_lists = self.backend.preprocess_individual_items(
[36m(SpecoWorker pid=56180)[0m                          ^^^^^^^^^^^^^^^^^^^^^^^^^^^^^^^^^^^^^^^^^
[36m(SpecoWorker pid=56180)[0m   File "/experiment/variants/eagle-alias/verl_speco/backends/dflash_trainer_backend.py", line 1260, in preprocess_individual_items
[36m(SpecoWorker pid=56180)[0m     raise ValueError(
[36m(SpecoWorker pid=56180)[0m ValueError: DFlash input/hidden/mask row mismatch: input_rows=34, hidden_rows=33, mask_rows=34
[36m(SpecoVLLMHttpServer pid=55180)[0m (Worker_TP1 pid=55876) WARNING:2026-09-19 09:25:41,413:[speco draft wake_up] drafter state restored after level-2 wake_up (66 tensors, revision=0)
[36m(SpecoVLLMHttpServer pid=55180)[0m (Worker_TP0 pid=55875) WARNING:2026-09-19 09:25:41,427:[speco draft wake_up] drafter state restored after level-2 wake_up (66 tensors, revision=0)
[36m(SpecoTaskRunner pid=54668)[0m Training Progress:  60%|██████    | 12/20 [06:54<03:46, 28.31s/it]
[36m(SpecoWorker pid=56179)[0m ERROR:2026-09-19 09:25:38,221:Training step 12 failed with error: DFlash input/hidden/mask row mismatch: input_rows=34, hidden_rows=33, mask_rows=34
[36m(SpecoWorker pid=56179)[0m Traceback (most recent call last):
[36m(SpecoWorker pid=56179)[0m   File "/experiment/variants/eagle-alias/verl_speco/trainer/base_trainer.py", line 4679, in training_step
[36m(SpecoWorker pid=56179)[0m     return await self._training_step_impl(
[36m(SpecoWorker pid=56179)[0m            ^^^^^^^^^^^^^^^^^^^^^^^^^^^^^^^
[36m(SpecoWorker pid=56179)[0m   File "/experiment/variants/eagle-alias/verl_speco/trainer/base_trainer.py", line 4733, in _training_step_impl
[36m(SpecoWorker pid=56179)[0m     batch = self.prepare_training_batch(
[36m(SpecoWorker pid=56179)[0m             ^^^^^^^^^^^^^^^^^^^^^^^^^^^^
[36m(SpecoWorker pid=56179)[0m   File "/experiment/variants/eagle-alias/verl_speco/trainer/base_trainer.py", line 4512, in prepare_training_batch
[36m(SpecoWorker pid=56179)[0m     return self._prepare_training_batch(
[36m(SpecoWorker pid=56179)[0m            ^^^^^^^^^^^^^^^^^^^^^^^^^^^^^
[36m(SpecoWorker pid=56179)[0m   File "/experiment/variants/eagle-alias/verl_speco/trainer/base_trainer.py", line 3702, in _prepare_training_batch
[36m(SpecoWorker pid=56179)[0m     preprocessed_lists = self.backend.preprocess_individual_items(
[36m(SpecoWorker pid=56179)[0m                          ^^^^^^^^^^^^^^^^^^^^^^^^^^^^^^^^^^^^^^^^^
[36m(SpecoWorker pid=56179)[0m   File "/experiment/variants/eagle-alias/verl_speco/backends/dflash_trainer_backend.py", line 1260, in preprocess_individual_items
[36m(SpecoWorker pid=56179)[0m     raise ValueError(
[36m(SpecoWorker pid=56179)[0m ValueError: DFlash input/hidden/mask row mismatch: input_rows=34, hidden_rows=33, mask_rows=34
[36m(SpecoVLLMHttpServer pid=55180)[0m (Worker_TP1 pid=55876) WARNING:2026-09-19 09:25:46,532:[speco draft sleep] drafter state saved before level-2 sleep (66 tensors)
[36m(SpecoVLLMHttpServer pid=55180)[0m (Worker_TP0 pid=55875) WARNING:2026-09-19 09:25:46,550:[speco draft sleep] drafter state saved before level-2 sleep (66 tensors)
[36m(SpecoWorker pid=56180)[0m ERROR:2026-09-19 09:26:07,582:Training step 13 failed with error: DFlash input/hidden/mask row mismatch: input_rows=34, hidden_rows=33, mask_rows=34
[36m(SpecoWorker pid=56180)[0m Traceback (most recent call last):
[36m(SpecoWorker pid=56180)[0m   File "/experiment/variants/eagle-alias/verl_speco/trainer/base_trainer.py", line 4679, in training_step
[36m(SpecoWorker pid=56180)[0m     return await self._training_step_impl(
[36m(SpecoWorker pid=56180)[0m            ^^^^^^^^^^^^^^^^^^^^^^^^^^^^^^^
[36m(SpecoWorker pid=56180)[0m   File "/experiment/variants/eagle-alias/verl_speco/trainer/base_trainer.py", line 4733, in _training_step_impl
[36m(SpecoWorker pid=56180)[0m     batch = self.prepare_training_batch(
[36m(SpecoWorker pid=56180)[0m             ^^^^^^^^^^^^^^^^^^^^^^^^^^^^
[36m(SpecoWorker pid=56180)[0m   File "/experiment/variants/eagle-alias/verl_speco/trainer/base_trainer.py", line 4512, in prepare_training_batch
[36m(SpecoWorker pid=56180)[0m     return self._prepare_training_batch(
[36m(SpecoWorker pid=56180)[0m            ^^^^^^^^^^^^^^^^^^^^^^^^^^^^^
[36m(SpecoWorker pid=56180)[0m   File "/experiment/variants/eagle-alias/verl_speco/trainer/base_trainer.py", line 3702, in _prepare_training_batch
[36m(SpecoWorker pid=56180)[0m     preprocessed_lists = self.backend.preprocess_individual_items(
[36m(SpecoWorker pid=56180)[0m                          ^^^^^^^^^^^^^^^^^^^^^^^^^^^^^^^^^^^^^^^^^
[36m(SpecoWorker pid=56180)[0m   File "/experiment/variants/eagle-alias/verl_speco/backends/dflash_trainer_backend.py", line 1260, in preprocess_individual_items
[36m(SpecoWorker pid=56180)[0m     raise ValueError(
[36m(SpecoWorker pid=56180)[0m ValueError: DFlash input/hidden/mask row mismatch: input_rows=34, hidden_rows=33, mask_rows=34
[36m(SpecoVLLMHttpServer pid=55180)[0m (Worker_TP1 pid=55876) WARNING:2026-09-19 09:26:10,831:[speco draft wake_up] drafter state restored after level-2 wake_up (66 tensors, revision=0)
[36m(SpecoVLLMHttpServer pid=55180)[0m (Worker_TP0 pid=55875) WARNING:2026-09-19 09:26:10,833:[speco draft wake_up] drafter state restored after level-2 wake_up (66 tensors, revision=0)
[36m(SpecoWorker pid=56179)[0m ERROR:2026-09-19 09:26:07,582:Training step 13 failed with error: DFlash input/hidden/mask row mismatch: input_rows=34, hidden_rows=33, mask_rows=34
[36m(SpecoWorker pid=56179)[0m Traceback (most recent call last):
[36m(SpecoWorker pid=56179)[0m   File "/experiment/variants/eagle-alias/verl_speco/trainer/base_trainer.py", line 4679, in training_step
[36m(SpecoWorker pid=56179)[0m     return await self._training_step_impl(
[36m(SpecoWorker pid=56179)[0m            ^^^^^^^^^^^^^^^^^^^^^^^^^^^^^^^
[36m(SpecoWorker pid=56179)[0m   File "/experiment/variants/eagle-alias/verl_speco/trainer/base_trainer.py", line 4733, in _training_step_impl
[36m(SpecoWorker pid=56179)[0m     batch = self.prepare_training_batch(
[36m(SpecoWorker pid=56179)[0m             ^^^^^^^^^^^^^^^^^^^^^^^^^^^^
[36m(SpecoWorker pid=56179)[0m   File "/experiment/variants/eagle-alias/verl_speco/trainer/base_trainer.py", line 4512, in prepare_training_batch
[36m(SpecoWorker pid=56179)[0m     return self._prepare_training_batch(
[36m(SpecoWorker pid=56179)[0m            ^^^^^^^^^^^^^^^^^^^^^^^^^^^^^
[36m(SpecoWorker pid=56179)[0m   File "/experiment/variants/eagle-alias/verl_speco/trainer/base_trainer.py", line 3702, in _prepare_training_batch
[36m(SpecoWorker pid=56179)[0m     preprocessed_lists = self.backend.preprocess_individual_items(
[36m(SpecoWorker pid=56179)[0m                          ^^^^^^^^^^^^^^^^^^^^^^^^^^^^^^^^^^^^^^^^^
[36m(SpecoWorker pid=56179)[0m   File "/experiment/variants/eagle-alias/verl_speco/backends/dflash_trainer_backend.py", line 1260, in preprocess_individual_items
[36m(SpecoWorker pid=56179)[0m     raise ValueError(
[36m(SpecoWorker pid=56179)[0m ValueError: DFlash input/hidden/mask row mismatch: input_rows=34, hidden_rows=33, mask_rows=34
[36m(SpecoTaskRunner pid=54668)[0m Training Progress:  65%|██████▌   | 13/20 [07:25<03:21, 28.85s/it]

[36m(SpecoTaskRunner pid=54668)[0m step:12 - global_seqlen/min:176 - global_seqlen/max:178 - global_seqlen/minmax_diff:2 - global_seqlen/balanced_min:177 - global_seqlen/balanced_max:177 - global_seqlen/mean:177.0 - actor/entropy:0.0 - perf/mfu/actor_infer:0.008102296771380085 - training/rollout_probs_diff_valid:1 - training/rollout_probs_diff_max:0.12215292453765869 - training/rollout_probs_diff_mean:0.006561349146068096 - training/rollout_probs_diff_std:0.01711934804916382 - training/rollout_actor_probs_pearson_corr:0.9967319369316101 - rollout_corr/training_ppl:1.2284116744995117 - rollout_corr/training_log_ppl:0.20216195285320282 - rollout_corr/kl:0.0009354422218166292 - rollout_corr/k3_kl:0.0013134719338268042 - rollout_corr/rollout_ppl:1.227416753768921 - rollout_corr/rollout_log_ppl:0.20122650265693665 - rollout_corr/log_ppl_diff:0.0009354390203952789 - rollout_corr/log_ppl_abs_diff:0.005688276141881943 - rollout_corr/log_ppl_diff_max:0.013247430324554443 - rollout_corr/log_ppl_diff_min:-0.00836724042892456 - rollout_corr/ppl_ratio:1.0009663105010986 - rollout_corr/chi2_token:0.0037566423416137695 - rollout_corr/chi2_seq:0.31379270553588867 - actor/pg_clipfrac:np.float64(0.0) - actor/ppo_kl:np.float64(0.0) - actor/pg_clipfrac_lower:np.float64(0.0) - actor/pg_loss:np.float64(0.0) - actor/loss:np.float64(0.0) - actor/grad_norm:np.float64(0.0) - actor/lr:np.float64(1e-06) - actor/perf/max_memory_allocated_gb:np.float64(28.367042064666748) - actor/perf/max_memory_reserved_gb:np.float64(34.052734375) - actor/perf/cpu_memory_used_gb:np.float64(212.04076385498047) - perf/mfu/actor:np.float64(0.010048042978595222) - drafter/raw_drafter_samples:np.float64(4.0) - drafter/collected_samples:np.float64(2.0) - drafter/collect_interval_matched:np.float64(1.0) - drafter/collection_plan_used:np.float64(1.0) - drafter/collection_plan_collect:np.float64(1.0) - drafter/collection_plan_reason:np.float64(7.0) - drafter/collection_plan_source:np.float64(2.0) - drafter/collection_plan_interval_matched:np.float64(1.0) - drafter/collection_plan_training_interval_matched:np.float64(1.0) - drafter/collection_attempted:np.float64(1.0) - drafter/collection_completed:np.float64(1.0) - drafter/collection_outcome_reason:np.float64(1.0) - drafter/collection_rejected_samples:np.float64(0.0) - drafter/collection_worker_results:np.float64(1.0) - drafter/collection_finalized:np.float64(1.0) - drafter/collection_expired_stages:np.float64(0.0) - timing_s/drafter_collection_rpc:np.float64(0.14367607000167482) - drafter/scheduler_used:np.float64(1.0) - drafter/schedule_launch:np.float64(1.0) - drafter/schedule_interval_matched:np.float64(1.0) - drafter/schedule_strategy:np.float64(0.0) - drafter/schedule_reason:np.float64(10.0) - drafter/target_lm_head_apply_deferred:np.float64(1.0) - drafter/target_lm_head_selected_rows:np.float64(0.0) - drafter/target_lm_head_source_vocab_size:np.float64(0.0) - drafter/target_lm_head_direct_sparse_export:np.float64(0.0) - timing_s/drafter_sync_target_lm_head_fetch:np.float64(4.598454620001576) - timing_s/drafter_sync_target_lm_head_dispatch:np.float64(2.5259510910000245) - drafter/train_interval_matched:np.float64(1.0) - drafter/target_lm_head_synced:np.float64(1.0) - timing_s/drafter_sync_target_lm_head:np.float64(7.128190651001205) - timing_s/drafter_sync_target_lm_head_apply:np.float64(2.5261033839997253) - timing_s/drafter_sync_target_lm_head_wait:np.float64(0.00015229299970087595) - timing_s/drafter_sync_target_lm_head_overlap_window:np.float64(8.093312629996944) - drafter/trained:np.float64(0.0) - drafter/train_successful_steps_max:np.int64(0) - drafter/train_no_trainable_batch:np.float64(1.0) - drafter/train_activation_failed:np.float64(0.0) - drafter/train_attempted_batches_max:np.int64(1) - drafter/train_buffer_size_before_min:np.int64(2) - drafter/train_buffer_size_after_min:np.int64(2) - drafter/train_optimizer_step_max:np.int64(0) - drafter/train_worker_results_consistent:np.float64(0.0) - drafter/train_worker_ids_consistent:np.float64(1.0) - drafter/train_worker_incarnations_consistent:np.float64(1.0) - drafter/train_plan_ids_consistent:np.float64(1.0) - drafter/train_source_steps_consistent:np.float64(1.0) - drafter/train_data_versions_consistent:np.float64(1.0) - drafter/train_target_versions_consistent:np.float64(1.0) - drafter/train_successful_steps_consistent:np.float64(1.0) - drafter/train_optimizer_steps_consistent:np.float64(1.0) - drafter/train_publish_leader_count:np.float64(1.0) - drafter/train_publish_leader_snapshot_ready:np.float64(0.0) - timing_s/drafter_worker_training_loop:np.float64(0.016672849655151367) - timing_s/drafter_worker_cleanup:np.float64(1.7115578651428223) - timing_s/drafter_worker_elapsed:np.float64(1.728508710861206) - timing_s/drafter_train_rpc:np.float64(2.7557701660007297) - drafter/runtime_state:np.float64(4.0) - drafter/runtime_completed_batches:np.float64(0.0) - drafter/runtime_inflight:np.float64(0.0) - drafter/publish_attempted:np.float64(0.0) - drafter/published:np.float64(0.0) - timing_s/drafter_outer_unaccounted:np.float64(0.010669961993698962) - training/global_step:12 - training/epoch:1 - critic/score/mean:0.0 - critic/score/max:0.0 - critic/score/min:0.0 - critic/rewards/mean:0.0 - critic/rewards/max:0.0 - critic/rewards/min:0.0 - critic/advantages/mean:0.0 - critic/advantages/max:0.0 - critic/advantages/min:0.0 - critic/returns/mean:0.0 - critic/returns/max:0.0 - critic/returns/min:0.0 - response_length/mean:64.0 - response_length/max:64.0 - response_length/min:64.0 - response_length/clip_ratio:1.0 - response_length_non_aborted/mean:64.0 - response_length_non_aborted/max:64.0 - response_length_non_aborted/min:64.0 - response_length_non_aborted/clip_ratio:1.0 - response/aborted_ratio:0.0 - prompt_length/mean:24.5 - prompt_length/max:25.0 - prompt_length/min:24.0 - prompt_length/clip_ratio:0.0 - num_turns/min:np.int32(2) - num_turns/max:np.int32(2) - num_turns/mean:np.float64(2.0) - timing_s/start_profile:0.00015130800238694064 - timing_s/agent_loop/num_preempted/min:np.int64(-1) - timing_s/agent_loop/num_preempted/max:np.int64(-1) - timing_s/agent_loop/num_preempted/mean:np.float64(-1.0) - timing_s/agent_loop/generate_sequences/min:np.float64(0.9064315290015657) - timing_s/agent_loop/generate_sequences/max:np.float64(0.9605450779999956) - timing_s/agent_loop/generate_sequences/mean:np.float64(0.9404214467504062) - timing_s/agent_loop/tool_calls/min:np.float64(0.0) - timing_s/agent_loop/tool_calls/max:np.float64(0.0) - timing_s/agent_loop/tool_calls/mean:np.float64(0.0) - timing_s/agent_loop/compute_score/min:np.float64(0.010046407998743234) - timing_s/agent_loop/compute_score/max:np.float64(0.31886060999750043) - timing_s/agent_loop/compute_score/mean:np.float64(0.08736986199892272) - timing_s/agent_loop/slowest/generate_sequences:np.float64(0.9605450779999956) - timing_s/agent_loop/slowest/tool_calls:np.float64(0.0) - timing_s/agent_loop/slowest/compute_score:np.float64(0.31886060999750043) - timing_s/agent_loop/slowest/num_preempted:np.int64(-1) - timing_s/agent_loop/slowest/prompt_length:24 - timing_s/agent_loop/slowest/response_length:64 - timing_s/gen:1.9844753270008368 - timing_s/reward:2.5110999558819458e-05 - timing_s/old_log_prob:4.6419975370008615 - timing_s/adv:0.003523051000229316 - timing_s/update_actor:8.093325995003397 - timing_s/drafter:9.894630778995634 - drafter/spec_decode/mean_acceptance_length:2.1680672268907566 - timing_s/update_weights:4.3178978789983375 - timing_s/step:28.941875858999992 - timing_s/stop_profile:0.00014710200048284605 - timing_per_token_ms/gen:7.751856746097019 - timing_per_token_ms/update_actor:22.86250281074406 - timing_per_token_ms/adv:0.009952121469574339 - perf/total_num_tokens:354 - perf/time_per_step:28.941875858999992 - perf/throughput:6.115705867246289
[36m(SpecoTaskRunner pid=54668)[0m step:13 - global_seqlen/min:178 - global_seqlen/max:178 - global_seqlen/minmax_diff:0 - global_seqlen/balanced_min:178 - global_seqlen/balanced_max:178 - global_seqlen/mean:178.0 - actor/entropy:0.0 - perf/mfu/actor_infer:0.006688754331916962 - training/rollout_probs_diff_valid:1 - training/rollout_probs_diff_max:0.11289936304092407 - training/rollout_probs_diff_mean:0.006755254231393337 - training/rollout_probs_diff_std:0.01724185049533844 - training/rollout_actor_probs_pearson_corr:0.9966126084327698 - rollout_corr/training_ppl:1.2011027336120605 - rollout_corr/training_log_ppl:0.17903433740139008 - rollout_corr/kl:0.004628506023436785 - rollout_corr/k3_kl:0.0014575989916920662 - rollout_corr/rollout_ppl:1.194806456565857 - rollout_corr/rollout_log_ppl:0.17440582811832428 - rollout_corr/log_ppl_diff:0.0046285055577754974 - rollout_corr/log_ppl_abs_diff:0.00639810785651207 - rollout_corr/log_ppl_diff_max:0.01985996961593628 - rollout_corr/log_ppl_diff_min:-0.0035392045974731445 - rollout_corr/ppl_ratio:1.0046800374984741 - rollout_corr/chi2_token:-0.0037285685539245605 - rollout_corr/chi2_seq:-0.15252363681793213 - actor/pg_clipfrac:np.float64(0.0) - actor/ppo_kl:np.float64(0.0) - actor/pg_clipfrac_lower:np.float64(0.0) - actor/pg_loss:np.float64(0.0) - actor/loss:np.float64(0.0) - actor/grad_norm:np.float64(0.0) - actor/lr:np.float64(1e-06) - actor/perf/max_memory_allocated_gb:np.float64(28.367042064666748) - actor/perf/max_memory_reserved_gb:np.float64(34.052734375) - actor/perf/cpu_memory_used_gb:np.float64(212.23017501831055) - perf/mfu/actor:np.float64(0.010303417685001863) - drafter/raw_drafter_samples:np.float64(4.0) - drafter/collected_samples:np.float64(2.0) - drafter/collect_interval_matched:np.float64(1.0) - drafter/collection_plan_used:np.float64(1.0) - drafter/collection_plan_collect:np.float64(1.0) - drafter/collection_plan_reason:np.float64(7.0) - drafter/collection_plan_source:np.float64(2.0) - drafter/collection_plan_interval_matched:np.float64(1.0) - drafter/collection_plan_training_interval_matched:np.float64(1.0) - drafter/collection_attempted:np.float64(1.0) - drafter/collection_completed:np.float64(1.0) - drafter/collection_outcome_reason:np.float64(1.0) - drafter/collection_rejected_samples:np.float64(0.0) - drafter/collection_worker_results:np.float64(1.0) - drafter/collection_finalized:np.float64(1.0) - drafter/collection_expired_stages:np.float64(0.0) - timing_s/drafter_collection_rpc:np.float64(0.02930743899923982) - drafter/scheduler_used:np.float64(1.0) - drafter/schedule_launch:np.float64(1.0) - drafter/schedule_interval_matched:np.float64(1.0) - drafter/schedule_strategy:np.float64(0.0) - drafter/schedule_reason:np.float64(10.0) - drafter/target_lm_head_apply_deferred:np.float64(1.0) - drafter/target_lm_head_selected_rows:np.float64(0.0) - drafter/target_lm_head_source_vocab_size:np.float64(0.0) - drafter/target_lm_head_direct_sparse_export:np.float64(0.0) - timing_s/drafter_sync_target_lm_head_fetch:np.float64(4.344604746998812) - timing_s/drafter_sync_target_lm_head_dispatch:np.float64(3.6639171650022035) - drafter/train_interval_matched:np.float64(1.0) - drafter/target_lm_head_synced:np.float64(1.0) - timing_s/drafter_sync_target_lm_head:np.float64(8.01234498300255) - timing_s/drafter_sync_target_lm_head_apply:np.float64(3.6642929580048076) - timing_s/drafter_sync_target_lm_head_wait:np.float64(0.00037579300260404125) - timing_s/drafter_sync_target_lm_head_overlap_window:np.float64(7.0690398839979025) - drafter/trained:np.float64(0.0) - drafter/train_successful_steps_max:np.int64(0) - drafter/train_no_trainable_batch:np.float64(1.0) - drafter/train_activation_failed:np.float64(0.0) - drafter/train_attempted_batches_max:np.int64(1) - drafter/train_buffer_size_before_min:np.int64(2) - drafter/train_buffer_size_after_min:np.int64(2) - drafter/train_optimizer_step_max:np.int64(0) - drafter/train_worker_results_consistent:np.float64(0.0) - drafter/train_worker_ids_consistent:np.float64(1.0) - drafter/train_worker_incarnations_consistent:np.float64(1.0) - drafter/train_plan_ids_consistent:np.float64(1.0) - drafter/train_source_steps_consistent:np.float64(1.0) - drafter/train_data_versions_consistent:np.float64(1.0) - drafter/train_target_versions_consistent:np.float64(1.0) - drafter/train_successful_steps_consistent:np.float64(1.0) - drafter/train_optimizer_steps_consistent:np.float64(1.0) - drafter/train_publish_leader_count:np.float64(1.0) - drafter/train_publish_leader_snapshot_ready:np.float64(0.0) - timing_s/drafter_worker_training_loop:np.float64(0.129103422164917) - timing_s/drafter_worker_cleanup:np.float64(1.712719202041626) - timing_s/drafter_worker_elapsed:np.float64(1.8422794342041016) - timing_s/drafter_train_rpc:np.float64(2.936539119000372) - drafter/runtime_state:np.float64(4.0) - drafter/runtime_completed_batches:np.float64(0.0) - drafter/runtime_inflight:np.float64(0.0) - drafter/publish_attempted:np.float64(0.0) - drafter/published:np.float64(0.0) - timing_s/drafter_outer_unaccounted:np.float64(0.00917429899709532) - training/global_step:13 - training/epoch:1 - critic/score/mean:0.0 - critic/score/max:0.0 - critic/score/min:0.0 - critic/rewards/mean:0.0 - critic/rewards/max:0.0 - critic/rewards/min:0.0 - critic/advantages/mean:0.0 - critic/advantages/max:0.0 - critic/advantages/min:0.0 - critic/returns/mean:0.0 - critic/returns/max:0.0 - critic/returns/min:0.0 - response_length/mean:64.0 - response_length/max:64.0 - response_length/min:64.0 - response_length/clip_ratio:1.0 - response_length_non_aborted/mean:64.0 - response_length_non_aborted/max:64.0 - response_length_non_aborted/min:64.0 - response_length_non_aborted/clip_ratio:1.0 - response/aborted_ratio:0.0 - prompt_length/mean:25.0 - prompt_length/max:25.0 - prompt_length/min:25.0 - prompt_length/clip_ratio:0.0 - num_turns/min:np.int32(2) - num_turns/max:np.int32(2) - num_turns/mean:np.float64(2.0) - timing_s/start_profile:9.05579981917981e-05 - timing_s/agent_loop/num_preempted/min:np.int64(-1) - timing_s/agent_loop/num_preempted/max:np.int64(-1) - timing_s/agent_loop/num_preempted/mean:np.float64(-1.0) - timing_s/agent_loop/generate_sequences/min:np.float64(0.8720900070002244) - timing_s/agent_loop/generate_sequences/max:np.float64(1.0264931749989046) - timing_s/agent_loop/generate_sequences/mean:np.float64(0.9578361197500271) - timing_s/agent_loop/tool_calls/min:np.float64(0.0) - timing_s/agent_loop/tool_calls/max:np.float64(0.0) - timing_s/agent_loop/tool_calls/mean:np.float64(0.0) - timing_s/agent_loop/compute_score/min:np.float64(0.009700918002636172) - timing_s/agent_loop/compute_score/max:np.float64(0.011543550001078984) - timing_s/agent_loop/compute_score/mean:np.float64(0.01047558400023263) - timing_s/agent_loop/slowest/generate_sequences:np.float64(1.0264931749989046) - timing_s/agent_loop/slowest/tool_calls:np.float64(0.0) - timing_s/agent_loop/slowest/compute_score:np.float64(0.009700918002636172) - timing_s/agent_loop/slowest/num_preempted:np.int64(-1) - timing_s/agent_loop/slowest/prompt_length:25 - timing_s/agent_loop/slowest/response_length:64 - timing_s/gen:2.3763843099986843 - timing_s/reward:2.589699943200685e-05 - timing_s/old_log_prob:4.074900668001646 - timing_s/adv:0.0034845070003939327 - timing_s/update_actor:7.068972996999946 - timing_s/drafter:10.958058401000017 - drafter/spec_decode/mean_acceptance_length:2.2051282051282053 - timing_s/update_weights:5.324433974998101 - timing_s/step:29.81195377200129 - timing_s/stop_profile:0.0001454980010748841 - timing_per_token_ms/gen:9.28275121093236 - timing_per_token_ms/update_actor:19.85666572190996 - timing_per_token_ms/adv:0.009787941012342507 - perf/total_num_tokens:356 - perf/time_per_step:29.81195377200129 - perf/throughput:5.970759292105624[36m(SpecoVLLMHttpServer pid=55180)[0m (Worker_TP1 pid=55876) WARNING:2026-09-19 09:26:16,638:[speco draft sleep] drafter state saved before level-2 sleep (66 tensors)
[36m(SpecoVLLMHttpServer pid=55180)[0m (Worker_TP0 pid=55875) WARNING:2026-09-19 09:26:16,647:[speco draft sleep] drafter state saved before level-2 sleep (66 tensors)
[36m(SpecoWorker pid=56179)[0m ERROR:2026-09-19 09:26:38,515:Training step 14 failed with error: DFlash input/hidden/mask row mismatch: input_rows=34, hidden_rows=33, mask_rows=34
[36m(SpecoWorker pid=56179)[0m Traceback (most recent call last):
[36m(SpecoWorker pid=56179)[0m   File "/experiment/variants/eagle-alias/verl_speco/trainer/base_trainer.py", line 4679, in training_step
[36m(SpecoWorker pid=56179)[0m     return await self._training_step_impl(
[36m(SpecoWorker pid=56179)[0m            ^^^^^^^^^^^^^^^^^^^^^^^^^^^^^^^
[36m(SpecoWorker pid=56179)[0m   File "/experiment/variants/eagle-alias/verl_speco/trainer/base_trainer.py", line 4733, in _training_step_impl
[36m(SpecoWorker pid=56179)[0m     batch = self.prepare_training_batch(
[36m(SpecoWorker pid=56179)[0m             ^^^^^^^^^^^^^^^^^^^^^^^^^^^^
[36m(SpecoWorker pid=56179)[0m   File "/experiment/variants/eagle-alias/verl_speco/trainer/base_trainer.py", line 4512, in prepare_training_batch
[36m(SpecoWorker pid=56179)[0m     return self._prepare_training_batch(
[36m(SpecoWorker pid=56179)[0m            ^^^^^^^^^^^^^^^^^^^^^^^^^^^^^
[36m(SpecoWorker pid=56179)[0m   File "/experiment/variants/eagle-alias/verl_speco/trainer/base_trainer.py", line 3702, in _prepare_training_batch
[36m(SpecoWorker pid=56179)[0m     preprocessed_lists = self.backend.preprocess_individual_items(
[36m(SpecoWorker pid=56179)[0m                          ^^^^^^^^^^^^^^^^^^^^^^^^^^^^^^^^^^^^^^^^^
[36m(SpecoWorker pid=56179)[0m   File "/experiment/variants/eagle-alias/verl_speco/backends/dflash_trainer_backend.py", line 1260, in preprocess_individual_items
[36m(SpecoWorker pid=56179)[0m     raise ValueError(
[36m(SpecoWorker pid=56179)[0m ValueError: DFlash input/hidden/mask row mismatch: input_rows=34, hidden_rows=33, mask_rows=34
[36m(SpecoVLLMHttpServer pid=55180)[0m (Worker_TP1 pid=55876) WARNING:2026-09-19 09:26:41,746:[speco draft wake_up] drafter state restored after level-2 wake_up (66 tensors, revision=0)
[36m(SpecoVLLMHttpServer pid=55180)[0m (Worker_TP0 pid=55875) WARNING:2026-09-19 09:26:41,747:[speco draft wake_up] drafter state restored after level-2 wake_up (66 tensors, revision=0)
[36m(SpecoTaskRunner pid=54668)[0m Training Progress:  70%|███████   | 14/20 [07:55<02:55, 29.21s/it]
[36m(SpecoWorker pid=56180)[0m ERROR:2026-09-19 09:26:38,515:Training step 14 failed with error: DFlash input/hidden/mask row mismatch: input_rows=34, hidden_rows=33, mask_rows=34
[36m(SpecoWorker pid=56180)[0m Traceback (most recent call last):
[36m(SpecoWorker pid=56180)[0m   File "/experiment/variants/eagle-alias/verl_speco/trainer/base_trainer.py", line 4679, in training_step
[36m(SpecoWorker pid=56180)[0m     return await self._training_step_impl(
[36m(SpecoWorker pid=56180)[0m            ^^^^^^^^^^^^^^^^^^^^^^^^^^^^^^^
[36m(SpecoWorker pid=56180)[0m   File "/experiment/variants/eagle-alias/verl_speco/trainer/base_trainer.py", line 4733, in _training_step_impl
[36m(SpecoWorker pid=56180)[0m     batch = self.prepare_training_batch(
[36m(SpecoWorker pid=56180)[0m             ^^^^^^^^^^^^^^^^^^^^^^^^^^^^
[36m(SpecoWorker pid=56180)[0m   File "/experiment/variants/eagle-alias/verl_speco/trainer/base_trainer.py", line 4512, in prepare_training_batch
[36m(SpecoWorker pid=56180)[0m     return self._prepare_training_batch(
[36m(SpecoWorker pid=56180)[0m            ^^^^^^^^^^^^^^^^^^^^^^^^^^^^^
[36m(SpecoWorker pid=56180)[0m   File "/experiment/variants/eagle-alias/verl_speco/trainer/base_trainer.py", line 3702, in _prepare_training_batch
[36m(SpecoWorker pid=56180)[0m     preprocessed_lists = self.backend.preprocess_individual_items(
[36m(SpecoWorker pid=56180)[0m                          ^^^^^^^^^^^^^^^^^^^^^^^^^^^^^^^^^^^^^^^^^
[36m(SpecoWorker pid=56180)[0m   File "/experiment/variants/eagle-alias/verl_speco/backends/dflash_trainer_backend.py", line 1260, in preprocess_individual_items
[36m(SpecoWorker pid=56180)[0m     raise ValueError(
[36m(SpecoWorker pid=56180)[0m ValueError: DFlash input/hidden/mask row mismatch: input_rows=34, hidden_rows=33, mask_rows=34
[36m(SpecoVLLMHttpServer pid=55180)[0m (Worker_TP1 pid=55876) WARNING:2026-09-19 09:26:46,759:[speco draft sleep] drafter state saved before level-2 sleep (66 tensors)
[36m(SpecoVLLMHttpServer pid=55180)[0m (Worker_TP0 pid=55875) WARNING:2026-09-19 09:26:46,767:[speco draft sleep] drafter state saved before level-2 sleep (66 tensors)
[36m(SpecoWorker pid=56180)[0m ERROR:2026-09-19 09:27:04,591:Training step 15 failed with error: DFlash input/hidden/mask row mismatch: input_rows=34, hidden_rows=33, mask_rows=34
[36m(SpecoWorker pid=56180)[0m Traceback (most recent call last):
[36m(SpecoWorker pid=56180)[0m   File "/experiment/variants/eagle-alias/verl_speco/trainer/base_trainer.py", line 4679, in training_step
[36m(SpecoWorker pid=56180)[0m     return await self._training_step_impl(
[36m(SpecoWorker pid=56180)[0m            ^^^^^^^^^^^^^^^^^^^^^^^^^^^^^^^
[36m(SpecoWorker pid=56180)[0m   File "/experiment/variants/eagle-alias/verl_speco/trainer/base_trainer.py", line 4733, in _training_step_impl
[36m(SpecoWorker pid=56180)[0m     batch = self.prepare_training_batch(
[36m(SpecoWorker pid=56180)[0m             ^^^^^^^^^^^^^^^^^^^^^^^^^^^^
[36m(SpecoWorker pid=56180)[0m   File "/experiment/variants/eagle-alias/verl_speco/trainer/base_trainer.py", line 4512, in prepare_training_batch
[36m(SpecoWorker pid=56180)[0m     return self._prepare_training_batch(
[36m(SpecoWorker pid=56180)[0m            ^^^^^^^^^^^^^^^^^^^^^^^^^^^^^
[36m(SpecoWorker pid=56180)[0m   File "/experiment/variants/eagle-alias/verl_speco/trainer/base_trainer.py", line 3702, in _prepare_training_batch
[36m(SpecoWorker pid=56180)[0m     preprocessed_lists = self.backend.preprocess_individual_items(
[36m(SpecoWorker pid=56180)[0m                          ^^^^^^^^^^^^^^^^^^^^^^^^^^^^^^^^^^^^^^^^^
[36m(SpecoWorker pid=56180)[0m   File "/experiment/variants/eagle-alias/verl_speco/backends/dflash_trainer_backend.py", line 1260, in preprocess_individual_items
[36m(SpecoWorker pid=56180)[0m     raise ValueError(
[36m(SpecoWorker pid=56180)[0m ValueError: DFlash input/hidden/mask row mismatch: input_rows=34, hidden_rows=33, mask_rows=34
[36m(SpecoVLLMHttpServer pid=55180)[0m (Worker_TP1 pid=55876) WARNING:2026-09-19 09:27:08,233:[speco draft wake_up] drafter state restored after level-2 wake_up (66 tensors, revision=0)
[36m(SpecoVLLMHttpServer pid=55180)[0m (Worker_TP0 pid=55875) WARNING:2026-09-19 09:27:08,236:[speco draft wake_up] drafter state restored after level-2 wake_up (66 tensors, revision=0)
[36m(SpecoTaskRunner pid=54668)[0m Training Progress:  75%|███████▌  | 15/20 [08:22<02:23, 28.62s/it]
[36m(SpecoWorker pid=56179)[0m ERROR:2026-09-19 09:27:04,591:Training step 15 failed with error: DFlash input/hidden/mask row mismatch: input_rows=34, hidden_rows=33, mask_rows=34
[36m(SpecoWorker pid=56179)[0m Traceback (most recent call last):
[36m(SpecoWorker pid=56179)[0m   File "/experiment/variants/eagle-alias/verl_speco/trainer/base_trainer.py", line 4679, in training_step
[36m(SpecoWorker pid=56179)[0m     return await self._training_step_impl(
[36m(SpecoWorker pid=56179)[0m            ^^^^^^^^^^^^^^^^^^^^^^^^^^^^^^^
[36m(SpecoWorker pid=56179)[0m   File "/experiment/variants/eagle-alias/verl_speco/trainer/base_trainer.py", line 4733, in _training_step_impl
[36m(SpecoWorker pid=56179)[0m     batch = self.prepare_training_batch(
[36m(SpecoWorker pid=56179)[0m             ^^^^^^^^^^^^^^^^^^^^^^^^^^^^
[36m(SpecoWorker pid=56179)[0m   File "/experiment/variants/eagle-alias/verl_speco/trainer/base_trainer.py", line 4512, in prepare_training_batch
[36m(SpecoWorker pid=56179)[0m     return self._prepare_training_batch(
[36m(SpecoWorker pid=56179)[0m            ^^^^^^^^^^^^^^^^^^^^^^^^^^^^^
[36m(SpecoWorker pid=56179)[0m   File "/experiment/variants/eagle-alias/verl_speco/trainer/base_trainer.py", line 3702, in _prepare_training_batch
[36m(SpecoWorker pid=56179)[0m     preprocessed_lists = self.backend.preprocess_individual_items(
[36m(SpecoWorker pid=56179)[0m                          ^^^^^^^^^^^^^^^^^^^^^^^^^^^^^^^^^^^^^^^^^
[36m(SpecoWorker pid=56179)[0m   File "/experiment/variants/eagle-alias/verl_speco/backends/dflash_trainer_backend.py", line 1260, in preprocess_individual_items
[36m(SpecoWorker pid=56179)[0m     raise ValueError(
[36m(SpecoWorker pid=56179)[0m ValueError: DFlash input/hidden/mask row mismatch: input_rows=34, hidden_rows=33, mask_rows=34

[36m(SpecoTaskRunner pid=54668)[0m step:14 - global_seqlen/min:176 - global_seqlen/max:178 - global_seqlen/minmax_diff:2 - global_seqlen/balanced_min:177 - global_seqlen/balanced_max:177 - global_seqlen/mean:177.0 - actor/entropy:0.0 - perf/mfu/actor_infer:0.0047132412929578186 - training/rollout_probs_diff_valid:1 - training/rollout_probs_diff_max:0.08671736717224121 - training/rollout_probs_diff_mean:0.005255832336843014 - training/rollout_probs_diff_std:0.014118513092398643 - training/rollout_actor_probs_pearson_corr:0.998053789138794 - rollout_corr/training_ppl:1.2705568075180054 - rollout_corr/training_log_ppl:0.2322983741760254 - rollout_corr/kl:0.004036020487546921 - rollout_corr/k3_kl:0.0009467676281929016 - rollout_corr/rollout_ppl:1.2657219171524048 - rollout_corr/rollout_log_ppl:0.22826232016086578 - rollout_corr/log_ppl_diff:0.004036027938127518 - rollout_corr/log_ppl_abs_diff:0.0042495764791965485 - rollout_corr/log_ppl_diff_max:0.007829084992408752 - rollout_corr/log_ppl_diff_min:-0.0004270970821380615 - rollout_corr/ppl_ratio:1.0040491819381714 - rollout_corr/chi2_token:-0.004326581954956055 - rollout_corr/chi2_seq:-0.35282713174819946 - actor/pg_clipfrac:np.float64(0.0) - actor/ppo_kl:np.float64(0.0) - actor/pg_clipfrac_lower:np.float64(0.0) - actor/pg_loss:np.float64(0.0) - actor/loss:np.float64(0.0) - actor/grad_norm:np.float64(0.0) - actor/lr:np.float64(1e-06) - actor/perf/max_memory_allocated_gb:np.float64(28.367042064666748) - actor/perf/max_memory_reserved_gb:np.float64(34.052734375) - actor/perf/cpu_memory_used_gb:np.float64(211.25934982299805) - perf/mfu/actor:np.float64(0.010397449792885033) - drafter/raw_drafter_samples:np.float64(4.0) - drafter/collected_samples:np.float64(2.0) - drafter/collect_interval_matched:np.float64(1.0) - drafter/collection_plan_used:np.float64(1.0) - drafter/collection_plan_collect:np.float64(1.0) - drafter/collection_plan_reason:np.float64(7.0) - drafter/collection_plan_source:np.float64(2.0) - drafter/collection_plan_interval_matched:np.float64(1.0) - drafter/collection_plan_training_interval_matched:np.float64(1.0) - drafter/collection_attempted:np.float64(1.0) - drafter/collection_completed:np.float64(1.0) - drafter/collection_outcome_reason:np.float64(1.0) - drafter/collection_rejected_samples:np.float64(0.0) - drafter/collection_worker_results:np.float64(1.0) - drafter/collection_finalized:np.float64(1.0) - drafter/collection_expired_stages:np.float64(0.0) - timing_s/drafter_collection_rpc:np.float64(0.46163270399847534) - drafter/scheduler_used:np.float64(1.0) - drafter/schedule_launch:np.float64(1.0) - drafter/schedule_interval_matched:np.float64(1.0) - drafter/schedule_strategy:np.float64(0.0) - drafter/schedule_reason:np.float64(10.0) - drafter/target_lm_head_apply_deferred:np.float64(1.0) - drafter/target_lm_head_selected_rows:np.float64(0.0) - drafter/target_lm_head_source_vocab_size:np.float64(0.0) - drafter/target_lm_head_direct_sparse_export:np.float64(0.0) - timing_s/drafter_sync_target_lm_head_fetch:np.float64(4.705996361997677) - timing_s/drafter_sync_target_lm_head_dispatch:np.float64(1.7755518210033188) - drafter/train_interval_matched:np.float64(1.0) - drafter/target_lm_head_synced:np.float64(1.0) - timing_s/drafter_sync_target_lm_head:np.float64(6.48546508000436) - timing_s/drafter_sync_target_lm_head_apply:np.float64(1.7757112360050087) - timing_s/drafter_sync_target_lm_head_wait:np.float64(0.00015941500168992206) - timing_s/drafter_sync_target_lm_head_overlap_window:np.float64(6.884978184996726) - drafter/trained:np.float64(0.0) - drafter/train_successful_steps_max:np.int64(0) - drafter/train_no_trainable_batch:np.float64(1.0) - drafter/train_activation_failed:np.float64(0.0) - drafter/train_attempted_batches_max:np.int64(1) - drafter/train_buffer_size_before_min:np.int64(2) - drafter/train_buffer_size_after_min:np.int64(2) - drafter/train_optimizer_step_max:np.int64(0) - drafter/train_worker_results_consistent:np.float64(0.0) - drafter/train_worker_ids_consistent:np.float64(1.0) - drafter/train_worker_incarnations_consistent:np.float64(1.0) - drafter/train_plan_ids_consistent:np.float64(1.0) - drafter/train_source_steps_consistent:np.float64(1.0) - drafter/train_data_versions_consistent:np.float64(1.0) - drafter/train_target_versions_consistent:np.float64(1.0) - drafter/train_successful_steps_consistent:np.float64(1.0) - drafter/train_optimizer_steps_consistent:np.float64(1.0) - drafter/train_publish_leader_count:np.float64(1.0) - drafter/train_publish_leader_snapshot_ready:np.float64(0.0) - timing_s/drafter_worker_training_loop:np.float64(0.00160980224609375) - timing_s/drafter_worker_cleanup:np.float64(1.721057415008545) - timing_s/drafter_worker_elapsed:np.float64(1.7228868007659912) - timing_s/drafter_train_rpc:np.float64(2.790734569000051) - drafter/runtime_state:np.float64(4.0) - drafter/runtime_completed_batches:np.float64(0.0) - drafter/runtime_inflight:np.float64(0.0) - drafter/publish_attempted:np.float64(0.0) - drafter/published:np.float64(0.0) - timing_s/drafter_outer_unaccounted:np.float64(0.01079142899834551) - training/global_step:14 - training/epoch:1 - critic/score/mean:0.0 - critic/score/max:0.0 - critic/score/min:0.0 - critic/rewards/mean:0.0 - critic/rewards/max:0.0 - critic/rewards/min:0.0 - critic/advantages/mean:0.0 - critic/advantages/max:0.0 - critic/advantages/min:0.0 - critic/returns/mean:0.0 - critic/returns/max:0.0 - critic/returns/min:0.0 - response_length/mean:64.0 - response_length/max:64.0 - response_length/min:64.0 - response_length/clip_ratio:1.0 - response_length_non_aborted/mean:64.0 - response_length_non_aborted/max:64.0 - response_length_non_aborted/min:64.0 - response_length_non_aborted/clip_ratio:1.0 - response/aborted_ratio:0.0 - prompt_length/mean:24.5 - prompt_length/max:25.0 - prompt_length/min:24.0 - prompt_length/clip_ratio:0.0 - num_turns/min:np.int32(2) - num_turns/max:np.int32(2) - num_turns/mean:np.float64(2.0) - timing_s/start_profile:0.00010289800047758035 - timing_s/agent_loop/num_preempted/min:np.int64(-1) - timing_s/agent_loop/num_preempted/max:np.int64(-1) - timing_s/agent_loop/num_preempted/mean:np.float64(-1.0) - timing_s/agent_loop/generate_sequences/min:np.float64(0.8395011309985421) - timing_s/agent_loop/generate_sequences/max:np.float64(1.0393339560032473) - timing_s/agent_loop/generate_sequences/mean:np.float64(0.9537522142500166) - timing_s/agent_loop/tool_calls/min:np.float64(0.0) - timing_s/agent_loop/tool_calls/max:np.float64(0.0) - timing_s/agent_loop/tool_calls/mean:np.float64(0.0) - timing_s/agent_loop/compute_score/min:np.float64(0.007261680002557114) - timing_s/agent_loop/compute_score/max:np.float64(0.014602294999349397) - timing_s/agent_loop/compute_score/mean:np.float64(0.010251457249978557) - timing_s/agent_loop/slowest/generate_sequences:np.float64(1.0393339560032473) - timing_s/agent_loop/slowest/tool_calls:np.float64(0.0) - timing_s/agent_loop/slowest/compute_score:np.float64(0.008408623998548137) - timing_s/agent_loop/slowest/num_preempted:np.int64(-1) - timing_s/agent_loop/slowest/prompt_length:25 - timing_s/agent_loop/slowest/response_length:64 - timing_s/gen:2.916889052998158 - timing_s/reward:2.5405999622307718e-05 - timing_s/old_log_prob:6.111854528997355 - timing_s/adv:0.0035741499996220227 - timing_s/update_actor:6.885012768994784 - timing_s/drafter:9.286991078002757 - drafter/spec_decode/mean_acceptance_length:2.2 - timing_s/update_weights:4.1977750590012874 - timing_s/step:29.407059902001492 - timing_s/stop_profile:6.16430006630253e-05 - timing_per_token_ms/gen:11.394097863274055 - timing_per_token_ms/update_actor:19.44918861297962 - timing_per_token_ms/adv:0.01009646892548594 - perf/total_num_tokens:354 - perf/time_per_step:29.407059902001492 - perf/throughput:6.018962813346501
[36m(SpecoTaskRunner pid=54668)[0m step:15 - global_seqlen/min:176 - global_seqlen/max:176 - global_seqlen/minmax_diff:0 - global_seqlen/balanced_min:176 - global_seqlen/balanced_max:176 - global_seqlen/mean:176.0 - actor/entropy:0.0 - perf/mfu/actor_infer:0.010419622885374008 - training/rollout_probs_diff_valid:1 - training/rollout_probs_diff_max:0.06870755553245544 - training/rollout_probs_diff_mean:0.004386885557323694 - training/rollout_probs_diff_std:0.011502266861498356 - training/rollout_actor_probs_pearson_corr:0.9985558390617371 - rollout_corr/training_ppl:1.266570806503296 - rollout_corr/training_log_ppl:0.2325052171945572 - rollout_corr/kl:0.0033427730668336153 - rollout_corr/k3_kl:0.0007345618214458227 - rollout_corr/rollout_ppl:1.262054681777954 - rollout_corr/rollout_log_ppl:0.22916243970394135 - rollout_corr/log_ppl_diff:0.0033427737653255463 - rollout_corr/log_ppl_abs_diff:0.004304807633161545 - rollout_corr/log_ppl_diff_max:0.008200645446777344 - rollout_corr/log_ppl_diff_min:-0.0014716237783432007 - rollout_corr/ppl_ratio:1.0033577680587769 - rollout_corr/chi2_token:-0.0038385391235351562 - rollout_corr/chi2_seq:-0.24494004249572754 - actor/pg_clipfrac:np.float64(0.0) - actor/ppo_kl:np.float64(0.0) - actor/pg_clipfrac_lower:np.float64(0.0) - actor/pg_loss:np.float64(0.0) - actor/loss:np.float64(0.0) - actor/grad_norm:np.float64(0.0) - actor/lr:np.float64(1e-06) - actor/perf/max_memory_allocated_gb:np.float64(28.367042064666748) - actor/perf/max_memory_reserved_gb:np.float64(34.052734375) - actor/perf/cpu_memory_used_gb:np.float64(212.19093322753906) - perf/mfu/actor:np.float64(0.0098462089809565) - drafter/raw_drafter_samples:np.float64(4.0) - drafter/collected_samples:np.float64(2.0) - drafter/collect_interval_matched:np.float64(1.0) - drafter/collection_plan_used:np.float64(1.0) - drafter/collection_plan_collect:np.float64(1.0) - drafter/collection_plan_reason:np.float64(7.0) - drafter/collection_plan_source:np.float64(2.0) - drafter/collection_plan_interval_matched:np.float64(1.0) - drafter/collection_plan_training_interval_matched:np.float64(1.0) - drafter/collection_attempted:np.float64(1.0) - drafter/collection_completed:np.float64(1.0) - drafter/collection_outcome_reason:np.float64(1.0) - drafter/collection_rejected_samples:np.float64(0.0) - drafter/collection_worker_results:np.float64(1.0) - drafter/collection_finalized:np.float64(1.0) - drafter/collection_expired_stages:np.float64(0.0) - timing_s/drafter_collection_rpc:np.float64(0.24525490700034425) - drafter/scheduler_used:np.float64(1.0) - drafter/schedule_launch:np.float64(1.0) - drafter/schedule_interval_matched:np.float64(1.0) - drafter/schedule_strategy:np.float64(0.0) - drafter/schedule_reason:np.float64(10.0) - drafter/target_lm_head_apply_deferred:np.float64(1.0) - drafter/target_lm_head_selected_rows:np.float64(0.0) - drafter/target_lm_head_source_vocab_size:np.float64(0.0) - drafter/target_lm_head_direct_sparse_export:np.float64(0.0) - timing_s/drafter_sync_target_lm_head_fetch:np.float64(4.55153446300028) - timing_s/drafter_sync_target_lm_head_dispatch:np.float64(1.125251733999903) - drafter/train_interval_matched:np.float64(1.0) - drafter/target_lm_head_synced:np.float64(1.0) - timing_s/drafter_sync_target_lm_head:np.float64(5.679644467996695) - timing_s/drafter_sync_target_lm_head_apply:np.float64(1.1256099989986978) - timing_s/drafter_sync_target_lm_head_wait:np.float64(0.00035826499879476614) - timing_s/drafter_sync_target_lm_head_overlap_window:np.float64(7.241942298001959) - drafter/trained:np.float64(0.0) - drafter/train_successful_steps_max:np.int64(0) - drafter/train_no_trainable_batch:np.float64(1.0) - drafter/train_activation_failed:np.float64(0.0) - drafter/train_attempted_batches_max:np.int64(1) - drafter/train_buffer_size_before_min:np.int64(2) - drafter/train_buffer_size_after_min:np.int64(2) - drafter/train_optimizer_step_max:np.int64(0) - drafter/train_worker_results_consistent:np.float64(0.0) - drafter/train_worker_ids_consistent:np.float64(1.0) - drafter/train_worker_incarnations_consistent:np.float64(1.0) - drafter/train_plan_ids_consistent:np.float64(1.0) - drafter/train_source_steps_consistent:np.float64(1.0) - drafter/train_data_versions_consistent:np.float64(1.0) - drafter/train_target_versions_consistent:np.float64(1.0) - drafter/train_successful_steps_consistent:np.float64(1.0) - drafter/train_optimizer_steps_consistent:np.float64(1.0) - drafter/train_publish_leader_count:np.float64(1.0) - drafter/train_publish_leader_snapshot_ready:np.float64(0.0) - timing_s/drafter_worker_training_loop:np.float64(0.5579848289489746) - timing_s/drafter_worker_cleanup:np.float64(1.667252540588379) - timing_s/drafter_worker_elapsed:np.float64(2.2255704402923584) - timing_s/drafter_train_rpc:np.float64(3.3093054970013327) - drafter/runtime_state:np.float64(4.0) - drafter/runtime_completed_batches:np.float64(0.0) - drafter/runtime_inflight:np.float64(0.0) - drafter/publish_attempted:np.float64(0.0) - drafter/published:np.float64(0.0) - timing_s/drafter_outer_unaccounted:np.float64(0.009035513001435902) - training/global_step:15 - training/epoch:1 - critic/score/mean:0.0 - critic/score/max:0.0 - critic/score/min:0.0 - critic/rewards/mean:0.0 - critic/rewards/max:0.0 - critic/rewards/min:0.0 - critic/advantages/mean:0.0 - critic/advantages/max:0.0 - critic/advantages/min:0.0 - critic/returns/mean:0.0 - critic/returns/max:0.0 - critic/returns/min:0.0 - response_length/mean:64.0 - response_length/max:64.0 - response_length/min:64.0 - response_length/clip_ratio:1.0 - response_length_non_aborted/mean:64.0 - response_length_non_aborted/max:64.0 - response_length_non_aborted/min:64.0 - response_length_non_aborted/clip_ratio:1.0 - response/aborted_ratio:0.0 - prompt_length/mean:24.0 - prompt_length/max:24.0 - prompt_length/min:24.0 - prompt_length/clip_ratio:0.0 - num_turns/min:np.int32(2) - num_turns/max:np.int32(2) - num_turns/mean:np.float64(2.0) - timing_s/start_profile:0.00010357999781263061 - timing_s/agent_loop/num_preempted/min:np.int64(-1) - timing_s/agent_loop/num_preempted/max:np.int64(-1) - timing_s/agent_loop/num_preempted/mean:np.float64(-1.0) - timing_s/agent_loop/generate_sequences/min:np.float64(0.975663130000612) - timing_s/agent_loop/generate_sequences/max:np.float64(1.1448985589995573) - timing_s/agent_loop/generate_sequences/mean:np.float64(1.020802937749977) - timing_s/agent_loop/tool_calls/min:np.float64(0.0) - timing_s/agent_loop/tool_calls/max:np.float64(0.0) - timing_s/agent_loop/tool_calls/mean:np.float64(0.0) - timing_s/agent_loop/compute_score/min:np.float64(0.01013725200027693) - timing_s/agent_loop/compute_score/max:np.float64(0.01941076499861083) - timing_s/agent_loop/compute_score/mean:np.float64(0.013448132248413458) - timing_s/agent_loop/slowest/generate_sequences:np.float64(1.1448985589995573) - timing_s/agent_loop/slowest/tool_calls:np.float64(0.0) - timing_s/agent_loop/slowest/compute_score:np.float64(0.01013725200027693) - timing_s/agent_loop/slowest/num_preempted:np.int64(-1) - timing_s/agent_loop/slowest/prompt_length:24 - timing_s/agent_loop/slowest/response_length:64 - timing_s/gen:1.8856989670020994 - timing_s/reward:2.5352001102874056e-05 - timing_s/old_log_prob:3.631436109997594 - timing_s/adv:0.001356696000584634 - timing_s/update_actor:7.241926217000582 - timing_s/drafter:8.997985477999464 - drafter/spec_decode/mean_acceptance_length:1.9689922480620154 - timing_s/update_weights:5.4055430270018405 - timing_s/step:27.16957899499903 - timing_s/stop_profile:0.00015159200120251626 - timing_per_token_ms/gen:7.366011589851951 - timing_per_token_ms/update_actor:20.573654025569837 - timing_per_token_ms/adv:0.003854250001660892 - perf/total_num_tokens:352 - perf/time_per_step:27.16957899499903 - perf/throughput:6.4778331689422[36m(SpecoVLLMHttpServer pid=55180)[0m (Worker_TP1 pid=55876) WARNING:2026-09-19 09:27:13,951:[speco draft sleep] drafter state saved before level-2 sleep (66 tensors)
[36m(SpecoVLLMHttpServer pid=55180)[0m (Worker_TP0 pid=55875) WARNING:2026-09-19 09:27:13,959:[speco draft sleep] drafter state saved before level-2 sleep (66 tensors)
[36m(SpecoWorker pid=56180)[0m ERROR:2026-09-19 09:27:33,186:Training step 16 failed with error: DFlash input/hidden/mask row mismatch: input_rows=34, hidden_rows=33, mask_rows=34
[36m(SpecoWorker pid=56180)[0m Traceback (most recent call last):
[36m(SpecoWorker pid=56180)[0m   File "/experiment/variants/eagle-alias/verl_speco/trainer/base_trainer.py", line 4679, in training_step
[36m(SpecoWorker pid=56180)[0m     return await self._training_step_impl(
[36m(SpecoWorker pid=56180)[0m            ^^^^^^^^^^^^^^^^^^^^^^^^^^^^^^^
[36m(SpecoWorker pid=56180)[0m   File "/experiment/variants/eagle-alias/verl_speco/trainer/base_trainer.py", line 4733, in _training_step_impl
[36m(SpecoWorker pid=56180)[0m     batch = self.prepare_training_batch(
[36m(SpecoWorker pid=56180)[0m             ^^^^^^^^^^^^^^^^^^^^^^^^^^^^
[36m(SpecoWorker pid=56180)[0m   File "/experiment/variants/eagle-alias/verl_speco/trainer/base_trainer.py", line 4512, in prepare_training_batch
[36m(SpecoWorker pid=56180)[0m     return self._prepare_training_batch(
[36m(SpecoWorker pid=56180)[0m            ^^^^^^^^^^^^^^^^^^^^^^^^^^^^^
[36m(SpecoWorker pid=56180)[0m   File "/experiment/variants/eagle-alias/verl_speco/trainer/base_trainer.py", line 3702, in _prepare_training_batch
[36m(SpecoWorker pid=56180)[0m     preprocessed_lists = self.backend.preprocess_individual_items(
[36m(SpecoWorker pid=56180)[0m                          ^^^^^^^^^^^^^^^^^^^^^^^^^^^^^^^^^^^^^^^^^
[36m(SpecoWorker pid=56180)[0m   File "/experiment/variants/eagle-alias/verl_speco/backends/dflash_trainer_backend.py", line 1260, in preprocess_individual_items
[36m(SpecoWorker pid=56180)[0m     raise ValueError(
[36m(SpecoWorker pid=56180)[0m ValueError: DFlash input/hidden/mask row mismatch: input_rows=34, hidden_rows=33, mask_rows=34
[36m(SpecoVLLMHttpServer pid=55180)[0m (Worker_TP1 pid=55876) WARNING:2026-09-19 09:27:36,372:[speco draft wake_up] drafter state restored after level-2 wake_up (66 tensors, revision=0)
[36m(SpecoVLLMHttpServer pid=55180)[0m (Worker_TP0 pid=55875) WARNING:2026-09-19 09:27:36,391:[speco draft wake_up] drafter state restored after level-2 wake_up (66 tensors, revision=0)
[36m(SpecoTaskRunner pid=54668)[0m Training Progress:  80%|████████  | 16/20 [08:49<01:53, 28.28s/it]
[36m(SpecoWorker pid=56179)[0m ERROR:2026-09-19 09:27:33,186:Training step 16 failed with error: DFlash input/hidden/mask row mismatch: input_rows=34, hidden_rows=33, mask_rows=34
[36m(SpecoWorker pid=56179)[0m Traceback (most recent call last):
[36m(SpecoWorker pid=56179)[0m   File "/experiment/variants/eagle-alias/verl_speco/trainer/base_trainer.py", line 4679, in training_step
[36m(SpecoWorker pid=56179)[0m     return await self._training_step_impl(
[36m(SpecoWorker pid=56179)[0m            ^^^^^^^^^^^^^^^^^^^^^^^^^^^^^^^
[36m(SpecoWorker pid=56179)[0m   File "/experiment/variants/eagle-alias/verl_speco/trainer/base_trainer.py", line 4733, in _training_step_impl
[36m(SpecoWorker pid=56179)[0m     batch = self.prepare_training_batch(
[36m(SpecoWorker pid=56179)[0m             ^^^^^^^^^^^^^^^^^^^^^^^^^^^^
[36m(SpecoWorker pid=56179)[0m   File "/experiment/variants/eagle-alias/verl_speco/trainer/base_trainer.py", line 4512, in prepare_training_batch
[36m(SpecoWorker pid=56179)[0m     return self._prepare_training_batch(
[36m(SpecoWorker pid=56179)[0m            ^^^^^^^^^^^^^^^^^^^^^^^^^^^^^
[36m(SpecoWorker pid=56179)[0m   File "/experiment/variants/eagle-alias/verl_speco/trainer/base_trainer.py", line 3702, in _prepare_training_batch
[36m(SpecoWorker pid=56179)[0m     preprocessed_lists = self.backend.preprocess_individual_items(
[36m(SpecoWorker pid=56179)[0m                          ^^^^^^^^^^^^^^^^^^^^^^^^^^^^^^^^^^^^^^^^^
[36m(SpecoWorker pid=56179)[0m   File "/experiment/variants/eagle-alias/verl_speco/backends/dflash_trainer_backend.py", line 1260, in preprocess_individual_items
[36m(SpecoWorker pid=56179)[0m     raise ValueError(
[36m(SpecoWorker pid=56179)[0m ValueError: DFlash input/hidden/mask row mismatch: input_rows=34, hidden_rows=33, mask_rows=34
[36m(SpecoVLLMHttpServer pid=55180)[0m (Worker_TP1 pid=55876) WARNING:2026-09-19 09:27:42,774:[speco draft sleep] drafter state saved before level-2 sleep (66 tensors)
[36m(SpecoVLLMHttpServer pid=55180)[0m (Worker_TP0 pid=55875) WARNING:2026-09-19 09:27:42,782:[speco draft sleep] drafter state saved before level-2 sleep (66 tensors)
[36m(SpecoWorker pid=56180)[0m ERROR:2026-09-19 09:28:00,183:Training step 17 failed with error: DFlash input/hidden/mask row mismatch: input_rows=34, hidden_rows=33, mask_rows=34
[36m(SpecoWorker pid=56180)[0m Traceback (most recent call last):
[36m(SpecoWorker pid=56180)[0m   File "/experiment/variants/eagle-alias/verl_speco/trainer/base_trainer.py", line 4679, in training_step
[36m(SpecoWorker pid=56180)[0m     return await self._training_step_impl(
[36m(SpecoWorker pid=56180)[0m            ^^^^^^^^^^^^^^^^^^^^^^^^^^^^^^^
[36m(SpecoWorker pid=56180)[0m   File "/experiment/variants/eagle-alias/verl_speco/trainer/base_trainer.py", line 4733, in _training_step_impl
[36m(SpecoWorker pid=56180)[0m     batch = self.prepare_training_batch(
[36m(SpecoWorker pid=56180)[0m             ^^^^^^^^^^^^^^^^^^^^^^^^^^^^
[36m(SpecoWorker pid=56180)[0m   File "/experiment/variants/eagle-alias/verl_speco/trainer/base_trainer.py", line 4512, in prepare_training_batch
[36m(SpecoWorker pid=56180)[0m     return self._prepare_training_batch(
[36m(SpecoWorker pid=56180)[0m            ^^^^^^^^^^^^^^^^^^^^^^^^^^^^^
[36m(SpecoWorker pid=56180)[0m   File "/experiment/variants/eagle-alias/verl_speco/trainer/base_trainer.py", line 3702, in _prepare_training_batch
[36m(SpecoWorker pid=56180)[0m     preprocessed_lists = self.backend.preprocess_individual_items(
[36m(SpecoWorker pid=56180)[0m                          ^^^^^^^^^^^^^^^^^^^^^^^^^^^^^^^^^^^^^^^^^
[36m(SpecoWorker pid=56180)[0m   File "/experiment/variants/eagle-alias/verl_speco/backends/dflash_trainer_backend.py", line 1260, in preprocess_individual_items
[36m(SpecoWorker pid=56180)[0m     raise ValueError(
[36m(SpecoWorker pid=56180)[0m ValueError: DFlash input/hidden/mask row mismatch: input_rows=34, hidden_rows=33, mask_rows=34
[36m(SpecoVLLMHttpServer pid=55180)[0m (Worker_TP1 pid=55876) WARNING:2026-09-19 09:28:03,580:[speco draft wake_up] drafter state restored after level-2 wake_up (66 tensors, revision=0)
[36m(SpecoVLLMHttpServer pid=55180)[0m (Worker_TP0 pid=55875) WARNING:2026-09-19 09:28:03,581:[speco draft wake_up] drafter state restored after level-2 wake_up (66 tensors, revision=0)
[36m(SpecoTaskRunner pid=54668)[0m Training Progress:  85%|████████▌ | 17/20 [09:17<01:23, 28.00s/it]
[36m(SpecoWorker pid=56179)[0m ERROR:2026-09-19 09:28:00,182:Training step 17 failed with error: DFlash input/hidden/mask row mismatch: input_rows=34, hidden_rows=33, mask_rows=34
[36m(SpecoWorker pid=56179)[0m Traceback (most recent call last):
[36m(SpecoWorker pid=56179)[0m   File "/experiment/variants/eagle-alias/verl_speco/trainer/base_trainer.py", line 4679, in training_step
[36m(SpecoWorker pid=56179)[0m     return await self._training_step_impl(
[36m(SpecoWorker pid=56179)[0m            ^^^^^^^^^^^^^^^^^^^^^^^^^^^^^^^
[36m(SpecoWorker pid=56179)[0m   File "/experiment/variants/eagle-alias/verl_speco/trainer/base_trainer.py", line 4733, in _training_step_impl
[36m(SpecoWorker pid=56179)[0m     batch = self.prepare_training_batch(
[36m(SpecoWorker pid=56179)[0m             ^^^^^^^^^^^^^^^^^^^^^^^^^^^^
[36m(SpecoWorker pid=56179)[0m   File "/experiment/variants/eagle-alias/verl_speco/trainer/base_trainer.py", line 4512, in prepare_training_batch
[36m(SpecoWorker pid=56179)[0m     return self._prepare_training_batch(
[36m(SpecoWorker pid=56179)[0m            ^^^^^^^^^^^^^^^^^^^^^^^^^^^^^
[36m(SpecoWorker pid=56179)[0m   File "/experiment/variants/eagle-alias/verl_speco/trainer/base_trainer.py", line 3702, in _prepare_training_batch
[36m(SpecoWorker pid=56179)[0m     preprocessed_lists = self.backend.preprocess_individual_items(
[36m(SpecoWorker pid=56179)[0m                          ^^^^^^^^^^^^^^^^^^^^^^^^^^^^^^^^^^^^^^^^^
[36m(SpecoWorker pid=56179)[0m   File "/experiment/variants/eagle-alias/verl_speco/backends/dflash_trainer_backend.py", line 1260, in preprocess_individual_items
[36m(SpecoWorker pid=56179)[0m     raise ValueError(
[36m(SpecoWorker pid=56179)[0m ValueError: DFlash input/hidden/mask row mismatch: input_rows=34, hidden_rows=33, mask_rows=34

[36m(SpecoTaskRunner pid=54668)[0m step:16 - global_seqlen/min:176 - global_seqlen/max:176 - global_seqlen/minmax_diff:0 - global_seqlen/balanced_min:176 - global_seqlen/balanced_max:176 - global_seqlen/mean:176.0 - actor/entropy:0.0 - perf/mfu/actor_infer:0.010434257139104945 - training/rollout_probs_diff_valid:1 - training/rollout_probs_diff_max:0.09584903717041016 - training/rollout_probs_diff_mean:0.004927312023937702 - training/rollout_probs_diff_std:0.01241620909422636 - training/rollout_actor_probs_pearson_corr:0.9981789588928223 - rollout_corr/training_ppl:1.2001566886901855 - rollout_corr/training_log_ppl:0.18112868070602417 - rollout_corr/kl:-0.000997581402771175 - rollout_corr/k3_kl:0.0007720307912677526 - rollout_corr/rollout_ppl:1.2014354467391968 - rollout_corr/rollout_log_ppl:0.1821262687444687 - rollout_corr/log_ppl_diff:-0.0009975843131542206 - rollout_corr/log_ppl_abs_diff:0.001600559800863266 - rollout_corr/log_ppl_diff_max:0.0012059509754180908 - rollout_corr/log_ppl_diff_min:-0.002524659037590027 - rollout_corr/ppl_ratio:0.9990039467811584 - rollout_corr/chi2_token:0.0050907135009765625 - rollout_corr/chi2_seq:0.1544398069381714 - actor/pg_clipfrac:np.float64(0.0) - actor/ppo_kl:np.float64(0.0) - actor/pg_clipfrac_lower:np.float64(0.0) - actor/pg_loss:np.float64(0.0) - actor/loss:np.float64(0.0) - actor/grad_norm:np.float64(0.0) - actor/lr:np.float64(1e-06) - actor/perf/max_memory_allocated_gb:np.float64(28.367042064666748) - actor/perf/max_memory_reserved_gb:np.float64(34.052734375) - actor/perf/cpu_memory_used_gb:np.float64(210.09465789794922) - perf/mfu/actor:np.float64(0.010298112326820394) - drafter/raw_drafter_samples:np.float64(4.0) - drafter/collected_samples:np.float64(2.0) - drafter/collect_interval_matched:np.float64(1.0) - drafter/collection_plan_used:np.float64(1.0) - drafter/collection_plan_collect:np.float64(1.0) - drafter/collection_plan_reason:np.float64(7.0) - drafter/collection_plan_source:np.float64(2.0) - drafter/collection_plan_interval_matched:np.float64(1.0) - drafter/collection_plan_training_interval_matched:np.float64(1.0) - drafter/collection_attempted:np.float64(1.0) - drafter/collection_completed:np.float64(1.0) - drafter/collection_outcome_reason:np.float64(1.0) - drafter/collection_rejected_samples:np.float64(0.0) - drafter/collection_worker_results:np.float64(1.0) - drafter/collection_finalized:np.float64(1.0) - drafter/collection_expired_stages:np.float64(0.0) - timing_s/drafter_collection_rpc:np.float64(0.31423631100187777) - drafter/scheduler_used:np.float64(1.0) - drafter/schedule_launch:np.float64(1.0) - drafter/schedule_interval_matched:np.float64(1.0) - drafter/schedule_strategy:np.float64(0.0) - drafter/schedule_reason:np.float64(10.0) - drafter/target_lm_head_apply_deferred:np.float64(1.0) - drafter/target_lm_head_selected_rows:np.float64(0.0) - drafter/target_lm_head_source_vocab_size:np.float64(0.0) - drafter/target_lm_head_direct_sparse_export:np.float64(0.0) - timing_s/drafter_sync_target_lm_head_fetch:np.float64(4.8596964520002075) - timing_s/drafter_sync_target_lm_head_dispatch:np.float64(2.0020825939973292) - drafter/train_interval_matched:np.float64(1.0) - drafter/target_lm_head_synced:np.float64(1.0) - timing_s/drafter_sync_target_lm_head:np.float64(6.866339218995563) - timing_s/drafter_sync_target_lm_head_apply:np.float64(2.002431313994748) - timing_s/drafter_sync_target_lm_head_wait:np.float64(0.00034871999741881154) - timing_s/drafter_sync_target_lm_head_overlap_window:np.float64(7.32551748500191) - drafter/trained:np.float64(0.0) - drafter/train_successful_steps_max:np.int64(0) - drafter/train_no_trainable_batch:np.float64(1.0) - drafter/train_activation_failed:np.float64(0.0) - drafter/train_attempted_batches_max:np.int64(1) - drafter/train_buffer_size_before_min:np.int64(2) - drafter/train_buffer_size_after_min:np.int64(2) - drafter/train_optimizer_step_max:np.int64(0) - drafter/train_worker_results_consistent:np.float64(0.0) - drafter/train_worker_ids_consistent:np.float64(1.0) - drafter/train_worker_incarnations_consistent:np.float64(1.0) - drafter/train_plan_ids_consistent:np.float64(1.0) - drafter/train_source_steps_consistent:np.float64(1.0) - drafter/train_data_versions_consistent:np.float64(1.0) - drafter/train_target_versions_consistent:np.float64(1.0) - drafter/train_successful_steps_consistent:np.float64(1.0) - drafter/train_optimizer_steps_consistent:np.float64(1.0) - drafter/train_publish_leader_count:np.float64(1.0) - drafter/train_publish_leader_snapshot_ready:np.float64(0.0) - timing_s/drafter_worker_training_loop:np.float64(0.08818292617797852) - timing_s/drafter_worker_cleanup:np.float64(1.6431310176849365) - timing_s/drafter_worker_elapsed:np.float64(1.7315301895141602) - timing_s/drafter_train_rpc:np.float64(2.7987634420023824) - drafter/runtime_state:np.float64(4.0) - drafter/runtime_completed_batches:np.float64(0.0) - drafter/runtime_inflight:np.float64(0.0) - drafter/publish_attempted:np.float64(0.0) - drafter/published:np.float64(0.0) - timing_s/drafter_outer_unaccounted:np.float64(0.011896390002220869) - training/global_step:16 - training/epoch:1 - critic/score/mean:0.0 - critic/score/max:0.0 - critic/score/min:0.0 - critic/rewards/mean:0.0 - critic/rewards/max:0.0 - critic/rewards/min:0.0 - critic/advantages/mean:0.0 - critic/advantages/max:0.0 - critic/advantages/min:0.0 - critic/returns/mean:0.0 - critic/returns/max:0.0 - critic/returns/min:0.0 - response_length/mean:64.0 - response_length/max:64.0 - response_length/min:64.0 - response_length/clip_ratio:1.0 - response_length_non_aborted/mean:64.0 - response_length_non_aborted/max:64.0 - response_length_non_aborted/min:64.0 - response_length_non_aborted/clip_ratio:1.0 - response/aborted_ratio:0.0 - prompt_length/mean:24.0 - prompt_length/max:24.0 - prompt_length/min:24.0 - prompt_length/clip_ratio:0.0 - num_turns/min:np.int32(2) - num_turns/max:np.int32(2) - num_turns/mean:np.float64(2.0) - timing_s/start_profile:0.00015696899936301634 - timing_s/agent_loop/num_preempted/min:np.int64(-1) - timing_s/agent_loop/num_preempted/max:np.int64(-1) - timing_s/agent_loop/num_preempted/mean:np.float64(-1.0) - timing_s/agent_loop/generate_sequences/min:np.float64(0.8117275379991042) - timing_s/agent_loop/generate_sequences/max:np.float64(1.0450619050025125) - timing_s/agent_loop/generate_sequences/mean:np.float64(0.9215467917501883) - timing_s/agent_loop/tool_calls/min:np.float64(0.0) - timing_s/agent_loop/tool_calls/max:np.float64(0.0) - timing_s/agent_loop/tool_calls/mean:np.float64(0.0) - timing_s/agent_loop/compute_score/min:np.float64(0.009174295999400783) - timing_s/agent_loop/compute_score/max:np.float64(0.015552038999885553) - timing_s/agent_loop/compute_score/mean:np.float64(0.01260762924903247) - timing_s/agent_loop/slowest/generate_sequences:np.float64(1.0450619050025125) - timing_s/agent_loop/slowest/tool_calls:np.float64(0.0) - timing_s/agent_loop/slowest/compute_score:np.float64(0.015552038999885553) - timing_s/agent_loop/slowest/num_preempted:np.int64(-1) - timing_s/agent_loop/slowest/prompt_length:24 - timing_s/agent_loop/slowest/response_length:64 - timing_s/gen:1.7840258080032072 - timing_s/reward:2.5264002033509314e-05 - timing_s/old_log_prob:3.801367919997574 - timing_s/adv:0.0034560009989945684 - timing_s/update_actor:7.325478973998543 - timing_s/drafter:9.676999051000166 - drafter/spec_decode/mean_acceptance_length:2.2831858407079646 - timing_s/update_weights:3.985096862001228 - timing_s/step:26.58247456800018 - timing_s/stop_profile:0.0001989680022234097 - timing_per_token_ms/gen:6.968850812512528 - timing_per_token_ms/update_actor:20.81101981249586 - timing_per_token_ms/adv:0.009818184656234569 - perf/total_num_tokens:352 - perf/time_per_step:26.58247456800018 - perf/throughput:6.620903541157441
[36m(SpecoTaskRunner pid=54668)[0m step:17 - global_seqlen/min:176 - global_seqlen/max:178 - global_seqlen/minmax_diff:2 - global_seqlen/balanced_min:177 - global_seqlen/balanced_max:177 - global_seqlen/mean:177.0 - actor/entropy:0.0 - perf/mfu/actor_infer:0.01048606090954112 - training/rollout_probs_diff_valid:1 - training/rollout_probs_diff_max:0.062204837799072266 - training/rollout_probs_diff_mean:0.005311363376677036 - training/rollout_probs_diff_std:0.012220693752169609 - training/rollout_actor_probs_pearson_corr:0.9981533885002136 - rollout_corr/training_ppl:1.1873997449874878 - rollout_corr/training_log_ppl:0.17109426856040955 - rollout_corr/kl:0.0006934527191333473 - rollout_corr/k3_kl:0.0007805025670677423 - rollout_corr/rollout_ppl:1.1865249872207642 - rollout_corr/rollout_log_ppl:0.17040081322193146 - rollout_corr/log_ppl_diff:0.0006934516131877899 - rollout_corr/log_ppl_abs_diff:0.0022304169833660126 - rollout_corr/log_ppl_diff_max:0.0024773478507995605 - rollout_corr/log_ppl_diff_min:-0.0030739307403564453 - rollout_corr/ppl_ratio:1.000696063041687 - rollout_corr/chi2_token:0.001740574836730957 - rollout_corr/chi2_seq:-0.04442298412322998 - actor/pg_clipfrac:np.float64(0.0) - actor/ppo_kl:np.float64(0.0) - actor/pg_clipfrac_lower:np.float64(0.0) - actor/pg_loss:np.float64(0.0) - actor/loss:np.float64(0.0) - actor/grad_norm:np.float64(0.0) - actor/lr:np.float64(1e-06) - actor/perf/max_memory_allocated_gb:np.float64(28.367042064666748) - actor/perf/max_memory_reserved_gb:np.float64(34.052734375) - actor/perf/cpu_memory_used_gb:np.float64(210.9973373413086) - perf/mfu/actor:np.float64(0.010370923496354727) - drafter/raw_drafter_samples:np.float64(4.0) - drafter/collected_samples:np.float64(2.0) - drafter/collect_interval_matched:np.float64(1.0) - drafter/collection_plan_used:np.float64(1.0) - drafter/collection_plan_collect:np.float64(1.0) - drafter/collection_plan_reason:np.float64(7.0) - drafter/collection_plan_source:np.float64(2.0) - drafter/collection_plan_interval_matched:np.float64(1.0) - drafter/collection_plan_training_interval_matched:np.float64(1.0) - drafter/collection_attempted:np.float64(1.0) - drafter/collection_completed:np.float64(1.0) - drafter/collection_outcome_reason:np.float64(1.0) - drafter/collection_rejected_samples:np.float64(0.0) - drafter/collection_worker_results:np.float64(1.0) - drafter/collection_finalized:np.float64(1.0) - drafter/collection_expired_stages:np.float64(0.0) - timing_s/drafter_collection_rpc:np.float64(0.7181698189997405) - drafter/scheduler_used:np.float64(1.0) - drafter/schedule_launch:np.float64(1.0) - drafter/schedule_interval_matched:np.float64(1.0) - drafter/schedule_strategy:np.float64(0.0) - drafter/schedule_reason:np.float64(10.0) - drafter/target_lm_head_apply_deferred:np.float64(1.0) - drafter/target_lm_head_selected_rows:np.float64(0.0) - drafter/target_lm_head_source_vocab_size:np.float64(0.0) - drafter/target_lm_head_direct_sparse_export:np.float64(0.0) - timing_s/drafter_sync_target_lm_head_fetch:np.float64(4.06791417400018) - timing_s/drafter_sync_target_lm_head_dispatch:np.float64(1.043763753001258) - drafter/train_interval_matched:np.float64(1.0) - drafter/target_lm_head_synced:np.float64(1.0) - timing_s/drafter_sync_target_lm_head:np.float64(5.116698763999011) - timing_s/drafter_sync_target_lm_head_apply:np.float64(1.0441479979999713) - timing_s/drafter_sync_target_lm_head_wait:np.float64(0.0003842449987132568) - timing_s/drafter_sync_target_lm_head_overlap_window:np.float64(7.004384031999507) - drafter/trained:np.float64(0.0) - drafter/train_successful_steps_max:np.int64(0) - drafter/train_no_trainable_batch:np.float64(1.0) - drafter/train_activation_failed:np.float64(0.0) - drafter/train_attempted_batches_max:np.int64(1) - drafter/train_buffer_size_before_min:np.int64(2) - drafter/train_buffer_size_after_min:np.int64(2) - drafter/train_optimizer_step_max:np.int64(0) - drafter/train_worker_results_consistent:np.float64(0.0) - drafter/train_worker_ids_consistent:np.float64(1.0) - drafter/train_worker_incarnations_consistent:np.float64(1.0) - drafter/train_plan_ids_consistent:np.float64(1.0) - drafter/train_source_steps_consistent:np.float64(1.0) - drafter/train_data_versions_consistent:np.float64(1.0) - drafter/train_target_versions_consistent:np.float64(1.0) - drafter/train_successful_steps_consistent:np.float64(1.0) - drafter/train_optimizer_steps_consistent:np.float64(1.0) - drafter/train_publish_leader_count:np.float64(1.0) - drafter/train_publish_leader_snapshot_ready:np.float64(0.0) - timing_s/drafter_worker_training_loop:np.float64(0.24355602264404297) - timing_s/drafter_worker_cleanup:np.float64(1.70628023147583) - timing_s/drafter_worker_elapsed:np.float64(1.950078010559082) - timing_s/drafter_train_rpc:np.float64(3.026711307000369) - drafter/runtime_state:np.float64(4.0) - drafter/runtime_completed_batches:np.float64(0.0) - drafter/runtime_inflight:np.float64(0.0) - drafter/publish_attempted:np.float64(0.0) - drafter/published:np.float64(0.0) - timing_s/drafter_outer_unaccounted:np.float64(0.013729075999435736) - training/global_step:17 - training/epoch:2 - critic/score/mean:0.0 - critic/score/max:0.0 - critic/score/min:0.0 - critic/rewards/mean:0.0 - critic/rewards/max:0.0 - critic/rewards/min:0.0 - critic/advantages/mean:0.0 - critic/advantages/max:0.0 - critic/advantages/min:0.0 - critic/returns/mean:0.0 - critic/returns/max:0.0 - critic/returns/min:0.0 - response_length/mean:64.0 - response_length/max:64.0 - response_length/min:64.0 - response_length/clip_ratio:1.0 - response_length_non_aborted/mean:64.0 - response_length_non_aborted/max:64.0 - response_length_non_aborted/min:64.0 - response_length_non_aborted/clip_ratio:1.0 - response/aborted_ratio:0.0 - prompt_length/mean:24.5 - prompt_length/max:25.0 - prompt_length/min:24.0 - prompt_length/clip_ratio:0.0 - num_turns/min:np.int32(2) - num_turns/max:np.int32(2) - num_turns/mean:np.float64(2.0) - timing_s/start_profile:0.0007390200007648673 - timing_s/agent_loop/num_preempted/min:np.int64(-1) - timing_s/agent_loop/num_preempted/max:np.int64(-1) - timing_s/agent_loop/num_preempted/mean:np.float64(-1.0) - timing_s/agent_loop/generate_sequences/min:np.float64(0.7785864880024747) - timing_s/agent_loop/generate_sequences/max:np.float64(1.0039960609974514) - timing_s/agent_loop/generate_sequences/mean:np.float64(0.9277639667498079) - timing_s/agent_loop/tool_calls/min:np.float64(0.0) - timing_s/agent_loop/tool_calls/max:np.float64(0.0) - timing_s/agent_loop/tool_calls/mean:np.float64(0.0) - timing_s/agent_loop/compute_score/min:np.float64(0.007141803998820251) - timing_s/agent_loop/compute_score/max:np.float64(0.01049127700025565) - timing_s/agent_loop/compute_score/mean:np.float64(0.008793801500360132) - timing_s/agent_loop/slowest/generate_sequences:np.float64(1.0039960609974514) - timing_s/agent_loop/slowest/tool_calls:np.float64(0.0) - timing_s/agent_loop/slowest/compute_score:np.float64(0.007141803998820251) - timing_s/agent_loop/slowest/num_preempted:np.int64(-1) - timing_s/agent_loop/slowest/prompt_length:25 - timing_s/agent_loop/slowest/response_length:64 - timing_s/gen:1.7362845749994449 - timing_s/reward:2.020500323851593e-05 - timing_s/old_log_prob:4.036628230998758 - timing_s/adv:0.007123114999558311 - timing_s/update_actor:7.004316610000387 - timing_s/drafter:8.157139146998816 - drafter/spec_decode/mean_acceptance_length:2.2327586206896552 - timing_s/update_weights:4.497748591002164 - timing_s/step:25.44414346800113 - timing_s/stop_profile:0.00016090599820017815 - timing_per_token_ms/gen:6.782361621091582 - timing_per_token_ms/update_actor:19.786205112995443 - timing_per_token_ms/adv:0.020121793784063025 - perf/total_num_tokens:354 - perf/time_per_step:25.44414346800113 - perf/throughput:6.95641416354209[36m(SpecoVLLMHttpServer pid=55180)[0m (Worker_TP1 pid=55876) WARNING:2026-09-19 09:28:08,779:[speco draft sleep] drafter state saved before level-2 sleep (66 tensors)
[36m(SpecoVLLMHttpServer pid=55180)[0m (Worker_TP0 pid=55875) WARNING:2026-09-19 09:28:08,781:[speco draft sleep] drafter state saved before level-2 sleep (66 tensors)
[36m(SpecoWorker pid=56180)[0m ERROR:2026-09-19 09:28:27,062:Training step 18 failed with error: DFlash input/hidden/mask row mismatch: input_rows=34, hidden_rows=33, mask_rows=34
[36m(SpecoWorker pid=56180)[0m Traceback (most recent call last):
[36m(SpecoWorker pid=56180)[0m   File "/experiment/variants/eagle-alias/verl_speco/trainer/base_trainer.py", line 4679, in training_step
[36m(SpecoWorker pid=56180)[0m     return await self._training_step_impl(
[36m(SpecoWorker pid=56180)[0m            ^^^^^^^^^^^^^^^^^^^^^^^^^^^^^^^
[36m(SpecoWorker pid=56180)[0m   File "/experiment/variants/eagle-alias/verl_speco/trainer/base_trainer.py", line 4733, in _training_step_impl
[36m(SpecoWorker pid=56180)[0m     batch = self.prepare_training_batch(
[36m(SpecoWorker pid=56180)[0m             ^^^^^^^^^^^^^^^^^^^^^^^^^^^^
[36m(SpecoWorker pid=56180)[0m   File "/experiment/variants/eagle-alias/verl_speco/trainer/base_trainer.py", line 4512, in prepare_training_batch
[36m(SpecoWorker pid=56180)[0m     return self._prepare_training_batch(
[36m(SpecoWorker pid=56180)[0m            ^^^^^^^^^^^^^^^^^^^^^^^^^^^^^
[36m(SpecoWorker pid=56180)[0m   File "/experiment/variants/eagle-alias/verl_speco/trainer/base_trainer.py", line 3702, in _prepare_training_batch
[36m(SpecoWorker pid=56180)[0m     preprocessed_lists = self.backend.preprocess_individual_items(
[36m(SpecoWorker pid=56180)[0m                          ^^^^^^^^^^^^^^^^^^^^^^^^^^^^^^^^^^^^^^^^^
[36m(SpecoWorker pid=56180)[0m   File "/experiment/variants/eagle-alias/verl_speco/backends/dflash_trainer_backend.py", line 1260, in preprocess_individual_items
[36m(SpecoWorker pid=56180)[0m     raise ValueError(
[36m(SpecoWorker pid=56180)[0m ValueError: DFlash input/hidden/mask row mismatch: input_rows=34, hidden_rows=33, mask_rows=34
[36m(SpecoVLLMHttpServer pid=55180)[0m (Worker_TP0 pid=55875) WARNING:2026-09-19 09:28:31,007:[speco draft wake_up] drafter state restored after level-2 wake_up (66 tensors, revision=0)
[36m(SpecoVLLMHttpServer pid=55180)[0m (Worker_TP1 pid=55876) WARNING:2026-09-19 09:28:31,008:[speco draft wake_up] drafter state restored after level-2 wake_up (66 tensors, revision=0)
[36m(SpecoTaskRunner pid=54668)[0m Training Progress:  90%|█████████ | 18/20 [09:44<00:55, 27.74s/it]
[36m(SpecoWorker pid=56179)[0m ERROR:2026-09-19 09:28:27,062:Training step 18 failed with error: DFlash input/hidden/mask row mismatch: input_rows=34, hidden_rows=33, mask_rows=34
[36m(SpecoWorker pid=56179)[0m Traceback (most recent call last):
[36m(SpecoWorker pid=56179)[0m   File "/experiment/variants/eagle-alias/verl_speco/trainer/base_trainer.py", line 4679, in training_step
[36m(SpecoWorker pid=56179)[0m     return await self._training_step_impl(
[36m(SpecoWorker pid=56179)[0m            ^^^^^^^^^^^^^^^^^^^^^^^^^^^^^^^
[36m(SpecoWorker pid=56179)[0m   File "/experiment/variants/eagle-alias/verl_speco/trainer/base_trainer.py", line 4733, in _training_step_impl
[36m(SpecoWorker pid=56179)[0m     batch = self.prepare_training_batch(
[36m(SpecoWorker pid=56179)[0m             ^^^^^^^^^^^^^^^^^^^^^^^^^^^^
[36m(SpecoWorker pid=56179)[0m   File "/experiment/variants/eagle-alias/verl_speco/trainer/base_trainer.py", line 4512, in prepare_training_batch
[36m(SpecoWorker pid=56179)[0m     return self._prepare_training_batch(
[36m(SpecoWorker pid=56179)[0m            ^^^^^^^^^^^^^^^^^^^^^^^^^^^^^
[36m(SpecoWorker pid=56179)[0m   File "/experiment/variants/eagle-alias/verl_speco/trainer/base_trainer.py", line 3702, in _prepare_training_batch
[36m(SpecoWorker pid=56179)[0m     preprocessed_lists = self.backend.preprocess_individual_items(
[36m(SpecoWorker pid=56179)[0m                          ^^^^^^^^^^^^^^^^^^^^^^^^^^^^^^^^^^^^^^^^^
[36m(SpecoWorker pid=56179)[0m   File "/experiment/variants/eagle-alias/verl_speco/backends/dflash_trainer_backend.py", line 1260, in preprocess_individual_items
[36m(SpecoWorker pid=56179)[0m     raise ValueError(
[36m(SpecoWorker pid=56179)[0m ValueError: DFlash input/hidden/mask row mismatch: input_rows=34, hidden_rows=33, mask_rows=34
[36m(SpecoVLLMHttpServer pid=55180)[0m (Worker_TP0 pid=55875) WARNING:2026-09-19 09:28:36,421:[speco draft sleep] drafter state saved before level-2 sleep (66 tensors)
[36m(SpecoVLLMHttpServer pid=55180)[0m (Worker_TP1 pid=55876) WARNING:2026-09-19 09:28:36,425:[speco draft sleep] drafter state saved before level-2 sleep (66 tensors)
[36m(SpecoWorker pid=56180)[0m ERROR:2026-09-19 09:28:57,244:Training step 19 failed with error: DFlash input/hidden/mask row mismatch: input_rows=34, hidden_rows=33, mask_rows=34
[36m(SpecoWorker pid=56180)[0m Traceback (most recent call last):
[36m(SpecoWorker pid=56180)[0m   File "/experiment/variants/eagle-alias/verl_speco/trainer/base_trainer.py", line 4679, in training_step
[36m(SpecoWorker pid=56180)[0m     return await self._training_step_impl(
[36m(SpecoWorker pid=56180)[0m            ^^^^^^^^^^^^^^^^^^^^^^^^^^^^^^^
[36m(SpecoWorker pid=56180)[0m   File "/experiment/variants/eagle-alias/verl_speco/trainer/base_trainer.py", line 4733, in _training_step_impl
[36m(SpecoWorker pid=56180)[0m     batch = self.prepare_training_batch(
[36m(SpecoWorker pid=56180)[0m             ^^^^^^^^^^^^^^^^^^^^^^^^^^^^
[36m(SpecoWorker pid=56180)[0m   File "/experiment/variants/eagle-alias/verl_speco/trainer/base_trainer.py", line 4512, in prepare_training_batch
[36m(SpecoWorker pid=56180)[0m     return self._prepare_training_batch(
[36m(SpecoWorker pid=56180)[0m            ^^^^^^^^^^^^^^^^^^^^^^^^^^^^^
[36m(SpecoWorker pid=56180)[0m   File "/experiment/variants/eagle-alias/verl_speco/trainer/base_trainer.py", line 3702, in _prepare_training_batch
[36m(SpecoWorker pid=56180)[0m     preprocessed_lists = self.backend.preprocess_individual_items(
[36m(SpecoWorker pid=56180)[0m                          ^^^^^^^^^^^^^^^^^^^^^^^^^^^^^^^^^^^^^^^^^
[36m(SpecoWorker pid=56180)[0m   File "/experiment/variants/eagle-alias/verl_speco/backends/dflash_trainer_backend.py", line 1260, in preprocess_individual_items
[36m(SpecoWorker pid=56180)[0m     raise ValueError(
[36m(SpecoWorker pid=56180)[0m ValueError: DFlash input/hidden/mask row mismatch: input_rows=34, hidden_rows=33, mask_rows=34
[36m(SpecoVLLMHttpServer pid=55180)[0m (Worker_TP0 pid=55875) WARNING:2026-09-19 09:29:00,564:[speco draft wake_up] drafter state restored after level-2 wake_up (66 tensors, revision=0)
[36m(SpecoVLLMHttpServer pid=55180)[0m (Worker_TP1 pid=55876) WARNING:2026-09-19 09:29:00,565:[speco draft wake_up] drafter state restored after level-2 wake_up (66 tensors, revision=0)
[36m(SpecoTaskRunner pid=54668)[0m Training Progress:  95%|█████████▌| 19/20 [10:14<00:28, 28.35s/it]
[36m(SpecoWorker pid=56179)[0m ERROR:2026-09-19 09:28:57,244:Training step 19 failed with error: DFlash input/hidden/mask row mismatch: input_rows=34, hidden_rows=33, mask_rows=34
[36m(SpecoWorker pid=56179)[0m Traceback (most recent call last):
[36m(SpecoWorker pid=56179)[0m   File "/experiment/variants/eagle-alias/verl_speco/trainer/base_trainer.py", line 4679, in training_step
[36m(SpecoWorker pid=56179)[0m     return await self._training_step_impl(
[36m(SpecoWorker pid=56179)[0m            ^^^^^^^^^^^^^^^^^^^^^^^^^^^^^^^
[36m(SpecoWorker pid=56179)[0m   File "/experiment/variants/eagle-alias/verl_speco/trainer/base_trainer.py", line 4733, in _training_step_impl
[36m(SpecoWorker pid=56179)[0m     batch = self.prepare_training_batch(
[36m(SpecoWorker pid=56179)[0m             ^^^^^^^^^^^^^^^^^^^^^^^^^^^^
[36m(SpecoWorker pid=56179)[0m   File "/experiment/variants/eagle-alias/verl_speco/trainer/base_trainer.py", line 4512, in prepare_training_batch
[36m(SpecoWorker pid=56179)[0m     return self._prepare_training_batch(
[36m(SpecoWorker pid=56179)[0m            ^^^^^^^^^^^^^^^^^^^^^^^^^^^^^
[36m(SpecoWorker pid=56179)[0m   File "/experiment/variants/eagle-alias/verl_speco/trainer/base_trainer.py", line 3702, in _prepare_training_batch
[36m(SpecoWorker pid=56179)[0m     preprocessed_lists = self.backend.preprocess_individual_items(
[36m(SpecoWorker pid=56179)[0m                          ^^^^^^^^^^^^^^^^^^^^^^^^^^^^^^^^^^^^^^^^^
[36m(SpecoWorker pid=56179)[0m   File "/experiment/variants/eagle-alias/verl_speco/backends/dflash_trainer_backend.py", line 1260, in preprocess_individual_items
[36m(SpecoWorker pid=56179)[0m     raise ValueError(
[36m(SpecoWorker pid=56179)[0m ValueError: DFlash input/hidden/mask row mismatch: input_rows=34, hidden_rows=33, mask_rows=34

[36m(SpecoTaskRunner pid=54668)[0m step:18 - global_seqlen/min:176 - global_seqlen/max:176 - global_seqlen/minmax_diff:0 - global_seqlen/balanced_min:176 - global_seqlen/balanced_max:176 - global_seqlen/mean:176.0 - actor/entropy:0.0 - perf/mfu/actor_infer:0.007141951434181212 - training/rollout_probs_diff_valid:1 - training/rollout_probs_diff_max:0.10859990119934082 - training/rollout_probs_diff_mean:0.007155090570449829 - training/rollout_probs_diff_std:0.01703684963285923 - training/rollout_actor_probs_pearson_corr:0.9960078001022339 - rollout_corr/training_ppl:1.191068410873413 - rollout_corr/training_log_ppl:0.17088153958320618 - rollout_corr/kl:-0.0036686561070382595 - rollout_corr/k3_kl:0.0010195884387940168 - rollout_corr/rollout_ppl:1.1954983472824097 - rollout_corr/rollout_log_ppl:0.17455019056797028 - rollout_corr/log_ppl_diff:-0.0036686547100543976 - rollout_corr/log_ppl_abs_diff:0.0036686547100543976 - rollout_corr/log_ppl_diff_max:-0.00013822317123413086 - rollout_corr/log_ppl_diff_min:-0.0073502808809280396 - rollout_corr/ppl_ratio:0.996341347694397 - rollout_corr/chi2_token:0.011543750762939453 - rollout_corr/chi2_seq:0.6884384155273438 - actor/pg_clipfrac:np.float64(0.0) - actor/ppo_kl:np.float64(0.0) - actor/pg_clipfrac_lower:np.float64(0.0) - actor/pg_loss:np.float64(0.0) - actor/loss:np.float64(0.0) - actor/grad_norm:np.float64(0.0) - actor/lr:np.float64(1e-06) - actor/perf/max_memory_allocated_gb:np.float64(28.367042064666748) - actor/perf/max_memory_reserved_gb:np.float64(34.052734375) - actor/perf/cpu_memory_used_gb:np.float64(211.33707427978516) - perf/mfu/actor:np.float64(0.010313273372466677) - drafter/raw_drafter_samples:np.float64(4.0) - drafter/collected_samples:np.float64(2.0) - drafter/collect_interval_matched:np.float64(1.0) - drafter/collection_plan_used:np.float64(1.0) - drafter/collection_plan_collect:np.float64(1.0) - drafter/collection_plan_reason:np.float64(7.0) - drafter/collection_plan_source:np.float64(2.0) - drafter/collection_plan_interval_matched:np.float64(1.0) - drafter/collection_plan_training_interval_matched:np.float64(1.0) - drafter/collection_attempted:np.float64(1.0) - drafter/collection_completed:np.float64(1.0) - drafter/collection_outcome_reason:np.float64(1.0) - drafter/collection_rejected_samples:np.float64(0.0) - drafter/collection_worker_results:np.float64(1.0) - drafter/collection_finalized:np.float64(1.0) - drafter/collection_expired_stages:np.float64(0.0) - timing_s/drafter_collection_rpc:np.float64(0.08122763500068686) - drafter/scheduler_used:np.float64(1.0) - drafter/schedule_launch:np.float64(1.0) - drafter/schedule_interval_matched:np.float64(1.0) - drafter/schedule_strategy:np.float64(0.0) - drafter/schedule_reason:np.float64(10.0) - drafter/target_lm_head_apply_deferred:np.float64(1.0) - drafter/target_lm_head_selected_rows:np.float64(0.0) - drafter/target_lm_head_source_vocab_size:np.float64(0.0) - drafter/target_lm_head_direct_sparse_export:np.float64(0.0) - timing_s/drafter_sync_target_lm_head_fetch:np.float64(4.300409798997862) - timing_s/drafter_sync_target_lm_head_dispatch:np.float64(1.4707404259970644) - drafter/train_interval_matched:np.float64(1.0) - drafter/target_lm_head_synced:np.float64(1.0) - timing_s/drafter_sync_target_lm_head:np.float64(5.775296443996922) - timing_s/drafter_sync_target_lm_head_apply:np.float64(1.4711018549969594) - timing_s/drafter_sync_target_lm_head_wait:np.float64(0.0003614289998949971) - timing_s/drafter_sync_target_lm_head_overlap_window:np.float64(6.886990225000773) - drafter/trained:np.float64(0.0) - drafter/train_successful_steps_max:np.int64(0) - drafter/train_no_trainable_batch:np.float64(1.0) - drafter/train_activation_failed:np.float64(0.0) - drafter/train_attempted_batches_max:np.int64(1) - drafter/train_buffer_size_before_min:np.int64(2) - drafter/train_buffer_size_after_min:np.int64(2) - drafter/train_optimizer_step_max:np.int64(0) - drafter/train_worker_results_consistent:np.float64(0.0) - drafter/train_worker_ids_consistent:np.float64(1.0) - drafter/train_worker_incarnations_consistent:np.float64(1.0) - drafter/train_plan_ids_consistent:np.float64(1.0) - drafter/train_source_steps_consistent:np.float64(1.0) - drafter/train_data_versions_consistent:np.float64(1.0) - drafter/train_target_versions_consistent:np.float64(1.0) - drafter/train_successful_steps_consistent:np.float64(1.0) - drafter/train_optimizer_steps_consistent:np.float64(1.0) - drafter/train_publish_leader_count:np.float64(1.0) - drafter/train_publish_leader_snapshot_ready:np.float64(0.0) - timing_s/drafter_worker_training_loop:np.float64(0.8917274475097656) - timing_s/drafter_worker_cleanup:np.float64(1.6376125812530518) - timing_s/drafter_worker_elapsed:np.float64(2.5298521518707275) - timing_s/drafter_train_rpc:np.float64(3.59669486400162) - drafter/runtime_state:np.float64(4.0) - drafter/runtime_completed_batches:np.float64(0.0) - drafter/runtime_inflight:np.float64(0.0) - drafter/publish_attempted:np.float64(0.0) - drafter/published:np.float64(0.0) - timing_s/drafter_outer_unaccounted:np.float64(0.010238643004413461) - training/global_step:18 - training/epoch:2 - critic/score/mean:0.0 - critic/score/max:0.0 - critic/score/min:0.0 - critic/rewards/mean:0.0 - critic/rewards/max:0.0 - critic/rewards/min:0.0 - critic/advantages/mean:0.0 - critic/advantages/max:0.0 - critic/advantages/min:0.0 - critic/returns/mean:0.0 - critic/returns/max:0.0 - critic/returns/min:0.0 - response_length/mean:64.0 - response_length/max:64.0 - response_length/min:64.0 - response_length/clip_ratio:1.0 - response_length_non_aborted/mean:64.0 - response_length_non_aborted/max:64.0 - response_length_non_aborted/min:64.0 - response_length_non_aborted/clip_ratio:1.0 - response/aborted_ratio:0.0 - prompt_length/mean:24.0 - prompt_length/max:24.0 - prompt_length/min:24.0 - prompt_length/clip_ratio:0.0 - num_turns/min:np.int32(2) - num_turns/max:np.int32(2) - num_turns/mean:np.float64(2.0) - timing_s/start_profile:0.0002341149993299041 - timing_s/agent_loop/num_preempted/min:np.int64(-1) - timing_s/agent_loop/num_preempted/max:np.int64(-1) - timing_s/agent_loop/num_preempted/mean:np.float64(-1.0) - timing_s/agent_loop/generate_sequences/min:np.float64(0.8261256990008405) - timing_s/agent_loop/generate_sequences/max:np.float64(1.0508506709993526) - timing_s/agent_loop/generate_sequences/mean:np.float64(0.9663102692493339) - timing_s/agent_loop/tool_calls/min:np.float64(0.0) - timing_s/agent_loop/tool_calls/max:np.float64(0.0) - timing_s/agent_loop/tool_calls/mean:np.float64(0.0) - timing_s/agent_loop/compute_score/min:np.float64(0.007023473001027014) - timing_s/agent_loop/compute_score/max:np.float64(0.012206546998640988) - timing_s/agent_loop/compute_score/mean:np.float64(0.009712525250506587) - timing_s/agent_loop/slowest/generate_sequences:np.float64(1.0508506709993526) - timing_s/agent_loop/slowest/tool_calls:np.float64(0.0) - timing_s/agent_loop/slowest/compute_score:np.float64(0.012206546998640988) - timing_s/agent_loop/slowest/num_preempted:np.int64(-1) - timing_s/agent_loop/slowest/prompt_length:24 - timing_s/agent_loop/slowest/response_length:64 - timing_s/gen:1.9352876960001595 - timing_s/reward:2.4253000447060913e-05 - timing_s/old_log_prob:4.233696336999856 - timing_s/adv:0.003524600000673672 - timing_s/update_actor:6.886969954994129 - timing_s/drafter:9.382229951002955 - drafter/spec_decode/mean_acceptance_length:2.1610169491525424 - timing_s/update_weights:4.300756313998136 - timing_s/step:26.748333165000076 - timing_s/stop_profile:0.00015433499720529653 - timing_per_token_ms/gen:7.559717562500623 - timing_per_token_ms/update_actor:19.565255553960593 - timing_per_token_ms/adv:0.010013068183732023 - perf/total_num_tokens:352 - perf/time_per_step:26.748333165000076 - perf/throughput:6.579849253197363
[36m(SpecoTaskRunner pid=54668)[0m step:19 - global_seqlen/min:176 - global_seqlen/max:176 - global_seqlen/minmax_diff:0 - global_seqlen/balanced_min:176 - global_seqlen/balanced_max:176 - global_seqlen/mean:176.0 - actor/entropy:0.0 - perf/mfu/actor_infer:0.006620167280411469 - training/rollout_probs_diff_valid:1 - training/rollout_probs_diff_max:0.07218730449676514 - training/rollout_probs_diff_mean:0.005919118877500296 - training/rollout_probs_diff_std:0.014595810323953629 - training/rollout_actor_probs_pearson_corr:0.9970623850822449 - rollout_corr/training_ppl:1.1736254692077637 - rollout_corr/training_log_ppl:0.15846937894821167 - rollout_corr/kl:-0.0001514455070719123 - rollout_corr/k3_kl:0.0007768555078655481 - rollout_corr/rollout_ppl:1.1735461950302124 - rollout_corr/rollout_log_ppl:0.15862081944942474 - rollout_corr/log_ppl_diff:-0.0001514330506324768 - rollout_corr/log_ppl_abs_diff:0.006881050765514374 - rollout_corr/log_ppl_diff_max:0.011406108736991882 - rollout_corr/log_ppl_diff_min:-0.009469643235206604 - rollout_corr/ppl_ratio:0.9998792409896851 - rollout_corr/chi2_token:0.0034360885620117188 - rollout_corr/chi2_seq:0.5406179428100586 - actor/pg_clipfrac:np.float64(0.0) - actor/ppo_kl:np.float64(0.0) - actor/pg_clipfrac_lower:np.float64(0.0) - actor/pg_loss:np.float64(0.0) - actor/loss:np.float64(0.0) - actor/grad_norm:np.float64(0.0) - actor/lr:np.float64(1e-06) - actor/perf/max_memory_allocated_gb:np.float64(28.367042064666748) - actor/perf/max_memory_reserved_gb:np.float64(34.052734375) - actor/perf/cpu_memory_used_gb:np.float64(211.53940963745117) - perf/mfu/actor:np.float64(0.00972807501180449) - drafter/raw_drafter_samples:np.float64(4.0) - drafter/collected_samples:np.float64(2.0) - drafter/collect_interval_matched:np.float64(1.0) - drafter/collection_plan_used:np.float64(1.0) - drafter/collection_plan_collect:np.float64(1.0) - drafter/collection_plan_reason:np.float64(7.0) - drafter/collection_plan_source:np.float64(2.0) - drafter/collection_plan_interval_matched:np.float64(1.0) - drafter/collection_plan_training_interval_matched:np.float64(1.0) - drafter/collection_attempted:np.float64(1.0) - drafter/collection_completed:np.float64(1.0) - drafter/collection_outcome_reason:np.float64(1.0) - drafter/collection_rejected_samples:np.float64(0.0) - drafter/collection_worker_results:np.float64(1.0) - drafter/collection_finalized:np.float64(1.0) - drafter/collection_expired_stages:np.float64(0.0) - timing_s/drafter_collection_rpc:np.float64(0.8074347159999888) - drafter/scheduler_used:np.float64(1.0) - drafter/schedule_launch:np.float64(1.0) - drafter/schedule_interval_matched:np.float64(1.0) - drafter/schedule_strategy:np.float64(0.0) - drafter/schedule_reason:np.float64(10.0) - drafter/target_lm_head_apply_deferred:np.float64(1.0) - drafter/target_lm_head_selected_rows:np.float64(0.0) - drafter/target_lm_head_source_vocab_size:np.float64(0.0) - drafter/target_lm_head_direct_sparse_export:np.float64(0.0) - timing_s/drafter_sync_target_lm_head_fetch:np.float64(4.061523336000391) - timing_s/drafter_sync_target_lm_head_dispatch:np.float64(2.09781449699949) - drafter/train_interval_matched:np.float64(1.0) - drafter/target_lm_head_synced:np.float64(1.0) - timing_s/drafter_sync_target_lm_head:np.float64(6.162979086999258) - timing_s/drafter_sync_target_lm_head_apply:np.float64(2.09815701199841) - timing_s/drafter_sync_target_lm_head_wait:np.float64(0.0003425149989197962) - timing_s/drafter_sync_target_lm_head_overlap_window:np.float64(7.205959233000613) - drafter/trained:np.float64(0.0) - drafter/train_successful_steps_max:np.int64(0) - drafter/train_no_trainable_batch:np.float64(1.0) - drafter/train_activation_failed:np.float64(0.0) - drafter/train_attempted_batches_max:np.int64(1) - drafter/train_buffer_size_before_min:np.int64(2) - drafter/train_buffer_size_after_min:np.int64(2) - drafter/train_optimizer_step_max:np.int64(0) - drafter/train_worker_results_consistent:np.float64(0.0) - drafter/train_worker_ids_consistent:np.float64(1.0) - drafter/train_worker_incarnations_consistent:np.float64(1.0) - drafter/train_plan_ids_consistent:np.float64(1.0) - drafter/train_source_steps_consistent:np.float64(1.0) - drafter/train_data_versions_consistent:np.float64(1.0) - drafter/train_target_versions_consistent:np.float64(1.0) - drafter/train_successful_steps_consistent:np.float64(1.0) - drafter/train_optimizer_steps_consistent:np.float64(1.0) - drafter/train_publish_leader_count:np.float64(1.0) - drafter/train_publish_leader_snapshot_ready:np.float64(0.0) - timing_s/drafter_worker_training_loop:np.float64(0.22955918312072754) - timing_s/drafter_worker_cleanup:np.float64(1.6501948833465576) - timing_s/drafter_worker_elapsed:np.float64(1.8800814151763916) - timing_s/drafter_train_rpc:np.float64(2.896210926999629) - drafter/runtime_state:np.float64(4.0) - drafter/runtime_completed_batches:np.float64(0.0) - drafter/runtime_inflight:np.float64(0.0) - drafter/publish_attempted:np.float64(0.0) - drafter/published:np.float64(0.0) - timing_s/drafter_outer_unaccounted:np.float64(0.010091296000609873) - training/global_step:19 - training/epoch:2 - critic/score/mean:0.0 - critic/score/max:0.0 - critic/score/min:0.0 - critic/rewards/mean:0.0 - critic/rewards/max:0.0 - critic/rewards/min:0.0 - critic/advantages/mean:0.0 - critic/advantages/max:0.0 - critic/advantages/min:0.0 - critic/returns/mean:0.0 - critic/returns/max:0.0 - critic/returns/min:0.0 - response_length/mean:64.0 - response_length/max:64.0 - response_length/min:64.0 - response_length/clip_ratio:1.0 - response_length_non_aborted/mean:64.0 - response_length_non_aborted/max:64.0 - response_length_non_aborted/min:64.0 - response_length_non_aborted/clip_ratio:1.0 - response/aborted_ratio:0.0 - prompt_length/mean:24.0 - prompt_length/max:24.0 - prompt_length/min:24.0 - prompt_length/clip_ratio:0.0 - num_turns/min:np.int32(2) - num_turns/max:np.int32(2) - num_turns/mean:np.float64(2.0) - timing_s/start_profile:0.0002361839979130309 - timing_s/agent_loop/num_preempted/min:np.int64(-1) - timing_s/agent_loop/num_preempted/max:np.int64(-1) - timing_s/agent_loop/num_preempted/mean:np.float64(-1.0) - timing_s/agent_loop/generate_sequences/min:np.float64(1.3767853950012068) - timing_s/agent_loop/generate_sequences/max:np.float64(1.5591139169991948) - timing_s/agent_loop/generate_sequences/mean:np.float64(1.4613710782496128) - timing_s/agent_loop/tool_calls/min:np.float64(0.0) - timing_s/agent_loop/tool_calls/max:np.float64(0.0) - timing_s/agent_loop/tool_calls/mean:np.float64(0.0) - timing_s/agent_loop/compute_score/min:np.float64(0.008235306999267777) - timing_s/agent_loop/compute_score/max:np.float64(0.011055102000682382) - timing_s/agent_loop/compute_score/mean:np.float64(0.009398703250553808) - timing_s/agent_loop/slowest/generate_sequences:np.float64(1.5591139169991948) - timing_s/agent_loop/slowest/tool_calls:np.float64(0.0) - timing_s/agent_loop/slowest/compute_score:np.float64(0.011055102000682382) - timing_s/agent_loop/slowest/num_preempted:np.int64(-1) - timing_s/agent_loop/slowest/prompt_length:24 - timing_s/agent_loop/slowest/response_length:64 - timing_s/gen:3.0061634109988518 - timing_s/reward:2.463500277372077e-05 - timing_s/old_log_prob:5.546781799999735 - timing_s/adv:0.003556636002031155 - timing_s/update_actor:7.205969315000402 - timing_s/drafter:9.069281309999496 - drafter/spec_decode/mean_acceptance_length:2.3925233644859816 - timing_s/update_weights:4.198438662999251 - timing_s/step:29.036169808001432 - timing_s/stop_profile:0.00014541400014422834 - timing_per_token_ms/gen:11.742825824214265 - timing_per_token_ms/update_actor:20.471503735796595 - timing_per_token_ms/adv:0.010104079551224871 - perf/total_num_tokens:352 - perf/time_per_step:29.036169808001432 - perf/throughput:6.061405521588459[36m(SpecoVLLMHttpServer pid=55180)[0m (Worker_TP0 pid=55875) WARNING:2026-09-19 09:29:06,020:[speco draft sleep] drafter state saved before level-2 sleep (66 tensors)
[36m(SpecoVLLMHttpServer pid=55180)[0m (Worker_TP1 pid=55876) WARNING:2026-09-19 09:29:06,026:[speco draft sleep] drafter state saved before level-2 sleep (66 tensors)
[36m(SpecoWorker pid=56179)[0m ERROR:2026-09-19 09:29:25,364:Training step 20 failed with error: DFlash input/hidden/mask row mismatch: input_rows=34, hidden_rows=33, mask_rows=34
[36m(SpecoWorker pid=56179)[0m Traceback (most recent call last):
[36m(SpecoWorker pid=56179)[0m   File "/experiment/variants/eagle-alias/verl_speco/trainer/base_trainer.py", line 4679, in training_step
[36m(SpecoWorker pid=56179)[0m     return await self._training_step_impl(
[36m(SpecoWorker pid=56179)[0m            ^^^^^^^^^^^^^^^^^^^^^^^^^^^^^^^
[36m(SpecoWorker pid=56179)[0m   File "/experiment/variants/eagle-alias/verl_speco/trainer/base_trainer.py", line 4733, in _training_step_impl
[36m(SpecoWorker pid=56179)[0m     batch = self.prepare_training_batch(
[36m(SpecoWorker pid=56179)[0m             ^^^^^^^^^^^^^^^^^^^^^^^^^^^^
[36m(SpecoWorker pid=56179)[0m   File "/experiment/variants/eagle-alias/verl_speco/trainer/base_trainer.py", line 4512, in prepare_training_batch
[36m(SpecoWorker pid=56179)[0m     return self._prepare_training_batch(
[36m(SpecoWorker pid=56179)[0m            ^^^^^^^^^^^^^^^^^^^^^^^^^^^^^
[36m(SpecoWorker pid=56179)[0m   File "/experiment/variants/eagle-alias/verl_speco/trainer/base_trainer.py", line 3702, in _prepare_training_batch
[36m(SpecoWorker pid=56179)[0m     preprocessed_lists = self.backend.preprocess_individual_items(
[36m(SpecoWorker pid=56179)[0m                          ^^^^^^^^^^^^^^^^^^^^^^^^^^^^^^^^^^^^^^^^^
[36m(SpecoWorker pid=56179)[0m   File "/experiment/variants/eagle-alias/verl_speco/backends/dflash_trainer_backend.py", line 1260, in preprocess_individual_items
[36m(SpecoWorker pid=56179)[0m     raise ValueError(
[36m(SpecoWorker pid=56179)[0m ValueError: DFlash input/hidden/mask row mismatch: input_rows=34, hidden_rows=33, mask_rows=34
[36m(SpecoVLLMHttpServer pid=55180)[0m (Worker_TP0 pid=55875) WARNING:2026-09-19 09:29:28,434:[speco draft wake_up] drafter state restored after level-2 wake_up (66 tensors, revision=0)
[36m(SpecoVLLMHttpServer pid=55180)[0m (Worker_TP1 pid=55876) WARNING:2026-09-19 09:29:28,434:[speco draft wake_up] drafter state restored after level-2 wake_up (66 tensors, revision=0)

[36m(SpecoTaskRunner pid=54668)[0m Training Progress: 100%|██████████| 20/20 [10:42<00:00, 28.43s/it]Training Progress: 100%|██████████| 20/20 [10:42<00:00, 32.13s/it]
[36m(SpecoWorker pid=56180)[0m ERROR:2026-09-19 09:29:25,364:Training step 20 failed with error: DFlash input/hidden/mask row mismatch: input_rows=34, hidden_rows=33, mask_rows=34
[36m(SpecoWorker pid=56180)[0m Traceback (most recent call last):
[36m(SpecoWorker pid=56180)[0m   File "/experiment/variants/eagle-alias/verl_speco/trainer/base_trainer.py", line 4679, in training_step
[36m(SpecoWorker pid=56180)[0m     return await self._training_step_impl(
[36m(SpecoWorker pid=56180)[0m            ^^^^^^^^^^^^^^^^^^^^^^^^^^^^^^^
[36m(SpecoWorker pid=56180)[0m   File "/experiment/variants/eagle-alias/verl_speco/trainer/base_trainer.py", line 4733, in _training_step_impl
[36m(SpecoWorker pid=56180)[0m     batch = self.prepare_training_batch(
[36m(SpecoWorker pid=56180)[0m             ^^^^^^^^^^^^^^^^^^^^^^^^^^^^
[36m(SpecoWorker pid=56180)[0m   File "/experiment/variants/eagle-alias/verl_speco/trainer/base_trainer.py", line 4512, in prepare_training_batch
[36m(SpecoWorker pid=56180)[0m     return self._prepare_training_batch(
[36m(SpecoWorker pid=56180)[0m            ^^^^^^^^^^^^^^^^^^^^^^^^^^^^^
[36m(SpecoWorker pid=56180)[0m   File "/experiment/variants/eagle-alias/verl_speco/trainer/base_trainer.py", line 3702, in _prepare_training_batch
[36m(SpecoWorker pid=56180)[0m     preprocessed_lists = self.backend.preprocess_individual_items(
[36m(SpecoWorker pid=56180)[0m                          ^^^^^^^^^^^^^^^^^^^^^^^^^^^^^^^^^^^^^^^^^
[36m(SpecoWorker pid=56180)[0m   File "/experiment/variants/eagle-alias/verl_speco/backends/dflash_trainer_backend.py", line 1260, in preprocess_individual_items
[36m(SpecoWorker pid=56180)[0m     raise ValueError(
[36m(SpecoWorker pid=56180)[0m ValueError: DFlash input/hidden/mask row mismatch: input_rows=34, hidden_rows=33, mask_rows=34
[36m(SpecoTaskRunner pid=54668)[0m Traceback (most recent call last):
[36m(SpecoTaskRunner pid=54668)[0m   File "/experiment/.venv-clean/lib/python3.12/site-packages/ray/_private/workers/default_worker.py", line 323, in <module>
[36m(SpecoTaskRunner pid=54668)[0m     worker.main_loop()
[36m(SpecoTaskRunner pid=54668)[0m   File "/experiment/.venv-clean/lib/python3.12/site-packages/ray/_private/worker.py", line 1028, in main_loop
[36m(SpecoTaskRunner pid=54668)[0m     self.core_worker.run_task_loop()
[36m(SpecoTaskRunner pid=54668)[0m   File "/usr/local/lib/python3.12/dist-packages/torch/utils/data/_utils/signal_handling.py", line 73, in handler
[36m(SpecoTaskRunner pid=54668)[0m step:20 - global_seqlen/min:178 - global_seqlen/max:178 - global_seqlen/minmax_diff:0 - global_seqlen/balanced_min:178 - global_seqlen/balanced_max:178 - global_seqlen/mean:178.0 - actor/entropy:0.0 - perf/mfu/actor_infer:0.010560521275367859 - training/rollout_probs_diff_valid:1 - training/rollout_probs_diff_max:0.10736757516860962 - training/rollout_probs_diff_mean:0.006348355207592249 - training/rollout_probs_diff_std:0.01759270206093788 - training/rollout_actor_probs_pearson_corr:0.994159996509552 - rollout_corr/training_ppl:1.1214438676834106 - rollout_corr/training_log_ppl:0.11393046379089355 - rollout_corr/kl:0.00329990079626441 - rollout_corr/k3_kl:0.0010814601555466652 - rollout_corr/rollout_ppl:1.117707371711731 - rollout_corr/rollout_log_ppl:0.110630564391613 - rollout_corr/log_ppl_diff:0.0032999031245708466 - rollout_corr/log_ppl_abs_diff:0.003599744290113449 - rollout_corr/log_ppl_diff_max:0.00574001669883728 - rollout_corr/log_ppl_diff_min:-0.0005996823310852051 - rollout_corr/ppl_ratio:1.0033081769943237 - rollout_corr/chi2_token:-0.002424895763397217 - rollout_corr/chi2_seq:-0.31103211641311646 - actor/pg_clipfrac:np.float64(0.0) - actor/ppo_kl:np.float64(0.0) - actor/pg_clipfrac_lower:np.float64(0.0) - actor/pg_loss:np.float64(0.0) - actor/loss:np.float64(0.0) - actor/grad_norm:np.float64(0.0) - actor/lr:np.float64(1e-06) - actor/perf/max_memory_allocated_gb:np.float64(28.367042064666748) - actor/perf/max_memory_reserved_gb:np.float64(34.052734375) - actor/perf/cpu_memory_used_gb:np.float64(210.53342056274414) - perf/mfu/actor:np.float64(0.009797677291675782) - drafter/raw_drafter_samples:np.float64(4.0) - drafter/collected_samples:np.float64(2.0) - drafter/collect_interval_matched:np.float64(1.0) - drafter/collection_plan_used:np.float64(1.0) - drafter/collection_plan_collect:np.float64(1.0) - drafter/collection_plan_reason:np.float64(7.0) - drafter/collection_plan_source:np.float64(2.0) - drafter/collection_plan_interval_matched:np.float64(1.0) - drafter/collection_plan_training_interval_matched:np.float64(1.0) - drafter/collection_attempted:np.float64(1.0) - drafter/collection_completed:np.float64(1.0) - drafter/collection_outcome_reason:np.float64(1.0) - drafter/collection_rejected_samples:np.float64(0.0) - drafter/collection_worker_results:np.float64(1.0) - drafter/collection_finalized:np.float64(1.0) - drafter/collection_expired_stages:np.float64(0.0) - timing_s/drafter_collection_rpc:np.float64(0.3556574440008262) - drafter/scheduler_used:np.float64(1.0) - drafter/schedule_launch:np.float64(1.0) - drafter/schedule_interval_matched:np.float64(1.0) - drafter/schedule_strategy:np.float64(0.0) - drafter/schedule_reason:np.float64(10.0) - drafter/target_lm_head_apply_deferred:np.float64(1.0) - drafter/target_lm_head_selected_rows:np.float64(0.0) - drafter/target_lm_head_source_vocab_size:np.float64(0.0) - drafter/target_lm_head_direct_sparse_export:np.float64(0.0) - timing_s/drafter_sync_target_lm_head_fetch:np.float64(5.438629321997723) - timing_s/drafter_sync_target_lm_head_dispatch:np.float64(1.4586731569979747) - drafter/train_interval_matched:np.float64(1.0) - drafter/target_lm_head_synced:np.float64(1.0) - timing_s/drafter_sync_target_lm_head:np.float64(6.901285651001672) - timing_s/drafter_sync_target_lm_head_apply:np.float64(1.4590430509997532) - timing_s/drafter_sync_target_lm_head_wait:np.float64(0.000369894001778448) - timing_s/drafter_sync_target_lm_head_overlap_window:np.float64(7.241213182998763) - drafter/trained:np.float64(0.0) - drafter/train_successful_steps_max:np.int64(0) - drafter/train_no_trainable_batch:np.float64(1.0) - drafter/train_activation_failed:np.float64(0.0) - drafter/train_attempted_batches_max:np.int64(1) - drafter/train_buffer_size_before_min:np.int64(2) - drafter/train_buffer_size_after_min:np.int64(2) - drafter/train_optimizer_step_max:np.int64(0) - drafter/train_worker_results_consistent:np.float64(0.0) - drafter/train_worker_ids_consistent:np.float64(1.0) - drafter/train_worker_incarnations_consistent:np.float64(1.0) - drafter/train_plan_ids_consistent:np.float64(1.0) - drafter/train_source_steps_consistent:np.float64(1.0) - drafter/train_data_versions_consistent:np.float64(1.0) - drafter/train_target_versions_consistent:np.float64(1.0) - drafter/train_successful_steps_consistent:np.float64(1.0) - drafter/train_optimizer_steps_consistent:np.float64(1.0) - drafter/train_publish_leader_count:np.float64(1.0) - drafter/train_publish_leader_snapshot_ready:np.float64(0.0) - timing_s/drafter_worker_training_loop:np.float64(0.0014569759368896484) - timing_s/drafter_worker_cleanup:np.float64(1.6479971408843994) - timing_s/drafter_worker_elapsed:np.float64(1.6496574878692627) - timing_s/drafter_train_rpc:np.float64(2.6440710019996914) - drafter/runtime_state:np.float64(4.0) - drafter/runtime_completed_batches:np.float64(0.0) - drafter/runtime_inflight:np.float64(0.0) - drafter/publish_attempted:np.float64(0.0) - drafter/published:np.float64(0.0) - timing_s/drafter_outer_unaccounted:np.float64(0.0103411239979323) - training/global_step:20 - training/epoch:2 - critic/score/mean:0.0 - critic/score/max:0.0 - critic/score/min:0.0 - critic/rewards/mean:0.0 - critic/rewards/max:0.0 - critic/rewards/min:0.0 - critic/advantages/mean:0.0 - critic/advantages/max:0.0 - critic/advantages/min:0.0 - critic/returns/mean:0.0 - critic/returns/max:0.0 - critic/returns/min:0.0 - response_length/mean:64.0 - response_length/max:64.0 - response_length/min:64.0 - response_length/clip_ratio:1.0 - response_length_non_aborted/mean:64.0 - response_length_non_aborted/max:64.0 - response_length_non_aborted/min:64.0 - response_length_non_aborted/clip_ratio:1.0 - response/aborted_ratio:0.0 - prompt_length/mean:25.0 - prompt_length/max:25.0 - prompt_length/min:25.0 - prompt_length/clip_ratio:0.0 - num_turns/min:np.int32(2) - num_turns/max:np.int32(2) - num_turns/mean:np.float64(2.0) - timing_s/start_profile:0.00037798099947394803 - timing_s/agent_loop/num_preempted/min:np.int64(-1) - timing_s/agent_loop/num_preempted/max:np.int64(-1) - timing_s/agent_loop/num_preempted/mean:np.float64(-1.0) - timing_s/agent_loop/generate_sequences/min:np.float64(0.8350019530007557) - timing_s/agent_loop/generate_sequences/max:np.float64(1.376249919001566) - timing_s/agent_loop/generate_sequences/mean:np.float64(1.1181874752501244) - timing_s/agent_loop/tool_calls/min:np.float64(0.0) - timing_s/agent_loop/tool_calls/max:np.float64(0.0) - timing_s/agent_loop/tool_calls/mean:np.float64(0.0) - timing_s/agent_loop/compute_score/min:np.float64(0.008131350001349347) - timing_s/agent_loop/compute_score/max:np.float64(0.011541627998667536) - timing_s/agent_loop/compute_score/mean:np.float64(0.010232426250695426) - timing_s/agent_loop/slowest/generate_sequences:np.float64(1.376249919001566) - timing_s/agent_loop/slowest/tool_calls:np.float64(0.0) - timing_s/agent_loop/slowest/compute_score:np.float64(0.010037550000561168) - timing_s/agent_loop/slowest/num_preempted:np.int64(-1) - timing_s/agent_loop/slowest/prompt_length:25 - timing_s/agent_loop/slowest/response_length:64 - timing_s/gen:2.5781738459991175 - timing_s/reward:2.4389999452978373e-05 - timing_s/old_log_prob:3.5643924189971585 - timing_s/adv:0.0035588190003181808 - timing_s/update_actor:7.241206136000983 - timing_s/drafter:9.555697776999295 - drafter/spec_decode/mean_acceptance_length:2.388888888888889 - timing_s/update_weights:4.925785553998139 - timing_s/step:27.87468036000064 - timing_s/stop_profile:0.00015015600001788698 - timing_per_token_ms/gen:10.070991585934053 - timing_per_token_ms/update_actor:20.340466674160062 - timing_per_token_ms/adv:0.00999668258516343 - perf/total_num_tokens:356 - perf/time_per_step:27.87468036000064 - perf/throughput:6.385723448704541
[36m(SpecoTaskRunner pid=54668)[0m 'Final validation metrics: None'
