/experiment/.venv-clean/lib/python3.12/site-packages/verl/workers/engine/__init__.py:31: UserWarning: torchtitan engine is not available: ModuleNotFoundError("No module named 'torchtitan'")
  warnings.warn(f"torchtitan engine is not available: {e!r}", stacklevel=1)
/experiment/.venv-clean/lib/python3.12/site-packages/verl/workers/engine/__init__.py:40: UserWarning: veomni engine is not available: ModuleNotFoundError("No module named 'veomni'")
  warnings.warn(f"veomni engine is not available: {e!r}", stacklevel=1)
/experiment/.venv-clean/lib/python3.12/site-packages/verl/workers/engine/__init__.py:49: UserWarning: automodel engine is not available: ModuleNotFoundError("No module named 'nemo_automodel'")
  warnings.warn(f"automodel engine is not available: {e!r}", stacklevel=1)
/experiment/.venv-clean/lib/python3.12/site-packages/verl/workers/engine/mindspeed/transformer_impl.py:24: UserWarning: NPU not support router replay for now.
  from verl.utils.megatron.router_replay_patch import RouterReplay
/experiment/.venv-clean/lib/python3.12/site-packages/verl/workers/engine/__init__.py:59: UserWarning: mindspeed engine is not available: ModuleNotFoundError("No module named 'megatron'")
  warnings.warn(f"mindspeed engine is not available: {e!r}", stacklevel=1)
/experiment/.venv-clean/lib/python3.12/site-packages/verl/workers/engine/__init__.py:69: UserWarning: megatron engine is not available: ModuleNotFoundError("No module named 'megatron'")
  warnings.warn(f"megatron engine is not available: {e!r}", stacklevel=1)
2026-09-19 11:10:19,283	WARNING services.py:2168 -- WARNING: The object store is using /experiment/.cache/ray instead of /dev/shm because /dev/shm has only 8585879552 bytes available. This will harm performance! You may be able to free up space by deleting files in /dev/shm. If you are inside a Docker container, you can increase /dev/shm size by passing '--shm-size=10.24gb' to 'docker run' (or add it to the run_options list in a Ray cluster config). Make sure to set this to more than 30% of available RAM.
2026-09-19 11:10:28,413	INFO worker.py:2013 -- Started a local Ray instance.
/experiment/.venv-clean/lib/python3.12/site-packages/ray/_private/worker.py:2052: FutureWarning: Tip: In future versions of Ray, Ray will no longer override accelerator visible devices env var if num_gpus=0 or num_gpus=None (default). To enable this behavior and turn off this error message, set RAY_ACCEL_ENV_VAR_OVERRIDE_ON_ZERO=0
  warnings.warn(
[36m(pid=65789)[0m WARNING:2026-09-19 11:10:41,617:Platform 'nvidia' (PlatformCUDA) is registered but not available. This may be due to this ray actor being a CPU-only actor.
[36m(pid=65789)[0m /experiment/.venv-clean/lib/python3.12/site-packages/verl/workers/engine/__init__.py:31: UserWarning: torchtitan engine is not available: ModuleNotFoundError("No module named 'torchtitan'")
[36m(pid=65789)[0m   warnings.warn(f"torchtitan engine is not available: {e!r}", stacklevel=1)
[36m(pid=65789)[0m /experiment/.venv-clean/lib/python3.12/site-packages/verl/workers/engine/__init__.py:40: UserWarning: veomni engine is not available: ModuleNotFoundError("No module named 'veomni'")
[36m(pid=65789)[0m   warnings.warn(f"veomni engine is not available: {e!r}", stacklevel=1)
[36m(pid=65789)[0m /experiment/.venv-clean/lib/python3.12/site-packages/verl/workers/engine/__init__.py:49: UserWarning: automodel engine is not available: ModuleNotFoundError("No module named 'nemo_automodel'")
[36m(pid=65789)[0m   warnings.warn(f"automodel engine is not available: {e!r}", stacklevel=1)
[36m(pid=65789)[0m /experiment/.venv-clean/lib/python3.12/site-packages/verl/workers/engine/mindspeed/transformer_impl.py:24: UserWarning: NPU not support router replay for now.
[36m(pid=65789)[0m   from verl.utils.megatron.router_replay_patch import RouterReplay
[36m(pid=65789)[0m /experiment/.venv-clean/lib/python3.12/site-packages/verl/workers/engine/__init__.py:59: UserWarning: mindspeed engine is not available: ModuleNotFoundError("No module named 'megatron'")
[36m(pid=65789)[0m   warnings.warn(f"mindspeed engine is not available: {e!r}", stacklevel=1)
[36m(pid=65789)[0m /experiment/.venv-clean/lib/python3.12/site-packages/verl/workers/engine/__init__.py:69: UserWarning: megatron engine is not available: ModuleNotFoundError("No module named 'megatron'")
[36m(pid=65789)[0m   warnings.warn(f"megatron engine is not available: {e!r}", stacklevel=1)
[36m(SpecoTaskRunner pid=65789)[0m WARNING:2026-09-19 11:10:46,110:[speco vllm compat] patched transformers.configuration_utils missing ALLOWED_ATTENTION_LAYER_TYPES for vLLM import
[36m(SpecoTaskRunner pid=65789)[0m W0919 11:10:51.707000 65789 torch/utils/cpp_extension.py:178] No CUDA runtime is found, using CUDA_HOME='/usr/local/cuda'
ray init kwargs: {'num_cpus': 16, 'runtime_env': {'env_vars': {'NCCL_DEBUG': 'WARN', 'VLLM_LOGGING_LEVEL': 'WARN', 'VLLM_ALLOW_RUNTIME_LORA_UPDATING': 'true', 'VLLM_DISABLE_COMPILE_CACHE': '1', 'HCCL_HOST_SOCKET_PORT_RANGE': 'auto', 'HCCL_NPU_SOCKET_PORT_RANGE': 'auto', 'HSA_NO_SCRATCH_RECLAIM': '1', 'VERL_FULL_DETERMINISM': '0', 'VLLM_BATCH_INVARIANT': '0', 'VERL_RL_INSIGHT_ENABLE': '0'}, 'working_dir': None}}
[36m(SpecoTaskRunner pid=65789)[0m SpecoTaskRunner hostname: 01938c56e757, PID: 65789
[36m(SpecoTaskRunner pid=65789)[0m 
[36m(SpecoTaskRunner pid=65789)[0m {'actor_rollout_ref'
[36m(SpecoTaskRunner pid=65789)[0m : {'actor': {
[36m(SpecoTaskRunner pid=65789)[0m '_target_'
[36m(SpecoTaskRunner pid=65789)[0m : 
[36m(SpecoTaskRunner pid=65789)[0m 'verl.workers.config.FSDPActorConfig'
[36m(SpecoTaskRunner pid=65789)[0m ,
[36m(SpecoTaskRunner pid=65789)[0m                                  
[36m(SpecoTaskRunner pid=65789)[0m 'calculate_entropy'
[36m(SpecoTaskRunner pid=65789)[0m : 
[36m(SpecoTaskRunner pid=65789)[0m False
[36m(SpecoTaskRunner pid=65789)[0m ,
[36m(SpecoTaskRunner pid=65789)[0m                                  
[36m(SpecoTaskRunner pid=65789)[0m 'calculate_sum_pi_squared'
[36m(SpecoTaskRunner pid=65789)[0m : 
[36m(SpecoTaskRunner pid=65789)[0m False
[36m(SpecoTaskRunner pid=65789)[0m ,
[36m(SpecoTaskRunner pid=65789)[0m                                  
[36m(SpecoTaskRunner pid=65789)[0m 'checkpoint'
[36m(SpecoTaskRunner pid=65789)[0m : 
[36m(SpecoTaskRunner pid=65789)[0m {
[36m(SpecoTaskRunner pid=65789)[0m '_target_'
[36m(SpecoTaskRunner pid=65789)[0m : 
[36m(SpecoTaskRunner pid=65789)[0m 'verl.trainer.config.CheckpointConfig'
[36m(SpecoTaskRunner pid=65789)[0m ,
[36m(SpecoTaskRunner pid=65789)[0m                                                 
[36m(SpecoTaskRunner pid=65789)[0m 'async_save'
[36m(SpecoTaskRunner pid=65789)[0m : 
[36m(SpecoTaskRunner pid=65789)[0m False
[36m(SpecoTaskRunner pid=65789)[0m ,
[36m(SpecoTaskRunner pid=65789)[0m                                                 
[36m(SpecoTaskRunner pid=65789)[0m 'load_contents'
[36m(SpecoTaskRunner pid=65789)[0m : 
[36m(SpecoTaskRunner pid=65789)[0m [
[36m(SpecoTaskRunner pid=65789)[0m 'model'
[36m(SpecoTaskRunner pid=65789)[0m ,
[36m(SpecoTaskRunner pid=65789)[0m                                                                   
[36m(SpecoTaskRunner pid=65789)[0m 'optimizer'
[36m(SpecoTaskRunner pid=65789)[0m ,
[36m(SpecoTaskRunner pid=65789)[0m                                                                   
[36m(SpecoTaskRunner pid=65789)[0m 'extra'
[36m(SpecoTaskRunner pid=65789)[0m ]
[36m(SpecoTaskRunner pid=65789)[0m ,
[36m(SpecoTaskRunner pid=65789)[0m                                                 
[36m(SpecoTaskRunner pid=65789)[0m 'save_contents'
[36m(SpecoTaskRunner pid=65789)[0m : 
[36m(SpecoTaskRunner pid=65789)[0m [
[36m(SpecoTaskRunner pid=65789)[0m 'model',
[36m(SpecoTaskRunner pid=65789)[0m                                                                   'optimizer',
[36m(SpecoTaskRunner pid=65789)[0m                                                                   'extra'],
[36m(SpecoTaskRunner pid=65789)[0m                                                 'strict': True},
[36m(SpecoTaskRunner pid=65789)[0m                                  'clip_ratio': 0.2,
[36m(SpecoTaskRunner pid=65789)[0m                                  'clip_ratio_c': 
[36m(SpecoTaskRunner pid=65789)[0m 3.0,
[36m(SpecoTaskRunner pid=65789)[0m                                  'clip_ratio_high': 0.2,
[36m(SpecoTaskRunner pid=65789)[0m                                  'clip_ratio_low': 0.2,
[36m(SpecoTaskRunner pid=65789)[0m                                  'data_loader_seed': 42,
[36m(SpecoTaskRunner pid=65789)[0m                                  'entropy_checkpointing': False,
[36m(SpecoTaskRunner pid=65789)[0m                                  'entropy_coeff': 0,
[36m(SpecoTaskRunner pid=65789)[0m                                  'entropy_from_logits_chunk_size': 2048,
[36m(SpecoTaskRunner pid=65789)[0m                                  'entropy_from_logits_with_chunking': False,
[36m(SpecoTaskRunner pid=65789)[0m                                  'freeze_vision_tower': False,
[36m(SpecoTaskRunner pid=65789)[0m                                  'fsdp_config': {'_target_': 'verl.workers.config.FSDPEngineConfig',
[36m(SpecoTaskRunner pid=65789)[0m                                                  'dtype': 
[36m(SpecoTaskRunner pid=65789)[0m 'bfloat16'
[36m(SpecoTaskRunner pid=65789)[0m ,
[36m(SpecoTaskRunner pid=65789)[0m                                                  'entropy_checkpointing': False,
[36m(SpecoTaskRunner pid=65789)[0m                                                  'entropy_from_logits_chunk_size': 2048,
[36m(SpecoTaskRunner pid=65789)[0m                                                  'entropy_from_logits_with_chunking': False,
[36m(SpecoTaskRunner pid=65789)[0m                                                  'forward_only': False,
[36m(SpecoTaskRunner pid=65789)[0m                                                  'forward_prefetch': False,
[36m(SpecoTaskRunner pid=65789)[0m                                                  'fsdp_size': -1,
[36m(SpecoTaskRunner pid=65789)[0m                                                  'full_determinism': False,
[36m(SpecoTaskRunner pid=65789)[0m                                                  'model_dtype': 'bf16',
[36m(SpecoTaskRunner pid=65789)[0m                                                  'offload_policy': False,
[36m(SpecoTaskRunner pid=65789)[0m                                                  'optimizer_offload': True,
[36m(SpecoTaskRunner pid=65789)[0m                                                  'pad_to_length': False,
[36m(SpecoTaskRunner pid=65789)[0m                                                  'pad_to_length_bucket': 1024,
[36m(SpecoTaskRunner pid=65789)[0m                                                  'param_offload': True,
[36m(SpecoTaskRunner pid=65789)[0m                                                  'qat': {'_target_': 'verl.workers.config.QATEngineConfig',
[36m(SpecoTaskRunner pid=65789)[0m                                                          'activation_observer': 'static_minmax',
[36m(SpecoTaskRunner pid=65789)[0m                                                          'enable': False,
[36m(SpecoTaskRunner pid=65789)[0m                                                          'group_size': 16,
[36m(SpecoTaskRunner pid=65789)[0m                                                          'ignore_patterns': ['lm_head',
[36m(SpecoTaskRunner pid=65789)[0m                                                                              'embed_tokens',
[36m(SpecoTaskRunner pid=65789)[0m                                                                              're:.*mlp.gate$'],
[36m(SpecoTaskRunner pid=65789)[0m                                                          'mode': 'w4a16',
[36m(SpecoTaskRunner pid=65789)[0m                                                          'quantization_config_path': None},
[36m(SpecoTaskRunner pid=65789)[0m                                                  'reshard_after_forward': True,
[36m(SpecoTaskRunner pid=65789)[0m                                                  'seed': 42
[36m(SpecoTaskRunner pid=65789)[0m ,
[36m(SpecoTaskRunner pid=65789)[0m                                                  
[36m(SpecoTaskRunner pid=65789)[0m 'strategy': 'fsdp',
[36m(SpecoTaskRunner pid=65789)[0m                                                  'ulysses_sequence_parallel_size': 1,
[36m(SpecoTaskRunner pid=65789)[0m                                                  'use_orig_params': False,
[36m(SpecoTaskRunner pid=65789)[0m                                                  'use_torch_compile': False,
[36m(SpecoTaskRunner pid=65789)[0m                                                  'wrap_policy': {'min_num_params': 0}},
[36m(SpecoTaskRunner pid=65789)[0m                                  'grad_clip': 1.0,
[36m(SpecoTaskRunner pid=65789)[0m                                  'kl_loss_coef': 0.001,
[36m(SpecoTaskRunner pid=65789)[0m                                  'kl_loss_type': 'low_var_kl',
[36m(SpecoTaskRunner pid=65789)[0m                                  'loss_agg_mode': 'token-mean',
[36m(SpecoTaskRunner pid=65789)[0m                                  'loss_scale_factor': None,
[36m(SpecoTaskRunner pid=65789)[0m                                  'optim': {'_target_': 'verl.workers.config.FSDPOptimizerConfig',
[36m(SpecoTaskRunner pid=65789)[0m                                            'betas': [0.9, 0.999],
[36m(SpecoTaskRunner pid=65789)[0m                                            'clip_grad': 1.0,
[36m(SpecoTaskRunner pid=65789)[0m                                            'lr': 1e-06,
[36m(SpecoTaskRunner pid=65789)[0m                                            'lr_scheduler_type': 'constant',
[36m(SpecoTaskRunner pid=65789)[0m                                            'lr_warmup_steps': -1,
[36m(SpecoTaskRunner pid=65789)[0m                                            'lr_warmup_steps_ratio': 0.0,
[36m(SpecoTaskRunner pid=65789)[0m                                            'min_lr_ratio': 0.0,
[36m(SpecoTaskRunner pid=65789)[0m                                            'num_cycles': 0.5,
[36m(SpecoTaskRunner pid=65789)[0m                                            'optimizer': 'AdamW',
[36m(SpecoTaskRunner pid=65789)[0m                                            'optimizer_impl': 'torch.optim',
[36m(SpecoTaskRunner pid=65789)[0m                                            'override_optimizer_config': None,
[36m(SpecoTaskRunner pid=65789)[0m                                            'total_training_steps': -1,
[36m(SpecoTaskRunner pid=65789)[0m                                            'warmup_style': None,
[36m(SpecoTaskRunner pid=65789)[0m                                            'weight_decay': 0.01,
[36m(SpecoTaskRunner pid=65789)[0m                                            'zero_indexed_step': True},
[36m(SpecoTaskRunner pid=65789)[0m                                  'pad_to_length': False
[36m(SpecoTaskRunner pid=65789)[0m ,
[36m(SpecoTaskRunner pid=65789)[0m                                  'policy_loss': {'_target_': 'verl.workers.config.PolicyLossConfig',
[36m(SpecoTaskRunner pid=65789)[0m                                                  'clip_cov_lb': 1.0,
[36m(SpecoTaskRunner pid=65789)[0m                                                  'clip_cov_ratio': 0.0002,
[36m(SpecoTaskRunner pid=65789)[0m                                                  'clip_cov_ub': 5.0,
[36m(SpecoTaskRunner pid=65789)[0m                                                  'dro_beta': None,
[36m(SpecoTaskRunner pid=65789)[0m                                                  'kl_cov_ratio': 0.0002,
[36m(SpecoTaskRunner pid=65789)[0m                                                  'loss_mode': 'vanilla',
[36m(SpecoTaskRunner pid=65789)[0m                                                  'ppo_kl_coef': 0.1},
[36m(SpecoTaskRunner pid=65789)[0m                                  'ppo_epochs': 1,
[36m(SpecoTaskRunner pid=65789)[0m                                  'ppo_max_token_len_per_gpu': 16384,
[36m(SpecoTaskRunner pid=65789)[0m                                  'ppo_micro_batch_size': None,
[36m(SpecoTaskRunner pid=65789)[0m                                  'ppo_micro_batch_size_per_gpu': 1,
[36m(SpecoTaskRunner pid=65789)[0m                                  'ppo_mini_batch_size': 2,
[36m(SpecoTaskRunner pid=65789)[0m                                  'profiler': {'_target_': 'verl.utils.profiler.ProfilerConfig',
[36m(SpecoTaskRunner pid=65789)[0m                                               'all_ranks': False,
[36m(SpecoTaskRunner pid=65789)[0m                                               'enable': False,
[36m(SpecoTaskRunner pid=65789)[0m                                               'ranks': [],
[36m(SpecoTaskRunner pid=65789)[0m                                               'save_path': 'outputs/profile',
[36m(SpecoTaskRunner pid=65789)[0m                                               'tool': None,
[36m(SpecoTaskRunner pid=65789)[0m                                               'tool_config': {'npu': {'_target_': 
[36m(SpecoTaskRunner pid=65789)[0m 'verl.utils.profiler.config.NPUToolConfig',
[36m(SpecoTaskRunner pid=65789)[0m                                                                       'analysis': True,
[36m(SpecoTaskRunner pid=65789)[0m                                                                       'contents': [],
[36m(SpecoTaskRunner pid=65789)[0m                                                                       'discrete': False,
[36m(SpecoTaskRunner pid=65789)[0m                                                                       'level': 'level0'},
[36m(SpecoTaskRunner pid=65789)[0m                                                               'nsys': {'_target_': 'verl.utils.profiler.config.NsightToolConfig',
[36m(SpecoTaskRunner pid=65789)[0m                                                                        'discrete': False},
[36m(SpecoTaskRunner pid=65789)[0m                                                               'precision_debugger': {'_target_': 'verl.utils.profiler.config.PrecisionDebuggerToolConfig',
[36m(SpecoTaskRunner pid=65789)[0m                                                                                      'config_path': None,
[36m(SpecoTaskRunner pid=65789)[0m                                                                                      'stages': None,
[36m(SpecoTaskRunner pid=65789)[0m                                                                                      'steps': None,
[36m(SpecoTaskRunner pid=65789)[0m                                                                                      'strict': False},
[36m(SpecoTaskRunner pid=65789)[0m                                                               'torch': {'_target_': 'verl.utils.profiler.config.TorchProfilerToolConfig',
[36m(SpecoTaskRunner pid=65789)[0m                                                                         'contents': [],
[36m(SpecoTaskRunner pid=65789)[0m                                                                         'discrete': False,
[36m(SpecoTaskRunner pid=65789)[0m                                                                         'schedule': {'_target_': 'verl.utils.profiler.config.TorchProfilerScheduleConfig',
[36m(SpecoTaskRunner pid=65789)[0m                                                                                      'active': 0,
[36m(SpecoTaskRunner pid=65789)[0m                                                                                      'repeat': 0,
[36m(SpecoTaskRunner pid=65789)[0m                                                                                      'skip_first': 0,
[36m(SpecoTaskRunner pid=65789)[0m                                                                                      'wait': 0,
[36m(SpecoTaskRunner pid=65789)[0m                                                                                      'warmup': 0}},
[36m(SpecoTaskRunner pid=65789)[0m                                                               'torch_memory'
[36m(SpecoTaskRunner pid=65789)[0m : {'_target_': 'verl.utils.profiler.config.TorchMemoryToolConfig',
[36m(SpecoTaskRunner pid=65789)[0m                                                                                'stack_depth': 32,
[36m(SpecoTaskRunner pid=65789)[0m                                                                                'trace_alloc_max_entries': 100000}}},
[36m(SpecoTaskRunner pid=65789)[0m                                  'qat': {'activation_observer': 'static_minmax',
[36m(SpecoTaskRunner pid=65789)[0m                                          'enable': False,
[36m(SpecoTaskRunner pid=65789)[0m                                          'group_size': 16,
[36m(SpecoTaskRunner pid=65789)[0m                                          'ignore_patterns': ['lm_head',
[36m(SpecoTaskRunner pid=65789)[0m                                                              'embed_tokens',
[36m(SpecoTaskRunner pid=65789)[0m                                                              're:.*mlp.gate$'],
[36m(SpecoTaskRunner pid=65789)[0m                                          'mode': 'w4a16',
[36m(SpecoTaskRunner pid=65789)[0m                                          'quantization_config_path': None},
[36m(SpecoTaskRunner pid=65789)[0m                                  'rollout_n': 2,
[36m(SpecoTaskRunner pid=65789)[0m                                  'router_replay': {'_target_': 'verl.workers.config.RouterReplayConfig',
[36m(SpecoTaskRunner pid=65789)[0m                                                    'mode': 'disabled',
[36m(SpecoTaskRunner pid=65789)[0m                                                    'record_file': None,
[36m(SpecoTaskRunner pid=65789)[0m                                                    'replay_file': None},
[36m(SpecoTaskRunner pid=65789)[0m                                  'shuffle': False,
[36m(SpecoTaskRunner pid=65789)[0m                                  'strategy': 'fsdp2',
[36m(SpecoTaskRunner pid=65789)[0m                                  'tau_neg': 1.05,
[36m(SpecoTaskRunner pid=65789)[0m                                  'tau_pos': 1.0,
[36m(SpecoTaskRunner pid=65789)[0m                                  'ulysses_sequence_parallel_size': 1,
[36m(SpecoTaskRunner pid=65789)[0m                                  'use_dynamic_bsz': False,
[36m(SpecoTaskRunner pid=65789)[0m                                  'use_fused_kernels': False,
[36m(SpecoTaskRunner pid=65789)[0m                                  'use_kl_loss': False,
[36m(SpecoTaskRunner pid=65789)[0m                                  'use_prefix_grouper': False,
[36m(SpecoTaskRunner pid=65789)[0m                                  'use_remove_padding': True,
[36m(SpecoTaskRunner pid=65789)[0m                                  'use_torch_compile'
[36m(SpecoTaskRunner pid=65789)[0m : 
[36m(SpecoTaskRunner pid=65789)[0m True},
[36m(SpecoTaskRunner pid=65789)[0m                        'hybrid_engine': True,
[36m(SpecoTaskRunner pid=65789)[0m                        'model': {'_target_': 'verl.workers.config.HFModelConfig',
[36m(SpecoTaskRunner pid=65789)[0m                                  'custom_chat_template': None,
[36m(SpecoTaskRunner pid=65789)[0m                                  'enable_activation_offload': False,
[36m(SpecoTaskRunner pid=65789)[0m                                  'enable_gradient_checkpointing': True,
[36m(SpecoTaskRunner pid=65789)[0m                                  'exclude_modules': None,
[36m(SpecoTaskRunner pid=65789)[0m                                  'external_lib': None,
[36m(SpecoTaskRunner pid=65789)[0m                                  'fused_kernel_options': {'impl_backend': 'torch'},
[36m(SpecoTaskRunner pid=65789)[0m                                  'hf_config_path': None,
[36m(SpecoTaskRunner pid=65789)[0m                                  'lora': {'a2a_experimental': False,
[36m(SpecoTaskRunner pid=65789)[0m                                           'adapter_path': None,
[36m(SpecoTaskRunner pid=65789)[0m                                           'alpha': 32,
[36m(SpecoTaskRunner pid=65789)[0m                                           'dropout': 0.0,
[36m(SpecoTaskRunner pid=65789)[0m                                           'dropout_position': 'pre',
[36m(SpecoTaskRunner pid=65789)[0m                                           'dtype': None,
[36m(SpecoTaskRunner pid=65789)[0m                                           'exclude_modules': [],
[36m(SpecoTaskRunner pid=65789)[0m                                           'freeze_language_model': True,
[36m(SpecoTaskRunner pid=65789)[0m                                           'freeze_vision_model': 
[36m(SpecoTaskRunner pid=65789)[0m True,
[36m(SpecoTaskRunner pid=65789)[0m                                           'freeze_vision_projection': True,
[36m(SpecoTaskRunner pid=65789)[0m                                           'lora_A_init_method': 'xavier',
[36m(SpecoTaskRunner pid=65789)[0m                                           'lora_B_init_method': 'zero',
[36m(SpecoTaskRunner pid=65789)[0m                                           'merge': False,
[36m(SpecoTaskRunner pid=65789)[0m                                           'rank': 0,
[36m(SpecoTaskRunner pid=65789)[0m                                           'target_modules': ['linear_qkv',
[36m(SpecoTaskRunner pid=65789)[0m                                                              'linear_proj',
[36m(SpecoTaskRunner pid=65789)[0m                                                              'linear_fc1',
[36m(SpecoTaskRunner pid=65789)[0m                                                              'linear_fc2'],
[36m(SpecoTaskRunner pid=65789)[0m                                           'type': 'lora'},
[36m(SpecoTaskRunner pid=65789)[0m                                  'lora_adapter_path': None,
[36m(SpecoTaskRunner pid=65789)[0m                                  'lora_alpha': 16,
[36m(SpecoTaskRunner pid=65789)[0m                                  'lora_rank': 0,
[36m(SpecoTaskRunner pid=65789)[0m                                  'mtp': {'_target_': 'verl.workers.config.MtpConfig',
[36m(SpecoTaskRunner pid=65789)[0m                                          'detach_encoder': False,
[36m(SpecoTaskRunner pid=65789)[0m                                          'enable': False,
[36m(SpecoTaskRunner pid=65789)[0m                                          'enable_rollout': False,
[36m(SpecoTaskRunner pid=65789)[0m                                          'enable_train': False,
[36m(SpecoTaskRunner pid=65789)[0m                                          'method': 'mtp',
[36m(SpecoTaskRunner pid=65789)[0m                                          'mtp_loss_scaling_factor': 0.1,
[36m(SpecoTaskRunner pid=65789)[0m                                          'num_speculative_tokens': 1,
[36m(SpecoTaskRunner pid=65789)[0m                                          'speculative_algorithm': 'EAGLE',
[36m(SpecoTaskRunner pid=65789)[0m                                          'speculative_eagle_topk': 1,
[36m(SpecoTaskRunner pid=65789)[0m                                          'speculative_num_draft_tokens': 4,
[36m(SpecoTaskRunner pid=65789)[0m                                          'speculative_num_steps': 3},
[36m(SpecoTaskRunner pid=65789)[0m                                  'override_config': {'attn_implementation': 'flash_attention_2'},
[36m(SpecoTaskRunner pid=65789)[0m                                  'path': 
[36m(SpecoTaskRunner pid=65789)[0m '/experiment/models/target',
[36m(SpecoTaskRunner pid=65789)[0m                                  'target_modules': 'all-linear',
[36m(SpecoTaskRunner pid=65789)[0m                                  'tiled_mlp': {'enabled': False,
[36m(SpecoTaskRunner pid=65789)[0m                                                'num_shards': 4},
[36m(SpecoTaskRunner pid=65789)[0m                                  'tokenizer_path': None,
[36m(SpecoTaskRunner pid=65789)[0m                                  'trust_remote_code': False,
[36m(SpecoTaskRunner pid=65789)[0m                                  'use_fused_kernels': False,
[36m(SpecoTaskRunner pid=65789)[0m                                  'use_liger': False,
[36m(SpecoTaskRunner pid=65789)[0m                                  'use_remove_padding': True,
[36m(SpecoTaskRunner pid=65789)[0m                                  'use_shm': False},
[36m(SpecoTaskRunner pid=65789)[0m                        'nccl_timeout': 600,
[36m(SpecoTaskRunner pid=65789)[0m                        'ref': {'_target_': 'verl.workers.config.FSDPActorConfig',
[36m(SpecoTaskRunner pid=65789)[0m                                'entropy_checkpointing': False,
[36m(SpecoTaskRunner pid=65789)[0m                                'entropy_from_logits_chunk_size': 2048,
[36m(SpecoTaskRunner pid=65789)[0m                                'entropy_from_logits_with_chunking': False,
[36m(SpecoTaskRunner pid=65789)[0m                                'fsdp_config': {'_target_': 'verl.workers.config.FSDPEngineConfig',
[36m(SpecoTaskRunner pid=65789)[0m                                                'dtype': 
[36m(SpecoTaskRunner pid=65789)[0m 'bfloat16'
[36m(SpecoTaskRunner pid=65789)[0m ,
[36m(SpecoTaskRunner pid=65789)[0m                                                'entropy_checkpointing': False,
[36m(SpecoTaskRunner pid=65789)[0m                                                'entropy_from_logits_chunk_size': 2048,
[36m(SpecoTaskRunner pid=65789)[0m                                                'entropy_from_logits_with_chunking': False,
[36m(SpecoTaskRunner pid=65789)[0m                                                'forward_only': True,
[36m(SpecoTaskRunner pid=65789)[0m                                                'forward_prefetch': False,
[36m(SpecoTaskRunner pid=65789)[0m                                                'fsdp_size': -1,
[36m(SpecoTaskRunner pid=65789)[0m                                                'full_determinism': False,
[36m(SpecoTaskRunner pid=65789)[0m                                                'model_dtype': 'fp32',
[36m(SpecoTaskRunner pid=65789)[0m                                                'offload_policy': False,
[36m(SpecoTaskRunner pid=65789)[0m                                                'optimizer_offload': False,
[36m(SpecoTaskRunner pid=65789)[0m                                                'pad_to_length': False,
[36m(SpecoTaskRunner pid=65789)[0m                                                'pad_to_length_bucket': 1024,
[36m(SpecoTaskRunner pid=65789)[0m                                                'param_offload': False,
[36m(SpecoTaskRunner pid=65789)[0m                                                'qat': {'_target_': 'verl.workers.config.QATEngineConfig',
[36m(SpecoTaskRunner pid=65789)[0m                                                        'activation_observer': 'static_minmax',
[36m(SpecoTaskRunner pid=65789)[0m                                                        'enable': False,
[36m(SpecoTaskRunner pid=65789)[0m                                                        'group_size': 16,
[36m(SpecoTaskRunner pid=65789)[0m                                                        'ignore_patterns': ['lm_head',
[36m(SpecoTaskRunner pid=65789)[0m                                                                            'embed_tokens',
[36m(SpecoTaskRunner pid=65789)[0m                                                                            're:.*mlp.gate$'],
[36m(SpecoTaskRunner pid=65789)[0m                                                        'mode': 'w4a16',
[36m(SpecoTaskRunner pid=65789)[0m                                                        'quantization_config_path': None},
[36m(SpecoTaskRunner pid=65789)[0m                                                'reshard_after_forward': True,
[36m(SpecoTaskRunner pid=65789)[0m                                                'seed': 42,
[36m(SpecoTaskRunner pid=65789)[0m                                                'strategy': 'fsdp'
[36m(SpecoTaskRunner pid=65789)[0m ,
[36m(SpecoTaskRunner pid=65789)[0m                                                
[36m(SpecoTaskRunner pid=65789)[0m 'ulysses_sequence_parallel_size': 1,
[36m(SpecoTaskRunner pid=65789)[0m                                                'use_orig_params': False,
[36m(SpecoTaskRunner pid=65789)[0m                                                'use_torch_compile': True,
[36m(SpecoTaskRunner pid=65789)[0m                                                'wrap_policy': {'min_num_params': 0}},
[36m(SpecoTaskRunner pid=65789)[0m                                'log_prob_max_token_len_per_gpu': 16384,
[36m(SpecoTaskRunner pid=65789)[0m                                'log_prob_micro_batch_size': None,
[36m(SpecoTaskRunner pid=65789)[0m                                'log_prob_micro_batch_size_per_gpu': None,
[36m(SpecoTaskRunner pid=65789)[0m                                'log_prob_use_dynamic_bsz': False,
[36m(SpecoTaskRunner pid=65789)[0m                                'pad_to_length': False,
[36m(SpecoTaskRunner pid=65789)[0m                                'profiler': {'_target_': 'verl.utils.profiler.ProfilerConfig',
[36m(SpecoTaskRunner pid=65789)[0m                                             'all_ranks': False,
[36m(SpecoTaskRunner pid=65789)[0m                                             'enable': False,
[36m(SpecoTaskRunner pid=65789)[0m                                             'ranks': [],
[36m(SpecoTaskRunner pid=65789)[0m                                             'save_path': 'outputs/profile',
[36m(SpecoTaskRunner pid=65789)[0m                                             'tool': None,
[36m(SpecoTaskRunner pid=65789)[0m                                             'tool_config': {
[36m(SpecoTaskRunner pid=65789)[0m 'npu': {'_target_': 'verl.utils.profiler.config.NPUToolConfig',
[36m(SpecoTaskRunner pid=65789)[0m                                                                     'analysis': True,
[36m(SpecoTaskRunner pid=65789)[0m                                                                     'contents': [],
[36m(SpecoTaskRunner pid=65789)[0m                                                                     'discrete': False,
[36m(SpecoTaskRunner pid=65789)[0m                                                                     'level'
[36m(SpecoTaskRunner pid=65789)[0m : 'level0'},
[36m(SpecoTaskRunner pid=65789)[0m                                                             'nsys': {'_target_': 'verl.utils.profiler.config.NsightToolConfig',
[36m(SpecoTaskRunner pid=65789)[0m                                                                      'discrete': False},
[36m(SpecoTaskRunner pid=65789)[0m                                                             'precision_debugger': {'_target_'
[36m(SpecoTaskRunner pid=65789)[0m : 'verl.utils.profiler.config.PrecisionDebuggerToolConfig',
[36m(SpecoTaskRunner pid=65789)[0m                                                                                    'config_path': None,
[36m(SpecoTaskRunner pid=65789)[0m                                                                                    'stages': None,
[36m(SpecoTaskRunner pid=65789)[0m                                                                                    'steps': None,
[36m(SpecoTaskRunner pid=65789)[0m                                                                                    'strict': False},
[36m(SpecoTaskRunner pid=65789)[0m                                                             'torch': {'_target_': 'verl.utils.profiler.config.TorchProfilerToolConfig',
[36m(SpecoTaskRunner pid=65789)[0m                                                                       'contents': [],
[36m(SpecoTaskRunner pid=65789)[0m                                                                       'discrete': False,
[36m(SpecoTaskRunner pid=65789)[0m                                                                       'schedule': {'_target_': 'verl.utils.profiler.config.TorchProfilerScheduleConfig',
[36m(SpecoTaskRunner pid=65789)[0m                                                                                    'active': 0,
[36m(SpecoTaskRunner pid=65789)[0m                                                                                    'repeat': 0,
[36m(SpecoTaskRunner pid=65789)[0m                                                                                    'skip_first': 0,
[36m(SpecoTaskRunner pid=65789)[0m                                                                                    'wait': 0,
[36m(SpecoTaskRunner pid=65789)[0m                                                                                    'warmup': 0}},
[36m(SpecoTaskRunner pid=65789)[0m                                                             'torch_memory': {'_target_': 'verl.utils.profiler.config.TorchMemoryToolConfig',
[36m(SpecoTaskRunner pid=65789)[0m                                                                              'stack_depth': 32,
[36m(SpecoTaskRunner pid=65789)[0m                                                                              'trace_alloc_max_entries': 100000}}},
[36m(SpecoTaskRunner pid=65789)[0m                                'rollout_n': 2,
[36m(SpecoTaskRunner pid=65789)[0m                                'router_replay': {'_target_': 'verl.workers.config.RouterReplayConfig',
[36m(SpecoTaskRunner pid=65789)[0m                                                  'mode': 'disabled',
[36m(SpecoTaskRunner pid=65789)[0m                                                  'record_file': None,
[36m(SpecoTaskRunner pid=65789)[0m                                                  'replay_file': None},
[36m(SpecoTaskRunner pid=65789)[0m                                'strategy': 'fsdp2',
[36m(SpecoTaskRunner pid=65789)[0m                                'ulysses_sequence_parallel_size': 1
[36m(SpecoTaskRunner pid=65789)[0m ,
[36m(SpecoTaskRunner pid=65789)[0m                                
[36m(SpecoTaskRunner pid=65789)[0m 'use_torch_compile': True},
[36m(SpecoTaskRunner pid=65789)[0m                        'rollout': {
[36m(SpecoTaskRunner pid=65789)[0m '_target_': 'verl.workers.config.RolloutConfig',
[36m(SpecoTaskRunner pid=65789)[0m                                    'agent': {'_target_': 'verl.workers.config.AgentLoopConfig',
[36m(SpecoTaskRunner pid=65789)[0m                                              'agent_loop_config_path': None,
[36m(SpecoTaskRunner pid=65789)[0m                                              'custom_async_server': {'_target_': 'verl.workers.config.CustomAsyncServerConfig',
[36m(SpecoTaskRunner pid=65789)[0m                                                                      'name': None,
[36m(SpecoTaskRunner pid=65789)[0m                                                                      'path': None},
[36m(SpecoTaskRunner pid=65789)[0m                                              'default_agent_loop': 'single_turn_agent',
[36m(SpecoTaskRunner pid=65789)[0m                                              'num_workers': 2},
[36m(SpecoTaskRunner pid=65789)[0m                                    'calculate_log_probs': True,
[36m(SpecoTaskRunner pid=65789)[0m                                    'checkpoint_engine': {'_target_': 'verl.workers.config.CheckpointEngineConfig',
[36m(SpecoTaskRunner pid=65789)[0m                                                          'backend': 'naive',
[36m(SpecoTaskRunner pid=65789)[0m                                                          'custom_backend_module': None,
[36m(SpecoTaskRunner pid=65789)[0m                                                          'engine_kwargs': {},
[36m(SpecoTaskRunner pid=65789)[0m                                                          'update_weights_bucket_megabytes': 10240},
[36m(SpecoTaskRunner pid=65789)[0m                                    'cudagraph_capture_sizes': None,
[36m(SpecoTaskRunner pid=65789)[0m                                    'data_parallel_size': 1,
[36m(SpecoTaskRunner pid=65789)[0m                                    'disable_log_stats': True,
[36m(SpecoTaskRunner pid=65789)[0m                                    'disaggregation': {'bootstrap_port': None,
[36m(SpecoTaskRunner pid=65789)[0m                                                       'decode_replicas': 1,
[36m(SpecoTaskRunner pid=65789)[0m                                                       'decode_tensor_model_parallel_size': None,
[36m(SpecoTaskRunner pid=65789)[0m                                                       'enabled': False,
[36m(SpecoTaskRunner pid=65789)[0m                                                       'ib_device'
[36m(SpecoTaskRunner pid=65789)[0m : None,
[36m(SpecoTaskRunner pid=65789)[0m                                                       'prefill_replicas': 1,
[36m(SpecoTaskRunner pid=65789)[0m                                                       'transfer_backend': 'nixl'},
[36m(SpecoTaskRunner pid=65789)[0m                                    'do_sample': True,
[36m(SpecoTaskRunner pid=65789)[0m                                    'drafter': {'checkpoint_path': None,
[36m(SpecoTaskRunner pid=65789)[0m                                                'enable': True,
[36m(SpecoTaskRunner pid=65789)[0m                                                'enable_drafter_training': True,
[36m(SpecoTaskRunner pid=65789)[0m                                                'model_path': '/experiment/models/dflash',
[36m(SpecoTaskRunner pid=65789)[0m                                                'rollout': {'cuda_graph_max_bs': None,
[36m(SpecoTaskRunner pid=65789)[0m                                                            'spec_steps': 3,
[36m(SpecoTaskRunner pid=65789)[0m                                                            'spec_topk': 1,
[36m(SpecoTaskRunner pid=65789)[0m                                                            'spec_verify_tokens': 16},
[36m(SpecoTaskRunner pid=65789)[0m                                                'speculative_algorithm': 'DFLASH',
[36m(SpecoTaskRunner pid=65789)[0m                                                
[36m(SpecoTaskRunner pid=65789)[0m 'training': {'allow_sglang_prenorm_last_layer': False,
[36m(SpecoTaskRunner pid=65789)[0m                                                             'batch_size_per_gpu': 1,
[36m(SpecoTaskRunner pid=65789)[0m                                                             'collect_hidden_states_from_old_logprob': True,
[36m(SpecoTaskRunner pid=65789)[0m                                                             'collect_hidden_states_from_sgl': False,
[36m(SpecoTaskRunner pid=65789)[0m                                                             'collect_interval_steps': 1,
[36m(SpecoTaskRunner pid=65789)[0m                                                             'collection_sample_rate': 1.0,
[36m(SpecoTaskRunner pid=65789)[0m                                                             'current_max_samples': 2048,
[36m(SpecoTaskRunner pid=65789)[0m                                                             'data_buffer_max_size': 1024,
[36m(SpecoTaskRunner pid=65789)[0m                                                             'dflash2_block_size': 8,
[36m(SpecoTaskRunner pid=65789)[0m                                                             'dflash2_conv_group_size': 16,
[36m(SpecoTaskRunner pid=65789)[0m                                                             'dflash2_conv_kernel_size': 
[36m(SpecoTaskRunner pid=65789)[0m 2,
[36m(SpecoTaskRunner pid=65789)[0m                                                             'dflash2_hidden_size': None,
[36m(SpecoTaskRunner pid=65789)[0m                                                             'dflash2_loss_decay_gamma': 7.0,
[36m(SpecoTaskRunner pid=65789)[0m                                                             'dflash2_mask_token_id': None,
[36m(SpecoTaskRunner pid=65789)[0m                                                             'dflash2_num_anchors': 512,
[36m(SpecoTaskRunner pid=65789)[0m                                                             'dflash2_num_hidden_layers': 5,
[36m(SpecoTaskRunner pid=65789)[0m                                                             'dflash2_num_target_layers': 5,
[36m(SpecoTaskRunner pid=65789)[0m                                                             'dflash2_selector_loss_weight': 1.0,
[36m(SpecoTaskRunner pid=65789)[0m                                                             'dflash2_selector_rank': 
[36m(SpecoTaskRunner pid=65789)[0m 256,
[36m(SpecoTaskRunner pid=65789)[0m                                                             'dflash2_selector_top_k': 16,
[36m(SpecoTaskRunner pid=65789)[0m                                                             'dflash2_target_layer_ids': None,
[36m(SpecoTaskRunner pid=65789)[0m                                                             'dflash_block_size': 16,
[36m(SpecoTaskRunner pid=65789)[0m                                                             'dflash_front_position_count': 
[36m(SpecoTaskRunner pid=65789)[0m 0
[36m(SpecoTaskRunner pid=65789)[0m ,
[36m(SpecoTaskRunner pid=65789)[0m                                                             'dflash_front_position_weight': 1.0,
[36m(SpecoTaskRunner pid=65789)[0m                                                             'dflash_hard_sample_ratio': 0.0,
[36m(SpecoTaskRunner pid=65789)[0m                                                             'dflash_hidden_size': None,
[36m(SpecoTaskRunner pid=65789)[0m                                                             'dflash_loss_decay_gamma': 7.0,
[36m(SpecoTaskRunner pid=65789)[0m                                                             'dflash_loss_mode': 'full_vocab',
[36m(SpecoTaskRunner pid=65789)[0m                                                             'dflash_mask_token_id': None,
[36m(SpecoTaskRunner pid=65789)[0m                                                             'dflash_max_window'
[36m(SpecoTaskRunner pid=65789)[0m : 
[36m(SpecoTaskRunner pid=65789)[0m 32
[36m(SpecoTaskRunner pid=65789)[0m ,
[36m(SpecoTaskRunner pid=65789)[0m                                                             
[36m(SpecoTaskRunner pid=65789)[0m 'dflash_num_anchors'
[36m(SpecoTaskRunner pid=65789)[0m : 8,
[36m(SpecoTaskRunner pid=65789)[0m                                                             'dflash_num_hidden_layers': 1,
[36m(SpecoTaskRunner pid=65789)[0m                                                             'dflash_num_target_layers': 5,
[36m(SpecoTaskRunner pid=65789)[0m                                                             'dflash_sampled_ce_negatives': 0,
[36m(SpecoTaskRunner pid=65789)[0m                                                             'dflash_target_layer_ids': None,
[36m(SpecoTaskRunner pid=65789)[0m                                                             'domino_block_size': 16,
[36m(SpecoTaskRunner pid=65789)[0m                                                             'domino_emb_dim': 256
[36m(SpecoTaskRunner pid=65789)[0m ,
[36m(SpecoTaskRunner pid=65789)[0m                                                             
[36m(SpecoTaskRunner pid=65789)[0m 'domino_gru_hidden_dim'
[36m(SpecoTaskRunner pid=65789)[0m : 1024,
[36m(SpecoTaskRunner pid=65789)[0m                                                             'domino_hidden_size': None,
[36m(SpecoTaskRunner pid=65789)[0m                                                             'domino_lambda_base_decay_steps': 2000,
[36m(SpecoTaskRunner pid=65789)[0m                                                             'domino_lambda_base_start': 1.0,
[36m(SpecoTaskRunner pid=65789)[0m                                                             'domino_loss_decay_gamma': 7.0,
[36m(SpecoTaskRunner pid=65789)[0m                                                             'domino_mask_token_id': None,
[36m(SpecoTaskRunner pid=65789)[0m                                                             'domino_max_window': 512
[36m(SpecoTaskRunner pid=65789)[0m ,
[36m(SpecoTaskRunner pid=65789)[0m                                                             
[36m(SpecoTaskRunner pid=65789)[0m 'domino_num_anchors'
[36m(SpecoTaskRunner pid=65789)[0m : 
[36m(SpecoTaskRunner pid=65789)[0m 512,
[36m(SpecoTaskRunner pid=65789)[0m                                                             'domino_num_hidden_layers': 5,
[36m(SpecoTaskRunner pid=65789)[0m                                                             'domino_num_target_layers': 5,
[36m(SpecoTaskRunner pid=65789)[0m                                                             'domino_pure_draft_prefix_len': 1,
[36m(SpecoTaskRunner pid=65789)[0m                                                             'domino_shift_label': True,
[36m(SpecoTaskRunner pid=65789)[0m                                                             'domino_target_layer_ids': None,
[36m(SpecoTaskRunner pid=65789)[0m                                                             'draft_update_flush_after': True,
[36m(SpecoTaskRunner pid=65789)[0m                                                             'draft_update_flush_before': True,
[36m(SpecoTaskRunner pid=65789)[0m                                                             'draft_update_pause_generation': True,
[36m(SpecoTaskRunner pid=65789)[0m                                                             'draft_update_use_shm': None,
[36m(SpecoTaskRunner pid=65789)[0m                                                             'draft_update_weights_bucket_megabytes': None,
[36m(SpecoTaskRunner pid=65789)[0m                                                             'dspark_block_size': 7,
[36m(SpecoTaskRunner pid=65789)[0m                                                             'dspark_ce_loss_alpha': 0.1,
[36m(SpecoTaskRunner pid=65789)[0m                                                             'dspark_confidence_head_alpha': 0.0,
[36m(SpecoTaskRunner pid=65789)[0m                                                             'dspark_confidence_head_with_markov': True,
[36m(SpecoTaskRunner pid=65789)[0m                                                             'dspark_confidence_loss_alpha': 0.0,
[36m(SpecoTaskRunner pid=65789)[0m                                                             'dspark_debug_log': False,
[36m(SpecoTaskRunner pid=65789)[0m                                                             'dspark_debug_log_first_n': 2,
[36m(SpecoTaskRunner pid=65789)[0m                                                             'dspark_debug_log_interval': 100,
[36m(SpecoTaskRunner pid=65789)[0m                                                             'dspark_hard_sample_ratio': 0.0,
[36m(SpecoTaskRunner pid=65789)[0m                                                             'dspark_hidden_size': None,
[36m(SpecoTaskRunner pid=65789)[0m                                                             'dspark_l1_chunk_size': 0,
[36m(SpecoTaskRunner pid=65789)[0m                                                             'dspark_l1_loss_alpha': 0.9,
[36m(SpecoTaskRunner pid=65789)[0m                                                             'dspark_loss_decay_gamma': 7.0,
[36m(SpecoTaskRunner pid=65789)[0m                                                             'dspark_loss_mode': 'full_vocab',
[36m(SpecoTaskRunner pid=65789)[0m                                                             'dspark_markov_head_type': 'vanilla',
[36m(SpecoTaskRunner pid=65789)[0m                                                             'dspark_markov_rank': 256,
[36m(SpecoTaskRunner pid=65789)[0m                                                             'dspark_mask_token_id': None,
[36m(SpecoTaskRunner pid=65789)[0m                                                             'dspark_max_window': 512,
[36m(SpecoTaskRunner pid=65789)[0m                                                             'dspark_num_anchors': 32,
[36m(SpecoTaskRunner pid=65789)[0m                                                             'dspark_num_hidden_layers': 5,
[36m(SpecoTaskRunner pid=65789)[0m                                                             'dspark_num_target_layers': 5,
[36m(SpecoTaskRunner pid=65789)[0m                                                             'dspark_sampled_ce_negatives': 0,
[36m(SpecoTaskRunner pid=65789)[0m                                                             'dspark_target_layer_ids': None,
[36m(SpecoTaskRunner pid=65789)[0m                                                             'eagle1_feature_noise': 0.0,
[36m(SpecoTaskRunner pid=65789)[0m                                                             'eagle1_hidden_loss_weight': 1.0,
[36m(SpecoTaskRunner pid=65789)[0m                                                             'eagle1_num_hidden_layers': 1,
[36m(SpecoTaskRunner pid=65789)[0m                                                             'eagle1_token_loss_weight': 0.1,
[36m(SpecoTaskRunner pid=65789)[0m                                                             'eagle3_target_layer_ids': None,
[36m(SpecoTaskRunner pid=65789)[0m                                                             'feature_store': {'flush_interval_steps': 1,
[36m(SpecoTaskRunner pid=65789)[0m                                                                               'max_sample_step': None,
[36m(SpecoTaskRunner pid=65789)[0m                                                                               'max_samples_per_shard': 1024,
[36m(SpecoTaskRunner pid=65789)[0m                                                                               'max_seq_len': 512,
[36m(SpecoTaskRunner pid=65789)[0m                                                                               'min_sample_step': None,
[36m(SpecoTaskRunner pid=65789)[0m                                                                               'path': None,
[36m(SpecoTaskRunner pid=65789)[0m                                                                               'prefetch_depth': 2,
[36m(SpecoTaskRunner pid=65789)[0m                                                                               'repeat': True,
[36m(SpecoTaskRunner pid=65789)[0m                                                                               'shuffle': True,
[36m(SpecoTaskRunner pid=65789)[0m                                                                               'strict_schema': True,
[36m(SpecoTaskRunner pid=65789)[0m                                                                               'tokenizer_path': None,
[36m(SpecoTaskRunner pid=65789)[0m                                                                               'train_on': 'last_assistant',
[36m(SpecoTaskRunner pid=65789)[0m                                                                               'trust_remote_code': False,
[36m(SpecoTaskRunner pid=65789)[0m                                                                               'type': 'torch_shard',
[36m(SpecoTaskRunner pid=65789)[0m                                                                               'window_mode': 'loss'},
[36m(SpecoTaskRunner pid=65789)[0m                                                             'hidden_state_clip_value': 10000.0,
[36m(SpecoTaskRunner pid=65789)[0m                                                             'hidden_state_max_tokens_per_sample': None,
[36m(SpecoTaskRunner pid=65789)[0m                                                             'hidden_state_random_max_offset': None,
[36m(SpecoTaskRunner pid=65789)[0m                                                             'hidden_state_random_seed_by_step': True,
[36m(SpecoTaskRunner pid=65789)[0m                                                             'hidden_state_window_min_rows': 32,
[36m(SpecoTaskRunner pid=65789)[0m                                                             'hidden_state_window_mode': 'front',
[36m(SpecoTaskRunner pid=65789)[0m                                                             'hidden_state_window_tokens_per_sample': 32,
[36m(SpecoTaskRunner pid=65789)[0m                                                             'logits_coverage_mask_min_ratio': 0.1,
[36m(SpecoTaskRunner pid=65789)[0m                                                             'logits_coverage_mask_require_top1': False,
[36m(SpecoTaskRunner pid=65789)[0m                                                             'logits_sparse_min_intersection': 1,
[36m(SpecoTaskRunner pid=65789)[0m                                                             'logits_sparse_min_mass': None,
[36m(SpecoTaskRunner pid=65789)[0m                                                             'logits_topk': 128,
[36m(SpecoTaskRunner pid=65789)[0m                                                             'lr': 1e-05,
[36m(SpecoTaskRunner pid=65789)[0m                                                             'lr_decay_steps': 100,
[36m(SpecoTaskRunner pid=65789)[0m                                                             'lr_scheduler_type': 'constant',
[36m(SpecoTaskRunner pid=65789)[0m                                                             'lr_warmup_steps': 0,
[36m(SpecoTaskRunner pid=65789)[0m                                                             'max_collect_samples_per_step_per_replica': 16,
[36m(SpecoTaskRunner pid=65789)[0m                                                             'max_collect_tokens_per_step_per_replica': 16384,
[36m(SpecoTaskRunner pid=65789)[0m                                                             'max_seq_len': 8192,
[36m(SpecoTaskRunner pid=65789)[0m                                                             'min_lr_ratio': 0.1,
[36m(SpecoTaskRunner pid=65789)[0m                                                             'mode': 'online',
[36m(SpecoTaskRunner pid=65789)[0m                                                             'old_logprob_hidden_capture_impl': 'forward_hook',
[36m(SpecoTaskRunner pid=65789)[0m                                                             'park_hccl_after_drafter_training': False,
[36m(SpecoTaskRunner pid=65789)[0m                                                             'peagle_down_sample_ratio': 0.7,
[36m(SpecoTaskRunner pid=65789)[0m                                                             'peagle_down_sample_ratio_min': 0.2,
[36m(SpecoTaskRunner pid=65789)[0m                                                             'peagle_draft_vocab_size': None,
[36m(SpecoTaskRunner pid=65789)[0m                                                             'peagle_fc_norm': False,
[36m(SpecoTaskRunner pid=65789)[0m                                                             'peagle_mask_token_id': None,
[36m(SpecoTaskRunner pid=65789)[0m                                                             'peagle_num_aux_hidden_states': 3,
[36m(SpecoTaskRunner pid=65789)[0m                                                             'peagle_num_depths': 8,
[36m(SpecoTaskRunner pid=65789)[0m                                                             'peagle_num_draft_layers': 4,
[36m(SpecoTaskRunner pid=65789)[0m                                                             'publish_async': True,
[36m(SpecoTaskRunner pid=65789)[0m                                                             'publish_dtype': None,
[36m(SpecoTaskRunner pid=65789)[0m                                                             'publish_interval_steps': 1,
[36m(SpecoTaskRunner pid=65789)[0m                                                             'publish_param_name_patterns': None,
[36m(SpecoTaskRunner pid=65789)[0m                                                             'resume_trainer_state_from_checkpoint': True,
[36m(SpecoTaskRunner pid=65789)[0m                                                             'sample_last_n_steps': 20,
[36m(SpecoTaskRunner pid=65789)[0m                                                             'save_full_drafter_checkpoint': True,
[36m(SpecoTaskRunner pid=65789)[0m                                                             'skip_heavy_cleanup_after_drafter_training': False,
[36m(SpecoTaskRunner pid=65789)[0m                                                             'step': 1,
[36m(SpecoTaskRunner pid=65789)[0m                                                             'target_lm_head_row_restricted_sync': True,
[36m(SpecoTaskRunner pid=65789)[0m                                                             'train_batches_per_cycle': 4,
[36m(SpecoTaskRunner pid=65789)[0m                                                             'training_interval_steps': 1,
[36m(SpecoTaskRunner pid=65789)[0m                                                             'transfer_queue': {'backend': {'SimpleStorage': {'num_data_storage_units': 8,
[36m(SpecoTaskRunner pid=65789)[0m                                                                                                              'total_storage_size': 100000},
[36m(SpecoTaskRunner pid=65789)[0m                                                                                            'storage_backend': 'SimpleStorage'},
[36m(SpecoTaskRunner pid=65789)[0m                                                                                'connect_timeout_seconds': 120,
[36m(SpecoTaskRunner pid=65789)[0m                                                                                'controller': {'polling_mode': True},
[36m(SpecoTaskRunner pid=65789)[0m                                                                                'drop_last': True,
[36m(SpecoTaskRunner pid=65789)[0m                                                                                'enable': False,
[36m(SpecoTaskRunner pid=65789)[0m                                                                                'expected_feature': {'algorithm': None,
[36m(SpecoTaskRunner pid=65789)[0m                                                                                                     'hidden_dtype': None,
[36m(SpecoTaskRunner pid=65789)[0m                                                                                                     'hidden_states_layout': None,
[36m(SpecoTaskRunner pid=65789)[0m                                                                                                     'target_layer_ids': None,
[36m(SpecoTaskRunner pid=65789)[0m                                                                                                     'target_model_path': None,
[36m(SpecoTaskRunner pid=65789)[0m                                                                                                     'target_revision': None,
[36m(SpecoTaskRunner pid=65789)[0m                                                                                                     'tokenizer_fingerprint': None},
[36m(SpecoTaskRunner pid=65789)[0m                                                                                'package_version': '0.1.10',
[36m(SpecoTaskRunner pid=65789)[0m                                                                                'partition_id': 'speco_drafter_features',
[36m(SpecoTaskRunner pid=65789)[0m                                                                                'poll_interval_seconds': 0.5,
[36m(SpecoTaskRunner pid=65789)[0m                                                                                'ray': {'address': None,
[36m(SpecoTaskRunner pid=65789)[0m                                                                                        'namespace': 'speco-drafter'},
[36m(SpecoTaskRunner pid=65789)[0m                                                                                'run_id': None,
[36m(SpecoTaskRunner pid=65789)[0m                                                                                'schema_version': 2},
[36m(SpecoTaskRunner pid=65789)[0m                                                             'ttt_length': 1,
[36m(SpecoTaskRunner pid=65789)[0m                                                             'use_data_buffer': False,
[36m(SpecoTaskRunner pid=65789)[0m                                                             'use_logits': False,
[36m(SpecoTaskRunner pid=65789)[0m                                                             'vocab_mapping_path': None,
[36m(SpecoTaskRunner pid=65789)[0m                                                             'warmup_style': None},
[36m(SpecoTaskRunner pid=65789)[0m                                                'vllm': {'allow_lossy_speculative_sampling': False,
[36m(SpecoTaskRunner pid=65789)[0m                                                         'draft_tensor_parallel_size': None,
[36m(SpecoTaskRunner pid=65789)[0m                                                         'enforce_eager': None,
[36m(SpecoTaskRunner pid=65789)[0m                                                         'max_model_len': None,
[36m(SpecoTaskRunner pid=65789)[0m                                                         'speculative_config_overrides': {}},
[36m(SpecoTaskRunner pid=65789)[0m                                                'world_size': 16},
[36m(SpecoTaskRunner pid=65789)[0m                                    'dtype': 'bfloat16',
[36m(SpecoTaskRunner pid=65789)[0m                                    'enable_chunked_prefill': True,
[36m(SpecoTaskRunner pid=65789)[0m                                    'enable_prefix_caching': True,
[36m(SpecoTaskRunner pid=65789)[0m                                    'enable_rollout_routing_replay': False,
[36m(SpecoTaskRunner pid=65789)[0m                                    'enforce_eager': True,
[36m(SpecoTaskRunner pid=65789)[0m                                    'engine_kwargs': {'sglang': {},
[36m(SpecoTaskRunner pid=65789)[0m                                                      'trtllm': {},
[36m(SpecoTaskRunner pid=65789)[0m                                                      'vllm': {}},
[36m(SpecoTaskRunner pid=65789)[0m                                    'expert_parallel_size': 1,
[36m(SpecoTaskRunner pid=65789)[0m                                    'free_cache_engine': True,
[36m(SpecoTaskRunner pid=65789)[0m                                    'full_determinism': False,
[36m(SpecoTaskRunner pid=65789)[0m                                    'gpu_memory_utilization': 0.25,
[36m(SpecoTaskRunner pid=65789)[0m                                    'ignore_eos': False,
[36m(SpecoTaskRunner pid=65789)[0m                                    'layered_summon': False,
[36m(SpecoTaskRunner pid=65789)[0m                                    'load_format': 'auto',
[36m(SpecoTaskRunner pid=65789)[0m                                    'log_prob_max_token_len_per_gpu': 16384,
[36m(SpecoTaskRunner pid=65789)[0m                                    'log_prob_micro_batch_size': None,
[36m(SpecoTaskRunner pid=65789)[0m                                    'log_prob_micro_batch_size_per_gpu': 1,
[36m(SpecoTaskRunner pid=65789)[0m                                    'log_prob_use_dynamic_bsz': False,
[36m(SpecoTaskRunner pid=65789)[0m                                    'logprobs_mode': 'processed_logprobs',
[36m(SpecoTaskRunner pid=65789)[0m                                    'max_model_len': 256,
[36m(SpecoTaskRunner pid=65789)[0m                                    'max_num_batched_tokens': 8192,
[36m(SpecoTaskRunner pid=65789)[0m                                    'max_num_seqs': 4,
[36m(SpecoTaskRunner pid=65789)[0m                                    'mode': 'async',
[36m(SpecoTaskRunner pid=65789)[0m                                    'moe_load_balance_metrics_interval': 0,
[36m(SpecoTaskRunner pid=65789)[0m                                    'mtp': {'_target_': 'verl.workers.config.MtpConfig',
[36m(SpecoTaskRunner pid=65789)[0m                                            'detach_encoder': False,
[36m(SpecoTaskRunner pid=65789)[0m                                            'enable': False,
[36m(SpecoTaskRunner pid=65789)[0m                                            'enable_rollout': False,
[36m(SpecoTaskRunner pid=65789)[0m                                            'enable_train': False,
[36m(SpecoTaskRunner pid=65789)[0m                                            'method': 'mtp',
[36m(SpecoTaskRunner pid=65789)[0m                                            'mtp_loss_scaling_factor': 0.1,
[36m(SpecoTaskRunner pid=65789)[0m                                            'num_speculative_tokens': 1,
[36m(SpecoTaskRunner pid=65789)[0m                                            'speculative_algorithm': 'EAGLE',
[36m(SpecoTaskRunner pid=65789)[0m                                            'speculative_eagle_topk': 1,
[36m(SpecoTaskRunner pid=65789)[0m                                            'speculative_num_draft_tokens': 4,
[36m(SpecoTaskRunner pid=65789)[0m                                            'speculative_num_steps': 3},
[36m(SpecoTaskRunner pid=65789)[0m                                    'multi_stage_wake_up': False,
[36m(SpecoTaskRunner pid=65789)[0m                                    'multi_turn': {'_target_': 'verl.workers.config.MultiTurnConfig',
[36m(SpecoTaskRunner pid=65789)[0m                                                   'enable': False,
[36m(SpecoTaskRunner pid=65789)[0m                                                   'format': 'hermes',
[36m(SpecoTaskRunner pid=65789)[0m                                                   'function_tool_path': None,
[36m(SpecoTaskRunner pid=65789)[0m                                                   'max_assistant_turns': None,
[36m(SpecoTaskRunner pid=65789)[0m                                                   'max_parallel_calls': 1,
[36m(SpecoTaskRunner pid=65789)[0m                                                   'max_tool_response_length': 256,
[36m(SpecoTaskRunner pid=65789)[0m                                                   'max_user_turns': None,
[36m(SpecoTaskRunner pid=65789)[0m                                                   'num_repeat_rollouts': None,
[36m(SpecoTaskRunner pid=65789)[0m                                                   'tokenization_sanity_check_mode': 'strict',
[36m(SpecoTaskRunner pid=65789)[0m                                                   'tool_config_path': None,
[36m(SpecoTaskRunner pid=65789)[0m                                                   'tool_response_truncate_side': 'middle',
[36m(SpecoTaskRunner pid=65789)[0m                                                   'use_inference_chat_template': False},
[36m(SpecoTaskRunner pid=65789)[0m                                    'n': 2,
[36m(SpecoTaskRunner pid=65789)[0m                                    'n_gpus_per_node': 2,
[36m(SpecoTaskRunner pid=65789)[0m                                    'name': 'vllm',
[36m(SpecoTaskRunner pid=65789)[0m                                    'nnodes': 0,
[36m(SpecoTaskRunner pid=65789)[0m                                    'over_sample_rate': 0,
[36m(SpecoTaskRunner pid=65789)[0m                                    'pipeline_model_parallel_size': 1,
[36m(SpecoTaskRunner pid=65789)[0m                                    'profiler': {'_target_': 'verl.utils.profiler.ProfilerConfig',
[36m(SpecoTaskRunner pid=65789)[0m                                                 'all_ranks': False,
[36m(SpecoTaskRunner pid=65789)[0m                                                 'enable': False,
[36m(SpecoTaskRunner pid=65789)[0m                                                 'ranks': [],
[36m(SpecoTaskRunner pid=65789)[0m                                                 'save_path': 'outputs/profile',
[36m(SpecoTaskRunner pid=65789)[0m                                                 'tool': None,
[36m(SpecoTaskRunner pid=65789)[0m                                                 'tool_config': {'npu': {'_target_': 'verl.utils.profiler.config.NPUToolConfig',
[36m(SpecoTaskRunner pid=65789)[0m                                                                         'analysis': True,
[36m(SpecoTaskRunner pid=65789)[0m                                                                         'contents': [],
[36m(SpecoTaskRunner pid=65789)[0m                                                                         'discrete': False,
[36m(SpecoTaskRunner pid=65789)[0m                                                                         'level': 'level0',
[36m(SpecoTaskRunner pid=65789)[0m                                                                         'profile_token_end': None,
[36m(SpecoTaskRunner pid=65789)[0m                                                                         'profile_token_start': None},
[36m(SpecoTaskRunner pid=65789)[0m                                                                 'precision_debugger': {'_target_': 'verl.utils.profiler.config.PrecisionDebuggerToolConfig',
[36m(SpecoTaskRunner pid=65789)[0m                                                                                        'config_path': None,
[36m(SpecoTaskRunner pid=65789)[0m                                                                                        'stages': None,
[36m(SpecoTaskRunner pid=65789)[0m                                                                                        'steps': None,
[36m(SpecoTaskRunner pid=65789)[0m                                                                                        'strict': False},
[36m(SpecoTaskRunner pid=65789)[0m                                                                 'torch': {'_target_': 'verl.utils.profiler.config.TorchProfilerToolConfig',
[36m(SpecoTaskRunner pid=65789)[0m                                                                           'contents': [],
[36m(SpecoTaskRunner pid=65789)[0m                                                                           'discrete': False,
[36m(SpecoTaskRunner pid=65789)[0m                                                                           'profile_token_end': None,
[36m(SpecoTaskRunner pid=65789)[0m                                                                           'profile_token_start': None}}},
[36m(SpecoTaskRunner pid=65789)[0m                                    'prometheus': {'_target_': 'verl.workers.config.PrometheusConfig',
[36m(SpecoTaskRunner pid=65789)[0m                                                   'enable': False,
[36m(SpecoTaskRunner pid=65789)[0m                                                   'file': '/tmp/ray/session_latest/metrics/prometheus/prometheus.yml',
[36m(SpecoTaskRunner pid=65789)[0m                                                   'port': 9090,
[36m(SpecoTaskRunner pid=65789)[0m                                                   'served_model_name': '/experiment/models/target'},
[36m(SpecoTaskRunner pid=65789)[0m                                    'prompt_length': 128,
[36m(SpecoTaskRunner pid=65789)[0m                                    'qat': {'_target_': 'verl.workers.config.QATEngineConfig',
[36m(SpecoTaskRunner pid=65789)[0m                                            'activation_observer': 'static_minmax',
[36m(SpecoTaskRunner pid=65789)[0m                                            'enable': False,
[36m(SpecoTaskRunner pid=65789)[0m                                            'group_size': 16,
[36m(SpecoTaskRunner pid=65789)[0m                                            'ignore_patterns': ['lm_head',
[36m(SpecoTaskRunner pid=65789)[0m                                                                'embed_tokens',
[36m(SpecoTaskRunner pid=65789)[0m                                                                're:.*mlp.gate$'],
[36m(SpecoTaskRunner pid=65789)[0m                                            'mode': 'w4a16',
[36m(SpecoTaskRunner pid=65789)[0m                                            'quantization_config_path': None},
[36m(SpecoTaskRunner pid=65789)[0m                                    'quantization': None,
[36m(SpecoTaskRunner pid=65789)[0m                                    'quantization_config_file': None,
[36m(SpecoTaskRunner pid=65789)[0m                                    'response_length': 64,
[36m(SpecoTaskRunner pid=65789)[0m                                    'scheduling_policy': 'fcfs',
[36m(SpecoTaskRunner pid=65789)[0m                                    'seed': 42,
[36m(SpecoTaskRunner pid=65789)[0m                                    'skip_tokenizer_init': True,
[36m(SpecoTaskRunner pid=65789)[0m                                    'temperature': 1.0,
[36m(SpecoTaskRunner pid=65789)[0m                                    'tensor_model_parallel_size': 2,
[36m(SpecoTaskRunner pid=65789)[0m                                    'top_k': -1,
[36m(SpecoTaskRunner pid=65789)[0m                                    'top_p': 1,
[36m(SpecoTaskRunner pid=65789)[0m                                    'trace': {'_target_': 'verl.workers.config.TraceConfig',
[36m(SpecoTaskRunner pid=65789)[0m                                              'backend': None,
[36m(SpecoTaskRunner pid=65789)[0m                                              'experiment_name': 'dflash-compat',
[36m(SpecoTaskRunner pid=65789)[0m                                              'max_samples_per_step_per_worker': None,
[36m(SpecoTaskRunner pid=65789)[0m                                              'project_name': 'speco-l20',
[36m(SpecoTaskRunner pid=65789)[0m                                              'token2text': False},
[36m(SpecoTaskRunner pid=65789)[0m                                    'val_kwargs': {'_target_': 'verl.workers.config.SamplingConfig',
[36m(SpecoTaskRunner pid=65789)[0m                                                   'do_sample': False,
[36m(SpecoTaskRunner pid=65789)[0m                                                   'n': 1,
[36m(SpecoTaskRunner pid=65789)[0m                                                   'temperature': 0,
[36m(SpecoTaskRunner pid=65789)[0m                                                   'top_k': -1,
[36m(SpecoTaskRunner pid=65789)[0m                                                   'top_p': 1.0}}},
[36m(SpecoTaskRunner pid=65789)[0m  'algorithm': {'_target_': 'verl.trainer.config.AlgoConfig',
[36m(SpecoTaskRunner pid=65789)[0m                'adv_estimator': 'grpo',
[36m(SpecoTaskRunner pid=65789)[0m                'filter_groups': {'_target_': 'verl.trainer.config.FilterGroupsConfig',
[36m(SpecoTaskRunner pid=65789)[0m                                  'enable': False,
[36m(SpecoTaskRunner pid=65789)[0m                                  'max_inflight_gen_batches': 1,
[36m(SpecoTaskRunner pid=65789)[0m                                  'max_num_gen_batches': 0,
[36m(SpecoTaskRunner pid=65789)[0m                                  'metric': None},
[36m(SpecoTaskRunner pid=65789)[0m                'gamma': 1.0,
[36m(SpecoTaskRunner pid=65789)[0m                'kl_ctrl': {'_target_': 'verl.trainer.config.KLControlConfig',
[36m(SpecoTaskRunner pid=65789)[0m                            'horizon': 10000,
[36m(SpecoTaskRunner pid=65789)[0m                            'kl_coef': 0.001,
[36m(SpecoTaskRunner pid=65789)[0m                            'target_kl': 0.1,
[36m(SpecoTaskRunner pid=65789)[0m                            'type': 'fixed'},
[36m(SpecoTaskRunner pid=65789)[0m                'kl_penalty': 'kl',
[36m(SpecoTaskRunner pid=65789)[0m                'lam': 1.0,
[36m(SpecoTaskRunner pid=65789)[0m                'norm_adv_by_std_in_grpo': True,
[36m(SpecoTaskRunner pid=65789)[0m                'pf_ppo': {'reweight_method': 'pow', 'weight_pow': 2.0},
[36m(SpecoTaskRunner pid=65789)[0m                'rollout_correction': {'bypass_mode': False,
[36m(SpecoTaskRunner pid=65789)[0m                                       'loss_type': 'ppo_clip',
[36m(SpecoTaskRunner pid=65789)[0m                                       'rollout_is': None,
[36m(SpecoTaskRunner pid=65789)[0m                                       'rollout_is_batch_normalize': False,
[36m(SpecoTaskRunner pid=65789)[0m                                       'rollout_is_threshold': 2.0,
[36m(SpecoTaskRunner pid=65789)[0m                                       'rollout_rs': None,
[36m(SpecoTaskRunner pid=65789)[0m                                       'rollout_rs_threshold': None},
[36m(SpecoTaskRunner pid=65789)[0m                'use_kl_in_reward': False,
[36m(SpecoTaskRunner pid=65789)[0m                'use_pf_ppo': False},
[36m(SpecoTaskRunner pid=65789)[0m  'critic': {'_target_': 'verl.workers.config.FSDPCriticConfig',
[36m(SpecoTaskRunner pid=65789)[0m             'checkpoint': {'_target_': 'verl.trainer.config.CheckpointConfig',
[36m(SpecoTaskRunner pid=65789)[0m                            'async_save': False,
[36m(SpecoTaskRunner pid=65789)[0m                            'load_contents': ['model', 'optimizer', 'extra'],
[36m(SpecoTaskRunner pid=65789)[0m                            'save_contents': ['model', 'optimizer', 'extra']},
[36m(SpecoTaskRunner pid=65789)[0m             'cliprange_value': 0.5,
[36m(SpecoTaskRunner pid=65789)[0m             'data_loader_seed': 42,
[36m(SpecoTaskRunner pid=65789)[0m             'enable': None,
[36m(SpecoTaskRunner pid=65789)[0m             'forward_max_token_len_per_gpu': 32768,
[36m(SpecoTaskRunner pid=65789)[0m             'forward_micro_batch_size': None,
[36m(SpecoTaskRunner pid=65789)[0m             'forward_micro_batch_size_per_gpu': None,
[36m(SpecoTaskRunner pid=65789)[0m             'fsdp': {'_target_': 'verl.workers.config.FSDPEngineConfig',
[36m(SpecoTaskRunner pid=65789)[0m                      'dtype': 'bfloat16',
[36m(SpecoTaskRunner pid=65789)[0m                      'entropy_checkpointing': False,
[36m(SpecoTaskRunner pid=65789)[0m                      'entropy_from_logits_chunk_size': 2048,
[36m(SpecoTaskRunner pid=65789)[0m                      'entropy_from_logits_with_chunking': False,
[36m(SpecoTaskRunner pid=65789)[0m                      'forward_only': False,
[36m(SpecoTaskRunner pid=65789)[0m                      'forward_prefetch': False,
[36m(SpecoTaskRunner pid=65789)[0m                      'fsdp_size': -1,
[36m(SpecoTaskRunner pid=65789)[0m                      'full_determinism': False,
[36m(SpecoTaskRunner pid=65789)[0m                      'model_dtype': 'fp32',
[36m(SpecoTaskRunner pid=65789)[0m                      'offload_policy': False,
[36m(SpecoTaskRunner pid=65789)[0m                      'optimizer_offload': False,
[36m(SpecoTaskRunner pid=65789)[0m                      'pad_to_length': False,
[36m(SpecoTaskRunner pid=65789)[0m                      'pad_to_length_bucket': 1024,
[36m(SpecoTaskRunner pid=65789)[0m                      'param_offload': False,
[36m(SpecoTaskRunner pid=65789)[0m                      'qat': {'_target_': 'verl.workers.config.QATEngineConfig',
[36m(SpecoTaskRunner pid=65789)[0m                              'activation_observer': 'static_minmax',
[36m(SpecoTaskRunner pid=65789)[0m                              'enable': False,
[36m(SpecoTaskRunner pid=65789)[0m                              'group_size': 16,
[36m(SpecoTaskRunner pid=65789)[0m                              'ignore_patterns': ['lm_head',
[36m(SpecoTaskRunner pid=65789)[0m                                                  'embed_tokens',
[36m(SpecoTaskRunner pid=65789)[0m                                                  're:.*mlp.gate$'],
[36m(SpecoTaskRunner pid=65789)[0m                              'mode': 'w4a16',
[36m(SpecoTaskRunner pid=65789)[0m                              'quantization_config_path': None},
[36m(SpecoTaskRunner pid=65789)[0m                      'reshard_after_forward': True,
[36m(SpecoTaskRunner pid=65789)[0m                      'seed': 42,
[36m(SpecoTaskRunner pid=65789)[0m                      'strategy': 'fsdp',
[36m(SpecoTaskRunner pid=65789)[0m                      'ulysses_sequence_parallel_size': 1,
[36m(SpecoTaskRunner pid=65789)[0m                      'use_orig_params': False,
[36m(SpecoTaskRunner pid=65789)[0m                      'use_torch_compile': True,
[36m(SpecoTaskRunner pid=65789)[0m                      'wrap_policy': {'min_num_params': 0}},
[36m(SpecoTaskRunner pid=65789)[0m             'grad_clip': 1.0,
[36m(SpecoTaskRunner pid=65789)[0m             'loss_agg_mode': 'token-mean',
[36m(SpecoTaskRunner pid=65789)[0m             'loss_scale_factor': None,
[36m(SpecoTaskRunner pid=65789)[0m             'model': {'_target_': 'verl.workers.config.HFModelConfig',
[36m(SpecoTaskRunner pid=65789)[0m                       'custom_chat_template': None,
[36m(SpecoTaskRunner pid=65789)[0m                       'enable_activation_offload': False,
[36m(SpecoTaskRunner pid=65789)[0m                       'enable_gradient_checkpointing'
[36m(SpecoTaskRunner pid=65789)[0m : True,
[36m(SpecoTaskRunner pid=65789)[0m                       'exclude_modules': None,
[36m(SpecoTaskRunner pid=65789)[0m                       'external_lib': None,
[36m(SpecoTaskRunner pid=65789)[0m                       'fused_kernel_options': {'impl_backend': 'torch'},
[36m(SpecoTaskRunner pid=65789)[0m                       'hf_config_path': None,
[36m(SpecoTaskRunner pid=65789)[0m                       'lora': {'a2a_experimental': False,
[36m(SpecoTaskRunner pid=65789)[0m                                'adapter_path': None,
[36m(SpecoTaskRunner pid=65789)[0m                                'alpha': 32,
[36m(SpecoTaskRunner pid=65789)[0m                                'dropout': 0.0,
[36m(SpecoTaskRunner pid=65789)[0m                                'dropout_position': 'pre',
[36m(SpecoTaskRunner pid=65789)[0m                                'dtype': None,
[36m(SpecoTaskRunner pid=65789)[0m                                'exclude_modules': [],
[36m(SpecoTaskRunner pid=65789)[0m                                'freeze_language_model': True,
[36m(SpecoTaskRunner pid=65789)[0m                                'freeze_vision_model': True,
[36m(SpecoTaskRunner pid=65789)[0m                                'freeze_vision_projection': True,
[36m(SpecoTaskRunner pid=65789)[0m                                'lora_A_init_method': 'xavier',
[36m(SpecoTaskRunner pid=65789)[0m                                'lora_B_init_method': 'zero',
[36m(SpecoTaskRunner pid=65789)[0m                                'merge': False,
[36m(SpecoTaskRunner pid=65789)[0m                                'rank': 0,
[36m(SpecoTaskRunner pid=65789)[0m                                'target_modules': ['linear_qkv',
[36m(SpecoTaskRunner pid=65789)[0m                                                   'linear_proj',
[36m(SpecoTaskRunner pid=65789)[0m                                                   'linear_fc1',
[36m(SpecoTaskRunner pid=65789)[0m                                                   'linear_fc2'],
[36m(SpecoTaskRunner pid=65789)[0m                                'type': 'lora'},
[36m(SpecoTaskRunner pid=65789)[0m                       'lora_adapter_path': None,
[36m(SpecoTaskRunner pid=65789)[0m                       'lora_alpha': 16,
[36m(SpecoTaskRunner pid=65789)[0m                       'lora_rank': 0,
[36m(SpecoTaskRunner pid=65789)[0m                       'mtp': {'_target_': 'verl.workers.config.MtpConfig',
[36m(SpecoTaskRunner pid=65789)[0m                               'detach_encoder': False,
[36m(SpecoTaskRunner pid=65789)[0m                               'enable': False,
[36m(SpecoTaskRunner pid=65789)[0m                               'enable_rollout': False,
[36m(SpecoTaskRunner pid=65789)[0m                               'enable_train': False,
[36m(SpecoTaskRunner pid=65789)[0m                               'method': 'mtp',
[36m(SpecoTaskRunner pid=65789)[0m                               'mtp_loss_scaling_factor': 0.1,
[36m(SpecoTaskRunner pid=65789)[0m                               'num_speculative_tokens': 1,
[36m(SpecoTaskRunner pid=65789)[0m                               'speculative_algorithm': 'EAGLE',
[36m(SpecoTaskRunner pid=65789)[0m                               'speculative_eagle_topk': 1,
[36m(SpecoTaskRunner pid=65789)[0m                               'speculative_num_draft_tokens': 4,
[36m(SpecoTaskRunner pid=65789)[0m                               'speculative_num_steps': 3},
[36m(SpecoTaskRunner pid=65789)[0m                       'override_config': {},
[36m(SpecoTaskRunner pid=65789)[0m                       'path': '~/models/deepseek-llm-7b-chat',
[36m(SpecoTaskRunner pid=65789)[0m                       'target_modules': 'all-linear',
[36m(SpecoTaskRunner pid=65789)[0m                       'tiled_mlp': {'enabled': False, 'num_shards': 4},
[36m(SpecoTaskRunner pid=65789)[0m                       'tokenizer_path': None,
[36m(SpecoTaskRunner pid=65789)[0m                       'trust_remote_code': False,
[36m(SpecoTaskRunner pid=65789)[0m                       'use_fused_kernels': False,
[36m(SpecoTaskRunner pid=65789)[0m                       'use_liger': False,
[36m(SpecoTaskRunner pid=65789)[0m                       'use_remove_padding': True,
[36m(SpecoTaskRunner pid=65789)[0m                       'use_shm': False},
[36m(SpecoTaskRunner pid=65789)[0m             'optim': {'_target_': 'verl.workers.config.FSDPOptimizerConfig',
[36m(SpecoTaskRunner pid=65789)[0m                       'betas': [0.9, 0.999],
[36m(SpecoTaskRunner pid=65789)[0m                       'clip_grad': 1.0,
[36m(SpecoTaskRunner pid=65789)[0m                       'lr': 1e-05,
[36m(SpecoTaskRunner pid=65789)[0m                       'lr_scheduler_type': 'constant',
[36m(SpecoTaskRunner pid=65789)[0m                       'lr_warmup_steps': -1,
[36m(SpecoTaskRunner pid=65789)[0m                       'lr_warmup_steps_ratio': 0.0,
[36m(SpecoTaskRunner pid=65789)[0m                       'min_lr_ratio': 0.0,
[36m(SpecoTaskRunner pid=65789)[0m                       'num_cycles': 0.5,
[36m(SpecoTaskRunner pid=65789)[0m                       'optimizer': 'AdamW',
[36m(SpecoTaskRunner pid=65789)[0m                       'optimizer_impl': 'torch.optim',
[36m(SpecoTaskRunner pid=65789)[0m                       'override_optimizer_config': None,
[36m(SpecoTaskRunner pid=65789)[0m                       'total_training_steps': -1,
[36m(SpecoTaskRunner pid=65789)[0m                       'warmup_style': None,
[36m(SpecoTaskRunner pid=65789)[0m                       'weight_decay': 0.01,
[36m(SpecoTaskRunner pid=65789)[0m                       'zero_indexed_step': True},
[36m(SpecoTaskRunner pid=65789)[0m             'ppo_epochs': 1,
[36m(SpecoTaskRunner pid=65789)[0m             'ppo_max_token_len_per_gpu': 32768,
[36m(SpecoTaskRunner pid=65789)[0m             'ppo_micro_batch_size': None,
[36m(SpecoTaskRunner pid=65789)[0m             'ppo_micro_batch_size_per_gpu': None,
[36m(SpecoTaskRunner pid=65789)[0m             'ppo_mini_batch_size': 2,
[36m(SpecoTaskRunner pid=65789)[0m             'profiler': {'_target_': 'verl.utils.profiler.ProfilerConfig',
[36m(SpecoTaskRunner pid=65789)[0m                          'all_ranks': False,
[36m(SpecoTaskRunner pid=65789)[0m                          'enable': False,
[36m(SpecoTaskRunner pid=65789)[0m                          'ranks': [],
[36m(SpecoTaskRunner pid=65789)[0m                          'save_path': 'outputs/profile',
[36m(SpecoTaskRunner pid=65789)[0m                          'tool': None,
[36m(SpecoTaskRunner pid=65789)[0m                          'tool_config': {'npu': {'_target_': 'verl.utils.profiler.config.NPUToolConfig',
[36m(SpecoTaskRunner pid=65789)[0m                                                  'analysis': True,
[36m(SpecoTaskRunner pid=65789)[0m                                                  'contents': [],
[36m(SpecoTaskRunner pid=65789)[0m                                                  'discrete': False,
[36m(SpecoTaskRunner pid=65789)[0m                                                  'level': 'level0'},
[36m(SpecoTaskRunner pid=65789)[0m                                          'nsys': {'_target_': 'verl.utils.profiler.config.NsightToolConfig',
[36m(SpecoTaskRunner pid=65789)[0m                                                   'discrete': False},
[36m(SpecoTaskRunner pid=65789)[0m                                          'precision_debugger': {'_target_': 'verl.utils.profiler.config.PrecisionDebuggerToolConfig',
[36m(SpecoTaskRunner pid=65789)[0m                                                                 'config_path': None,
[36m(SpecoTaskRunner pid=65789)[0m                                                                 'stages': None,
[36m(SpecoTaskRunner pid=65789)[0m                                                                 'steps': None,
[36m(SpecoTaskRunner pid=65789)[0m                                                                 'strict': False},
[36m(SpecoTaskRunner pid=65789)[0m                                          'torch': {'_target_': 'verl.utils.profiler.config.TorchProfilerToolConfig',
[36m(SpecoTaskRunner pid=65789)[0m                                                    'contents': [],
[36m(SpecoTaskRunner pid=65789)[0m                                                    'discrete': False,
[36m(SpecoTaskRunner pid=65789)[0m                                                    'schedule': {'_target_': 'verl.utils.profiler.config.TorchProfilerScheduleConfig',
[36m(SpecoTaskRunner pid=65789)[0m                                                                 'active': 0,
[36m(SpecoTaskRunner pid=65789)[0m                                                                 'repeat': 0,
[36m(SpecoTaskRunner pid=65789)[0m                                                                 'skip_first': 0,
[36m(SpecoTaskRunner pid=65789)[0m                                                                 'wait': 0,
[36m(SpecoTaskRunner pid=65789)[0m                                                                 'warmup': 0}},
[36m(SpecoTaskRunner pid=65789)[0m                                          'torch_memory': {'_target_': 'verl.utils.profiler.config.TorchMemoryToolConfig',
[36m(SpecoTaskRunner pid=65789)[0m                                                           'stack_depth': 32,
[36m(SpecoTaskRunner pid=65789)[0m                                                           'trace_alloc_max_entries': 100000}}},
[36m(SpecoTaskRunner pid=65789)[0m             'rollout_n': 2,
[36m(SpecoTaskRunner pid=65789)[0m             'shuffle': False,
[36m(SpecoTaskRunner pid=65789)[0m             'strategy': 'fsdp',
[36m(SpecoTaskRunner pid=65789)[0m             'ulysses_sequence_parallel_size': 1,
[36m(SpecoTaskRunner pid=65789)[0m             'use_dynamic_bsz': False},
[36m(SpecoTaskRunner pid=65789)[0m  'custom_reward_function': {'name': None, 'path': None},
[36m(SpecoTaskRunner pid=65789)[0m  'data': {'apply_chat_template_kwargs': {},
[36m(SpecoTaskRunner pid=65789)[0m           'audio_key': 'audios',
[36m(SpecoTaskRunner pid=65789)[0m           'continuous_token': {'enable': False, 'model_family': 'auto'},
[36m(SpecoTaskRunner pid=65789)[0m           'custom_cls': {'name': None, 'path': None},
[36m(SpecoTaskRunner pid=65789)[0m           'dataloader_num_workers': 0,
[36m(SpecoTaskRunner pid=65789)[0m           'filter_overlong_prompts': False,
[36m(SpecoTaskRunner pid=65789)[0m           'filter_overlong_prompts_workers': 1,
[36m(SpecoTaskRunner pid=65789)[0m           'function_tool_path': None,
[36m(SpecoTaskRunner pid=65789)[0m           'gen_batch_size': None,
[36m(SpecoTaskRunner pid=65789)[0m           'image_key': 'images',
[36m(SpecoTaskRunner pid=65789)[0m           'image_patch_size': 14,
[36m(SpecoTaskRunner pid=65789)[0m           'max_prompt_length': 128,
[36m(SpecoTaskRunner pid=65789)[0m           'max_response_length': 64,
[36m(SpecoTaskRunner pid=65789)[0m           'mm_processor_kwargs': {},
[36m(SpecoTaskRunner pid=65789)[0m           'prompt_key': 'prompt',
[36m(SpecoTaskRunner pid=65789)[0m           'return_full_prompt': False,
[36m(SpecoTaskRunner pid=65789)[0m           'return_multi_modal_inputs': True,
[36m(SpecoTaskRunner pid=65789)[0m           'return_raw_chat': True,
[36m(SpecoTaskRunner pid=65789)[0m           'return_raw_input_ids': False,
[36m(SpecoTaskRunner pid=65789)[0m           'reward_fn_key': 'data_source',
[36m(SpecoTaskRunner pid=65789)[0m           'seed': None,
[36m(SpecoTaskRunner pid=65789)[0m           'shuffle': True,
[36m(SpecoTaskRunner pid=65789)[0m           'tokenizer': None,
[36m(SpecoTaskRunner pid=65789)[0m           'tool_config_path': None,
[36m(SpecoTaskRunner pid=65789)[0m           'train_batch_size': 2,
[36m(SpecoTaskRunner pid=65789)[0m           'train_files': '/experiment/evidence/l20-20260919/train.parquet',
[36m(SpecoTaskRunner pid=65789)[0m           'train_max_samples': -1,
[36m(SpecoTaskRunner pid=65789)[0m           'truncation': 'error',
[36m(SpecoTaskRunner pid=65789)[0m           'trust_remote_code': False,
[36m(SpecoTaskRunner pid=65789)[0m           'use_shm': False,
[36m(SpecoTaskRunner pid=65789)[0m           'val_batch_size': None,
[36m(SpecoTaskRunner pid=65789)[0m           'val_files': '/experiment/evidence/l20-20260919/val.parquet',
[36m(SpecoTaskRunner pid=65789)[0m           'val_max_samples': -1,
[36m(SpecoTaskRunner pid=65789)[0m           'validation_shuffle': False,
[36m(SpecoTaskRunner pid=65789)[0m           'video_key': 'videos'},
[36m(SpecoTaskRunner pid=65789)[0m  'distillation': {'_target_': 'verl.workers.config.DistillationConfig',
[36m(SpecoTaskRunner pid=65789)[0m                   'distillation_loss': 
[36m(SpecoTaskRunner pid=65789)[0m {'_target_': 'verl.workers.config.DistillationLossConfig',
[36m(SpecoTaskRunner pid=65789)[0m                                         'clip_ratio': 0.2,
[36m(SpecoTaskRunner pid=65789)[0m                                         'clip_ratio_high': 0.2,
[36m(SpecoTaskRunner pid=65789)[0m                                         'clip_ratio_low': 0.2,
[36m(SpecoTaskRunner pid=65789)[0m                                         'distillation_loss_coef': 1.0,
[36m(SpecoTaskRunner pid=65789)[0m                                         'log_prob_min_clamp': None,
[36m(SpecoTaskRunner pid=65789)[0m                                         'loss_max_clamp': None,
[36m(SpecoTaskRunner pid=65789)[0m                                         'loss_mode': 'k3',
[36m(SpecoTaskRunner pid=65789)[0m                                         'policy_loss_mode': 'vanilla',
[36m(SpecoTaskRunner pid=65789)[0m                                         'topk': 32,
[36m(SpecoTaskRunner pid=65789)[0m                                         'use_policy_gradient': False,
[36m(SpecoTaskRunner pid=65789)[0m                                         'use_task_rewards': True},
[36m(SpecoTaskRunner pid=65789)[0m                   'enabled': False,
[36m(SpecoTaskRunner pid=65789)[0m                   'n_gpus_per_node': 8,
[36m(SpecoTaskRunner pid=65789)[0m                   'nnodes': 0,
[36m(SpecoTaskRunner pid=65789)[0m                   'teacher_key': 'data_source',
[36m(SpecoTaskRunner pid=65789)[0m                   'teacher_models': {'teacher_model': {'_target_': 'verl.workers.config.DistillationTeacherModelConfig',
[36m(SpecoTaskRunner pid=65789)[0m                                                        'inference': {'_target_': 'verl.workers.config.RolloutConfig',
[36m(SpecoTaskRunner pid=65789)[0m                                                                      'cudagraph_capture_sizes': None,
[36m(SpecoTaskRunner pid=65789)[0m                                                                      'data_parallel_size': 1,
[36m(SpecoTaskRunner pid=65789)[0m                                                                      'disable_log_stats': True,
[36m(SpecoTaskRunner pid=65789)[0m                                                                      'dtype': 'bfloat16',
[36m(SpecoTaskRunner pid=65789)[0m                                                                      'enable_chunked_prefill': True,
[36m(SpecoTaskRunner pid=65789)[0m                                                                      'enable_prefix_caching': True,
[36m(SpecoTaskRunner pid=65789)[0m                                                                      'enforce_eager': True,
[36m(SpecoTaskRunner pid=65789)[0m                                                                      'engine_kwargs': {},
[36m(SpecoTaskRunner pid=65789)[0m                                                                      'expert_parallel_size': 1,
[36m(SpecoTaskRunner pid=65789)[0m                                                                      'free_cache_engine': True,
[36m(SpecoTaskRunner pid=65789)[0m                                                                      'gpu_memory_utilization': 0.5,
[36m(SpecoTaskRunner pid=65789)[0m                                                                      
[36m(SpecoTaskRunner pid=65789)[0m 'limit_images': None,
[36m(SpecoTaskRunner pid=65789)[0m                                                                      'load_format': 'auto',
[36m(SpecoTaskRunner pid=65789)[0m                                                                      'max_model_len': None,
[36m(SpecoTaskRunner pid=65789)[0m                                                                      'max_num_batched_tokens': 8192,
[36m(SpecoTaskRunner pid=65789)[0m                                                                      'max_num_seqs': 1024,
[36m(SpecoTaskRunner pid=65789)[0m                                                                      'name': 'vllm',
[36m(SpecoTaskRunner pid=65789)[0m                                                                      'prompt_length': 128,
[36m(SpecoTaskRunner pid=65789)[0m                                                                      'response_length': 64,
[36m(SpecoTaskRunner pid=65789)[0m                                                                      'skip_tokenizer_init': True,
[36m(SpecoTaskRunner pid=65789)[0m                                                                      'temperature': 1.0,
[36m(SpecoTaskRunner pid=65789)[0m                                                                      'tensor_model_parallel_size': 2},
[36m(SpecoTaskRunner pid=65789)[0m                                                        'key': None,
[36m(SpecoTaskRunner pid=65789)[0m                                                        'model_path': None,
[36m(SpecoTaskRunner pid=65789)[0m                                                        'num_replicas': 0}}},
[36m(SpecoTaskRunner pid=65789)[0m  'global_profiler': {'_target_': 'verl.utils.profiler.ProfilerConfig',
[36m(SpecoTaskRunner pid=65789)[0m                      'global_tool_config': {'nsys': {'_target_': 'verl.utils.profiler.config.NsightToolConfig',
[36m(SpecoTaskRunner pid=65789)[0m                                                      'controller_nsight_options': {'cuda-graph-trace': 'graph',
[36m(SpecoTaskRunner pid=65789)[0m                                                                                    'cuda-memory-usage': 'true',
[36m(SpecoTaskRunner pid=65789)[0m                                                                                    'trace': 'cuda,nvtx,cublas,ucx'},
[36m(SpecoTaskRunner pid=65789)[0m                                                      'discrete': False,
[36m(SpecoTaskRunner pid=65789)[0m                                                      'worker_nsight_options': {'capture-range': 
[36m(SpecoTaskRunner pid=65789)[0m 'cudaProfilerApi',
[36m(SpecoTaskRunner pid=65789)[0m                                                                                'capture-range-end': None,
[36m(SpecoTaskRunner pid=65789)[0m                                                                                'cuda-graph-trace': 'graph',
[36m(SpecoTaskRunner pid=65789)[0m                                                                                'cuda-memory-usage': 'true',
[36m(SpecoTaskRunner pid=65789)[0m                                                                                'kill': 'none',
[36m(SpecoTaskRunner pid=65789)[0m                                                                                'trace': 'cuda,nvtx,cublas,ucx'}},
[36m(SpecoTaskRunner pid=65789)[0m                                             'precision_debugger': {'_target_': 'verl.utils.profiler.config.PrecisionDebuggerToolConfig',
[36m(SpecoTaskRunner pid=65789)[0m                                                                    'config_path': None,
[36m(SpecoTaskRunner pid=65789)[0m                                                                    'stages': None,
[36m(SpecoTaskRunner pid=65789)[0m                                                                    'steps': None,
[36m(SpecoTaskRunner pid=65789)[0m                                                                    'strict': False},
[36m(SpecoTaskRunner pid=65789)[0m                                             'torch_memory': {'context': 'all',
[36m(SpecoTaskRunner pid=65789)[0m                                                              'kw_args': {},
[36m(SpecoTaskRunner pid=65789)[0m                                                              'stack_depth': 32,
[36m(SpecoTaskRunner pid=65789)[0m                                                              'stacks': 'all',
[36m(SpecoTaskRunner pid=65789)[0m                                                              'trace_alloc_max_entries': 100000}},
[36m(SpecoTaskRunner pid=65789)[0m                      'profile_continuous_steps': False,
[36m(SpecoTaskRunner pid=65789)[0m                      'save_path': 'outputs/profile',
[36m(SpecoTaskRunner pid=65789)[0m                      'steps': None,
[36m(SpecoTaskRunner pid=65789)[0m                      'tool': None},
[36m(SpecoTaskRunner pid=65789)[0m  'model_engine': 'dp',
[36m(SpecoTaskRunner pid=65789)[0m  'ray_kwargs': {'ray_init': {'num_cpus': 16}, 'timeline_json_file': None},
[36m(SpecoTaskRunner pid=65789)[0m  'reward': 
[36m(SpecoTaskRunner pid=65789)[0m {'_target_': 'verl.workers.config.RewardConfig',
[36m(SpecoTaskRunner pid=65789)[0m             'custom_reward_function': {'name': 'compute_score', 'path': None},
[36m(SpecoTaskRunner pid=65789)[0m             'num_workers': 8,
[36m(SpecoTaskRunner pid=65789)[0m             'reward_manager': {'_target_': 'verl.workers.config.reward.RewardManagerConfig',
[36m(SpecoTaskRunner pid=65789)[0m                                'module': {'_target_': 'verl.trainer.config.config.ModuleConfig',
[36m(SpecoTaskRunner pid=65789)[0m                                           'name': 'custom_reward_manager',
[36m(SpecoTaskRunner pid=65789)[0m                                           'path': None},
[36m(SpecoTaskRunner pid=65789)[0m                                'name': 'naive',
[36m(SpecoTaskRunner pid=65789)[0m                                'source': 'register'},
[36m(SpecoTaskRunner pid=65789)[0m             'reward_model': {'_target_': 'verl.workers.config.RewardModelConfig',
[36m(SpecoTaskRunner pid=65789)[0m                              'enable': False,
[36m(SpecoTaskRunner pid=65789)[0m                              'enable_resource_pool': False,
[36m(SpecoTaskRunner pid=65789)[0m                              'model_path': None,
[36m(SpecoTaskRunner pid=65789)[0m                              'n_gpus_per_node': 8,
[36m(SpecoTaskRunner pid=65789)[0m                              'nnodes': 0,
[36m(SpecoTaskRunner pid=65789)[0m                              'rollout': {
[36m(SpecoTaskRunner pid=65789)[0m '_target_'
[36m(SpecoTaskRunner pid=65789)[0m : 'verl.workers.config.RolloutConfig',
[36m(SpecoTaskRunner pid=65789)[0m                                          'cudagraph_capture_sizes': None,
[36m(SpecoTaskRunner pid=65789)[0m                                          'data_parallel_size': 1,
[36m(SpecoTaskRunner pid=65789)[0m                                          'disable_log_stats': True,
[36m(SpecoTaskRunner pid=65789)[0m                                          'disaggregation': {'bootstrap_port': None,
[36m(SpecoTaskRunner pid=65789)[0m                                                             'decode_replicas': 1,
[36m(SpecoTaskRunner pid=65789)[0m                                                             'decode_tensor_model_parallel_size': None,
[36m(SpecoTaskRunner pid=65789)[0m                                                             'enabled': False,
[36m(SpecoTaskRunner pid=65789)[0m                                                             'ib_device': None,
[36m(SpecoTaskRunner pid=65789)[0m                                                             'prefill_replicas': 1,
[36m(SpecoTaskRunner pid=65789)[0m                                                             'transfer_backend': 'nixl'},
[36m(SpecoTaskRunner pid=65789)[0m                                          'do_sample': True,
[36m(SpecoTaskRunner pid=65789)[0m                                          'dtype': 'bfloat16',
[36m(SpecoTaskRunner pid=65789)[0m                                          'enable_chunked_prefill': True,
[36m(SpecoTaskRunner pid=65789)[0m                                          'enable_prefix_caching': True,
[36m(SpecoTaskRunner pid=65789)[0m                                          'enforce_eager': True,
[36m(SpecoTaskRunner pid=65789)[0m                                          'engine_kwargs': {},
[36m(SpecoTaskRunner pid=65789)[0m                                          'expert_parallel_size': 1,
[36m(SpecoTaskRunner pid=65789)[0m                                          'free_cache_engine': True,
[36m(SpecoTaskRunner pid=65789)[0m                                          'full_determinism': False,
[36m(SpecoTaskRunner pid=65789)[0m                                          'gpu_memory_utilization': 0.5,
[36m(SpecoTaskRunner pid=65789)[0m                                          'ignore_eos': False,
[36m(SpecoTaskRunner pid=65789)[0m                                          'layered_summon': False,
[36m(SpecoTaskRunner pid=65789)[0m                                          'limit_images': None,
[36m(SpecoTaskRunner pid=65789)[0m                                          'load_format': 'auto',
[36m(SpecoTaskRunner pid=65789)[0m                                          'max_model_len': None,
[36m(SpecoTaskRunner pid=65789)[0m                                          'max_num_batched_tokens': 8192,
[36m(SpecoTaskRunner pid=65789)[0m                                          'max_num_seqs': 1024,
[36m(SpecoTaskRunner pid=65789)[0m                                          'mtp': None,
[36m(SpecoTaskRunner pid=65789)[0m                                          'multi_stage_wake_up': False,
[36m(SpecoTaskRunner pid=65789)[0m                                          'n': 1,
[36m(SpecoTaskRunner pid=65789)[0m                                          'name'
[36m(SpecoTaskRunner pid=65789)[0m : 
[36m(SpecoTaskRunner pid=65789)[0m '???',
[36m(SpecoTaskRunner pid=65789)[0m                                          'pipeline_model_parallel_size': 1,
[36m(SpecoTaskRunner pid=65789)[0m                                          'prompt_length': 2048,
[36m(SpecoTaskRunner pid=65789)[0m                                          'quantization': None,
[36m(SpecoTaskRunner pid=65789)[0m                                          'quantization_config_file': None,
[36m(SpecoTaskRunner pid=65789)[0m                                          'response_length': 2048,
[36m(SpecoTaskRunner pid=65789)[0m                                          'scheduling_policy': 'fcfs',
[36m(SpecoTaskRunner pid=65789)[0m                                          'seed': 42,
[36m(SpecoTaskRunner pid=65789)[0m                                          'skip_tokenizer_init': False,
[36m(SpecoTaskRunner pid=65789)[0m                                          'temperature': 1.0,
[36m(SpecoTaskRunner pid=65789)[0m                                          'tensor_model_parallel_size': 2,
[36m(SpecoTaskRunner pid=65789)[0m                                          'top_k': -1,
[36m(SpecoTaskRunner pid=65789)[0m                                          'top_p': 1}},
[36m(SpecoTaskRunner pid=65789)[0m             'sandbox_fusion': {'_target_': 'verl.workers.config.SandboxFusionConfig',
[36m(SpecoTaskRunner pid=65789)[0m                                'max_concurrent': 64,
[36m(SpecoTaskRunner pid=65789)[0m                                'memory_limit_mb': 1024,
[36m(SpecoTaskRunner pid=65789)[0m                                'url': None}},
[36m(SpecoTaskRunner pid=65789)[0m  'reward_model': {'enable': None,
[36m(SpecoTaskRunner pid=65789)[0m                   'enable_resource_pool': None,
[36m(SpecoTaskRunner pid=65789)[0m                   'model': {'external_lib': None,
[36m(SpecoTaskRunner pid=65789)[0m                             'path': None,
[36m(SpecoTaskRunner pid=65789)[0m                             'trust_remote_code': None},
[36m(SpecoTaskRunner pid=65789)[0m                   'n_gpus_per_node': None,
[36m(SpecoTaskRunner pid=65789)[0m                   'nnodes': None,
[36m(SpecoTaskRunner pid=65789)[0m                   'num_workers': None,
[36m(SpecoTaskRunner pid=65789)[0m                   'reward_loop_class_name': None,
[36m(SpecoTaskRunner pid=65789)[0m                   'reward_loop_module_path': 
[36m(SpecoTaskRunner pid=65789)[0m None
[36m(SpecoTaskRunner pid=65789)[0m ,
[36m(SpecoTaskRunner pid=65789)[0m                   'reward_loop_source': None,
[36m(SpecoTaskRunner pid=65789)[0m                   'reward_manager': None,
[36m(SpecoTaskRunner pid=65789)[0m                   'rollout': {'cudagraph_capture_sizes': None,
[36m(SpecoTaskRunner pid=65789)[0m                               'data_parallel_size': None,
[36m(SpecoTaskRunner pid=65789)[0m                               'disable_log_stats': None,
[36m(SpecoTaskRunner pid=65789)[0m                               'dtype': None,
[36m(SpecoTaskRunner pid=65789)[0m                               'enable_chunked_prefill': None,
[36m(SpecoTaskRunner pid=65789)[0m                               'enable_prefix_caching': None,
[36m(SpecoTaskRunner pid=65789)[0m                               'enforce_eager': None,
[36m(SpecoTaskRunner pid=65789)[0m                               'engine_kwargs': None,
[36m(SpecoTaskRunner pid=65789)[0m                               'expert_parallel_size': None,
[36m(SpecoTaskRunner pid=65789)[0m                               'free_cache_engine': None,
[36m(SpecoTaskRunner pid=65789)[0m                               'gpu_memory_utilization': None,
[36m(SpecoTaskRunner pid=65789)[0m                               'limit_images': None,
[36m(SpecoTaskRunner pid=65789)[0m                               'load_format': None,
[36m(SpecoTaskRunner pid=65789)[0m                               'max_model_len': None,
[36m(SpecoTaskRunner pid=65789)[0m                               'max_num_batched_tokens': None,
[36m(SpecoTaskRunner pid=65789)[0m                               'max_num_seqs': None,
[36m(SpecoTaskRunner pid=65789)[0m                               'name': None,
[36m(SpecoTaskRunner pid=65789)[0m                               'prompt_length': None,
[36m(SpecoTaskRunner pid=65789)[0m                               'response_length': None,
[36m(SpecoTaskRunner pid=65789)[0m                               'skip_tokenizer_init': None,
[36m(SpecoTaskRunner pid=65789)[0m                               'tensor_model_parallel_size': None}},
[36m(SpecoTaskRunner pid=65789)[0m  'sandbox_fusion': {'max_concurrent': None,
[36m(SpecoTaskRunner pid=65789)[0m                     'memory_limit_mb': None,
[36m(SpecoTaskRunner pid=65789)[0m                     'url': None},
[36m(SpecoTaskRunner pid=65789)[0m  'skip': 
[36m(SpecoTaskRunner pid=65789)[0m {'_target_': 'verl.utils.skip.SkipManagerConfig',
[36m(SpecoTaskRunner pid=65789)[0m           'async_rollout': {'action': 'cache',
[36m(SpecoTaskRunner pid=65789)[0m                             'dump_dir': '~/.verl/rollout_dump',
[36m(SpecoTaskRunner pid=65789)[0m                             'enable': False,
[36m(SpecoTaskRunner pid=65789)[0m                             'steps': []},
[36m(SpecoTaskRunner pid=65789)[0m           'rollout': {'action': 'cache',
[36m(SpecoTaskRunner pid=65789)[0m                       'dump_dir': '~/.verl/rollout_dump',
[36m(SpecoTaskRunner pid=65789)[0m                       'enable': False,
[36m(SpecoTaskRunner pid=65789)[0m                       'steps': []},
[36m(SpecoTaskRunner pid=65789)[0m           'rollout_tq': {'action': 'cache',
[36m(SpecoTaskRunner pid=65789)[0m                          'dump_dir': '~/.verl/rollout_dump',
[36m(SpecoTaskRunner pid=65789)[0m                          'enable': False,
[36m(SpecoTaskRunner pid=65789)[0m                          'steps': []}},
[36m(SpecoTaskRunner pid=65789)[0m  'speco': {'compatibility': {'policy': 'warn',
[36m(SpecoTaskRunner pid=65789)[0m                              'require_verl_base_branch': 'release/v0.8.0',
[36m(SpecoTaskRunner pid=65789)[0m                              'require_verl_base_version': '0.8.0',
[36m(SpecoTaskRunner pid=65789)[0m                              'strict_env': 'VERL_SPECO_STRICT_VERL'},
[36m(SpecoTaskRunner pid=65789)[0m            'enable': 
[36m(SpecoTaskRunner pid=65789)[0m True,
[36m(SpecoTaskRunner pid=65789)[0m            'runtime': {'weight_update_mode': 'compat'},
[36m(SpecoTaskRunner pid=65789)[0m            'standalone_tq_producer': {'generation_max_tokens': 511,
[36m(SpecoTaskRunner pid=65789)[0m                                       'hidden_dtype': 'bfloat16',
[36m(SpecoTaskRunner pid=65789)[0m                                       'input_path': None,
[36m(SpecoTaskRunner pid=65789)[0m                                       'input_queue_size': 32,
[36m(SpecoTaskRunner pid=65789)[0m                                       'max_feature_length': 512,[36m(SpecoTaskRunner pid=65789)[0m WARNING:2026-09-19 11:11:16,220:SPECO vLLM worker import compatibility enabled: SpecoVLLMCompatActorRolloutRefWorker
[36m(SpecoTaskRunner pid=65789)[0m /experiment/variants/block-alignment/verl_speco/integration/task_runner.py:228: UserWarning: Disabled critic as algorithm.adv_estimator != gae. If it is not intended, please set critic.enable=True
[36m(SpecoTaskRunner pid=65789)[0m   use_critic=need_critic(config),
[36m(SpecoTaskRunner pid=65789)[0m Generating train split: 0 examples [00:00, ? examples/s]Generating train split: 16 examples [00:00, 3251.87 examples/s]
[36m(SpecoTaskRunner pid=65789)[0m Generating train split: 0 examples [00:00, ? examples/s]Generating train split: 4 examples [00:00, 1348.54 examples/s]
[36m(SpecoTaskRunner pid=65789)[0m /experiment/variants/block-alignment/verl_speco/trainer/speco_ray_trainer.py:397: FutureWarning: Warning: Class 'verl.trainer.ppo.ray_trainer.RayPPOTrainer' is deprecated. Please use 'Legacy trainer is deprecated, and wil be removed in v0.9.0. Please use `trainer.use_v1=True` instead.' instead.
[36m(SpecoTaskRunner pid=65789)[0m   super().__init__(*args, **kwargs)
[36m(SpecoTaskRunner pid=65789)[0m /experiment/.venv-clean/lib/python3.12/site-packages/verl/trainer/ppo/ray_trainer.py:348: UserWarning: Disabled critic as algorithm.adv_estimator != gae. If it is not intended, please set critic.enable=True
[36m(SpecoTaskRunner pid=65789)[0m   self.use_critic = need_critic(self.config)
[36m(SpecoTaskRunner pid=65789)[0m /experiment/.venv-clean/lib/python3.12/site-packages/torchdata/stateful_dataloader/stateful_dataloader.py:379: UserWarning: 'set_vital' is deprecated, please do not call
[36m(SpecoTaskRunner pid=65789)[0m   torch.set_vital("Dataloader", "enabled", "True")  # type: ignore[attr-defined]
[36m(WorkerDict pid=65997)[0m /experiment/.venv-clean/lib/python3.12/site-packages/verl/workers/engine/__init__.py:31: UserWarning: torchtitan engine is not available: ModuleNotFoundError("No module named 'torchtitan'")
[36m(WorkerDict pid=65997)[0m   warnings.warn(f"torchtitan engine is not available: {e!r}", stacklevel=1)
[36m(WorkerDict pid=65997)[0m /experiment/.venv-clean/lib/python3.12/site-packages/verl/workers/engine/__init__.py:40: UserWarning: veomni engine is not available: ModuleNotFoundError("No module named 'veomni'")
[36m(WorkerDict pid=65997)[0m   warnings.warn(f"veomni engine is not available: {e!r}", stacklevel=1)
[36m(WorkerDict pid=65997)[0m /experiment/.venv-clean/lib/python3.12/site-packages/verl/workers/engine/__init__.py:49: UserWarning: automodel engine is not available: ModuleNotFoundError("No module named 'nemo_automodel'")
[36m(WorkerDict pid=65997)[0m   warnings.warn(f"automodel engine is not available: {e!r}", stacklevel=1)
[36m(WorkerDict pid=65997)[0m /experiment/.venv-clean/lib/python3.12/site-packages/verl/workers/engine/mindspeed/transformer_impl.py:24: UserWarning: NPU not support router replay for now.
[36m(WorkerDict pid=65997)[0m   from verl.utils.megatron.router_replay_patch import RouterReplay
[36m(WorkerDict pid=65997)[0m /experiment/.venv-clean/lib/python3.12/site-packages/verl/workers/engine/__init__.py:59: UserWarning: mindspeed engine is not available: ModuleNotFoundError("No module named 'megatron'")
[36m(WorkerDict pid=65997)[0m   warnings.warn(f"mindspeed engine is not available: {e!r}", stacklevel=1)
[36m(WorkerDict pid=65997)[0m /experiment/.venv-clean/lib/python3.12/site-packages/verl/workers/engine/__init__.py:69: UserWarning: megatron engine is not available: ModuleNotFoundError("No module named 'megatron'")
[36m(WorkerDict pid=65997)[0m   warnings.warn(f"megatron engine is not available: {e!r}", stacklevel=1)
[36m(WorkerDict pid=65997)[0m WARNING:2026-09-19 11:11:33,616:[speco vllm compat] patched transformers.configuration_utils missing ALLOWED_ATTENTION_LAYER_TYPES for vLLM import
[36m(WorkerDict pid=65997)[0m WARNING:2026-09-19 11:11:38,797:SPECO old-logprob hidden ObjectRef batch postprocess patch active: module=verl.workers.engine.fsdp.transformer_impl
[36m(WorkerDict pid=65997)[0m WARNING:2026-09-19 11:11:39,105:SPECO old-logprob hidden ObjectRef postprocess patch active
[36m(WorkerDict pid=65997)[0m WARNING:2026-09-19 11:11:39,108:SPECO old-logprob aggregate_output patch active
[36m(WorkerDict pid=65997)[0m WARNING:2026-09-19 11:11:39,108:SPECO old-logprob hidden runtime patch active: actor_backend=fsdp
[36m(WorkerDict pid=65997)[0m WARNING:2026-09-19 11:11:39,109:Unable to install SPECO old-logprob Megatron patch: No module named 'megatron'
[36m(WorkerDict pid=65996)[0m /experiment/.venv-clean/lib/python3.12/site-packages/verl/workers/engine/__init__.py:31: UserWarning: torchtitan engine is not available: ModuleNotFoundError("No module named 'torchtitan'")
[36m(WorkerDict pid=65996)[0m   warnings.warn(f"torchtitan engine is not available: {e!r}", stacklevel=1)
[36m(WorkerDict pid=65996)[0m /experiment/.venv-clean/lib/python3.12/site-packages/verl/workers/engine/__init__.py:40: UserWarning: veomni engine is not available: ModuleNotFoundError("No module named 'veomni'")
[36m(WorkerDict pid=65996)[0m   warnings.warn(f"veomni engine is not available: {e!r}", stacklevel=1)
[36m(WorkerDict pid=65996)[0m /experiment/.venv-clean/lib/python3.12/site-packages/verl/workers/engine/__init__.py:49: UserWarning: automodel engine is not available: ModuleNotFoundError("No module named 'nemo_automodel'")
[36m(WorkerDict pid=65996)[0m   warnings.warn(f"automodel engine is not available: {e!r}", stacklevel=1)
[36m(WorkerDict pid=65996)[0m /experiment/.venv-clean/lib/python3.12/site-packages/verl/workers/engine/mindspeed/transformer_impl.py:24: UserWarning: NPU not support router replay for now.
[36m(WorkerDict pid=65996)[0m   from verl.utils.megatron.router_replay_patch import RouterReplay
[36m(WorkerDict pid=65996)[0m /experiment/.venv-clean/lib/python3.12/site-packages/verl/workers/engine/__init__.py:59: UserWarning: mindspeed engine is not available: ModuleNotFoundError("No module named 'megatron'")
[36m(WorkerDict pid=65996)[0m   warnings.warn(f"mindspeed engine is not available: {e!r}", stacklevel=1)
[36m(WorkerDict pid=65996)[0m /experiment/.venv-clean/lib/python3.12/site-packages/verl/workers/engine/__init__.py:69: UserWarning: megatron engine is not available: ModuleNotFoundError("No module named 'megatron'")
[36m(WorkerDict pid=65996)[0m   warnings.warn(f"megatron engine is not available: {e!r}", stacklevel=1)
[36m(WorkerDict pid=65996)[0m WARNING:2026-09-19 11:11:35,660:[speco vllm compat] patched transformers.configuration_utils missing ALLOWED_ATTENTION_LAYER_TYPES for vLLM import
[36m(WorkerDict pid=65996)[0m Loading weights:   0%|          | 0/398 [00:00<?, ?it/s]
[36m(WorkerDict pid=65996)[0m WARNING:2026-09-19 11:11:39,718:SPECO old-logprob hidden ObjectRef batch postprocess patch active: module=verl.workers.engine.fsdp.transformer_impl
[36m(WorkerDict pid=65996)[0m WARNING:2026-09-19 11:11:40,018:SPECO old-logprob hidden ObjectRef postprocess patch active
[36m(WorkerDict pid=65996)[0m WARNING:2026-09-19 11:11:40,021:SPECO old-logprob aggregate_output patch active
[36m(WorkerDict pid=65996)[0m WARNING:2026-09-19 11:11:40,021:SPECO old-logprob hidden runtime patch active: actor_backend=fsdp
[36m(WorkerDict pid=65996)[0m WARNING:2026-09-19 11:11:40,022:Unable to install SPECO old-logprob Megatron patch: No module named 'megatron'
[36m(WorkerDict pid=65996)[0m Loading weights:  58%|█████▊    | 230/398 [00:00<00:00, 686.34it/s]
[36m(WorkerDict pid=65997)[0m Loading weights:   1%|▏         | 5/398 [00:00<00:26, 15.02it/s]Loading weights:   2%|▏         | 7/398 [00:00<00:46,  8.34it/s]
[36m(WorkerDict pid=65997)[0m Loading weights: 100%|██████████| 398/398 [00:00<00:00, 489.27it/s]

[36m(SpecoTaskRunner pid=65789)[0m                                       'max_inflight_requests': 16,
[36m(SpecoTaskRunner pid=65789)[0m                                       'max_pending_samples': 1024,
[36m(SpecoTaskRunner pid=65789)[0m                                       'max_samples': 0,
[36m(SpecoTaskRunner pid=65789)[0m                                       'max_sequence_length': 8192,
[36m(SpecoTaskRunner pid=65789)[0m                                       'owner_ready_timeout_seconds': 120,
[36m(SpecoTaskRunner pid=65789)[0m                                       'pending_poll_interval_seconds': 0.5,
[36m(SpecoTaskRunner pid=65789)[0m                                       'per_endpoint_concurrency': 4,
[36m(SpecoTaskRunner pid=65789)[0m                                       'publish_queue_size': 16,
[36m(SpecoTaskRunner pid=65789)[0m                                       'request_timeout': 120,
[36m(SpecoTaskRunner pid=65789)[0m                                       'resume_checkpoint_path': None,
[36m(SpecoTaskRunner pid=65789)[0m                                       'target_layer_ids': None,
[36m(SpecoTaskRunner pid=65789)[0m                                       'target_model_id': None,
[36m(SpecoTaskRunner pid=65789)[0m                                       'target_model_revision': None,
[36m(SpecoTaskRunner pid=65789)[0m                                       'tokenizer_fingerprint': None,
[36m(SpecoTaskRunner pid=65789)[0m                                       'tokenizer_path': None,
[36m(SpecoTaskRunner pid=65789)[0m                                       'trust_remote_code': False,
[36m(SpecoTaskRunner pid=65789)[0m                                       'vllm_endpoints': ['http://localhost:8000/v1'],
[36m(SpecoTaskRunner pid=65789)[0m                                       'vllm_model': None},
[36m(SpecoTaskRunner pid=65789)[0m            'trainer': {'ray_trainer': 'verl_speco.trainer.speco_ray_trainer.SpecoRayPPOTrainer',
[36m(SpecoTaskRunner pid=65789)[0m                        'task_runner': 'verl_speco.integration.task_runner.SpecoTaskRunner'},
[36m(SpecoTaskRunner pid=65789)[0m            'verl_base': {
[36m(SpecoTaskRunner pid=65789)[0m 'branch': 'release/v0.8.0',
[36m(SpecoTaskRunner pid=65789)[0m                          'source_modifications_allowed': False,
[36m(SpecoTaskRunner pid=65789)[0m                          'supported_branches': ['release/v0.8.0',
[36m(SpecoTaskRunner pid=65789)[0m                                                 'release/v0.9.0'],
[36m(SpecoTaskRunner pid=65789)[0m                          'supported_versions': ['0.8.0', '0.9.0'],
[36m(SpecoTaskRunner pid=65789)[0m                          'version': '0.8.0'}},
[36m(SpecoTaskRunner pid=65789)[0m  'trainer': {'balance_batch': True,
[36m(SpecoTaskRunner pid=65789)[0m              'critic_warmup': 0,
[36m(SpecoTaskRunner pid=65789)[0m              'default_hdfs_dir': None,
[36m(SpecoTaskRunner pid=65789)[0m              'default_local_dir': '/experiment/evidence/l20-20260919/checkpoints',
[36m(SpecoTaskRunner pid=65789)[0m              'del_local_ckpt_after_load': False,
[36m(SpecoTaskRunner pid=65789)[0m              'device': 'cuda',
[36m(SpecoTaskRunner pid=65789)[0m              'esi_redundant_time': 0,
[36m(SpecoTaskRunner pid=65789)[0m              'experiment_name': 'dflash-compat',
[36m(SpecoTaskRunner pid=65789)[0m              'log_val_generations': 0,
[36m(SpecoTaskRunner pid=65789)[0m              'logger': ['console'],
[36m(SpecoTaskRunner pid=65789)[0m              'max_actor_ckpt_to_keep': None,
[36m(SpecoTaskRunner pid=65789)[0m              'max_critic_ckpt_to_keep': None,
[36m(SpecoTaskRunner pid=65789)[0m              'n_gpus_per_node': 2,
[36m(SpecoTaskRunner pid=65789)[0m              'nnodes': 1,
[36m(SpecoTaskRunner pid=65789)[0m              'project_name': 'speco-l20',
[36m(SpecoTaskRunner pid=65789)[0m              'ray_wait_register_center_timeout': 300,
[36m(SpecoTaskRunner pid=65789)[0m              'resume_from_path': None,
[36m(SpecoTaskRunner pid=65789)[0m              'resume_mode': 'auto',
[36m(SpecoTaskRunner pid=65789)[0m              'rollout_data_dir': None,
[36m(SpecoTaskRunner pid=65789)[0m              'save_freq': -1,
[36m(SpecoTaskRunner pid=65789)[0m              'test_freq': -1,
[36m(SpecoTaskRunner pid=65789)[0m              'total_epochs': 3,
[36m(SpecoTaskRunner pid=65789)[0m              'total_training_steps': 20,
[36m(SpecoTaskRunner pid=65789)[0m              'use_v1': False,
[36m(SpecoTaskRunner pid=65789)[0m              'v1': 
[36m(SpecoTaskRunner pid=65789)[0m {'colocate_async': {'num_warmup_batches': 1},
[36m(SpecoTaskRunner pid=65789)[0m                     'sampler': {'custom_sampler': {'name': None, 'path': None},
[36m(SpecoTaskRunner pid=65789)[0m                                 'max_off_policy_strategy': 'drop',
[36m(SpecoTaskRunner pid=65789)[0m                                 'max_off_policy_threshold': 8,
[36m(SpecoTaskRunner pid=65789)[0m                                 'sampler_kwargs': {},
[36m(SpecoTaskRunner pid=65789)[0m                                 'sync_refill_failed_groups': False},
[36m(SpecoTaskRunner pid=65789)[0m                     'separate_async': {'num_warmup_batches': 1,
[36m(SpecoTaskRunner pid=65789)[0m                                        'parameter_sync_step': 4},
[36m(SpecoTaskRunner pid=65789)[0m                     'sync': {},
[36m(SpecoTaskRunner pid=65789)[0m                     'trainer_mode': 'sync'},
[36m(SpecoTaskRunner pid=65789)[0m              'val_before_train': False,
[36m(SpecoTaskRunner pid=65789)[0m              'val_only': False,
[36m(SpecoTaskRunner pid=65789)[0m              'validation_data_dir': None},
[36m(SpecoTaskRunner pid=65789)[0m  'transfer_queue': {'backend': {'MooncakeStore': {'auto_init': False,
[36m(SpecoTaskRunner pid=65789)[0m                                                   'device_name': '',
[36m(SpecoTaskRunner pid=65789)[0m                                                   'global_segment_size': 4294967296,
[36m(SpecoTaskRunner pid=65789)[0m                                                   'local_buffer_size': 1073741824,
[36m(SpecoTaskRunner pid=65789)[0m                                                   'local_hostname': 'localhost',
[36m(SpecoTaskRunner pid=65789)[0m                                                   'master_server_address': 'localhost:50124',
[36m(SpecoTaskRunner pid=65789)[0m                                                   'metadata_server': 'localhost:50123',
[36m(SpecoTaskRunner pid=65789)[0m                                                   'protocol': 'tcp'},
[36m(SpecoTaskRunner pid=65789)[0m                                 'SimpleStorage': {'num_data_storage_units': 8,
[36m(SpecoTaskRunner pid=65789)[0m                                                   'total_storage_size': 100000},
[36m(SpecoTaskRunner pid=65789)[0m                                 'storage_backend': 'SimpleStorage'},
[36m(SpecoTaskRunner pid=65789)[0m                     'enable': False,
[36m(SpecoTaskRunner pid=65789)[0m                     'metrics': {'enabled': False, 'port': 0}}}
[36m(SpecoTaskRunner pid=65789)[0m [validate_config] All configuration checks passed successfully!
[36m(SpecoTaskRunner pid=65789)[0m Using dataset class: RLHFDataset
[36m(SpecoTaskRunner pid=65789)[0m dataset len: 16
[36m(SpecoTaskRunner pid=65789)[0m Using dataset class: RLHFDataset
[36m(SpecoTaskRunner pid=65789)[0m dataset len: 4
[36m(SpecoTaskRunner pid=65789)[0m Size of train dataloader: 8, Size of val dataloader: 1
[36m(SpecoTaskRunner pid=65789)[0m Total training steps: 20
[36m(SpecoTaskRunner pid=65789)[0m Checkpoint tracker file does not exist: /experiment/evidence/l20-20260919/checkpoints/latest_checkpointed_iteration.txt
[36m(SpecoTaskRunner pid=65789)[0m colocated worker base class <class 'verl.single_controller.base.worker.Worker'>
[36m(WorkerDict pid=65997)[0m Monkey patch _flash_attention_forward in transformers.integrations.flash_attention
[36m(WorkerDict pid=65997)[0m Skipping monkey patch for Qwen3ForCausalLM as use_fused_kernels is False or fused_kernels_backend is torch[36m(WorkerDict pid=65996)[0m Loading weights:  75%|███████▌  | 299/398 [00:00<00:00, 343.87it/s]Loading weights: 100%|██████████| 398/398 [00:00<00:00, 507.83it/s]
[36m(pid=66274)[0m WARNING:2026-09-19 11:14:51,988:[speco vllm compat] patched transformers.configuration_utils missing ALLOWED_ATTENTION_LAYER_TYPES for vLLM import
[36m(WorkerDict pid=65997)[0m Loading weights:   0%|          | 0/398 [00:00<?, ?it/s]
[36m(SpecoVLLMHttpServer pid=66274)[0m WARNING:2026-09-19 11:15:14,206:[speco vllm compat] patched transformers.configuration_utils missing ALLOWED_ATTENTION_LAYER_TYPES for vLLM import
[36m(SpecoVLLMHttpServer pid=66274)[0m WARNING:2026-09-19 11:16:15,556:[speco vllm compat] patched transformers.configuration_utils missing ALLOWED_ATTENTION_LAYER_TYPES for vLLM import
[36m(SpecoVLLMHttpServer pid=66274)[0m WARNING:2026-09-19 11:16:15,558:[speco vllm compat] patched transformers.configuration_utils missing ALLOWED_ATTENTION_LAYER_TYPES for vLLM import
[36m(SpecoVLLMHttpServer pid=66274)[0m (Worker_TP0 pid=66953) Loading safetensors checkpoint shards:   0% Completed | 0/3 [00:00<?, ?it/s]
[36m(SpecoVLLMHttpServer pid=66274)[0m (Worker_TP0 pid=66953) Loading safetensors checkpoint shards:  33% Completed | 1/3 [00:32<01:04, 32.32s/it]
[36m(SpecoVLLMHttpServer pid=66274)[0m (Worker_TP0 pid=66953) Loading safetensors checkpoint shards:  67% Completed | 2/3 [00:53<00:25, 25.71s/it]
[36m(SpecoVLLMHttpServer pid=66274)[0m (Worker_TP0 pid=66953) Loading safetensors checkpoint shards: 100% Completed | 3/3 [00:54<00:00, 14.54s/it]
[36m(SpecoVLLMHttpServer pid=66274)[0m (Worker_TP0 pid=66953) Loading safetensors checkpoint shards: 100% Completed | 3/3 [00:54<00:00, 18.22s/it]
[36m(SpecoVLLMHttpServer pid=66274)[0m (Worker_TP0 pid=66953) 
[36m(SpecoVLLMHttpServer pid=66274)[0m (Worker_TP0 pid=66953) Loading safetensors checkpoint shards:   0% Completed | 0/1 [00:00<?, ?it/s]
[36m(SpecoVLLMHttpServer pid=66274)[0m (Worker_TP0 pid=66953) Loading safetensors checkpoint shards: 100% Completed | 1/1 [00:00<00:00,  3.07it/s]
[36m(SpecoVLLMHttpServer pid=66274)[0m (Worker_TP0 pid=66953) Loading safetensors checkpoint shards: 100% Completed | 1/1 [00:00<00:00,  1.67it/s]
[36m(SpecoVLLMHttpServer pid=66274)[0m (Worker_TP0 pid=66953) 
[36m(GlobalRequestLoadBalancer pid=67163)[0m WARNING:2026-09-19 11:18:53,132:[speco vllm compat] patched transformers.configuration_utils missing ALLOWED_ATTENTION_LAYER_TYPES for vLLM import
[36m(GlobalRequestLoadBalancer pid=67163)[0m W0919 11:18:55.518000 67163 torch/utils/cpp_extension.py:178] No CUDA runtime is found, using CUDA_HOME='/usr/local/cuda'
[36m(SpecoWorker pid=67348)[0m INFO:2026-09-19 11:19:01,290:Loading DFlash drafter weights from /experiment/models/dflash (drafter_step=unknown)
[36m(WorkerDict pid=65997)[0m /experiment/.venv-clean/lib/python3.12/site-packages/verl/plugin/platform/platform_cuda.py:99: FutureWarning: torch.cuda._set_allocator_settings is deprecated. Use torch._C._accelerator_setAllocatorSettings instead.
[36m(WorkerDict pid=65997)[0m   torch.cuda.memory._set_allocator_settings(settings)
[36m(SpecoWorker pid=67347)[0m INFO:2026-09-19 11:19:01,283:Loading DFlash drafter weights from /experiment/models/dflash (drafter_step=unknown)
[36m(SpecoVLLMHttpServer pid=66274)[0m (Worker_TP1 pid=66954) WARNING:2026-09-19 11:19:16,583:[speco draft wake_up] cold-start drafter restored from checkpoint after level-2 wake_up (58 tensors)
[36m(SpecoVLLMHttpServer pid=66274)[0m (Worker_TP0 pid=66953) WARNING:2026-09-19 11:19:16,589:[speco draft wake_up] cold-start drafter restored from checkpoint after level-2 wake_up (58 tensors)
[36m(SpecoTaskRunner pid=65789)[0m Training Progress:   0%|          | 0/20 [00:00<?, ?it/s]
[36m(WorkerDict pid=65996)[0m /experiment/.venv-clean/lib/python3.12/site-packages/verl/plugin/platform/platform_cuda.py:99: FutureWarning: torch.cuda._set_allocator_settings is deprecated. Use torch._C._accelerator_setAllocatorSettings instead.
[36m(WorkerDict pid=65996)[0m   torch.cuda.memory._set_allocator_settings(settings)
[36m(AgentLoopWorker pid=67166)[0m WARNING:2026-09-19 11:19:21,256:Platform 'nvidia' (PlatformCUDA) is registered but not available. This may be due to this ray actor being a CPU-only actor.
[36m(AgentLoopWorker pid=67164)[0m WARNING:2026-09-19 11:19:21,465:[speco vllm compat] patched transformers.configuration_utils missing ALLOWED_ATTENTION_LAYER_TYPES for vLLM import
[36m(AgentLoopWorker pid=67166)[0m W0919 11:19:24.156000 67166 torch/utils/cpp_extension.py:178] No CUDA runtime is found, using CUDA_HOME='/usr/local/cuda'

[36m(WorkerDict pid=65996)[0m Qwen3ForCausalLM contains 4.02B parameters
[36m(WorkerDict pid=65996)[0m Before FSDP, memory allocated (GB): 0.00, memory reserved (GB): 0.00, device memory used/total (GB): 1.19/44.39
[36m(WorkerDict pid=65996)[0m After FSDP, memory allocated (GB): 3.77, memory reserved (GB): 4.69, device memory used/total (GB): 6.11/44.39
[36m(WorkerDict pid=65996)[0m Total steps: 20, num_warmup_steps: 0
[36m(WorkerDict pid=65996)[0m Monkey patch _flash_attention_forward in transformers.integrations.flash_attention
[36m(WorkerDict pid=65996)[0m Skipping monkey patch for Qwen3ForCausalLM as use_fused_kernels is False or fused_kernels_backend is torch
[36m(SpecoVLLMHttpServer pid=66274)[0m ['serve',
[36m(SpecoVLLMHttpServer pid=66274)[0m  '/experiment/models/target',
[36m(SpecoVLLMHttpServer pid=66274)[0m  '--dtype',
[36m(SpecoVLLMHttpServer pid=66274)[0m  'bfloat16',
[36m(SpecoVLLMHttpServer pid=66274)[0m  '--load_format',
[36m(SpecoVLLMHttpServer pid=66274)[0m  'auto',
[36m(SpecoVLLMHttpServer pid=66274)[0m  '--distributed_executor_backend',
[36m(SpecoVLLMHttpServer pid=66274)[0m  'mp',
[36m(SpecoVLLMHttpServer pid=66274)[0m  '--worker_extension_cls',
[36m(SpecoVLLMHttpServer pid=66274)[0m  'verl_speco.integration.vllm_runtime.SpecoVLLMColocateWorkerExtension',
[36m(SpecoVLLMHttpServer pid=66274)[0m  '--max_model_len',
[36m(SpecoVLLMHttpServer pid=66274)[0m  '256',
[36m(SpecoVLLMHttpServer pid=66274)[0m  '--max_num_seqs',
[36m(SpecoVLLMHttpServer pid=66274)[0m  '4',
[36m(SpecoVLLMHttpServer pid=66274)[0m  '--enable_chunked_prefill',
[36m(SpecoVLLMHttpServer pid=66274)[0m  '--max_num_batched_tokens',
[36m(SpecoVLLMHttpServer pid=66274)[0m  '8192',
[36m(SpecoVLLMHttpServer pid=66274)[0m  '--enable_prefix_caching',
[36m(SpecoVLLMHttpServer pid=66274)[0m  '--enable_sleep_mode',
[36m(SpecoVLLMHttpServer pid=66274)[0m  '--logprobs_mode',
[36m(SpecoVLLMHttpServer pid=66274)[0m  'processed_logprobs',
[36m(SpecoVLLMHttpServer pid=66274)[0m  '--enforce_eager',
[36m(SpecoVLLMHttpServer pid=66274)[0m  '--gpu_memory_utilization',
[36m(SpecoVLLMHttpServer pid=66274)[0m  '0.25',
[36m(SpecoVLLMHttpServer pid=66274)[0m  '--disable_log_stats',
[36m(SpecoVLLMHttpServer pid=66274)[0m  '--tensor_parallel_size',
[36m(SpecoVLLMHttpServer pid=66274)[0m  '2',
[36m(SpecoVLLMHttpServer pid=66274)[0m  '--seed',
[36m(SpecoVLLMHttpServer pid=66274)[0m  '42',
[36m(SpecoVLLMHttpServer pid=66274)[0m  '--override_generation_config',
[36m(SpecoVLLMHttpServer pid=66274)[0m  '{"temperature": 1.0, "top_k": -1, "top_p": 1, "repetition_penalty": 1.0, '
[36m(SpecoVLLMHttpServer pid=66274)[0m  '"max_new_tokens": 64}',
[36m(SpecoVLLMHttpServer pid=66274)[0m  '--hf_overrides',
[36m(SpecoVLLMHttpServer pid=66274)[0m  '{}',
[36m(SpecoVLLMHttpServer pid=66274)[0m  '--scheduling_policy',
[36m(SpecoVLLMHttpServer pid=66274)[0m  'fcfs',
[36m(SpecoVLLMHttpServer pid=66274)[0m  '--compilation_config',
[36m(SpecoVLLMHttpServer pid=66274)[0m  '{"cudagraph_mode": "FULL_AND_PIECEWISE"}',
[36m(SpecoVLLMHttpServer pid=66274)[0m  '--speculative_config',
[36m(SpecoVLLMHttpServer pid=66274)[0m  '{"method": "dflash", "num_speculative_tokens": 16, "draft_sample_method": '
[36m(SpecoVLLMHttpServer pid=66274)[0m  '"greedy", "model": "/experiment/models/dflash"}']
[36m(SpecoVLLMHttpServer pid=66274)[0m WARNING 09-19 11:15:04 [scheduler.py:306] max_num_batched_tokens (8192) exceeds max_num_seqs * max_model_len (1024). This may lead to unexpected behavior.
[36m(SpecoVLLMHttpServer pid=66274)[0m WARNING 09-19 11:15:05 [vllm.py:1371] Enforce eager set, disabling torch.compile and CUDAGraphs. This is equivalent to setting -cc.mode=none -cc.cudagraph_mode=none
[36m(SpecoVLLMHttpServer pid=66274)[0m WARNING 09-19 11:15:05 [vllm.py:1406] Inductor compilation was disabled by user settings, optimizations settings that are only active during inductor compilation will be ignored.
[36m(SpecoVLLMHttpServer pid=66274)[0m WARNING 09-19 11:15:08 [system_utils.py:157] We must use the `spawn` multiprocessing start method. Overriding VLLM_WORKER_MULTIPROC_METHOD to 'spawn'. See https://docs.vllm.ai/en/latest/usage/troubleshooting.html#python-multiprocessing for more information. Reasons: In a Ray actor and can only be spawned; CUDA is initialized
[36m(SpecoVLLMHttpServer pid=66274)[0m (Worker pid=66953) WARNING 09-19 11:16:20 [symm_mem.py:67] SymmMemCommunicator: Device capability 8.9 not supported, communicator is not available.
[36m(SpecoVLLMHttpServer pid=66274)[0m (Worker pid=66954) WARNING 09-19 11:16:20 [symm_mem.py:67] SymmMemCommunicator: Device capability 8.9 not supported, communicator is not available.
[36m(SpecoVLLMHttpServer pid=66274)[0m (Worker pid=66953) WARNING 09-19 11:16:21 [flashinfer_all_reduce.py:383] FlashInfer All Reduce is disabled because it is not supported for world_size=2.
[36m(SpecoVLLMHttpServer pid=66274)[0m (Worker pid=66954) WARNING 09-19 11:16:21 [flashinfer_all_reduce.py:383] FlashInfer All Reduce is disabled because it is not supported for world_size=2.
[36m(SpecoVLLMHttpServer pid=66274)[0m (Worker_TP0 pid=66953) WARNING 09-19 11:17:24 [vllm.py:1371] Enforce eager set, disabling torch.compile and CUDAGraphs. This is equivalent to setting -cc.mode=none -cc.cudagraph_mode=none
[36m(SpecoVLLMHttpServer pid=66274)[0m (Worker_TP0 pid=66953) WARNING 09-19 11:17:24 [vllm.py:1406] Inductor compilation was disabled by user settings, optimizations settings that are only active during inductor compilation will be ignored.
[36m(SpecoVLLMHttpServer pid=66274)[0m (EngineCore pid=66917) WARNING 09-19 11:17:47 [torch_utils.py:265] OMP_NUM_THREADS=4 is set; leaving Torch threads at 4 for serving. Multi-threaded torch CPU ops during serving can degrade performance through spin-wait contention and cgroup CPU-quota throttling.
[36m(SpecoVLLMHttpServer pid=66274)[0m (Worker_TP0 pid=66953) WARNING 09-19 11:18:38 [torch_utils.py:265] OMP_NUM_THREADS=4 is set; leaving Torch threads at 4 for serving. Multi-threaded torch CPU ops during serving can degrade performance through spin-wait contention and cgroup CPU-quota throttling.
[36m(SpecoVLLMHttpServer pid=66274)[0m (EngineCore pid=66917) WARNING 09-19 11:18:40 [vllm.py:1371] Enforce eager set, disabling torch.compile and CUDAGraphs. This is equivalent to setting -cc.mode=none -cc.cudagraph_mode=none
[36m(SpecoVLLMHttpServer pid=66274)[0m (EngineCore pid=66917) WARNING 09-19 11:18:40 [vllm.py:1406] Inductor compilation was disabled by user settings, optimizations settings that are only active during inductor compilation will be ignored.
[36m(SpecoVLLMHttpServer pid=66274)[0m WARNING 09-19 11:18:40 [api_router.py:28] LoRA dynamic loading & unloading is enabled in the API server. This should ONLY be used for local development!
[36m(SpecoVLLMHttpServer pid=66274)[0m WARNING 09-19 11:18:43 [model.py:1759] Default vLLM sampling parameters have been overridden by the model's `generation_config.json`: `{'repetition_penalty': 1.0, 'temperature': 1.0, 'top_k': -1, 'top_p': 1, 'max_tokens': 64}`. If this is not intended, please relaunch vLLM instance with `--generation-config vllm`.
[36m(SpecoTaskRunner pid=65789)[0m LLMServerManager: ['172.17.0.6:41005']
[36m(AgentLoopWorker pid=67166)[0m Using dataset class: RLHFDataset
[36m(SpecoTaskRunner pid=65789)[0m Checkpoint tracker file does not exist: /experiment/evidence/l20-20260919/checkpoints/latest_checkpointed_iteration.txt
[36m(SpecoTaskRunner pid=65789)[0m Training from scratch
[36m(AgentLoopWorker pid=67164)[0m Using dataset class: RLHFDataset
[36m(SpecoVLLMHttpServer pid=66274)[0m (Worker_TP1 pid=66954) [speco vllm weight sync] NPU staging decision enabled=0 reason=not_shm pid=66954 local_rank=1 use_shm=0
[36m(SpecoVLLMHttpServer pid=66274)[0m (Worker_TP0 pid=66953) [speco vllm weight sync] NPU staging decision enabled=0 reason=not_shm pid=66953 local_rank=0 use_shm=0
[36m(SpecoVLLMHttpServer pid=66274)[0m WARNING 09-19 11:19:29 [input_processor.py:315] Passing raw prompts to InputProcessor is deprecated and will be removed in the future. You should instead pass the outputs of Renderer.render_cmpl() or Renderer.render_chat().[36m(RewardLoopWorker pid=66269)[0m WARNING:2026-09-19 11:19:31,968:Platform 'nvidia' (PlatformCUDA) is registered but not available. This may be due to this ray actor being a CPU-only actor.[32m [repeated 2x across cluster] (Ray deduplicates logs by default. Set RAY_DEDUP_LOGS=0 to disable log deduplication, or see https://docs.ray.io/en/master/ray-observability/user-guides/configure-logging.html#log-deduplication for more options.)[0m
[36m(AgentLoopWorker pid=67166)[0m WARNING:2026-09-19 11:19:21,467:[speco vllm compat] patched transformers.configuration_utils missing ALLOWED_ATTENTION_LAYER_TYPES for vLLM import
[36m(AgentLoopWorker pid=67164)[0m W0919 11:19:24.113000 67164 torch/utils/cpp_extension.py:178] No CUDA runtime is found, using CUDA_HOME='/usr/local/cuda'
[36m(SpecoVLLMHttpServer pid=66274)[0m (Worker_TP0 pid=66953) WARNING:2026-09-19 11:19:32,646:[speco draft sleep] drafter state saved before level-2 sleep (66 tensors)
[36m(SpecoVLLMHttpServer pid=66274)[0m (Worker_TP1 pid=66954) WARNING:2026-09-19 11:19:32,661:[speco draft sleep] drafter state saved before level-2 sleep (66 tensors)
[36m(SpecoTaskRunner pid=65789)[0m W0919 11:19:34.004000 65789 torch/fx/_symbolic_trace.py:56] is_fx_tracing will return true for both fx.symbolic_trace and torch.export. Please use is_fx_tracing_symbolic_tracing() for specifically fx.symbolic_trace or torch.compiler.is_compiling() for specifically torch.export/compile.
[36m(SpecoWorker pid=67347)[0m Using blocking ray.get inside async actor. This blocks the event loop. Please use `await` on object ref with asyncio.gather if you want to yield execution to the event loop instead.
[36m(RewardLoopWorker pid=66271)[0m WARNING:2026-09-19 11:19:31,969:Platform 'nvidia' (PlatformCUDA) is registered but not available. This may be due to this ray actor being a CPU-only actor.
[36m(WorkerDict pid=65996)[0m [rank0]:W0919 11:19:36.345000 65996 torch/fx/_symbolic_trace.py:56] is_fx_tracing will return true for both fx.symbolic_trace and torch.export. Please use is_fx_tracing_symbolic_tracing() for specifically fx.symbolic_trace or torch.compiler.is_compiling() for specifically torch.export/compile.[32m [repeated 2x across cluster][0m
[36m(SpecoWorker pid=67348)[0m WARNING:2026-09-19 11:27:13,629:[drafter logits quality] valid_tokens=120 top1_acc=0.183333 top5_acc=0.433333 local_ploss_sum=215.364166 local_tokens=120 per_step=[{'step': 0, 'tokens': 8, 'top1': 0.75, 'top5': 0.875}, {'step': 1, 'tokens': 8, 'top1': 0.375, 'top5': 0.875}, {'step': 2, 'tokens': 8, 'top1': 0.125, 'top5': 0.5}, {'step': 3, 'tokens': 8, 'top1': 0.25, 'top5': 0.375}, {'step': 4, 'tokens': 8, 'top1': 0.125, 'top5': 0.875}, {'step': 5, 'tokens': 8, 'top1': 0.25, 'top5': 0.375}, {'step': 6, 'tokens': 8, 'top1': 0.125, 'top5': 0.25}, {'step': 7, 'tokens': 8, 'top1': 0.25, 'top5': 0.5}, {'step': 8, 'tokens': 8, 'top1': 0.0, 'top5': 0.25}, {'step': 9, 'tokens': 8, 'top1': 0.125, 'top5': 0.25}, {'step': 10, 'tokens': 8, 'top1': 0.125, 'top5': 0.375}, {'step': 11, 'tokens': 8, 'top1': 0.0, 'top5': 0.375}, {'step': 12, 'tokens': 8, 'top1': 0.125, 'top5': 0.25}, {'step': 13, 'tokens': 8, 'top1': 0.0, 'top5': 0.0}, {'step': 14, 'tokens': 8, 'top1': 0.125, 'top5': 0.375}]
[36m(SpecoWorker pid=67348)[0m Using blocking ray.get inside async actor. This blocks the event loop. Please use `await` on object ref with asyncio.gather if you want to yield execution to the event loop instead.
[36m(SpecoWorker pid=67347)[0m INFO:2026-09-19 11:27:15,296:[drafter loss] step=1 optimizer_step_total=1 lr=1.000e-05 loss=3.6616 vloss=0.0000 ploss=3.6616
[36m(SpecoVLLMHttpServer pid=66274)[0m (Worker_TP1 pid=66954) WARNING:2026-09-19 11:27:23,286:[speco draft wake_up] drafter state restored after level-2 wake_up (66 tensors, revision=0)
[36m(SpecoVLLMHttpServer pid=66274)[0m (Worker_TP0 pid=66953) WARNING:2026-09-19 11:27:23,298:[speco draft wake_up] drafter state restored after level-2 wake_up (66 tensors, revision=0)
[36m(SpecoWorker pid=67347)[0m WARNING:2026-09-19 11:27:13,629:[drafter logits quality] valid_tokens=120 top1_acc=0.216667 top5_acc=0.475000 local_ploss_sum=173.088928 local_tokens=120 per_step=[{'step': 0, 'tokens': 8, 'top1': 0.75, 'top5': 1.0}, {'step': 1, 'tokens': 8, 'top1': 0.5, 'top5': 1.0}, {'step': 2, 'tokens': 8, 'top1': 0.25, 'top5': 0.625}, {'step': 3, 'tokens': 8, 'top1': 0.25, 'top5': 0.5}, {'step': 4, 'tokens': 8, 'top1': 0.25, 'top5': 0.75}, {'step': 5, 'tokens': 8, 'top1': 0.375, 'top5': 0.5}, {'step': 6, 'tokens': 8, 'top1': 0.25, 'top5': 0.5}, {'step': 7, 'tokens': 8, 'top1': 0.25, 'top5': 0.5}, {'step': 8, 'tokens': 8, 'top1': 0.0, 'top5': 0.25}, {'step': 9, 'tokens': 8, 'top1': 0.125, 'top5': 0.25}, {'step': 10, 'tokens': 8, 'top1': 0.125, 'top5': 0.25}, {'step': 11, 'tokens': 8, 'top1': 0.0, 'top5': 0.375}, {'step': 12, 'tokens': 8, 'top1': 0.125, 'top5': 0.25}, {'step': 13, 'tokens': 8, 'top1': 0.0, 'top5': 0.125}, {'step': 14, 'tokens': 8, 'top1': 0.0, 'top5': 0.25}]
[36m(SpecoTaskRunner pid=65789)[0m Training Progress:   5%|▌         | 1/20 [12:44<4:01:56, 764.03s/it]

[36m(SpecoVLLMHttpServer pid=66274)[0m (Worker_TP0 pid=66953) WARNING 09-19 11:19:29 [jit_monitor.py:141] Triton kernel JIT compilation during inference: _topk_log_softmax_kernel. This causes a latency spike; consider extending warmup to cover this shape/config.
[36m(SpecoVLLMHttpServer pid=66274)[0m (Worker_TP0 pid=66953) WARNING 09-19 11:19:30 [jit_monitor.py:141] Triton kernel JIT compilation during inference: _compute_local_logits_stats_kernel. This causes a latency spike; consider extending warmup to cover this shape/config.
[36m(SpecoVLLMHttpServer pid=66274)[0m (Worker_TP0 pid=66953) WARNING 09-19 11:19:30 [jit_monitor.py:141] Triton kernel JIT compilation during inference: _rejection_kernel. This causes a latency spike; consider extending warmup to cover this shape/config.
[36m(SpecoVLLMHttpServer pid=66274)[0m (Worker_TP0 pid=66953) WARNING 09-19 11:19:30 [jit_monitor.py:141] Triton kernel JIT compilation during inference: _resample_kernel. This causes a latency spike; consider extending warmup to cover this shape/config.
[36m(SpecoTaskRunner pid=65789)[0m step:1 - global_seqlen/min:176 - global_seqlen/max:178 - global_seqlen/minmax_diff:2 - global_seqlen/balanced_min:177 - global_seqlen/balanced_max:177 - global_seqlen/mean:177.0 - actor/entropy:0.0 - perf/mfu/actor_infer:0.0006862066813014666 - training/rollout_probs_diff_valid:1 - training/rollout_probs_diff_max:0.10560309886932373 - training/rollout_probs_diff_mean:0.006322730332612991 - training/rollout_probs_diff_std:0.01585916243493557 - training/rollout_actor_probs_pearson_corr:0.9971417188644409 - rollout_corr/training_ppl:1.202003002166748 - rollout_corr/training_log_ppl:0.18264056742191315 - rollout_corr/kl:0.004193103406578302 - rollout_corr/k3_kl:0.001979203661903739 - rollout_corr/rollout_ppl:1.1966769695281982 - rollout_corr/rollout_log_ppl:0.17844745516777039 - rollout_corr/log_ppl_diff:0.004193108528852463 - rollout_corr/log_ppl_abs_diff:0.006552603095769882 - rollout_corr/log_ppl_diff_max:0.019212990999221802 - rollout_corr/log_ppl_diff_min:-0.004718989133834839 - rollout_corr/ppl_ratio:1.0042426586151123 - rollout_corr/chi2_token:-0.0005523562431335449 - rollout_corr/chi2_seq:-0.08882176876068115 - actor/pg_clipfrac:np.float64(0.0) - actor/ppo_kl:np.float64(0.0) - actor/pg_clipfrac_lower:np.float64(0.0) - actor/pg_loss:np.float64(0.0) - actor/loss:np.float64(0.0) - actor/grad_norm:np.float64(0.0) - actor/lr:np.float64(1e-06) - actor/perf/max_memory_allocated_gb:np.float64(20.874370098114014) - actor/perf/max_memory_reserved_gb:np.float64(27.607421875) - actor/perf/cpu_memory_used_gb:np.float64(186.3453140258789) - perf/mfu/actor:np.float64(0.0037948978744487857) - drafter/raw_drafter_samples:np.float64(4.0) - drafter/collected_samples:np.float64(2.0) - drafter/collect_interval_matched:np.float64(1.0) - drafter/collection_plan_used:np.float64(1.0) - drafter/collection_plan_collect:np.float64(1.0) - drafter/collection_plan_reason:np.float64(7.0) - drafter/collection_plan_source:np.float64(2.0) - drafter/collection_plan_interval_matched:np.float64(1.0) - drafter/collection_plan_training_interval_matched:np.float64(1.0) - drafter/collection_attempted:np.float64(1.0) - drafter/collection_completed:np.float64(1.0) - drafter/collection_outcome_reason:np.float64(1.0) - drafter/collection_rejected_samples:np.float64(0.0) - drafter/collection_worker_results:np.float64(1.0) - drafter/collection_finalized:np.float64(1.0) - drafter/collection_expired_stages:np.float64(0.0) - timing_s/drafter_collection_rpc:np.float64(0.04872689599869773) - drafter/scheduler_used:np.float64(1.0) - drafter/schedule_launch:np.float64(1.0) - drafter/schedule_interval_matched:np.float64(1.0) - drafter/schedule_strategy:np.float64(0.0) - drafter/schedule_reason:np.float64(10.0) - drafter/target_lm_head_apply_deferred:np.float64(1.0) - drafter/target_lm_head_selected_rows:np.float64(0.0) - drafter/target_lm_head_source_vocab_size:np.float64(0.0) - drafter/target_lm_head_direct_sparse_export:np.float64(0.0) - timing_s/drafter_sync_target_lm_head_fetch:np.float64(266.0236739899992) - timing_s/drafter_sync_target_lm_head_dispatch:np.float64(116.94455026799551) - drafter/train_interval_matched:np.float64(1.0) - drafter/target_lm_head_synced:np.float64(1.0) - timing_s/drafter_sync_target_lm_head:np.float64(382.97748285299895) - timing_s/drafter_sync_target_lm_head_apply:np.float64(116.9449636789941) - timing_s/drafter_sync_target_lm_head_wait:np.float64(0.0004134109985898249) - timing_s/drafter_sync_target_lm_head_overlap_window:np.float64(20.953419709003356) - drafter/trained:np.float64(1.0) - drafter/train_successful_steps_max:np.int64(1) - drafter/train_no_trainable_batch:np.float64(0.0) - drafter/train_activation_failed:np.float64(0.0) - drafter/train_attempted_batches_max:np.int64(1) - drafter/train_buffer_size_before_min:np.int64(2) - drafter/train_buffer_size_after_min:np.int64(0) - drafter/train_optimizer_step_max:np.int64(1) - drafter/train_worker_results_consistent:np.float64(1.0) - drafter/train_worker_ids_consistent:np.float64(1.0) - drafter/train_worker_incarnations_consistent:np.float64(1.0) - drafter/train_plan_ids_consistent:np.float64(1.0) - drafter/train_source_steps_consistent:np.float64(1.0) - drafter/train_data_versions_consistent:np.float64(1.0) - drafter/train_target_versions_consistent:np.float64(1.0) - drafter/train_successful_steps_consistent:np.float64(1.0) - drafter/train_optimizer_steps_consistent:np.float64(1.0) - drafter/train_publish_leader_count:np.float64(1.0) - drafter/train_publish_leader_snapshot_ready:np.float64(1.0) - timing_s/drafter_prepare_batch:np.float64(0.19317317008972168) - timing_s/drafter_forward_loss:np.float64(29.950879096984863) - timing_s/drafter_reduce_loss:np.float64(0.001415252685546875) - timing_s/drafter_backward:np.float64(0.7093064785003662) - timing_s/drafter_optimizer:np.float64(0.8516900539398193) - timing_s/drafter_publish_snapshot:np.float64(2.249983787536621) - timing_s/drafter_worker_training_loop:np.float64(32.683316707611084) - timing_s/drafter_worker_cleanup:np.float64(6.458925008773804) - timing_s/drafter_worker_elapsed:np.float64(38.228283405303955) - timing_s/drafter_train_rpc:np.float64(39.20665963200008) - drafter/runtime_state:np.float64(3.0) - drafter/runtime_completed_batches:np.float64(1.0) - drafter/runtime_inflight:np.float64(0.0) - timing_s/drafter_runtime_batch_average:np.float64(39.20665963200008) - timing_s/drafter_outer_unaccounted:np.float64(0.011393933004001155) - drafter/publish_attempted:np.float64(1.0) - drafter/published:np.float64(1.0) - timing_s/drafter_publish_wait_pending:np.float64(6.998998287599534e-06) - timing_s/drafter_publish_fetch_snapshot:np.float64(277.9112994390016) - timing_s/drafter_publish_update_weights:np.float64(0.0014699329985887744) - training/global_step:1 - training/epoch:0 - critic/score/mean:0.0 - critic/score/max:0.0 - critic/score/min:0.0 - critic/rewards/mean:0.0 - critic/rewards/max:0.0 - critic/rewards/min:0.0 - critic/advantages/mean:0.0 - critic/advantages/max:0.0 - critic/advantages/min:0.0 - critic/returns/mean:0.0 - critic/returns/max:0.0 - critic/returns/min:0.0 - response_length/mean:64.0 - response_length/max:64.0 - response_length/min:64.0 - response_length/clip_ratio:1.0 - response_length_non_aborted/mean:64.0 - response_length_non_aborted/max:64.0 - response_length_non_aborted/min:64.0 - response_length_non_aborted/clip_ratio:1.0 - response/aborted_ratio:0.0 - prompt_length/mean:24.5 - prompt_length/max:25.0 - prompt_length/min:24.0 - prompt_length/clip_ratio:0.0 - num_turns/min:np.int32(2) - num_turns/max:np.int32(2) - num_turns/mean:np.float64(2.0) - timing_s/start_profile:0.00011069700121879578 - timing_s/agent_loop/num_preempted/min:np.int64(-1) - timing_s/agent_loop/num_preempted/max:np.int64(-1) - timing_s/agent_loop/num_preempted/mean:np.float64(-1.0) - timing_s/agent_loop/generate_sequences/min:np.float64(10.003779610997299) - timing_s/agent_loop/generate_sequences/max:np.float64(10.256569604003744) - timing_s/agent_loop/generate_sequences/mean:np.float64(10.13660145400172) - timing_s/agent_loop/tool_calls/min:np.float64(0.0) - timing_s/agent_loop/tool_calls/max:np.float64(0.0) - timing_s/agent_loop/tool_calls/mean:np.float64(0.0) - timing_s/agent_loop/compute_score/min:np.float64(0.38964657600445207) - timing_s/agent_loop/compute_score/max:np.float64(0.39888964199781185) - timing_s/agent_loop/compute_score/mean:np.float64(0.3947171555009845) - timing_s/agent_loop/slowest/generate_sequences:np.float64(10.254255061001459) - timing_s/agent_loop/slowest/tool_calls:np.float64(0.0) - timing_s/agent_loop/slowest/compute_score:np.float64(0.3926240369983134) - timing_s/agent_loop/slowest/num_preempted:np.int64(-1) - timing_s/agent_loop/slowest/prompt_length:25 - timing_s/agent_loop/slowest/response_length:64 - timing_s/gen:13.785541780998756 - timing_s/reward:1.3436998415272683e-05 - timing_s/old_log_prob:25.00442007399397 - timing_s/adv:0.06999708699731855 - timing_s/update_actor:20.953365827001107 - timing_s/drafter:422.19553641800303 - drafter/spec_decode/mean_acceptance_length:2.135593220338983 - timing_s/update_weights:281.5052047329955 - timing_s/step:763.5555627030044 - timing_s/stop_profile:0.00015730100130895153 - timing_per_token_ms/adv:0.19773188417321624 - timing_per_token_ms/update_actor:59.19029894633081 - timing_per_token_ms/gen:53.84977258202639 - perf/total_num_tokens:354 - perf/time_per_step:763.5555627030044 - perf/throughput:0.23181024230039776[36m(SpecoWorker pid=67347)[0m WARNING:2026-09-19 11:32:03,315:[speco publish reclaim] role=producer global_steps=1 num_weights=58 payload_cleared=1 allocator=glibc action=malloc_trim heap_trimmed=True elapsed_sec=0.259 memory_before=(rss_gib=10.54 anon_gib=5.24 rss_shmem_gib=2.80 node_unavailable_gib=220.97 available_gib=282.52 cached_gib=303.27 node_shmem_gib=41.54 dev_shm_used_gib=0.07 dirty_gib=52.24 writeback_gib=0.09) memory_after=(rss_gib=10.44 anon_gib=5.14 rss_shmem_gib=2.80 node_unavailable_gib=220.90 available_gib=282.59 cached_gib=303.29 node_shmem_gib=41.54 dev_shm_used_gib=0.07 dirty_gib=52.25 writeback_gib=0.09)
[36m(WorkerDict pid=65996)[0m Using blocking ray.get inside async actor. This blocks the event loop. Please use `await` on object ref with asyncio.gather if you want to yield execution to the event loop instead.
[36m(WorkerDict pid=65997)[0m WARNING:2026-09-19 11:32:04,172:[speco draft update] backend=vllm native_draft_update=disabled weight_update_mode=auto path=compat fallback_reason=vllm: native draft update unavailable: vllm: start_draft_weight_update, finish_weight_update, server start_draft_weight_update RPC, supports_draft_weight_update
[36m(WorkerDict pid=65997)[0m WARNING:2026-09-19 11:32:07,433:[speco publish materialize] async=True global_steps=1 elapsed_sec=2.855 num_weights=58
[36m(SpecoVLLMHttpServer pid=66274)[0m (Worker_TP0 pid=66953) WARNING:2026-09-19 11:32:07,695:[speco draft ipc] streamed 58 translated weights in 1 buckets into DFlashQwen3Model (method=dflash), first 5 keys: ['fc.weight', 'hidden_norm.weight', 'layers.0.self_attn.q_proj.weight', 'layers.0.self_attn.k_proj.weight', 'layers.0.self_attn.v_proj.weight']
[36m(SpecoVLLMHttpServer pid=66274)[0m (Worker_TP1 pid=66954) WARNING:2026-09-19 11:32:07,741:[speco draft ipc] streamed 58 translated weights in 1 buckets into DFlashQwen3Model (method=dflash), first 5 keys: ['fc.weight', 'hidden_norm.weight', 'layers.0.self_attn.q_proj.weight', 'layers.0.self_attn.k_proj.weight', 'layers.0.self_attn.v_proj.weight']
[36m(SpecoVLLMHttpServer pid=66274)[0m (Worker_TP1 pid=66954) WARNING:2026-09-19 11:32:08,191:SPECO committed online drafter revision=1 loaded_params=58
[36m(SpecoVLLMHttpServer pid=66274)[0m (Worker_TP0 pid=66953) WARNING:2026-09-19 11:32:08,191:SPECO committed online drafter revision=1 loaded_params=58
[36m(SpecoVLLMHttpServer pid=66274)[0m (Worker_TP1 pid=66954) WARNING:2026-09-19 11:32:08,191:[speco-diag:sampling_mode] draft_sample_method=greedy draft_logits=None(greedy) proposer=DFlashSpeculator
[36m(SpecoVLLMHttpServer pid=66274)[0m (Worker_TP0 pid=66953) WARNING:2026-09-19 11:32:08,191:[speco-diag:sampling_mode] draft_sample_method=greedy draft_logits=None(greedy) proposer=DFlashSpeculator
[36m(WorkerDict pid=65997)[0m WARNING:2026-09-19 11:32:09,343:[speco publish reclaim] role=consumer async=True global_steps=1 num_weights=58 payload_cleared=1 allocator=glibc action=malloc_trim heap_trimmed=True elapsed_sec=0.536 memory_before=(rss_gib=20.29 anon_gib=7.01 rss_shmem_gib=10.58 node_unavailable_gib=221.41 available_gib=282.08 cached_gib=299.71 node_shmem_gib=41.54 dev_shm_used_gib=0.07 dirty_gib=52.14 writeback_gib=0.02) memory_after=(rss_gib=19.00 anon_gib=5.72 rss_shmem_gib=10.58 node_unavailable_gib=218.86 available_gib=284.63 cached_gib=299.72 node_shmem_gib=41.54 dev_shm_used_gib=0.07 dirty_gib=52.14 writeback_gib=0.02)
[36m(RewardLoopWorker pid=66268)[0m WARNING:2026-09-19 11:32:10,553:Platform 'nvidia' (PlatformCUDA) is registered but not available. This may be due to this ray actor being a CPU-only actor.
[36m(WorkerDict pid=65997)[0m Using blocking ray.get inside async actor. This blocks the event loop. Please use `await` on object ref with asyncio.gather if you want to yield execution to the event loop instead.
[36m(SpecoVLLMHttpServer pid=66274)[0m (Worker_TP0 pid=66953) WARNING:2026-09-19 11:32:14,022:[speco draft sleep] drafter state saved before level-2 sleep (66 tensors)
[36m(SpecoVLLMHttpServer pid=66274)[0m (Worker_TP1 pid=66954) WARNING:2026-09-19 11:32:14,026:[speco draft sleep] drafter state saved before level-2 sleep (66 tensors)
[36m(SpecoWorker pid=67347)[0m WARNING:2026-09-19 11:33:18,549:[drafter logits quality] valid_tokens=120 top1_acc=0.058333 top5_acc=0.250000 local_ploss_sum=257.970215 local_tokens=120 per_step=[{'step': 0, 'tokens': 8, 'top1': 0.375, 'top5': 0.75}, {'step': 1, 'tokens': 8, 'top1': 0.0, 'top5': 0.375}, {'step': 2, 'tokens': 8, 'top1': 0.25, 'top5': 0.375}, {'step': 3, 'tokens': 8, 'top1': 0.125, 'top5': 0.625}, {'step': 4, 'tokens': 8, 'top1': 0.0, 'top5': 0.125}, {'step': 5, 'tokens': 8, 'top1': 0.0, 'top5': 0.375}, {'step': 6, 'tokens': 8, 'top1': 0.0, 'top5': 0.0}, {'step': 7, 'tokens': 8, 'top1': 0.0, 'top5': 0.0}, {'step': 8, 'tokens': 8, 'top1': 0.0, 'top5': 0.125}, {'step': 9, 'tokens': 8, 'top1': 0.0, 'top5': 0.0}, {'step': 10, 'tokens': 8, 'top1': 0.0, 'top5': 0.125}, {'step': 11, 'tokens': 8, 'top1': 0.125, 'top5': 0.125}, {'step': 12, 'tokens': 8, 'top1': 0.0, 'top5': 0.125}, {'step': 13, 'tokens': 8, 'top1': 0.0, 'top5': 0.5}, {'step': 14, 'tokens': 8, 'top1': 0.0, 'top5': 0.125}]
[36m(RewardLoopWorker pid=66273)[0m WARNING:2026-09-19 11:32:12,160:Platform 'nvidia' (PlatformCUDA) is registered but not available. This may be due to this ray actor being a CPU-only actor.[32m [repeated 2x across cluster][0m
[36m(SpecoWorker pid=67347)[0m INFO:2026-09-19 11:33:18,834:[drafter loss] step=1 optimizer_step_total=2 lr=1.000e-05 loss=5.1127 vloss=0.0000 ploss=5.1127
[36m(SpecoVLLMHttpServer pid=66274)[0m (Worker_TP1 pid=66954) WARNING:2026-09-19 11:33:24,991:[speco draft wake_up] drafter state restored after level-2 wake_up (66 tensors, revision=1)
[36m(SpecoVLLMHttpServer pid=66274)[0m (Worker_TP0 pid=66953) WARNING:2026-09-19 11:33:24,995:[speco draft wake_up] drafter state restored after level-2 wake_up (66 tensors, revision=1)
[36m(SpecoWorker pid=67348)[0m WARNING:2026-09-19 11:33:18,549:[drafter logits quality] valid_tokens=120 top1_acc=0.041667 top5_acc=0.208333 local_ploss_sum=284.435913 local_tokens=120 per_step=[{'step': 0, 'tokens': 8, 'top1': 0.375, 'top5': 0.75}, {'step': 1, 'tokens': 8, 'top1': 0.0, 'top5': 0.375}, {'step': 2, 'tokens': 8, 'top1': 0.125, 'top5': 0.375}, {'step': 3, 'tokens': 8, 'top1': 0.0, 'top5': 0.375}, {'step': 4, 'tokens': 8, 'top1': 0.0, 'top5': 0.125}, {'step': 5, 'tokens': 8, 'top1': 0.0, 'top5': 0.25}, {'step': 6, 'tokens': 8, 'top1': 0.0, 'top5': 0.125}, {'step': 7, 'tokens': 8, 'top1': 0.0, 'top5': 0.0}, {'step': 8, 'tokens': 8, 'top1': 0.0, 'top5': 0.125}, {'step': 9, 'tokens': 8, 'top1': 0.0, 'top5': 0.0}, {'step': 10, 'tokens': 8, 'top1': 0.0, 'top5': 0.0}, {'step': 11, 'tokens': 8, 'top1': 0.125, 'top5': 0.125}, {'step': 12, 'tokens': 8, 'top1': 0.0, 'top5': 0.0}, {'step': 13, 'tokens': 8, 'top1': 0.0, 'top5': 0.375}, {'step': 14, 'tokens': 8, 'top1': 0.0, 'top5': 0.125}]
[36m(SpecoTaskRunner pid=65789)[0m Training Progress:  10%|█         | 2/20 [14:14<1:50:22, 367.94s/it]

[36m(SpecoTaskRunner pid=65789)[0m step:2 - global_seqlen/min:176 - global_seqlen/max:176 - global_seqlen/minmax_diff:0 - global_seqlen/balanced_min:176 - global_seqlen/balanced_max:176 - global_seqlen/mean:176.0 - actor/entropy:0.0 - perf/mfu/actor_infer:0.003079131643122641 - training/rollout_probs_diff_valid:1 - training/rollout_probs_diff_max:0.07858765125274658 - training/rollout_probs_diff_mean:0.005070125218480825 - training/rollout_probs_diff_std:0.012798010371625423 - training/rollout_actor_probs_pearson_corr:0.9980870485305786 - rollout_corr/training_ppl:1.1998122930526733 - rollout_corr/training_log_ppl:0.18092019855976105 - rollout_corr/kl:0.0022843037731945515 - rollout_corr/k3_kl:0.0009290839079767466 - rollout_corr/rollout_ppl:1.1971278190612793 - rollout_corr/rollout_log_ppl:0.1786358803510666 - rollout_corr/log_ppl_diff:0.002284301444888115 - rollout_corr/log_ppl_abs_diff:0.002284301444888115 - rollout_corr/log_ppl_diff_max:0.003350652754306793 - rollout_corr/log_ppl_diff_min:0.0007367730140686035 - rollout_corr/ppl_ratio:1.0022873878479004 - rollout_corr/chi2_token:-0.0009519457817077637 - rollout_corr/chi2_seq:-0.24776995182037354 - actor/pg_clipfrac:np.float64(0.0) - actor/ppo_kl:np.float64(0.0) - actor/pg_clipfrac_lower:np.float64(0.0) - actor/pg_loss:np.float64(0.0) - actor/loss:np.float64(0.0) - actor/grad_norm:np.float64(0.0) - actor/lr:np.float64(1e-06) - actor/perf/max_memory_allocated_gb:np.float64(28.541616916656494) - actor/perf/max_memory_reserved_gb:np.float64(37.9921875) - actor/perf/cpu_memory_used_gb:np.float64(226.27082443237305) - perf/mfu/actor:np.float64(0.009984016159132875) - drafter/raw_drafter_samples:np.float64(4.0) - drafter/collected_samples:np.float64(2.0) - drafter/collect_interval_matched:np.float64(1.0) - drafter/collection_plan_used:np.float64(1.0) - drafter/collection_plan_collect:np.float64(1.0) - drafter/collection_plan_reason:np.float64(7.0) - drafter/collection_plan_source:np.float64(2.0) - drafter/collection_plan_interval_matched:np.float64(1.0) - drafter/collection_plan_training_interval_matched:np.float64(1.0) - drafter/collection_attempted:np.float64(1.0) - drafter/collection_completed:np.float64(1.0) - drafter/collection_outcome_reason:np.float64(1.0) - drafter/collection_rejected_samples:np.float64(0.0) - drafter/collection_worker_results:np.float64(1.0) - drafter/collection_finalized:np.float64(1.0) - drafter/collection_expired_stages:np.float64(0.0) - timing_s/drafter_collection_rpc:np.float64(0.3766754110038164) - drafter/scheduler_used:np.float64(1.0) - drafter/schedule_launch:np.float64(1.0) - drafter/schedule_interval_matched:np.float64(1.0) - drafter/schedule_strategy:np.float64(0.0) - drafter/schedule_reason:np.float64(10.0) - drafter/target_lm_head_apply_deferred:np.float64(1.0) - drafter/target_lm_head_selected_rows:np.float64(0.0) - drafter/target_lm_head_source_vocab_size:np.float64(0.0) - drafter/target_lm_head_direct_sparse_export:np.float64(0.0) - timing_s/drafter_sync_target_lm_head_fetch:np.float64(44.881318389001535) - timing_s/drafter_sync_target_lm_head_dispatch:np.float64(3.283308630998363) - drafter/train_interval_matched:np.float64(1.0) - drafter/target_lm_head_synced:np.float64(1.0) - timing_s/drafter_sync_target_lm_head:np.float64(48.16857321000862) - timing_s/drafter_sync_target_lm_head_apply:np.float64(3.2836559530041995) - timing_s/drafter_sync_target_lm_head_wait:np.float64(0.00034732200583675876) - timing_s/drafter_sync_target_lm_head_overlap_window:np.float64(7.292692142997112) - drafter/trained:np.float64(1.0) - drafter/train_successful_steps_max:np.int64(1) - drafter/train_no_trainable_batch:np.float64(0.0) - drafter/train_activation_failed:np.float64(0.0) - drafter/train_attempted_batches_max:np.int64(1) - drafter/train_buffer_size_before_min:np.int64(2) - drafter/train_buffer_size_after_min:np.int64(0) - drafter/train_optimizer_step_max:np.int64(2) - drafter/train_worker_results_consistent:np.float64(1.0) - drafter/train_worker_ids_consistent:np.float64(1.0) - drafter/train_worker_incarnations_consistent:np.float64(1.0) - drafter/train_plan_ids_consistent:np.float64(1.0) - drafter/train_source_steps_consistent:np.float64(1.0) - drafter/train_data_versions_consistent:np.float64(1.0) - drafter/train_target_versions_consistent:np.float64(1.0) - drafter/train_successful_steps_consistent:np.float64(1.0) - drafter/train_optimizer_steps_consistent:np.float64(1.0) - drafter/train_publish_leader_count:np.float64(1.0) - drafter/train_publish_leader_snapshot_ready:np.float64(1.0) - timing_s/drafter_prepare_batch:np.float64(0.0028722286224365234) - timing_s/drafter_forward_loss:np.float64(0.16543030738830566) - timing_s/drafter_reduce_loss:np.float64(0.0011014938354492188) - timing_s/drafter_backward:np.float64(0.047289371490478516) - timing_s/drafter_optimizer:np.float64(0.21133136749267578) - timing_s/drafter_publish_snapshot:np.float64(2.4444358348846436) - timing_s/drafter_worker_training_loop:np.float64(0.436328649520874) - timing_s/drafter_worker_cleanup:np.float64(4.439731121063232) - timing_s/drafter_worker_elapsed:np.float64(5.205699920654297) - timing_s/drafter_train_rpc:np.float64(6.494995232998917) - drafter/runtime_state:np.float64(3.0) - drafter/runtime_completed_batches:np.float64(1.0) - drafter/runtime_inflight:np.float64(0.0) - timing_s/drafter_runtime_batch_average:np.float64(6.494995232998917) - timing_s/drafter_outer_unaccounted:np.float64(0.00934838899411261) - drafter/publish_attempted:np.float64(1.0) - drafter/published:np.float64(1.0) - timing_s/drafter_publish_wait_pending:np.float64(4.527995770331472e-06) - timing_s/drafter_publish_fetch_snapshot:np.float64(6.878923292999389) - timing_s/drafter_publish_update_weights:np.float64(0.00148249799531186) - training/global_step:2 - training/epoch:0 - critic/score/mean:0.0 - critic/score/max:0.0 - critic/score/min:0.0 - critic/rewards/mean:0.0 - critic/rewards/max:0.0 - critic/rewards/min:0.0 - critic/advantages/mean:0.0 - critic/advantages/max:0.0 - critic/advantages/min:0.0 - critic/returns/mean:0.0 - critic/returns/max:0.0 - critic/returns/min:0.0 - response_length/mean:64.0 - response_length/max:64.0 - response_length/min:64.0 - response_length/clip_ratio:1.0 - response_length_non_aborted/mean:64.0 - response_length_non_aborted/max:64.0 - response_length_non_aborted/min:64.0 - response_length_non_aborted/clip_ratio:1.0 - response/aborted_ratio:0.0 - prompt_length/mean:24.0 - prompt_length/max:24.0 - prompt_length/min:24.0 - prompt_length/clip_ratio:0.0 - num_turns/min:np.int32(2) - num_turns/max:np.int32(2) - num_turns/mean:np.float64(2.0) - timing_s/start_profile:0.00015094799891812727 - timing_s/agent_loop/num_preempted/min:np.int64(-1) - timing_s/agent_loop/num_preempted/max:np.int64(-1) - timing_s/agent_loop/num_preempted/mean:np.float64(-1.0) - timing_s/agent_loop/generate_sequences/min:np.float64(0.894600095001806) - timing_s/agent_loop/generate_sequences/max:np.float64(1.1616151540001738) - timing_s/agent_loop/generate_sequences/mean:np.float64(1.0033590737511986) - timing_s/agent_loop/tool_calls/min:np.float64(0.0) - timing_s/agent_loop/tool_calls/max:np.float64(0.0) - timing_s/agent_loop/tool_calls/mean:np.float64(0.0) - timing_s/agent_loop/compute_score/min:np.float64(0.1389627160024247) - timing_s/agent_loop/compute_score/max:np.float64(2.6841580019972753) - timing_s/agent_loop/compute_score/mean:np.float64(0.8038177247508429) - timing_s/agent_loop/slowest/generate_sequences:np.float64(1.1616151540001738) - timing_s/agent_loop/slowest/tool_calls:np.float64(0.0) - timing_s/agent_loop/slowest/compute_score:np.float64(2.6841580019972753) - timing_s/agent_loop/slowest/num_preempted:np.int64(-1) - timing_s/agent_loop/slowest/prompt_length:24 - timing_s/agent_loop/slowest/response_length:64 - timing_s/gen:10.83796974800498 - timing_s/reward:3.2131996704265475e-05 - timing_s/old_log_prob:7.460215638995578 - timing_s/adv:0.003698013002576772 - timing_s/update_actor:7.292709933994047 - timing_s/drafter:54.67291683200165 - drafter/spec_decode/mean_acceptance_length:2.0901639344262293 - timing_s/update_weights:10.390274994999345 - timing_s/step:90.6641940499976 - timing_s/stop_profile:0.00014542599819833413 - timing_per_token_ms/adv:0.010505718757320376 - timing_per_token_ms/update_actor:20.717925948846723 - timing_per_token_ms/gen:42.33581932814445 - perf/total_num_tokens:352 - perf/time_per_step:90.6641940499976 - perf/throughput:1.941229410840438[36m(SpecoWorker pid=67347)[0m WARNING:2026-09-19 11:33:33,960:[speco publish reclaim] role=producer global_steps=2 num_weights=58 payload_cleared=1 allocator=glibc action=malloc_trim heap_trimmed=True elapsed_sec=0.212 memory_before=(rss_gib=10.92 anon_gib=5.61 rss_shmem_gib=2.80 node_unavailable_gib=223.69 available_gib=279.80 cached_gib=297.16 node_shmem_gib=41.54 dev_shm_used_gib=0.07 dirty_gib=52.01 writeback_gib=0.01) memory_after=(rss_gib=10.43 anon_gib=5.12 rss_shmem_gib=2.80 node_unavailable_gib=222.81 available_gib=280.68 cached_gib=297.16 node_shmem_gib=41.54 dev_shm_used_gib=0.07 dirty_gib=51.99 writeback_gib=0.03)
[36m(WorkerDict pid=65997)[0m WARNING:2026-09-19 11:33:36,645:[speco publish materialize] async=True global_steps=2 elapsed_sec=2.646 num_weights=58
[36m(SpecoVLLMHttpServer pid=66274)[0m (Worker_TP0 pid=66953) WARNING:2026-09-19 11:33:37,568:[speco draft ipc] streamed 58 translated weights in 1 buckets into DFlashQwen3Model (method=dflash), first 5 keys: ['fc.weight', 'hidden_norm.weight', 'layers.0.self_attn.q_proj.weight', 'layers.0.self_attn.k_proj.weight', 'layers.0.self_attn.v_proj.weight']
[36m(SpecoVLLMHttpServer pid=66274)[0m (Worker_TP1 pid=66954) WARNING:2026-09-19 11:33:37,655:[speco draft ipc] streamed 58 translated weights in 1 buckets into DFlashQwen3Model (method=dflash), first 5 keys: ['fc.weight', 'hidden_norm.weight', 'layers.0.self_attn.q_proj.weight', 'layers.0.self_attn.k_proj.weight', 'layers.0.self_attn.v_proj.weight']
[36m(SpecoVLLMHttpServer pid=66274)[0m (Worker_TP0 pid=66953) WARNING:2026-09-19 11:33:38,255:SPECO committed online drafter revision=2 loaded_params=58
[36m(SpecoVLLMHttpServer pid=66274)[0m (Worker_TP1 pid=66954) WARNING:2026-09-19 11:33:38,255:SPECO committed online drafter revision=2 loaded_params=58
[36m(WorkerDict pid=65997)[0m WARNING:2026-09-19 11:33:39,562:[speco publish reclaim] role=consumer async=True global_steps=2 num_weights=58 payload_cleared=1 allocator=glibc action=malloc_trim heap_trimmed=True elapsed_sec=0.647 memory_before=(rss_gib=21.72 anon_gib=8.44 rss_shmem_gib=10.58 node_unavailable_gib=223.47 available_gib=280.02 cached_gib=296.09 node_shmem_gib=41.54 dev_shm_used_gib=0.07 dirty_gib=51.84 writeback_gib=0.03) memory_after=(rss_gib=19.01 anon_gib=5.73 rss_shmem_gib=10.58 node_unavailable_gib=218.94 available_gib=284.55 cached_gib=296.09 node_shmem_gib=41.54 dev_shm_used_gib=0.07 dirty_gib=51.84 writeback_gib=0.02)
[36m(RewardLoopWorker pid=66267)[0m WARNING:2026-09-19 11:33:40,614:Platform 'nvidia' (PlatformCUDA) is registered but not available. This may be due to this ray actor being a CPU-only actor.
[36m(SpecoVLLMHttpServer pid=66274)[0m (Worker_TP1 pid=66954) WARNING:2026-09-19 11:33:41,283:[speco draft sleep] drafter state saved before level-2 sleep (66 tensors)
[36m(SpecoVLLMHttpServer pid=66274)[0m (Worker_TP0 pid=66953) WARNING:2026-09-19 11:33:41,286:[speco draft sleep] drafter state saved before level-2 sleep (66 tensors)
[36m(SpecoWorker pid=67347)[0m WARNING:2026-09-19 11:34:00,351:[drafter logits quality] valid_tokens=120 top1_acc=0.150000 top5_acc=0.333333 local_ploss_sum=224.881470 local_tokens=120 per_step=[{'step': 0, 'tokens': 8, 'top1': 0.75, 'top5': 0.875}, {'step': 1, 'tokens': 8, 'top1': 0.375, 'top5': 0.75}, {'step': 2, 'tokens': 8, 'top1': 0.375, 'top5': 0.625}, {'step': 3, 'tokens': 8, 'top1': 0.375, 'top5': 0.5}, {'step': 4, 'tokens': 8, 'top1': 0.0, 'top5': 0.5}, {'step': 5, 'tokens': 8, 'top1': 0.125, 'top5': 0.25}, {'step': 6, 'tokens': 8, 'top1': 0.0, 'top5': 0.125}, {'step': 7, 'tokens': 8, 'top1': 0.0, 'top5': 0.125}, {'step': 8, 'tokens': 8, 'top1': 0.125, 'top5': 0.125}, {'step': 9, 'tokens': 8, 'top1': 0.0, 'top5': 0.125}, {'step': 10, 'tokens': 8, 'top1': 0.0, 'top5': 0.25}, {'step': 11, 'tokens': 8, 'top1': 0.0, 'top5': 0.25}, {'step': 12, 'tokens': 8, 'top1': 0.125, 'top5': 0.25}, {'step': 13, 'tokens': 8, 'top1': 0.0, 'top5': 0.25}, {'step': 14, 'tokens': 8, 'top1': 0.0, 'top5': 0.0}]
[36m(RewardLoopWorker pid=66266)[0m WARNING:2026-09-19 11:33:40,703:Platform 'nvidia' (PlatformCUDA) is registered but not available. This may be due to this ray actor being a CPU-only actor.
[36m(SpecoWorker pid=67347)[0m INFO:2026-09-19 11:34:00,961:[drafter loss] step=1 optimizer_step_total=3 lr=1.000e-05 loss=4.7406 vloss=0.0000 ploss=4.7406
[36m(SpecoVLLMHttpServer pid=66274)[0m (Worker_TP0 pid=66953) WARNING:2026-09-19 11:34:06,592:[speco draft wake_up] drafter state restored after level-2 wake_up (66 tensors, revision=2)
[36m(SpecoWorker pid=67348)[0m WARNING:2026-09-19 11:34:00,351:[drafter logits quality] valid_tokens=120 top1_acc=0.133333 top5_acc=0.275000 local_ploss_sum=278.044067 local_tokens=120 per_step=[{'step': 0, 'tokens': 8, 'top1': 0.625, 'top5': 0.625}, {'step': 1, 'tokens': 8, 'top1': 0.25, 'top5': 0.5}, {'step': 2, 'tokens': 8, 'top1': 0.25, 'top5': 0.5}, {'step': 3, 'tokens': 8, 'top1': 0.125, 'top5': 0.25}, {'step': 4, 'tokens': 8, 'top1': 0.125, 'top5': 0.375}, {'step': 5, 'tokens': 8, 'top1': 0.125, 'top5': 0.25}, {'step': 6, 'tokens': 8, 'top1': 0.0, 'top5': 0.25}, {'step': 7, 'tokens': 8, 'top1': 0.0, 'top5': 0.125}, {'step': 8, 'tokens': 8, 'top1': 0.125, 'top5': 0.25}, {'step': 9, 'tokens': 8, 'top1': 0.125, 'top5': 0.25}, {'step': 10, 'tokens': 8, 'top1': 0.0, 'top5': 0.25}, {'step': 11, 'tokens': 8, 'top1': 0.0, 'top5': 0.125}, {'step': 12, 'tokens': 8, 'top1': 0.125, 'top5': 0.125}, {'step': 13, 'tokens': 8, 'top1': 0.125, 'top5': 0.25}, {'step': 14, 'tokens': 8, 'top1': 0.0, 'top5': 0.0}]
[36m(SpecoVLLMHttpServer pid=66274)[0m (Worker_TP1 pid=66954) WARNING:2026-09-19 11:34:06,645:[speco draft wake_up] drafter state restored after level-2 wake_up (66 tensors, revision=2)
[36m(SpecoWorker pid=67347)[0m WARNING:2026-09-19 11:34:17,512:[speco publish reclaim] role=producer global_steps=3 num_weights=58 payload_cleared=1 allocator=glibc action=malloc_trim heap_trimmed=True elapsed_sec=0.226 memory_before=(rss_gib=10.99 anon_gib=5.68 rss_shmem_gib=2.80 node_unavailable_gib=220.07 available_gib=283.42 cached_gib=296.50 node_shmem_gib=41.54 dev_shm_used_gib=0.07 dirty_gib=51.07 writeback_gib=0.03) memory_after=(rss_gib=10.45 anon_gib=5.14 rss_shmem_gib=2.80 node_unavailable_gib=219.51 available_gib=283.98 cached_gib=296.50 node_shmem_gib=41.54 dev_shm_used_gib=0.07 dirty_gib=51.07 writeback_gib=0.02)
[36m(SpecoTaskRunner pid=65789)[0m Training Progress:  15%|█▌        | 3/20 [14:58<1:02:16, 219.80s/it]

[36m(SpecoTaskRunner pid=65789)[0m step:3 - global_seqlen/min:178 - global_seqlen/max:178 - global_seqlen/minmax_diff:0 - global_seqlen/balanced_min:178 - global_seqlen/balanced_max:178 - global_seqlen/mean:178.0 - actor/entropy:0.0 - perf/mfu/actor_infer:0.010243617795774337 - training/rollout_probs_diff_valid:1 - training/rollout_probs_diff_max:0.062176406383514404 - training/rollout_probs_diff_mean:0.004700252786278725 - training/rollout_probs_diff_std:0.012091012671589851 - training/rollout_actor_probs_pearson_corr:0.9983373880386353 - rollout_corr/training_ppl:1.2141900062561035 - rollout_corr/training_log_ppl:0.19319328665733337 - rollout_corr/kl:0.004108159802854061 - rollout_corr/k3_kl:0.0010078458581119776 - rollout_corr/rollout_ppl:1.2092593908309937 - rollout_corr/rollout_log_ppl:0.18908512592315674 - rollout_corr/log_ppl_diff:0.004108153283596039 - rollout_corr/log_ppl_abs_diff:0.00587935745716095 - rollout_corr/log_ppl_diff_max:0.010215520858764648 - rollout_corr/log_ppl_diff_min:-0.0035424083471298218 - rollout_corr/ppl_ratio:1.0041329860687256 - rollout_corr/chi2_token:-0.004405856132507324 - rollout_corr/chi2_seq:-0.23330259323120117 - actor/pg_clipfrac:np.float64(0.0) - actor/ppo_kl:np.float64(0.0) - actor/pg_clipfrac_lower:np.float64(0.0) - actor/pg_loss:np.float64(0.0) - actor/loss:np.float64(0.0) - actor/grad_norm:np.float64(0.0) - actor/lr:np.float64(1e-06) - actor/perf/max_memory_allocated_gb:np.float64(28.541846752166748) - actor/perf/max_memory_reserved_gb:np.float64(37.9921875) - actor/perf/cpu_memory_used_gb:np.float64(223.79115295410156) - perf/mfu/actor:np.float64(0.010445139135981274) - drafter/raw_drafter_samples:np.float64(4.0) - drafter/collected_samples:np.float64(2.0) - drafter/collect_interval_matched:np.float64(1.0) - drafter/collection_plan_used:np.float64(1.0) - drafter/collection_plan_collect:np.float64(1.0) - drafter/collection_plan_reason:np.float64(7.0) - drafter/collection_plan_source:np.float64(2.0) - drafter/collection_plan_interval_matched:np.float64(1.0) - drafter/collection_plan_training_interval_matched:np.float64(1.0) - drafter/collection_attempted:np.float64(1.0) - drafter/collection_completed:np.float64(1.0) - drafter/collection_outcome_reason:np.float64(1.0) - drafter/collection_rejected_samples:np.float64(0.0) - drafter/collection_worker_results:np.float64(1.0) - drafter/collection_finalized:np.float64(1.0) - drafter/collection_expired_stages:np.float64(0.0) - timing_s/drafter_collection_rpc:np.float64(0.034940972000185866) - drafter/scheduler_used:np.float64(1.0) - drafter/schedule_launch:np.float64(1.0) - drafter/schedule_interval_matched:np.float64(1.0) - drafter/schedule_strategy:np.float64(0.0) - drafter/schedule_reason:np.float64(10.0) - drafter/target_lm_head_apply_deferred:np.float64(1.0) - drafter/target_lm_head_selected_rows:np.float64(0.0) - drafter/target_lm_head_source_vocab_size:np.float64(0.0) - drafter/target_lm_head_direct_sparse_export:np.float64(0.0) - timing_s/drafter_sync_target_lm_head_fetch:np.float64(4.20121428299899) - timing_s/drafter_sync_target_lm_head_dispatch:np.float64(1.293769327996415) - drafter/train_interval_matched:np.float64(1.0) - drafter/target_lm_head_synced:np.float64(1.0) - timing_s/drafter_sync_target_lm_head:np.float64(5.499140059000638) - timing_s/drafter_sync_target_lm_head_apply:np.float64(1.2941309419984464) - timing_s/drafter_sync_target_lm_head_wait:np.float64(0.00036161400203127414) - timing_s/drafter_sync_target_lm_head_overlap_window:np.float64(6.757126238000637) - drafter/trained:np.float64(1.0) - drafter/train_successful_steps_max:np.int64(1) - drafter/train_no_trainable_batch:np.float64(0.0) - drafter/train_activation_failed:np.float64(0.0) - drafter/train_attempted_batches_max:np.int64(1) - drafter/train_buffer_size_before_min:np.int64(2) - drafter/train_buffer_size_after_min:np.int64(0) - drafter/train_optimizer_step_max:np.int64(3) - drafter/train_worker_results_consistent:np.float64(1.0) - drafter/train_worker_ids_consistent:np.float64(1.0) - drafter/train_worker_incarnations_consistent:np.float64(1.0) - drafter/train_plan_ids_consistent:np.float64(1.0) - drafter/train_source_steps_consistent:np.float64(1.0) - drafter/train_data_versions_consistent:np.float64(1.0) - drafter/train_target_versions_consistent:np.float64(1.0) - drafter/train_successful_steps_consistent:np.float64(1.0) - drafter/train_optimizer_steps_consistent:np.float64(1.0) - drafter/train_publish_leader_count:np.float64(1.0) - drafter/train_publish_leader_snapshot_ready:np.float64(1.0) - timing_s/drafter_prepare_batch:np.float64(0.004029750823974609) - timing_s/drafter_forward_loss:np.float64(0.4990377426147461) - timing_s/drafter_reduce_loss:np.float64(0.0011935234069824219) - timing_s/drafter_backward:np.float64(0.04696297645568848) - timing_s/drafter_optimizer:np.float64(0.21024155616760254) - timing_s/drafter_publish_snapshot:np.float64(2.3349804878234863) - timing_s/drafter_worker_training_loop:np.float64(0.770728349685669) - timing_s/drafter_worker_cleanup:np.float64(4.230344295501709) - timing_s/drafter_worker_elapsed:np.float64(5.181528806686401) - timing_s/drafter_train_rpc:np.float64(6.353496458999871) - drafter/runtime_state:np.float64(3.0) - drafter/runtime_completed_batches:np.float64(1.0) - drafter/runtime_inflight:np.float64(0.0) - timing_s/drafter_runtime_batch_average:np.float64(6.353496458999871) - timing_s/drafter_outer_unaccounted:np.float64(0.013183659997594077) - drafter/publish_attempted:np.float64(1.0) - drafter/published:np.float64(1.0) - timing_s/drafter_publish_wait_pending:np.float64(2.8470021788962185e-06) - timing_s/drafter_publish_fetch_snapshot:np.float64(8.37920239000232) - timing_s/drafter_publish_update_weights:np.float64(0.001445625995984301) - training/global_step:3 - training/epoch:0 - critic/score/mean:0.0 - critic/score/max:0.0 - critic/score/min:0.0 - critic/rewards/mean:0.0 - critic/rewards/max:0.0 - critic/rewards/min:0.0 - critic/advantages/mean:0.0 - critic/advantages/max:0.0 - critic/advantages/min:0.0 - critic/returns/mean:0.0 - critic/returns/max:0.0 - critic/returns/min:0.0 - response_length/mean:64.0 - response_length/max:64.0 - response_length/min:64.0 - response_length/clip_ratio:1.0 - response_length_non_aborted/mean:64.0 - response_length_non_aborted/max:64.0 - response_length_non_aborted/min:64.0 - response_length_non_aborted/clip_ratio:1.0 - response/aborted_ratio:0.0 - prompt_length/mean:25.0 - prompt_length/max:25.0 - prompt_length/min:25.0 - prompt_length/clip_ratio:0.0 - num_turns/min:np.int32(2) - num_turns/max:np.int32(2) - num_turns/mean:np.float64(2.0) - timing_s/start_profile:0.0001382449991069734 - timing_s/agent_loop/num_preempted/min:np.int64(-1) - timing_s/agent_loop/num_preempted/max:np.int64(-1) - timing_s/agent_loop/num_preempted/mean:np.float64(-1.0) - timing_s/agent_loop/generate_sequences/min:np.float64(0.8613752749952255) - timing_s/agent_loop/generate_sequences/max:np.float64(0.9760160009973333) - timing_s/agent_loop/generate_sequences/mean:np.float64(0.9269139605003147) - timing_s/agent_loop/tool_calls/min:np.float64(0.0) - timing_s/agent_loop/tool_calls/max:np.float64(0.0) - timing_s/agent_loop/tool_calls/mean:np.float64(0.0) - timing_s/agent_loop/compute_score/min:np.float64(0.011762485999497585) - timing_s/agent_loop/compute_score/max:np.float64(0.14433920099691022) - timing_s/agent_loop/compute_score/mean:np.float64(0.08166962474751926) - timing_s/agent_loop/slowest/generate_sequences:np.float64(0.9487224930053344) - timing_s/agent_loop/slowest/tool_calls:np.float64(0.0) - timing_s/agent_loop/slowest/compute_score:np.float64(0.14011760999710532) - timing_s/agent_loop/slowest/num_preempted:np.int64(-1) - timing_s/agent_loop/slowest/prompt_length:25 - timing_s/agent_loop/slowest/response_length:64 - timing_s/gen:8.469414963998133 - timing_s/reward:2.7216003218200058e-05 - timing_s/old_log_prob:4.2668711399965105 - timing_s/adv:0.003460242005530745 - timing_s/update_actor:6.757252385999891 - timing_s/drafter:11.865820177998103 - drafter/spec_decode/mean_acceptance_length:2.234782608695652 - timing_s/update_weights:12.14033068199933 - timing_s/step:43.509258148995286 - timing_s/stop_profile:0.0001494919997639954 - timing_per_token_ms/adv:0.009719780914412205 - timing_per_token_ms/update_actor:18.98104602808958 - timing_per_token_ms/gen:33.08365220311771 - perf/total_num_tokens:356 - perf/time_per_step:43.509258148995286 - perf/throughput:4.091083313589211[36m(SpecoVLLMHttpServer pid=66274)[0m (Worker_TP0 pid=66953) WARNING:2026-09-19 11:34:20,155:[speco draft ipc] streamed 58 translated weights in 1 buckets into DFlashQwen3Model (method=dflash), first 5 keys: ['fc.weight', 'hidden_norm.weight', 'layers.0.self_attn.q_proj.weight', 'layers.0.self_attn.k_proj.weight', 'layers.0.self_attn.v_proj.weight']
[36m(SpecoVLLMHttpServer pid=66274)[0m (Worker_TP0 pid=66953) WARNING:2026-09-19 11:34:20,160:SPECO committed online drafter revision=3 loaded_params=58
[36m(WorkerDict pid=65997)[0m WARNING:2026-09-19 11:34:19,822:[speco publish materialize] async=True global_steps=3 elapsed_sec=2.304 num_weights=58
[36m(SpecoVLLMHttpServer pid=66274)[0m (Worker_TP1 pid=66954) WARNING:2026-09-19 11:34:20,524:[speco draft ipc] streamed 58 translated weights in 1 buckets into DFlashQwen3Model (method=dflash), first 5 keys: ['fc.weight', 'hidden_norm.weight', 'layers.0.self_attn.q_proj.weight', 'layers.0.self_attn.k_proj.weight', 'layers.0.self_attn.v_proj.weight']
[36m(SpecoVLLMHttpServer pid=66274)[0m (Worker_TP1 pid=66954) WARNING:2026-09-19 11:34:20,530:SPECO committed online drafter revision=3 loaded_params=58
[36m(WorkerDict pid=65997)[0m WARNING:2026-09-19 11:34:21,656:[speco publish reclaim] role=consumer async=True global_steps=3 num_weights=58 payload_cleared=1 allocator=glibc action=malloc_trim heap_trimmed=True elapsed_sec=0.582 memory_before=(rss_gib=20.10 anon_gib=6.82 rss_shmem_gib=10.58 node_unavailable_gib=221.14 available_gib=282.35 cached_gib=296.53 node_shmem_gib=41.54 dev_shm_used_gib=0.07 dirty_gib=50.95 writeback_gib=0.03) memory_after=(rss_gib=19.01 anon_gib=5.73 rss_shmem_gib=10.58 node_unavailable_gib=219.09 available_gib=284.39 cached_gib=296.54 node_shmem_gib=41.54 dev_shm_used_gib=0.07 dirty_gib=50.93 writeback_gib=0.03)
[36m(RewardLoopWorker pid=66270)[0m WARNING:2026-09-19 11:34:23,363:Platform 'nvidia' (PlatformCUDA) is registered but not available. This may be due to this ray actor being a CPU-only actor.
[36m(SpecoVLLMHttpServer pid=66274)[0m (Worker_TP0 pid=66953) WARNING:2026-09-19 11:34:23,809:[speco draft sleep] drafter state saved before level-2 sleep (66 tensors)
[36m(SpecoVLLMHttpServer pid=66274)[0m (Worker_TP1 pid=66954) WARNING:2026-09-19 11:34:23,930:[speco draft sleep] drafter state saved before level-2 sleep (66 tensors)
[36m(SpecoWorker pid=67347)[0m WARNING:2026-09-19 11:34:43,235:[drafter logits quality] valid_tokens=120 top1_acc=0.191667 top5_acc=0.400000 local_ploss_sum=198.957092 local_tokens=120 per_step=[{'step': 0, 'tokens': 8, 'top1': 0.75, 'top5': 1.0}, {'step': 1, 'tokens': 8, 'top1': 0.5, 'top5': 1.0}, {'step': 2, 'tokens': 8, 'top1': 0.25, 'top5': 0.75}, {'step': 3, 'tokens': 8, 'top1': 0.25, 'top5': 0.625}, {'step': 4, 'tokens': 8, 'top1': 0.375, 'top5': 0.625}, {'step': 5, 'tokens': 8, 'top1': 0.25, 'top5': 0.375}, {'step': 6, 'tokens': 8, 'top1': 0.125, 'top5': 0.5}, {'step': 7, 'tokens': 8, 'top1': 0.0, 'top5': 0.125}, {'step': 8, 'tokens': 8, 'top1': 0.0, 'top5': 0.125}, {'step': 9, 'tokens': 8, 'top1': 0.125, 'top5': 0.125}, {'step': 10, 'tokens': 8, 'top1': 0.125, 'top5': 0.125}, {'step': 11, 'tokens': 8, 'top1': 0.125, 'top5': 0.25}, {'step': 12, 'tokens': 8, 'top1': 0.0, 'top5': 0.0}, {'step': 13, 'tokens': 8, 'top1': 0.0, 'top5': 0.25}, {'step': 14, 'tokens': 8, 'top1': 0.0, 'top5': 0.125}]
[36m(SpecoWorker pid=67347)[0m INFO:2026-09-19 11:34:43,520:[drafter loss] step=1 optimizer_step_total=4 lr=1.000e-05 loss=4.0508 vloss=0.0000 ploss=4.0508
[36m(SpecoVLLMHttpServer pid=66274)[0m (Worker_TP1 pid=66954) WARNING:2026-09-19 11:34:50,894:[speco draft wake_up] drafter state restored after level-2 wake_up (66 tensors, revision=3)
[36m(SpecoVLLMHttpServer pid=66274)[0m (Worker_TP0 pid=66953) WARNING:2026-09-19 11:34:50,965:[speco draft wake_up] drafter state restored after level-2 wake_up (66 tensors, revision=3)
[36m(SpecoWorker pid=67348)[0m WARNING:2026-09-19 11:34:43,235:[drafter logits quality] valid_tokens=120 top1_acc=0.183333 top5_acc=0.383333 local_ploss_sum=230.786499 local_tokens=120 per_step=[{'step': 0, 'tokens': 8, 'top1': 0.75, 'top5': 0.875}, {'step': 1, 'tokens': 8, 'top1': 0.375, 'top5': 0.875}, {'step': 2, 'tokens': 8, 'top1': 0.25, 'top5': 0.625}, {'step': 3, 'tokens': 8, 'top1': 0.25, 'top5': 0.375}, {'step': 4, 'tokens': 8, 'top1': 0.375, 'top5': 0.5}, {'step': 5, 'tokens': 8, 'top1': 0.125, 'top5': 0.375}, {'step': 6, 'tokens': 8, 'top1': 0.25, 'top5': 0.5}, {'step': 7, 'tokens': 8, 'top1': 0.0, 'top5': 0.125}, {'step': 8, 'tokens': 8, 'top1': 0.0, 'top5': 0.25}, {'step': 9, 'tokens': 8, 'top1': 0.125, 'top5': 0.125}, {'step': 10, 'tokens': 8, 'top1': 0.125, 'top5': 0.25}, {'step': 11, 'tokens': 8, 'top1': 0.125, 'top5': 0.25}, {'step': 12, 'tokens': 8, 'top1': 0.0, 'top5': 0.125}, {'step': 13, 'tokens': 8, 'top1': 0.0, 'top5': 0.375}, {'step': 14, 'tokens': 8, 'top1': 0.0, 'top5': 0.125}]
[36m(SpecoWorker pid=67347)[0m WARNING:2026-09-19 11:35:04,686:[speco publish reclaim] role=producer global_steps=4 num_weights=58 payload_cleared=1 allocator=glibc action=malloc_trim heap_trimmed=True elapsed_sec=0.245 memory_before=(rss_gib=11.03 anon_gib=5.72 rss_shmem_gib=2.80 node_unavailable_gib=222.41 available_gib=281.08 cached_gib=296.96 node_shmem_gib=41.55 dev_shm_used_gib=0.07 dirty_gib=49.96 writeback_gib=0.03) memory_after=(rss_gib=10.46 anon_gib=5.15 rss_shmem_gib=2.80 node_unavailable_gib=221.86 available_gib=281.63 cached_gib=296.97 node_shmem_gib=41.55 dev_shm_used_gib=0.07 dirty_gib=49.96 writeback_gib=0.02)
[36m(SpecoTaskRunner pid=65789)[0m Training Progress:  20%|██        | 4/20 [15:45<40:26, 151.65s/it]  

[36m(SpecoTaskRunner pid=65789)[0m step:4 - global_seqlen/min:176 - global_seqlen/max:178 - global_seqlen/minmax_diff:2 - global_seqlen/balanced_min:177 - global_seqlen/balanced_max:177 - global_seqlen/mean:177.0 - actor/entropy:0.0 - perf/mfu/actor_infer:0.003940122707377731 - training/rollout_probs_diff_valid:1 - training/rollout_probs_diff_max:0.11140358448028564 - training/rollout_probs_diff_mean:0.00685866130515933 - training/rollout_probs_diff_std:0.01768304966390133 - training/rollout_actor_probs_pearson_corr:0.9969192743301392 - rollout_corr/training_ppl:1.2635085582733154 - rollout_corr/training_log_ppl:0.225481316447258 - rollout_corr/kl:0.0028738370165228844 - rollout_corr/k3_kl:0.0017657764256000519 - rollout_corr/rollout_ppl:1.259587049484253 - rollout_corr/rollout_log_ppl:0.22260749340057373 - rollout_corr/log_ppl_diff:0.0028738416731357574 - rollout_corr/log_ppl_abs_diff:0.0028738416731357574 - rollout_corr/log_ppl_diff_max:0.005263835191726685 - rollout_corr/log_ppl_diff_min:0.0003431588411331177 - rollout_corr/ppl_ratio:1.0028797388076782 - rollout_corr/chi2_token:0.0013946294784545898 - rollout_corr/chi2_seq:-0.2869987487792969 - actor/pg_clipfrac:np.float64(0.0) - actor/ppo_kl:np.float64(0.0) - actor/pg_clipfrac_lower:np.float64(0.0) - actor/pg_loss:np.float64(0.0) - actor/loss:np.float64(0.0) - actor/grad_norm:np.float64(0.0) - actor/lr:np.float64(1e-06) - actor/perf/max_memory_allocated_gb:np.float64(28.541846752166748) - actor/perf/max_memory_reserved_gb:np.float64(37.9921875) - actor/perf/cpu_memory_used_gb:np.float64(223.15559768676758) - perf/mfu/actor:np.float64(0.010227836678428954) - drafter/raw_drafter_samples:np.float64(4.0) - drafter/collected_samples:np.float64(2.0) - drafter/collect_interval_matched:np.float64(1.0) - drafter/collection_plan_used:np.float64(1.0) - drafter/collection_plan_collect:np.float64(1.0) - drafter/collection_plan_reason:np.float64(7.0) - drafter/collection_plan_source:np.float64(2.0) - drafter/collection_plan_interval_matched:np.floa
[36m(SpecoTaskRunner pid=65789)[0m t64(1.0) - drafter/collection_plan_training_interval_matched:np.float64(1.0) - drafter/collection_attempted:np.float64(1.0) - drafter/collection_completed:np.float64(1.0) - drafter/collection_outcome_reason:np.float64(1.0) - drafter/collection_rejected_samples:np.float64(0.0) - drafter/collection_worker_results:np.float64(1.0) - drafter/collection_finalized:np.float64(1.0) - drafter/collection_expired_stages:np.float64(0.0) - timing_s/drafter_collection_rpc:np.float64(0.6854409679945093) - drafter/scheduler_used:np.float64(1.0) - drafter/schedule_launch:np.float64(1.0) - drafter/schedule_interval_matched:np.float64(1.0) - drafter/schedule_strategy:np.float64(0.0) - drafter/schedule_reason:np.float64(10.0) - drafter/target_lm_head_apply_deferred:np.float64(1.0) - drafter/target_lm_head_selected_rows:np.float64(0.0) - drafter/target_lm_head_source_vocab_size:np.float64(0.0) - drafter/target_lm_head_direct_sparse_export:np.float64(0.0) - timing_s/drafter_sync_target_lm_head_fetch:np.float64(3.429754689001129) - timing_s/drafter_sync_target_lm_head_dispatch:np.float64(1.0372893160019885) - drafter/train_interval_matched:np.float64(1.0) - drafter/target_lm_head_synced:np.float64(1.0) - timing_s/drafter_sync_target_lm_head:np.float64(4.471003842998471) - timing_s/drafter_sync_target_lm_head_apply:np.float64(1.0376547790001496) - timing_s/drafter_sync_target_lm_head_wait:np.float64(0.0003654629981610924) - timing_s/drafter_sync_target_lm_head_overlap_window:np.float64(6.5942209499989985) - drafter/trained:np.float64(1.0) - drafter/train_successful_steps_max:np.int64(1) - drafter/train_no_trainable_batch:np.float64(0.0) - drafter/train_activation_failed:np.float64(0.0) - drafter/train_attempted_batches_max:np.int64(1) - drafter/train_buffer_size_before_min:np.int64(2) - drafter/train_buffer_size_after_min:np.int64(0) - drafter/train_optimizer_step_max:np.int64(4) - drafter/train_worker_results_consistent:np.float64(1.0) - drafter/train_worker_ids_consistent:np.float64(1.0) - drafter/train_worker_incarnations_consistent:np.float64(1.0) - drafter/train_plan_ids_consistent:np.float64(1.0) - drafter/train_source_steps_consistent:np.float64(1.0) - drafter/train_data_versions_consistent:np.float64(1.0) - drafter/train_target_versions_consistent:np.float64(1.0) - drafter/train_successful_steps_consistent:np.float64(1.0) - drafter/train_optimizer_steps_consistent:np.float64(1.0) - drafter/train_publish_leader_count:np.float64(1.0) - drafter/train_publish_leader_snapshot_ready:np.float64(1.0) - timing_s/drafter_prepare_batch:np.float64(0.003221750259399414) - timing_s/drafter_forward_loss:np.float64(0.16411042213439941) - timing_s/drafter_reduce_loss:np.float64(0.0010864734649658203) - timing_s/drafter_backward:np.float64(0.06614279747009277) - timing_s/drafter_optimizer:np.float64(0.19898319244384766) - timing_s/drafter_publish_snapshot:np.float64(2.3900461196899414) - timing_s/drafter_worker_training_loop:np.float64(2.004934787750244) - timing_s/drafter_worker_cleanup:np.float64(5.950761795043945) - timing_s/drafter_worker_elapsed:np.float64(6.484590291976929) - timing_s/drafter_train_rpc:np.float64(7.898077090998413) - drafter/runtime_state:np.float64(3.0) - drafter/runtime_completed_batches:np.float64(1.0) - drafter/runtime_inflight:np.float64(0.0) - timing_s/drafter_runtime_batch_average:np.float64(7.898077090998413) - timing_s/drafter_outer_unaccounted:np.float64(0.008898870008124504) - drafter/publish_attempted:np.float64(1.0) - drafter/published:np.float64(1.0) - timing_s/drafter_publish_wait_pending:np.float64(3.0290029826574028e-06) - timing_s/drafter_publish_fetch_snapshot:np.float64(9.782231801000307) - timing_s/drafter_publish_update_weights:np.float64(0.0014729910035384819) - training/global_step:4 - training/epoch:0 - critic/score/mean:0.0 - critic/score/max:0.0 - critic/score/min:0.0 - critic/rewards/mean:0.0 - critic/rewards/max:0.0 - critic/rewards/min:0.0 - critic/advantages/mean:0.0 - critic/advantages/max:0.0 - critic/advantages/min:0.0 - critic/returns/mean:0.0 - critic/returns/max:0.0 - critic/returns/min:0.0 - response_length/mean:64.0 - response_length/max:64.0 - response_length/min:64.0 - response_length/clip_ratio:1.0 - response_length_non_aborted/mean:64.0 - response_length_non_aborted/max:64.0 - response_length_non_aborted/min:64.0 - response_length_non_aborted/clip_ratio:1.0 - response/aborted_ratio:0.0 - prompt_length/mean:24.5 - prompt_length/max:25.0 - prompt_length/min:24.0 - prompt_length/clip_ratio:0.0 - num_turns/min:np.int32(2) - num_turns/max:np.int32(2) - num_turns/mean:np.float64(2.0) - timing_s/start_profile:0.00013170600141165778 - timing_s/agent_loop/num_preempted/min:np.int64(-1) - timing_s/agent_loop/num_preempted/max:np.int64(-1) - timing_s/agent_loop/num_preempted/mean:np.float64(-1.0) - timing_s/agent_loop/generate_sequences/min:np.float64(1.2382019989963737) - timing_s/agent_loop/generate_sequences/max:np.float64(1.5295159079978475) - timing_s/agent_loop/generate_sequences/mean:np.float64(1.3584324597486557) - timing_s/agent_loop/tool_calls/min:np.float64(0.0) - timing_s/agent_loop/tool_calls/max:np.float64(0.0) - timing_s/agent_loop/tool_calls/mean:np.float64(0.0) - timing_s/agent_loop/compute_score/min:np.float64(0.014509200002066791) - timing_s/agent_loop/compute_score/max:np.float64(0.2905122219963232) - timing_s/agent_loop/compute_score/mean:np.float64(0.0867407195000851) - timing_s/agent_loop/slowest/generate_sequences:np.float64(1.3187740439971094) - timing_s/agent_loop/slowest/tool_calls:np.float64(0.0) - timing_s/agent_loop/slowest/compute_score:np.float64(0.2905122219963232) - timing_s/agent_loop/slowest/num_preempted:np.int64(-1) - timing_s/agent_loop/slowest/prompt_length:25 - timing_s/agent_loop/slowest/response_length:64 - timing_s/gen:6.558863338002993 - timing_s/reward:3.8241996662691236e-05 - timing_s/old_log_prob:6.506253143001231 - timing_s/adv:0.0035466679983073846 - timing_s/update_actor:6.594276602998434 - timing_s/drafter:12.377979804005008 - drafter/spec_decode/mean_acceptance_length:2.247787610619469 - timing_s/update_weights:15.117567603003408 - timing_s/step:47.16459317800036 - timing_s/stop_profile:0.00014212300447979942 - timing_per_token_ms/adv:0.01001883615341069 - timing_per_token_ms/update_actor:18.627900008470153 - timing_per_token_ms/gen:25.620559914074192 - perf/total_num_tokens:354 - perf/time_per_step:47.16459317800036 - perf/throughput:3.7528151537743057[36m(WorkerDict pid=65997)[0m WARNING:2026-09-19 11:35:07,002:[speco publish materialize] async=True global_steps=4 elapsed_sec=2.309 num_weights=58
[36m(SpecoVLLMHttpServer pid=66274)[0m (Worker_TP0 pid=66953) WARNING:2026-09-19 11:35:08,803:[speco draft ipc] streamed 58 translated weights in 1 buckets into DFlashQwen3Model (method=dflash), first 5 keys: ['fc.weight', 'hidden_norm.weight', 'layers.0.self_attn.q_proj.weight', 'layers.0.self_attn.k_proj.weight', 'layers.0.self_attn.v_proj.weight']
[36m(SpecoVLLMHttpServer pid=66274)[0m (Worker_TP1 pid=66954) WARNING:2026-09-19 11:35:08,888:[speco draft ipc] streamed 58 translated weights in 1 buckets into DFlashQwen3Model (method=dflash), first 5 keys: ['fc.weight', 'hidden_norm.weight', 'layers.0.self_attn.q_proj.weight', 'layers.0.self_attn.k_proj.weight', 'layers.0.self_attn.v_proj.weight']
[36m(SpecoVLLMHttpServer pid=66274)[0m (Worker_TP1 pid=66954) WARNING:2026-09-19 11:35:09,203:SPECO committed online drafter revision=4 loaded_params=58
[36m(SpecoVLLMHttpServer pid=66274)[0m (Worker_TP0 pid=66953) WARNING:2026-09-19 11:35:09,205:SPECO committed online drafter revision=4 loaded_params=58
[36m(WorkerDict pid=65997)[0m WARNING:2026-09-19 11:35:09,797:[speco publish reclaim] role=consumer async=True global_steps=4 num_weights=58 payload_cleared=1 allocator=glibc action=malloc_trim heap_trimmed=True elapsed_sec=0.432 memory_before=(rss_gib=19.82 anon_gib=6.54 rss_shmem_gib=10.58 node_unavailable_gib=222.17 available_gib=281.32 cached_gib=297.02 node_shmem_gib=41.56 dev_shm_used_gib=0.07 dirty_gib=49.88 writeback_gib=0.02) memory_after=(rss_gib=19.03 anon_gib=5.75 rss_shmem_gib=10.58 node_unavailable_gib=220.55 available_gib=282.94 cached_gib=297.02 node_shmem_gib=41.56 dev_shm_used_gib=0.07 dirty_gib=49.89 writeback_gib=0.01)
[36m(SpecoVLLMHttpServer pid=66274)[0m (Worker_TP1 pid=66954) WARNING:2026-09-19 11:35:11,409:[speco draft sleep] drafter state saved before level-2 sleep (66 tensors)
[36m(SpecoVLLMHttpServer pid=66274)[0m (Worker_TP0 pid=66953) WARNING:2026-09-19 11:35:11,547:[speco draft sleep] drafter state saved before level-2 sleep (66 tensors)
[36m(SpecoWorker pid=67347)[0m WARNING:2026-09-19 11:35:28,266:[drafter logits quality] valid_tokens=120 top1_acc=0.091667 top5_acc=0.241667 local_ploss_sum=260.704590 local_tokens=120 per_step=[{'step': 0, 'tokens': 8, 'top1': 0.625, 'top5': 1.0}, {'step': 1, 'tokens': 8, 'top1': 0.375, 'top5': 0.875}, {'step': 2, 'tokens': 8, 'top1': 0.125, 'top5': 0.5}, {'step': 3, 'tokens': 8, 'top1': 0.0, 'top5': 0.25}, {'step': 4, 'tokens': 8, 'top1': 0.0, 'top5': 0.125}, {'step': 5, 'tokens': 8, 'top1': 0.125, 'top5': 0.25}, {'step': 6, 'tokens': 8, 'top1': 0.0, 'top5': 0.0}, {'step': 7, 'tokens': 8, 'top1': 0.0, 'top5': 0.0}, {'step': 8, 'tokens': 8, 'top1': 0.0, 'top5': 0.125}, {'step': 9, 'tokens': 8, 'top1': 0.0, 'top5': 0.125}, {'step': 10, 'tokens': 8, 'top1': 0.0, 'top5': 0.0}, {'step': 11, 'tokens': 8, 'top1': 0.0, 'top5': 0.0}, {'step': 12, 'tokens': 8, 'top1': 0.0, 'top5': 0.0}, {'step': 13, 'tokens': 8, 'top1': 0.125, 'top5': 0.125}, {'step': 14, 'tokens': 8, 'top1': 0.0, 'top5': 0.25}]
[36m(SpecoWorker pid=67347)[0m INFO:2026-09-19 11:35:28,552:[drafter loss] step=1 optimizer_step_total=5 lr=1.000e-05 loss=5.0606 vloss=0.0000 ploss=5.0606
[36m(SpecoVLLMHttpServer pid=66274)[0m (Worker_TP1 pid=66954) WARNING:2026-09-19 11:35:34,692:[speco draft wake_up] drafter state restored after level-2 wake_up (66 tensors, revision=4)
[36m(SpecoVLLMHttpServer pid=66274)[0m (Worker_TP0 pid=66953) WARNING:2026-09-19 11:35:34,703:[speco draft wake_up] drafter state restored after level-2 wake_up (66 tensors, revision=4)
[36m(SpecoWorker pid=67348)[0m WARNING:2026-09-19 11:35:28,267:[drafter logits quality] valid_tokens=120 top1_acc=0.100000 top5_acc=0.225000 local_ploss_sum=276.170959 local_tokens=120 per_step=[{'step': 0, 'tokens': 8, 'top1': 0.625, 'top5': 0.875}, {'step': 1, 'tokens': 8, 'top1': 0.5, 'top5': 0.75}, {'step': 2, 'tokens': 8, 'top1': 0.125, 'top5': 0.625}, {'step': 3, 'tokens': 8, 'top1': 0.125, 'top5': 0.25}, {'step': 4, 'tokens': 8, 'top1': 0.0, 'top5': 0.125}, {'step': 5, 'tokens': 8, 'top1': 0.125, 'top5': 0.25}, {'step': 6, 'tokens': 8, 'top1': 0.0, 'top5': 0.0}, {'step': 7, 'tokens': 8, 'top1': 0.0, 'top5': 0.0}, {'step': 8, 'tokens': 8, 'top1': 0.0, 'top5': 0.125}, {'step': 9, 'tokens': 8, 'top1': 0.0, 'top5': 0.125}, {'step': 10, 'tokens': 8, 'top1': 0.0, 'top5': 0.0}, {'step': 11, 'tokens': 8, 'top1': 0.0, 'top5': 0.0}, {'step': 12, 'tokens': 8, 'top1': 0.0, 'top5': 0.0}, {'step': 13, 'tokens': 8, 'top1': 0.0, 'top5': 0.0}, {'step': 14, 'tokens': 8, 'top1': 0.0, 'top5': 0.25}]
[36m(SpecoWorker pid=67347)[0m WARNING:2026-09-19 11:35:47,854:[speco publish reclaim] role=producer global_steps=5 num_weights=58 payload_cleared=1 allocator=glibc action=malloc_trim heap_trimmed=True elapsed_sec=0.239 memory_before=(rss_gib=11.03 anon_gib=5.72 rss_shmem_gib=2.80 node_unavailable_gib=223.22 available_gib=280.27 cached_gib=297.55 node_shmem_gib=41.55 dev_shm_used_gib=0.07 dirty_gib=49.15 writeback_gib=0.02) memory_after=(rss_gib=10.43 anon_gib=5.12 rss_shmem_gib=2.80 node_unavailable_gib=222.64 available_gib=280.84 cached_gib=297.55 node_shmem_gib=41.55 dev_shm_used_gib=0.07 dirty_gib=49.15 writeback_gib=0.02)
[36m(SpecoTaskRunner pid=65789)[0m Training Progress:  25%|██▌       | 5/20 [16:28<28:07, 112.53s/it]

[36m(SpecoTaskRunner pid=65789)[0m step:5 - global_seqlen/min:176 - global_seqlen/max:178 - global_seqlen/minmax_diff:2 - global_seqlen/balanced_min:177 - global_seqlen/balanced_max:177 - global_seqlen/mean:177.0 - actor/entropy:0.0 - perf/mfu/actor_infer:0.009679543110116116 - training/rollout_probs_diff_valid:1 - training/rollout_probs_diff_max:0.12262412905693054 - training/rollout_probs_diff_mean:0.007985941134393215 - training/rollout_probs_diff_std:0.020750511437654495 - training/rollout_actor_probs_pearson_corr:0.9947075247764587 - rollout_corr/training_ppl:1.1963398456573486 - rollout_corr/training_log_ppl:0.17750203609466553 - rollout_corr/kl:0.0003169950796291232 - rollout_corr/k3_kl:0.0010712079238146544 - rollout_corr/rollout_ppl:1.196024775505066 - rollout_corr/rollout_log_ppl:0.17718505859375 - rollout_corr/log_ppl_diff:0.00031699612736701965 - rollout_corr/log_ppl_abs_diff:0.0019505880773067474 - rollout_corr/log_ppl_diff_max:0.0035648345947265625 - rollout_corr/log_ppl_diff_min:-0.0031961649656295776 - rollout_corr/ppl_ratio:1.0003199577331543 - rollout_corr/chi2_token:0.0036867856979370117 - rollout_corr/chi2_seq:0.007858514785766602 - actor/pg_clipfrac:np.float64(0.0) - actor/ppo_kl:np.float64(0.0) - actor/pg_clipfrac_lower:np.float64(0.0) - actor/pg_loss:np.float64(0.0) - actor/loss:np.float64(0.0) - actor/grad_norm:np.float64(0.0) - actor/lr:np.float64(1e-06) - actor/perf/max_memory_allocated_gb:np.float64(28.541846752166748) - actor/perf/max_memory_reserved_gb:np.float64(37.9921875) - actor/perf/cpu_memory_used_gb:np.float64(224.87807083129883) - perf/mfu/actor:np.float64(0.010273959023501887) - drafter/raw_drafter_samples:np.float64(4.0) - drafter/collected_samples:np.float64(2.0) - drafter/collect_interval_matched:np.float64(1.0) - drafter/collection_plan_used:np.float64(1.0) - drafter/collection_plan_collect:np.float64(1.0) - drafter/collection_plan_reason:np.float64(7.0) - drafter/collection_plan_source:np.float64(2.0) - drafter/collection_plan_interval_matched:np.float64(1.0) - drafter/collection_plan_training_interval_matched:np.float64(1.0) - drafter/collection_attempted:np.float64(1.0) - drafter/collection_completed:np.float64(1.0) - drafter/collection_outcome_reason:np.float64(1.0) - drafter/collection_rejected_samples:np.float64(0.0) - drafter/collection_worker_results:np.float64(1.0) - drafter/collection_finalized:np.float64(1.0) - drafter/collection_expired_stages:np.float64(0.0) - timing_s/drafter_collection_rpc:np.float64(0.03594565399544081) - drafter/scheduler_used:np.float64(1.0) - drafter/schedule_launch:np.float64(1.0) - drafter/schedule_interval_matched:np.float64(1.0) - drafter/schedule_strategy:np.float64(0.0) - drafter/schedule_reason:np.float64(10.0) - drafter/target_lm_head_apply_deferred:np.float64(1.0) - drafter/target_lm_head_selected_rows:np.float64(0.0) - drafter/target_lm_head_source_vocab_size:np.float64(0.0) - drafter/target_lm_head_direct_sparse_export:np.float64(0.0) - timing_s/drafter_sync_target_lm_head_fetch:np.float64(3.8431266639963724) - timing_s/drafter_sync_target_lm_head_dispatch:np.float64(1.1414867130006314) - drafter/train_interval_matched:np.float64(1.0) - drafter/target_lm_head_synced:np.float64(1.0) - timing_s/drafter_sync_target_lm_head:np.float64(4.988043944998935) - timing_s/drafter_sync_target_lm_head_apply:np.float64(1.1416387450008187) - timing_s/drafter_sync_target_lm_head_wait:np.float64(0.00015203200018731877) - timing_s/drafter_sync_target_lm_head_overlap_window:np.float64(6.57376459200168) - drafter/trained:np.float64(1.0) - drafter/train_successful_steps_max:np.int64(1) - drafter/train_no_trainable_batch:np.float64(0.0) - drafter/train_activation_failed:np.float64(0.0) - drafter/train_attempted_batches_max:np.int64(1) - drafter/train_buffer_size_before_min:np.int64(2) - drafter/train_buffer_size_after_min:np.int64(0) - drafter/train_optimizer_step_max:np.int64(5) - drafter/train_worker_results_consistent:np.float64(1.0) - drafter/train_worker_ids_consistent:np.float64(1.0) - drafter/train_worker_incarnations_consistent:np.float64(1.0) - drafter/train_plan_ids_consistent:np.float64(1.0) - drafter/train_source_steps_consistent:np.float64(1.0) - drafter/train_data_versions_consistent:np.float64(1.0) - drafter/train_target_versions_consistent:np.float64(1.0) - drafter/train_successful_steps_consistent:np.float64(1.0) - drafter/train_optimizer_steps_consistent:np.float64(1.0) - drafter/train_publish_leader_count:np.float64(1.0) - drafter/train_publish_leader_snapshot_ready:np.float64(1.0) - timing_s/drafter_prepare_batch:np.float64(0.002722024917602539) - timing_s/drafter_forward_loss:np.float64(0.1631791591644287) - timing_s/drafter_reduce_loss:np.float64(0.0010869503021240234) - timing_s/drafter_backward:np.float64(0.0367732048034668) - timing_s/drafter_optimizer:np.float64(0.21563959121704102) - timing_s/drafter_publish_snapshot:np.float64(2.2869679927825928) - timing_s/drafter_worker_training_loop:np.float64(0.986015796661377) - timing_s/drafter_worker_cleanup:np.float64(4.870502710342407) - timing_s/drafter_worker_elapsed:np.float64(5.31511378288269) - timing_s/drafter_train_rpc:np.float64(6.531238312003552) - drafter/runtime_state:np.float64(3.0) - drafter/runtime_completed_batches:np.float64(1.0) - drafter/runtime_inflight:np.float64(0.0) - timing_s/drafter_runtime_batch_average:np.float64(6.531238312003552) - timing_s/drafter_outer_unaccounted:np.float64(0.008589592995122075) - drafter/publish_attempted:np.float64(1.0) - drafter/published:np.float64(1.0) - timing_s/drafter_publish_wait_pending:np.float64(1.4320030459202826e-06) - timing_s/drafter_publish_fetch_snapshot:np.float64(10.243753620998177) - timing_s/drafter_publish_update_weights:np.float64(0.0014542920034728013) - training/global_step:5 - training/epoch:0 - critic/score/mean:0.0 - critic/score/max:0.0 - critic/score/min:0.0 - critic/rewards/mean:0.0 - critic/rewards/max:0.0 - critic/rewards/min:0.0 - critic/advantages/mean:0.0 - critic/advantages/max:0.0 - critic/advantages/min:0.0 - critic/returns/mean:0.0 - critic/returns/max:0.0 - critic/returns/min:0.0 - response_length/mean:64.0 - response_length/max:64.0 - response_length/min:64.0 - response_length/clip_ratio:1.0 - response_length_non_aborted/mean:64.0 - response_length_non_aborted/max:64.0 - response_length_non_aborted/min:64.0 - response_length_non_aborted/clip_ratio:1.0 - response/aborted_ratio:0.0 - prompt_length/mean:24.5 - prompt_length/max:25.0 - prompt_length/min:24.0 - prompt_length/clip_ratio:0.0 - num_turns/min:np.int32(2) - num_turns/max:np.int32(2) - num_turns/mean:np.float64(2.0) - timing_s/start_profile:0.000174524997419212 - timing_s/agent_loop/num_preempted/min:np.int64(-1) - timing_s/agent_loop/num_preempted/max:np.int64(-1) - timing_s/agent_loop/num_preempted/mean:np.float64(-1.0) - timing_s/agent_loop/generate_sequences/min:np.float64(0.7372798720025457) - timing_s/agent_loop/generate_sequences/max:np.float64(0.9568314069983899) - timing_s/agent_loop/generate_sequences/mean:np.float64(0.8541507494992402) - timing_s/agent_loop/tool_calls/min:np.float64(0.0) - timing_s/agent_loop/tool_calls/max:np.float64(0.0) - timing_s/agent_loop/tool_calls/mean:np.float64(0.0) - timing_s/agent_loop/compute_score/min:np.float64(0.00913716500508599) - timing_s/agent_loop/compute_score/max:np.float64(0.152630409997073) - timing_s/agent_loop/compute_score/mean:np.float64(0.04734990649740212) - timing_s/agent_loop/slowest/generate_sequences:np.float64(0.9568314069983899) - timing_s/agent_loop/slowest/tool_calls:np.float64(0.0) - timing_s/agent_loop/slowest/compute_score:np.float64(0.152630409997073) - timing_s/agent_loop/slowest/num_preempted:np.int64(-1) - timing_s/agent_loop/slowest/prompt_length:24 - timing_s/agent_loop/slowest/response_length:64 - timing_s/gen:7.3364761659977376 - timing_s/reward:2.4780005333013833e-05 - timing_s/old_log_prob:3.2886848369962536 - timing_s/adv:0.0035951729951193556 - timing_s/update_actor:6.573784723004792 - timing_s/drafter:11.52787184999761 - drafter/spec_decode/mean_acceptance_length:2.3551401869158877 - timing_s/update_weights:14.421803169003397 - timing_s/step:43.15832475999923 - timing_s/stop_profile:0.00013969499559607357 - timing_per_token_ms/adv:0.010155855918416258 - timing_per_token_ms/update_actor:18.570013341821443 - timing_per_token_ms/gen:28.658110023428662 - perf/total_num_tokens:354 - perf/time_per_step:43.15832475999923 - perf/throughput:4.101178648251201[36m(WorkerDict pid=65997)[0m WARNING:2026-09-19 11:35:50,151:[speco publish materialize] async=True global_steps=5 elapsed_sec=2.289 num_weights=58
[36m(SpecoVLLMHttpServer pid=66274)[0m (Worker_TP0 pid=66953) WARNING:2026-09-19 11:35:50,595:[speco draft ipc] streamed 58 translated weights in 1 buckets into DFlashQwen3Model (method=dflash), first 5 keys: ['fc.weight', 'hidden_norm.weight', 'layers.0.self_attn.q_proj.weight', 'layers.0.self_attn.k_proj.weight', 'layers.0.self_attn.v_proj.weight']
[36m(SpecoVLLMHttpServer pid=66274)[0m (Worker_TP0 pid=66953) WARNING:2026-09-19 11:35:50,600:SPECO committed online drafter revision=5 loaded_params=58
[36m(SpecoVLLMHttpServer pid=66274)[0m (Worker_TP1 pid=66954) WARNING:2026-09-19 11:35:50,700:[speco draft ipc] streamed 58 translated weights in 1 buckets into DFlashQwen3Model (method=dflash), first 5 keys: ['fc.weight', 'hidden_norm.weight', 'layers.0.self_attn.q_proj.weight', 'layers.0.self_attn.k_proj.weight', 'layers.0.self_attn.v_proj.weight']
[36m(SpecoVLLMHttpServer pid=66274)[0m (Worker_TP1 pid=66954) WARNING:2026-09-19 11:35:50,706:SPECO committed online drafter revision=5 loaded_params=58
[36m(WorkerDict pid=65997)[0m WARNING:2026-09-19 11:35:51,640:[speco publish reclaim] role=consumer async=True global_steps=5 num_weights=58 payload_cleared=1 allocator=glibc action=malloc_trim heap_trimmed=True elapsed_sec=0.430 memory_before=(rss_gib=19.90 anon_gib=6.62 rss_shmem_gib=10.58 node_unavailable_gib=222.69 available_gib=280.80 cached_gib=297.61 node_shmem_gib=41.55 dev_shm_used_gib=0.07 dirty_gib=49.10 writeback_gib=0.03) memory_after=(rss_gib=19.04 anon_gib=5.76 rss_shmem_gib=10.58 node_unavailable_gib=220.80 available_gib=282.68 cached_gib=297.61 node_shmem_gib=41.55 dev_shm_used_gib=0.07 dirty_gib=49.09 writeback_gib=0.04)
[36m(SpecoVLLMHttpServer pid=66274)[0m (Worker_TP1 pid=66954) WARNING:2026-09-19 11:35:53,190:[speco draft sleep] drafter state saved before level-2 sleep (66 tensors)
[36m(SpecoVLLMHttpServer pid=66274)[0m (Worker_TP0 pid=66953) WARNING:2026-09-19 11:35:53,298:[speco draft sleep] drafter state saved before level-2 sleep (66 tensors)
[36m(SpecoWorker pid=67348)[0m WARNING:2026-09-19 11:36:09,644:[drafter logits quality] valid_tokens=120 top1_acc=0.133333 top5_acc=0.325000 local_ploss_sum=246.743042 local_tokens=120 per_step=[{'step': 0, 'tokens': 8, 'top1': 0.5, 'top5': 0.75}, {'step': 1, 'tokens': 8, 'top1': 0.5, 'top5': 0.625}, {'step': 2, 'tokens': 8, 'top1': 0.25, 'top5': 0.375}, {'step': 3, 'tokens': 8, 'top1': 0.25, 'top5': 0.375}, {'step': 4, 'tokens': 8, 'top1': 0.125, 'top5': 0.625}, {'step': 5, 'tokens': 8, 'top1': 0.0, 'top5': 0.25}, {'step': 6, 'tokens': 8, 'top1': 0.0, 'top5': 0.25}, {'step': 7, 'tokens': 8, 'top1': 0.125, 'top5': 0.375}, {'step': 8, 'tokens': 8, 'top1': 0.0, 'top5': 0.25}, {'step': 9, 'tokens': 8, 'top1': 0.0, 'top5': 0.375}, {'step': 10, 'tokens': 8, 'top1': 0.125, 'top5': 0.25}, {'step': 11, 'tokens': 8, 'top1': 0.0, 'top5': 0.125}, {'step': 12, 'tokens': 8, 'top1': 0.0, 'top5': 0.0}, {'step': 13, 'tokens': 8, 'top1': 0.0, 'top5': 0.125}, {'step': 14, 'tokens': 8, 'top1': 0.125, 'top5': 0.125}]
[36m(SpecoWorker pid=67347)[0m INFO:2026-09-19 11:36:10,581:[drafter loss] step=1 optimizer_step_total=6 lr=1.000e-05 loss=4.0855 vloss=0.0000 ploss=4.0855
[36m(SpecoVLLMHttpServer pid=66274)[0m (Worker_TP1 pid=66954) WARNING:2026-09-19 11:36:16,473:[speco draft wake_up] drafter state restored after level-2 wake_up (66 tensors, revision=5)
[36m(SpecoVLLMHttpServer pid=66274)[0m (Worker_TP0 pid=66953) WARNING:2026-09-19 11:36:16,487:[speco draft wake_up] drafter state restored after level-2 wake_up (66 tensors, revision=5)
[36m(SpecoWorker pid=67347)[0m WARNING:2026-09-19 11:36:09,645:[drafter logits quality] valid_tokens=120 top1_acc=0.158333 top5_acc=0.416667 local_ploss_sum=186.689301 local_tokens=120 per_step=[{'step': 0, 'tokens': 8, 'top1': 0.625, 'top5': 1.0}, {'step': 1, 'tokens': 8, 'top1': 0.5, 'top5': 0.75}, {'step': 2, 'tokens': 8, 'top1': 0.25, 'top5': 0.5}, {'step': 3, 'tokens': 8, 'top1': 0.25, 'top5': 0.5}, {'step': 4, 'tokens': 8, 'top1': 0.125, 'top5': 0.5}, {'step': 5, 'tokens': 8, 'top1': 0.0, 'top5': 0.25}, {'step': 6, 'tokens': 8, 'top1': 0.125, 'top5': 0.5}, {'step': 7, 'tokens': 8, 'top1': 0.125, 'top5': 0.375}, {'step': 8, 'tokens': 8, 'top1': 0.0, 'top5': 0.625}, {'step': 9, 'tokens': 8, 'top1': 0.125, 'top5': 0.375}, {'step': 10, 'tokens': 8, 'top1': 0.25, 'top5': 0.375}, {'step': 11, 'tokens': 8, 'top1': 0.0, 'top5': 0.125}, {'step': 12, 'tokens': 8, 'top1': 0.0, 'top5': 0.125}, {'step': 13, 'tokens': 8, 'top1': 0.0, 'top5': 0.125}, {'step': 14, 'tokens': 8, 'top1': 0.0, 'top5': 0.125}]
[36m(SpecoTaskRunner pid=65789)[0m Training Progress:  30%|███       | 6/20 [17:40<23:01, 98.68s/it] 

[36m(SpecoTaskRunner pid=65789)[0m step:6 - global_seqlen/min:176 - global_seqlen/max:176 - global_seqlen/minmax_diff:0 - global_seqlen/balanced_min:176 - global_seqlen/balanced_max:176 - global_seqlen/mean:176.0 - actor/entropy:0.0 - perf/mfu/actor_infer:0.010040431363033684 - training/rollout_probs_diff_valid:1 - training/rollout_probs_diff_max:0.17203885316848755 - training/rollout_probs_diff_mean:0.005224864464253187 - training/rollout_probs_diff_std:0.017344046384096146 - training/rollout_actor_probs_pearson_corr:0.9970099925994873 - rollout_corr/training_ppl:1.2384589910507202 - rollout_corr/training_log_ppl:0.2089977115392685 - rollout_corr/kl:0.006597359199076891 - rollout_corr/k3_kl:0.0020018008071929216 - rollout_corr/rollout_ppl:1.2301119565963745 - rollout_corr/rollout_log_ppl:0.20240037143230438 - rollout_corr/log_ppl_diff:0.006597356870770454 - rollout_corr/log_ppl_abs_diff:0.006597356870770454 - rollout_corr/log_ppl_diff_max:0.00954526662826538 - rollout_corr/log_ppl_diff_min:0.004613772034645081 - rollout_corr/ppl_ratio:1.006621241569519 - rollout_corr/chi2_token:-0.0052834153175354 - rollout_corr/chi2_seq:-0.5557506680488586 - actor/pg_clipfrac:np.float64(0.0) - actor/ppo_kl:np.float64(0.0) - actor/pg_clipfrac_lower:np.float64(0.0) - actor/pg_loss:np.float64(0.0) - actor/loss:np.float64(0.0) - actor/grad_norm:np.float64(0.0) - actor/lr:np.float64(1e-06) - actor/perf/max_memory_allocated_gb:np.float64(28.541846752166748) - actor/perf/max_memory_reserved_gb:np.float64(37.9921875) - actor/perf/cpu_memory_used_gb:np.float64(225.14036560058594) - perf/mfu/actor:np.float64(0.010089535038148956) - drafter/raw_drafter_samples:np.float64(4.0) - drafter/collected_samples:np.float64(2.0) - drafter/collect_interval_matched:np.float64(1.0) - drafter/collection_plan_used:np.float64(1.0) - drafter/collection_plan_collect:np.float64(1.0) - drafter/collection_plan_reason:np.float64(7.0) - drafter/collection_plan_source:np.float64(2.0) - drafter/collection_plan_interval_matched:np.float64(1.0) - drafter/collection_plan_training_interval_matched:np.float64(1.0) - drafter/collection_attempted:np.float64(1.0) - drafter/collection_completed:np.float64(1.0) - drafter/collection_outcome_reason:np.float64(1.0) - drafter/collection_rejected_samples:np.float64(0.0) - drafter/collection_worker_results:np.float64(1.0) - drafter/collection_finalized:np.float64(1.0) - drafter/collection_expired_stages:np.float64(0.0) - timing_s/drafter_collection_rpc:np.float64(0.022171696997247636) - drafter/scheduler_used:np.float64(1.0) - drafter/schedule_launch:np.float64(1.0) - drafter/schedule_interval_matched:np.float64(1.0) - drafter/schedule_strategy:np.float64(0.0) - drafter/schedule_reason:np.float64(10.0) - drafter/target_lm_head_apply_deferred:np.float64(1.0) - drafter/target_lm_head_selected_rows:np.float64(0.0) - drafter/target_lm_head_source_vocab_size:np.float64(0.0) - drafter/target_lm_head_direct_sparse_export:np.float64(0.0) - timing_s/drafter_sync_target_lm_head_fetch:np.float64(3.6828185810009018) - timing_s/drafter_sync_target_lm_head_dispatch:np.float64(1.1732763449981576) - drafter/train_interval_matched:np.float64(1.0) - drafter/target_lm_head_synced:np.float64(1.0) - timing_s/drafter_sync_target_lm_head:np.float64(4.8590226610031095) - timing_s/drafter_sync_target_lm_head_apply:np.float64(1.173609398996632) - timing_s/drafter_sync_target_lm_head_wait:np.float64(0.00033305399847449735) - timing_s/drafter_sync_target_lm_head_overlap_window:np.float64(6.641309671998897) - drafter/trained:np.float64(1.0) - drafter/train_successful_steps_max:np.int64(1) - drafter/train_no_trainable_batch:np.float64(0.0) - drafter/train_activation_failed:np.float64(0.0) - drafter/train_attempted_batches_max:np.int64(1) - drafter/train_buffer_size_before_min:np.int64(2) - drafter/train_buffer_size_after_min:np.int64(0) - drafter/train_optimizer_step_max:np.int64(6) - drafter/train_worker_results_consistent:np.float64(1.0) - drafter/train_worker_ids_consistent:np.float64(1.0) - drafter/train_worker_incarnations_consistent:np.float64(1.0) - drafter/train_plan_ids_consistent:np.float64(1.0) - drafter/train_source_steps_consistent:np.float64(1.0) - drafter/train_data_versions_consistent:np.float64(1.0) - drafter/train_target_versions_consistent:np.float64(1.0) - drafter/train_successful_steps_consistent:np.float64(1.0) - drafter/train_optimizer_steps_consistent:np.float64(1.0) - drafter/train_publish_leader_count:np.float64(1.0) - drafter/train_publish_leader_snapshot_ready:np.float64(1.0) - timing_s/drafter_prepare_batch:np.float64(0.00571894645690918) - timing_s/drafter_forward_loss:np.float64(0.8252890110015869) - timing_s/drafter_reduce_loss:np.float64(0.0020151138305664062) - timing_s/drafter_backward:np.float64(0.0462641716003418) - timing_s/drafter_optimizer:np.float64(0.20989084243774414) - timing_s/drafter_publish_snapshot:np.float64(2.4261815547943115) - timing_s/drafter_worker_training_loop:np.float64(1.096853494644165) - timing_s/drafter_worker_cleanup:np.float64(4.491850852966309) - timing_s/drafter_worker_elapsed:np.float64(5.6122047901153564) - timing_s/drafter_train_rpc:np.float64(6.7640979850039) - drafter/runtime_state:np.float64(3.0) - drafter/runtime_completed_batches:np.float64(1.0) - drafter/runtime_inflight:np.float64(0.0) - timing_s/drafter_runtime_batch_average:np.float64(6.7640979850039) - timing_s/drafter_outer_unaccounted:np.float64(0.006874887993035372) - drafter/publish_attempted:np.float64(1.0) - drafter/published:np.float64(1.0) - timing_s/drafter_publish_wait_pending:np.float64(4.588000592775643e-06) - timing_s/drafter_publish_fetch_snapshot:np.float64(41.13654259399482) - timing_s/drafter_publish_update_weights:np.float64(0.0009370939951622859) - training/global_step:6 - training/epoch:0 - critic/score/mean:0.0 - critic/score/max:0.0 - critic/score/min:0.0 - critic/rewards/mean:0.0 - critic/rewards/max:0.0 - critic/rewards/min:0.0 - critic/advantages/mean:0.0 - critic/advantages/max:0.0 - critic/advantages/min:0.0 - critic/returns/mean:0.0 - critic/returns/max:0.0 - critic/returns/min:0.0 - response_length/mean:64.0 - response_length/max:64.0 - response_length/min:64.0 - response_length/clip_ratio:1.0 - response_length_non_aborted/mean:64.0 - response_length_non_aborted/max:64.0 - response_length_non_aborted/min:64.0 - response_length_non_aborted/clip_ratio:1.0 - response/aborted_ratio:0.0 - prompt_length/mean:24.0 - prompt_length/max:24.0 - prompt_length/min:24.0 - prompt_length/clip_ratio:0.0 - num_turns/min:np.int32(2) - num_turns/max:np.int32(2) - num_turns/mean:np.float64(2.0) - timing_s/start_profile:0.00011806900147348642 - timing_s/agent_loop/num_preempted/min:np.int64(-1) - timing_s/agent_loop/num_preempted/max:np.int64(-1) - timing_s/agent_loop/num_preempted/mean:np.float64(-1.0) - timing_s/agent_loop/generate_sequences/min:np.float64(0.7965852240013191) - timing_s/agent_loop/generate_sequences/max:np.float64(0.9379286359981052) - timing_s/agent_loop/generate_sequences/mean:np.float64(0.8464441899996018) - timing_s/agent_loop/tool_calls/min:np.float64(0.0) - timing_s/agent_loop/tool_calls/max:np.float64(0.0) - timing_s/agent_loop/tool_calls/mean:np.float64(0.0) - timing_s/agent_loop/compute_score/min:np.float64(0.009663379001722205) - timing_s/agent_loop/compute_score/max:np.float64(0.013018897996516898) - timing_s/agent_loop/compute_score/mean:np.float64(0.011444020499766339) - timing_s/agent_loop/slowest/generate_sequences:np.float64(0.9379286359981052) - timing_s/agent_loop/slowest/tool_calls:np.float64(0.0) - timing_s/agent_loop/slowest/compute_score:np.float64(0.010918681997281965) - timing_s/agent_loop/slowest/num_preempted:np.int64(-1) - timing_s/agent_loop/slowest/prompt_length:24 - timing_s/agent_loop/slowest/response_length:64 - timing_s/gen:5.704064954006753 - timing_s/reward:2.6166002498939633e-05 - timing_s/old_log_prob:3.250939304001804 - timing_s/adv:0.0012392400021781214 - timing_s/update_actor:6.64133644499816 - timing_s/drafter:11.629995534000045 - drafter/spec_decode/mean_acceptance_length:2.3425925925925926 - timing_s/update_weights:44.55506443700142 - timing_s/step:71.78755210999952 - timing_s/stop_profile:7.08150037098676e-05 - timing_per_token_ms/adv:0.0035205681880060265 - timing_per_token_ms/update_actor:18.867433082381137 - timing_per_token_ms/gen:22.28150372658888 - perf/total_num_tokens:352 - perf/time_per_step:71.78755210999952 - perf/throughput:2.451678526805267[36m(SpecoWorker pid=67347)[0m WARNING:2026-09-19 11:36:59,653:[speco publish reclaim] role=producer global_steps=6 num_weights=58 payload_cleared=1 allocator=glibc action=malloc_trim heap_trimmed=True elapsed_sec=0.229 memory_before=(rss_gib=11.02 anon_gib=5.71 rss_shmem_gib=2.80 node_unavailable_gib=222.35 available_gib=281.14 cached_gib=296.84 node_shmem_gib=41.55 dev_shm_used_gib=0.07 dirty_gib=47.55 writeback_gib=0.01) memory_after=(rss_gib=10.45 anon_gib=5.14 rss_shmem_gib=2.80 node_unavailable_gib=221.77 available_gib=281.72 cached_gib=296.84 node_shmem_gib=41.55 dev_shm_used_gib=0.07 dirty_gib=47.56 writeback_gib=0.01)
[36m(WorkerDict pid=65997)[0m WARNING:2026-09-19 11:37:01,981:[speco publish materialize] async=True global_steps=6 elapsed_sec=2.322 num_weights=58
[36m(SpecoVLLMHttpServer pid=66274)[0m (Worker_TP1 pid=66954) WARNING:2026-09-19 11:37:04,007:[speco draft ipc] streamed 58 translated weights in 1 buckets into DFlashQwen3Model (method=dflash), first 5 keys: ['fc.weight', 'hidden_norm.weight', 'layers.0.self_attn.q_proj.weight', 'layers.0.self_attn.k_proj.weight', 'layers.0.self_attn.v_proj.weight']
[36m(SpecoVLLMHttpServer pid=66274)[0m (Worker_TP1 pid=66954) WARNING:2026-09-19 11:37:04,010:SPECO committed online drafter revision=6 loaded_params=58
[36m(SpecoVLLMHttpServer pid=66274)[0m (Worker_TP0 pid=66953) WARNING:2026-09-19 11:37:04,014:[speco draft ipc] streamed 58 translated weights in 1 buckets into DFlashQwen3Model (method=dflash), first 5 keys: ['fc.weight', 'hidden_norm.weight', 'layers.0.self_attn.q_proj.weight', 'layers.0.self_attn.k_proj.weight', 'layers.0.self_attn.v_proj.weight']
[36m(SpecoVLLMHttpServer pid=66274)[0m (Worker_TP0 pid=66953) WARNING:2026-09-19 11:37:04,020:SPECO committed online drafter revision=6 loaded_params=58
[36m(WorkerDict pid=65997)[0m WARNING:2026-09-19 11:37:05,239:[speco publish reclaim] role=consumer async=True global_steps=6 num_weights=58 payload_cleared=1 allocator=glibc action=malloc_trim heap_trimmed=True elapsed_sec=0.426 memory_before=(rss_gib=19.64 anon_gib=6.37 rss_shmem_gib=10.58 node_unavailable_gib=223.08 available_gib=280.41 cached_gib=296.95 node_shmem_gib=41.55 dev_shm_used_gib=0.07 dirty_gib=47.53 writeback_gib=0.02) memory_after=(rss_gib=19.04 anon_gib=5.76 rss_shmem_gib=10.58 node_unavailable_gib=222.05 available_gib=281.43 cached_gib=296.97 node_shmem_gib=41.55 dev_shm_used_gib=0.07 dirty_gib=47.48 writeback_gib=0.07)
[36m(SpecoVLLMHttpServer pid=66274)[0m (Worker_TP1 pid=66954) WARNING:2026-09-19 11:37:06,804:[speco draft sleep] drafter state saved before level-2 sleep (66 tensors)
[36m(SpecoVLLMHttpServer pid=66274)[0m (Worker_TP0 pid=66953) WARNING:2026-09-19 11:37:06,914:[speco draft sleep] drafter state saved before level-2 sleep (66 tensors)
[36m(SpecoWorker pid=67347)[0m WARNING:2026-09-19 11:37:23,731:[drafter logits quality] valid_tokens=120 top1_acc=0.208333 top5_acc=0.408333 local_ploss_sum=181.871246 local_tokens=120 per_step=[{'step': 0, 'tokens': 8, 'top1': 0.625, 'top5': 1.0}, {'step': 1, 'tokens': 8, 'top1': 0.5, 'top5': 1.0}, {'step': 2, 'tokens': 8, 'top1': 0.25, 'top5': 0.625}, {'step': 3, 'tokens': 8, 'top1': 0.25, 'top5': 0.5}, {'step': 4, 'tokens': 8, 'top1': 0.375, 'top5': 0.75}, {'step': 5, 'tokens': 8, 'top1': 0.375, 'top5': 0.5}, {'step': 6, 'tokens': 8, 'top1': 0.25, 'top5': 0.5}, {'step': 7, 'tokens': 8, 'top1': 0.25, 'top5': 0.375}, {'step': 8, 'tokens': 8, 'top1': 0.0, 'top5': 0.125}, {'step': 9, 'tokens': 8, 'top1': 0.125, 'top5': 0.125}, {'step': 10, 'tokens': 8, 'top1': 0.0, 'top5': 0.125}, {'step': 11, 'tokens': 8, 'top1': 0.0, 'top5': 0.125}, {'step': 12, 'tokens': 8, 'top1': 0.0, 'top5': 0.125}, {'step': 13, 'tokens': 8, 'top1': 0.0, 'top5': 0.0}, {'step': 14, 'tokens': 8, 'top1': 0.125, 'top5': 0.25}]
[36m(SpecoWorker pid=67347)[0m INFO:2026-09-19 11:37:24,014:[drafter loss] step=1 optimizer_step_total=7 lr=1.000e-05 loss=3.7090 vloss=0.0000 ploss=3.7090
[36m(SpecoVLLMHttpServer pid=66274)[0m (Worker_TP1 pid=66954) WARNING:2026-09-19 11:37:30,528:[speco draft wake_up] drafter state restored after level-2 wake_up (66 tensors, revision=6)
[36m(SpecoVLLMHttpServer pid=66274)[0m (Worker_TP0 pid=66953) WARNING:2026-09-19 11:37:30,543:[speco draft wake_up] drafter state restored after level-2 wake_up (66 tensors, revision=6)
[36m(SpecoWorker pid=67348)[0m WARNING:2026-09-19 11:37:23,731:[drafter logits quality] valid_tokens=120 top1_acc=0.200000 top5_acc=0.416667 local_ploss_sum=211.610962 local_tokens=120 per_step=[{'step': 0, 'tokens': 8, 'top1': 0.75, 'top5': 0.875}, {'step': 1, 'tokens': 8, 'top1': 0.375, 'top5': 0.875}, {'step': 2, 'tokens': 8, 'top1': 0.125, 'top5': 0.625}, {'step': 3, 'tokens': 8, 'top1': 0.25, 'top5': 0.375}, {'step': 4, 'tokens': 8, 'top1': 0.375, 'top5': 0.875}, {'step': 5, 'tokens': 8, 'top1': 0.25, 'top5': 0.375}, {'step': 6, 'tokens': 8, 'top1': 0.125, 'top5': 0.25}, {'step': 7, 'tokens': 8, 'top1': 0.25, 'top5': 0.5}, {'step': 8, 'tokens': 8, 'top1': 0.0, 'top5': 0.25}, {'step': 9, 'tokens': 8, 'top1': 0.125, 'top5': 0.25}, {'step': 10, 'tokens': 8, 'top1': 0.125, 'top5': 0.25}, {'step': 11, 'tokens': 8, 'top1': 0.0, 'top5': 0.25}, {'step': 12, 'tokens': 8, 'top1': 0.0, 'top5': 0.125}, {'step': 13, 'tokens': 8, 'top1': 0.0, 'top5': 0.0}, {'step': 14, 'tokens': 8, 'top1': 0.25, 'top5': 0.375}]
[36m(SpecoWorker pid=67347)[0m WARNING:2026-09-19 11:37:55,152:[speco publish reclaim] role=producer global_steps=7 num_weights=58 payload_cleared=1 allocator=glibc action=malloc_trim heap_trimmed=True elapsed_sec=0.215 memory_before=(rss_gib=11.00 anon_gib=5.69 rss_shmem_gib=2.80 node_unavailable_gib=220.40 available_gib=283.08 cached_gib=298.26 node_shmem_gib=41.56 dev_shm_used_gib=0.07 dirty_gib=47.38 writeback_gib=0.04) memory_after=(rss_gib=10.43 anon_gib=5.12 rss_shmem_gib=2.80 node_unavailable_gib=219.85 available_gib=283.64 cached_gib=298.26 node_shmem_gib=41.56 dev_shm_used_gib=0.07 dirty_gib=47.38 writeback_gib=0.02)
[36m(SpecoTaskRunner pid=65789)[0m Training Progress:  35%|███▌      | 7/20 [18:35<18:19, 84.56s/it]

[36m(SpecoTaskRunner pid=65789)[0m step:7 - global_seqlen/min:176 - global_seqlen/max:178 - global_seqlen/minmax_diff:2 - global_seqlen/balanced_min:177 - global_seqlen/balanced_max:177 - global_seqlen/mean:177.0 - actor/entropy:0.0 - perf/mfu/actor_infer:0.010505121417012002 - training/rollout_probs_diff_valid:1 - training/rollout_probs_diff_max:0.1222081184387207 - training/rollout_probs_diff_mean:0.0069759865291416645 - training/rollout_probs_diff_std:0.019137175753712654 - training/rollout_actor_probs_pearson_corr:0.9963101744651794 - rollout_corr/training_ppl:1.219368815422058 - rollout_corr/training_log_ppl:0.1970144808292389 - rollout_corr/kl:-0.004115973599255085 - rollout_corr/k3_kl:0.0012270789593458176 - rollout_corr/rollout_ppl:1.2243374586105347 - rollout_corr/rollout_log_ppl:0.2011304497718811 - rollout_corr/log_ppl_diff:-0.004115968942642212 - rollout_corr/log_ppl_abs_diff:0.004925534129142761 - rollout_corr/log_ppl_diff_max:0.0016191303730010986 - rollout_corr/log_ppl_diff_min:-0.011677250266075134 - rollout_corr/ppl_ratio:0.9959039092063904 - rollout_corr/chi2_token:0.013392210006713867 - rollout_corr/chi2_seq:1.071878433227539 - actor/pg_clipfrac:np.float64(0.0) - actor/ppo_kl:np.float64(0.0) - actor/pg_clipfrac_lower:np.float64(0.0) - actor/pg_loss:np.float64(0.0) - actor/loss:np.float64(0.0) - actor/grad_norm:np.float64(0.0) - actor/lr:np.float64(1e-06) - actor/perf/max_memory_allocated_gb:np.float64(28.541846752166748) - actor/perf/max_memory_reserved_gb:np.float64(37.9921875) - actor/perf/cpu_memory_used_gb:np.float64(225.6547966003418) - perf/mfu/actor:np.float64(0.009879273935241607) - drafter/raw_drafter_samples:np.float64(4.0) - drafter/collected_samples:np.float64(2.0) - drafter/collect_interval_matched:np.float64(1.0) - drafter/collection_plan_used:np.float64(1.0) - drafter/collection_plan_collect:np.float64(1.0) - drafter/collection_plan_reason:np.float64(7.0) - drafter/collection_plan_source:np.float64(2.0) - drafter/collection_plan_interval_matched:np.float64(1.0) - drafter/collection_plan_training_interval_matched:np.float64(1.0) - drafter/collection_attempted:np.float64(1.0) - drafter/collection_completed:np.float64(1.0) - drafter/collection_outcome_reason:np.float64(1.0) - drafter/collection_rejected_samples:np.float64(0.0) - drafter/collection_worker_results:np.float64(1.0) - drafter/collection_finalized:np.float64(1.0) - drafter/collection_expired_stages:np.float64(0.0) - timing_s/drafter_collection_rpc:np.float64(0.028255008000996895) - drafter/scheduler_used:np.float64(1.0) - drafter/schedule_launch:np.float64(1.0) - drafter/schedule_interval_matched:np.float64(1.0) - drafter/schedule_strategy:np.float64(0.0) - drafter/schedule_reason:np.float64(10.0) - drafter/target_lm_head_apply_deferred:np.float64(1.0) - drafter/target_lm_head_selected_rows:np.float64(0.0) - drafter/target_lm_head_source_vocab_size:np.float64(0.0) - drafter/target_lm_head_direct_sparse_export:np.float64(0.0) - timing_s/drafter_sync_target_lm_head_fetch:np.float64(3.8381284319984843) - timing_s/drafter_sync_target_lm_head_dispatch:np.float64(1.3532756610002252) - drafter/train_interval_matched:np.float64(1.0) - drafter/target_lm_head_synced:np.float64(1.0) - timing_s/drafter_sync_target_lm_head:np.float64(5.1942800669930875) - timing_s/drafter_sync_target_lm_head_apply:np.float64(1.3536590689982404) - timing_s/drafter_sync_target_lm_head_wait:np.float64(0.0003834079980151728) - timing_s/drafter_sync_target_lm_head_overlap_window:np.float64(6.884559564001393) - drafter/trained:np.float64(1.0) - drafter/train_successful_steps_max:np.int64(1) - drafter/train_no_trainable_batch:np.float64(0.0) - drafter/train_activation_failed:np.float64(0.0) - drafter/train_attempted_batches_max:np.int64(1) - drafter/train_buffer_size_before_min:np.int64(2) - drafter/train_buffer_size_after_min:np.int64(0) - drafter/train_optimizer_step_max:np.int64(7) - drafter/train_worker_results_consistent:np.float64(1.0) - drafter/train_worker_ids_consistent:np.float64(1.0) - drafter/train_worker_incarnations_consistent:np.float64(1.0) - drafter/train_plan_ids_consistent:np.float64(1.0) - drafter/train_source_steps_consistent:np.float64(1.0) - drafter/train_data_versions_consistent:np.float64(1.0) - drafter/train_target_versions_consistent:np.float64(1.0) - drafter/train_successful_steps_consistent:np.float64(1.0) - drafter/train_optimizer_steps_consistent:np.float64(1.0) - drafter/train_publish_leader_count:np.float64(1.0) - drafter/train_publish_leader_snapshot_ready:np.float64(1.0) - timing_s/drafter_prepare_batch:np.float64(0.002623319625854492) - timing_s/drafter_forward_loss:np.float64(0.16205859184265137) - timing_s/drafter_reduce_loss:np.float64(0.0010628700256347656) - timing_s/drafter_backward:np.float64(0.04858899116516113) - timing_s/drafter_optimizer:np.float64(0.21090173721313477) - timing_s/drafter_publish_snapshot:np.float64(2.3828015327453613) - timing_s/drafter_worker_training_loop:np.float64(1.1236224174499512) - timing_s/drafter_worker_cleanup:np.float64(5.113578796386719) - timing_s/drafter_worker_elapsed:np.float64(5.557659149169922) - timing_s/drafter_train_rpc:np.float64(6.7281116180020035) - drafter/runtime_state:np.float64(3.0) - drafter/runtime_completed_batches:np.float64(1.0) - drafter/runtime_inflight:np.float64(0.0) - timing_s/drafter_runtime_batch_average:np.float64(6.7281116180020035) - timing_s/drafter_outer_unaccounted:np.float64(0.006699296005535871) - drafter/publish_attempted:np.float64(1.0) - drafter/published:np.float64(1.0) - timing_s/drafter_publish_wait_pending:np.float64(3.1340023269876838e-06) - timing_s/drafter_publish_fetch_snapshot:np.float64(22.605228312997497) - timing_s/drafter_publish_update_weights:np.float64(0.0014791569992667064) - training/global_step:7 - training/epoch:0 - critic/score/mean:0.0 - critic/score/max:0.0 - critic/score/min:0.0 - critic/rewards/mean:0.0 - critic/rewards/max:0.0 - critic/rewards/min:0.0 - critic/advantages/mean:0.0 - critic/advantages/max:0.0 - critic/advantages/min:0.0 - critic/returns/mean:0.0 - critic/returns/max:0.0 - critic/returns/min:0.0 - response_length/mean:64.0 - response_length/max:64.0 - response_length/min:64.0 - response_length/clip_ratio:1.0 - response_length_non_aborted/mean:64.0 - response_length_non_aborted/max:64.0 - response_length_non_aborted/min:64.0 - response_length_non_aborted/clip_ratio:1.0 - response/aborted_ratio:0.0 - prompt_length/mean:24.5 - prompt_length/max:25.0 - prompt_length/min:24.0 - prompt_length/clip_ratio:0.0 - num_turns/min:np.int32(2) - num_turns/max:np.int32(2) - num_turns/mean:np.float64(2.0) - timing_s/start_profile:7.004300277912989e-05 - timing_s/agent_loop/num_preempted/min:np.int64(-1) - timing_s/agent_loop/num_preempted/max:np.int64(-1) - timing_s/agent_loop/num_preempted/mean:np.float64(-1.0) - timing_s/agent_loop/generate_sequences/min:np.float64(0.734577242998057) - timing_s/agent_loop/generate_sequences/max:np.float64(0.9136401619980461) - timing_s/agent_loop/generate_sequences/mean:np.float64(0.8381350807503622) - timing_s/agent_loop/tool_calls/min:np.float64(0.0) - timing_s/agent_loop/tool_calls/max:np.float64(0.0) - timing_s/agent_loop/tool_calls/mean:np.float64(0.0) - timing_s/agent_loop/compute_score/min:np.float64(0.006958320002013352) - timing_s/agent_loop/compute_score/max:np.float64(0.015777143999002874) - timing_s/agent_loop/compute_score/mean:np.float64(0.011186317999090534) - timing_s/agent_loop/slowest/generate_sequences:np.float64(0.9136401619980461) - timing_s/agent_loop/slowest/tool_calls:np.float64(0.0) - timing_s/agent_loop/slowest/compute_score:np.float64(0.012943891000759322) - timing_s/agent_loop/slowest/num_preempted:np.int64(-1) - timing_s/agent_loop/slowest/prompt_length:25 - timing_s/agent_loop/slowest/response_length:64 - timing_s/gen:7.395616628004063 - timing_s/reward:1.064300158759579e-05 - timing_s/old_log_prob:3.268904101001681 - timing_s/adv:0.0014107420065556653 - timing_s/update_actor:6.884559485995851 - timing_s/drafter:11.929090981000627 - drafter/spec_decode/mean_acceptance_length:2.4056603773584904 - timing_s/update_weights:26.011970784995356 - timing_s/step:55.49573740900087 - timing_s/stop_profile:0.00014287100202636793 - timing_per_token_ms/adv:0.003985146911174195 - timing_per_token_ms/update_actor:19.447908152530655 - timing_per_token_ms/gen:28.889127453140873 - perf/total_num_tokens:354 - perf/time_per_step:55.49573740900087 - perf/throughput:3.189434148708011[36m(WorkerDict pid=65997)[0m WARNING:2026-09-19 11:37:57,868:[speco publish materialize] async=True global_steps=7 elapsed_sec=2.710 num_weights=58
[36m(SpecoVLLMHttpServer pid=66274)[0m (Worker_TP0 pid=66953) WARNING:2026-09-19 11:37:58,088:[speco draft ipc] streamed 58 translated weights in 1 buckets into DFlashQwen3Model (method=dflash), first 5 keys: ['fc.weight', 'hidden_norm.weight', 'layers.0.self_attn.q_proj.weight', 'layers.0.self_attn.k_proj.weight', 'layers.0.self_attn.v_proj.weight']
[36m(SpecoVLLMHttpServer pid=66274)[0m (Worker_TP0 pid=66953) WARNING:2026-09-19 11:37:58,494:SPECO committed online drafter revision=7 loaded_params=58
[36m(SpecoVLLMHttpServer pid=66274)[0m (Worker_TP1 pid=66954) WARNING:2026-09-19 11:37:58,878:[speco draft ipc] streamed 58 translated weights in 1 buckets into DFlashQwen3Model (method=dflash), first 5 keys: ['fc.weight', 'hidden_norm.weight', 'layers.0.self_attn.q_proj.weight', 'layers.0.self_attn.k_proj.weight', 'layers.0.self_attn.v_proj.weight']
[36m(SpecoVLLMHttpServer pid=66274)[0m (Worker_TP1 pid=66954) WARNING:2026-09-19 11:37:59,695:SPECO committed online drafter revision=7 loaded_params=58
[36m(WorkerDict pid=65997)[0m WARNING:2026-09-19 11:38:00,868:[speco publish reclaim] role=consumer async=True global_steps=7 num_weights=58 payload_cleared=1 allocator=glibc action=malloc_trim heap_trimmed=True elapsed_sec=0.551 memory_before=(rss_gib=19.47 anon_gib=6.19 rss_shmem_gib=10.58 node_unavailable_gib=221.47 available_gib=282.01 cached_gib=298.38 node_shmem_gib=41.56 dev_shm_used_gib=0.07 dirty_gib=47.32 writeback_gib=0.02) memory_after=(rss_gib=19.01 anon_gib=5.73 rss_shmem_gib=10.58 node_unavailable_gib=219.79 available_gib=283.70 cached_gib=298.39 node_shmem_gib=41.56 dev_shm_used_gib=0.07 dirty_gib=47.22 writeback_gib=0.12)
[36m(SpecoVLLMHttpServer pid=66274)[0m (Worker_TP1 pid=66954) WARNING:2026-09-19 11:38:02,534:[speco draft sleep] drafter state saved before level-2 sleep (66 tensors)
[36m(SpecoVLLMHttpServer pid=66274)[0m (Worker_TP0 pid=66953) WARNING:2026-09-19 11:38:02,612:[speco draft sleep] drafter state saved before level-2 sleep (66 tensors)
[36m(SpecoWorker pid=67348)[0m WARNING:2026-09-19 11:38:18,942:[drafter logits quality] valid_tokens=120 top1_acc=0.183333 top5_acc=0.341667 local_ploss_sum=234.375549 local_tokens=120 per_step=[{'step': 0, 'tokens': 8, 'top1': 0.625, 'top5': 0.625}, {'step': 1, 'tokens': 8, 'top1': 0.5, 'top5': 0.625}, {'step': 2, 'tokens': 8, 'top1': 0.25, 'top5': 0.5}, {'step': 3, 'tokens': 8, 'top1': 0.25, 'top5': 0.375}, {'step': 4, 'tokens': 8, 'top1': 0.5, 'top5': 0.625}, {'step': 5, 'tokens': 8, 'top1': 0.125, 'top5': 0.375}, {'step': 6, 'tokens': 8, 'top1': 0.0, 'top5': 0.125}, {'step': 7, 'tokens': 8, 'top1': 0.125, 'top5': 0.375}, {'step': 8, 'tokens': 8, 'top1': 0.125, 'top5': 0.375}, {'step': 9, 'tokens': 8, 'top1': 0.0, 'top5': 0.125}, {'step': 10, 'tokens': 8, 'top1': 0.0, 'top5': 0.375}, {'step': 11, 'tokens': 8, 'top1': 0.25, 'top5': 0.25}, {'step': 12, 'tokens': 8, 'top1': 0.0, 'top5': 0.125}, {'step': 13, 'tokens': 8, 'top1': 0.0, 'top5': 0.0}, {'step': 14, 'tokens': 8, 'top1': 0.0, 'top5': 0.25}]
[36m(SpecoWorker pid=67347)[0m INFO:2026-09-19 11:38:19,361:[drafter loss] step=1 optimizer_step_total=8 lr=1.000e-05 loss=3.9454 vloss=0.0000 ploss=3.9454
[36m(SpecoVLLMHttpServer pid=66274)[0m (Worker_TP0 pid=66953) WARNING:2026-09-19 11:38:25,118:[speco draft wake_up] drafter state restored after level-2 wake_up (66 tensors, revision=7)
[36m(SpecoWorker pid=67347)[0m WARNING:2026-09-19 11:38:18,942:[drafter logits quality] valid_tokens=120 top1_acc=0.225000 top5_acc=0.416667 local_ploss_sum=184.188736 local_tokens=120 per_step=[{'step': 0, 'tokens': 8, 'top1': 0.75, 'top5': 0.875}, {'step': 1, 'tokens': 8, 'top1': 0.625, 'top5': 0.875}, {'step': 2, 'tokens': 8, 'top1': 0.375, 'top5': 0.5}, {'step': 3, 'tokens': 8, 'top1': 0.375, 'top5': 0.5}, {'step': 4, 'tokens': 8, 'top1': 0.5, 'top5': 0.625}, {'step': 5, 'tokens': 8, 'top1': 0.125, 'top5': 0.25}, {'step': 6, 'tokens': 8, 'top1': 0.125, 'top5': 0.375}, {'step': 7, 'tokens': 8, 'top1': 0.25, 'top5': 0.375}, {'step': 8, 'tokens': 8, 'top1': 0.0, 'top5': 0.375}, {'step': 9, 'tokens': 8, 'top1': 0.0, 'top5': 0.25}, {'step': 10, 'tokens': 8, 'top1': 0.0, 'top5': 0.375}, {'step': 11, 'tokens': 8, 'top1': 0.125, 'top5': 0.25}, {'step': 12, 'tokens': 8, 'top1': 0.0, 'top5': 0.125}, {'step': 13, 'tokens': 8, 'top1': 0.0, 'top5': 0.125}, {'step': 14, 'tokens': 8, 'top1': 0.125, 'top5': 0.375}]
[36m(SpecoVLLMHttpServer pid=66274)[0m (Worker_TP1 pid=66954) WARNING:2026-09-19 11:38:25,182:[speco draft wake_up] drafter state restored after level-2 wake_up (66 tensors, revision=7)
[36m(SpecoTaskRunner pid=65789)[0m Training Progress:  40%|████      | 8/20 [19:17<14:09, 70.81s/it]

[36m(SpecoTaskRunner pid=65789)[0m step:8 - global_seqlen/min:176 - global_seqlen/max:176 - global_seqlen/minmax_diff:0 - global_seqlen/balanced_min:176 - global_seqlen/balanced_max:176 - global_seqlen/mean:176.0 - actor/entropy:0.0 - perf/mfu/actor_infer:0.010381630156220808 - training/rollout_probs_diff_valid:1 - training/rollout_probs_diff_max:0.1066107451915741 - training/rollout_probs_diff_mean:0.005321599543094635 - training/rollout_probs_diff_std:0.014087715186178684 - training/rollout_actor_probs_pearson_corr:0.9968156218528748 - rollout_corr/training_ppl:1.1433141231536865 - rollout_corr/training_log_ppl:0.1333722472190857 - rollout_corr/kl:-0.0005130890058353543 - rollout_corr/k3_kl:0.0007121784146875143 - rollout_corr/rollout_ppl:1.14384126663208 - rollout_corr/rollout_log_ppl:0.13388533890247345 - rollout_corr/log_ppl_diff:-0.0005130898207426071 - rollout_corr/log_ppl_abs_diff:0.0025428328663110733 - rollout_corr/log_ppl_diff_max:0.0026990771293640137 - rollout_corr/log_ppl_diff_min:-0.006111845374107361 - rollout_corr/ppl_ratio:0.9994926452636719 - rollout_corr/chi2_token:0.003958225250244141 - rollout_corr/chi2_seq:0.18304216861724854 - actor/pg_clipfrac:np.float64(0.0) - actor/ppo_kl:np.float64(0.0) - actor/pg_clipfrac_lower:np.float64(0.0) - actor/pg_loss:np.float64(0.0) - actor/loss:np.float64(0.0) - actor/grad_norm:np.float64(0.0) - actor/lr:np.float64(1e-06) - actor/perf/max_memory_allocated_gb:np.float64(28.541846752166748) - actor/perf/max_memory_reserved_gb:np.float64(37.9921875) - actor/perf/cpu_memory_used_gb:np.float64(225.42031478881836) - perf/mfu/actor:np.float64(0.010190341271754626) - drafter/raw_drafter_samples:np.float64(4.0) - drafter/collected_samples:np.float64(2.0) - drafter/collect_interval_matched:np.float64(1.0) - drafter/collection_plan_used:np.float64(1.0) - drafter/collection_plan_collect:np.float64(1.0) - drafter/collection_plan_reason:np.float64(7.0) - drafter/collection_plan_source:np.float64(2.0) - drafter/collection_plan_interval_matched:np.float64(1.0) - drafter/collection_plan_training_interval_matched:np.float64(1.0) - drafter/collection_attempted:np.float64(1.0) - drafter/collection_completed:np.float64(1.0) - drafter/collection_outcome_reason:np.float64(1.0) - drafter/collection_rejected_samples:np.float64(0.0) - drafter/collection_worker_results:np.float64(1.0) - drafter/collection_finalized:np.float64(1.0) - drafter/collection_expired_stages:np.float64(0.0) - timing_s/drafter_collection_rpc:np.float64(0.02951313000085065) - drafter/scheduler_used:np.float64(1.0) - drafter/schedule_launch:np.float64(1.0) - drafter/schedule_interval_matched:np.float64(1.0) - drafter/schedule_strategy:np.float64(0.0) - drafter/schedule_reason:np.float64(10.0) - drafter/target_lm_head_apply_deferred:np.float64(1.0) - drafter/target_lm_head_selected_rows:np.float64(0.0) - drafter/target_lm_head_source_vocab_size:np.float64(0.0) - drafter/target_lm_head_direct_sparse_export:np.float64(0.0) - timing_s/drafter_sync_target_lm_head_fetch:np.float64(3.7007410209989757) - timing_s/drafter_sync_target_lm_head_dispatch:np.float64(0.9774454220023472) - drafter/train_interval_matched:np.float64(1.0) - drafter/target_lm_head_synced:np.float64(1.0) - timing_s/drafter_sync_target_lm_head:np.float64(4.682268156000646) - timing_s/drafter_sync_target_lm_head_apply:np.float64(0.9780860140017467) - timing_s/drafter_sync_target_lm_head_wait:np.float64(0.0006405919993994758) - timing_s/drafter_sync_target_lm_head_overlap_window:np.float64(6.710404128003574) - drafter/trained:np.float64(1.0) - drafter/train_successful_steps_max:np.int64(1) - drafter/train_no_trainable_batch:np.float64(0.0) - drafter/train_activation_failed:np.float64(0.0) - drafter/train_attempted_batches_max:np.int64(1) - drafter/train_buffer_size_before_min:np.int64(2) - drafter/train_buffer_size_after_min:np.int64(0) - drafter/train_optimizer_step_max:np.int64(8) - drafter/train_worker_results_consistent:np.float64(1.0) - drafter/train_worker_ids_consistent:np.float64(1.0) - drafter/train_worker_incarnations_consistent:np.float64(1.0) - drafter/train_plan_ids_consistent:np.float64(1.0) - drafter/train_source_steps_consistent:np.float64(1.0) - drafter/train_data_versions_consistent:np.float64(1.0) - drafter/train_target_versions_consistent:np.float64(1.0) - drafter/train_successful_steps_consistent:np.float64(1.0) - drafter/train_optimizer_steps_consistent:np.float64(1.0) - drafter/train_publish_leader_count:np.float64(1.0) - drafter/train_publish_leader_snapshot_ready:np.float64(1.0) - timing_s/drafter_prepare_batch:np.float64(0.0033719539642333984) - timing_s/drafter_forward_loss:np.float64(0.3195970058441162) - timing_s/drafter_reduce_loss:np.float64(0.0010993480682373047) - timing_s/drafter_backward:np.float64(0.06200742721557617) - timing_s/drafter_optimizer:np.float64(0.21070647239685059) - timing_s/drafter_publish_snapshot:np.float64(2.429912805557251) - timing_s/drafter_worker_training_loop:np.float64(0.5918776988983154) - timing_s/drafter_worker_cleanup:np.float64(4.297774076461792) - timing_s/drafter_worker_elapsed:np.float64(5.018279314041138) - timing_s/drafter_train_rpc:np.float64(6.465365943993675) - drafter/runtime_state:np.float64(3.0) - drafter/runtime_completed_batches:np.float64(1.0) - drafter/runtime_inflight:np.float64(0.0) - timing_s/drafter_runtime_batch_average:np.float64(6.465365943993675) - timing_s/drafter_outer_unaccounted:np.float64(0.00935960400965996) - drafter/publish_attempted:np.float64(1.0) - drafter/published:np.float64(1.0) - timing_s/drafter_publish_wait_pending:np.float64(9.6180010586977e-06) - timing_s/drafter_publish_fetch_snapshot:np.float64(8.384821473002376) - timing_s/drafter_publish_update_weights:np.float64(0.0015260299987858161) - training/global_step:8 - training/epoch:0 - critic/score/mean:0.0 - critic/score/max:0.0 - critic/score/min:0.0 - critic/rewards/mean:0.0 - critic/rewards/max:0.0 - critic/rewards/min:0.0 - critic/advantages/mean:0.0 - critic/advantages/max:0.0 - critic/advantages/min:0.0 - critic/returns/mean:0.0 - critic/returns/max:0.0 - critic/returns/min:0.0 - response_length/mean:64.0 - response_length/max:64.0 - response_length/min:64.0 - response_length/clip_ratio:1.0 - response_length_non_aborted/mean:64.0 - response_length_non_aborted/max:64.0 - response_length_non_aborted/min:64.0 - response_length_non_aborted/clip_ratio:1.0 - response/aborted_ratio:0.0 - prompt_length/mean:24.0 - prompt_length/max:24.0 - prompt_length/min:24.0 - prompt_length/clip_ratio:0.0 - num_turns/min:np.int32(2) - num_turns/max:np.int32(2) - num_turns/mean:np.float64(2.0) - timing_s/start_profile:0.00013279899576446041 - timing_s/agent_loop/num_preempted/min:np.int64(-1) - timing_s/agent_loop/num_preempted/max:np.int64(-1) - timing_s/agent_loop/num_preempted/mean:np.float64(-1.0) - timing_s/agent_loop/generate_sequences/min:np.float64(0.7781127660055063) - timing_s/agent_loop/generate_sequences/max:np.float64(0.9736868780018995) - timing_s/agent_loop/generate_sequences/mean:np.float64(0.8965088635013672) - timing_s/agent_loop/tool_calls/min:np.float64(0.0) - timing_s/agent_loop/tool_calls/max:np.float64(0.0) - timing_s/agent_loop/tool_calls/mean:np.float64(0.0) - timing_s/agent_loop/compute_score/min:np.float64(0.00954018999618711) - timing_s/agent_loop/compute_score/max:np.float64(0.012659722000535112) - timing_s/agent_loop/compute_score/mean:np.float64(0.01069593074680597) - timing_s/agent_loop/slowest/generate_sequences:np.float64(0.9736868780018995) - timing_s/agent_loop/slowest/tool_calls:np.float64(0.0) - timing_s/agent_loop/slowest/compute_score:np.float64(0.00954018999618711) - timing_s/agent_loop/slowest/num_preempted:np.int64(-1) - timing_s/agent_loop/slowest/prompt_length:24 - timing_s/agent_loop/slowest/response_length:64 - timing_s/gen:7.589265208996949 - timing_s/reward:1.3010001566726714e-05 - timing_s/old_log_prob:3.161310858995421 - timing_s/adv:0.0035291160020278767 - timing_s/update_actor:6.710274259996368 - timing_s/drafter:11.15699370400398 - drafter/spec_decode/mean_acceptance_length:2.3063063063063063 - timing_s/update_weights:12.716798889996426 - timing_s/step:41.34385855800065 - timing_s/stop_profile:0.00016668500029481947 - timing_per_token_ms/adv:0.01002589773303374 - timing_per_token_ms/update_actor:19.063279147716955 - timing_per_token_ms/gen:29.64556722264433 - perf/total_num_tokens:352 - perf/time_per_step:41.34385855800065 - perf/throughput:4.256980507832678[36m(SpecoWorker pid=67347)[0m WARNING:2026-09-19 11:38:35,670:[speco publish reclaim] role=producer global_steps=8 num_weights=58 payload_cleared=1 allocator=glibc action=malloc_trim heap_trimmed=True elapsed_sec=0.244 memory_before=(rss_gib=10.97 anon_gib=5.66 rss_shmem_gib=2.80 node_unavailable_gib=222.76 available_gib=280.73 cached_gib=299.02 node_shmem_gib=41.56 dev_shm_used_gib=0.07 dirty_gib=46.99 writeback_gib=0.03) memory_after=(rss_gib=10.43 anon_gib=5.12 rss_shmem_gib=2.80 node_unavailable_gib=222.19 available_gib=281.30 cached_gib=299.03 node_shmem_gib=41.56 dev_shm_used_gib=0.07 dirty_gib=47.00 writeback_gib=0.02)
[36m(WorkerDict pid=65997)[0m WARNING:2026-09-19 11:38:39,422:[speco publish materialize] async=True global_steps=8 elapsed_sec=2.910 num_weights=58
[36m(SpecoVLLMHttpServer pid=66274)[0m (Worker_TP0 pid=66953) WARNING:2026-09-19 11:38:39,717:[speco draft ipc] streamed 58 translated weights in 1 buckets into DFlashQwen3Model (method=dflash), first 5 keys: ['fc.weight', 'hidden_norm.weight', 'layers.0.self_attn.q_proj.weight', 'layers.0.self_attn.k_proj.weight', 'layers.0.self_attn.v_proj.weight']
[36m(SpecoVLLMHttpServer pid=66274)[0m (Worker_TP0 pid=66953) WARNING:2026-09-19 11:38:39,720:SPECO committed online drafter revision=8 loaded_params=58
[36m(SpecoVLLMHttpServer pid=66274)[0m (Worker_TP1 pid=66954) WARNING:2026-09-19 11:38:39,740:[speco draft ipc] streamed 58 translated weights in 1 buckets into DFlashQwen3Model (method=dflash), first 5 keys: ['fc.weight', 'hidden_norm.weight', 'layers.0.self_attn.q_proj.weight', 'layers.0.self_attn.k_proj.weight', 'layers.0.self_attn.v_proj.weight']
[36m(SpecoVLLMHttpServer pid=66274)[0m (Worker_TP1 pid=66954) WARNING:2026-09-19 11:38:39,742:SPECO committed online drafter revision=8 loaded_params=58
[36m(WorkerDict pid=65997)[0m WARNING:2026-09-19 11:38:40,675:[speco publish reclaim] role=consumer async=True global_steps=8 num_weights=58 payload_cleared=1 allocator=glibc action=malloc_trim heap_trimmed=True elapsed_sec=0.421 memory_before=(rss_gib=19.62 anon_gib=6.34 rss_shmem_gib=10.58 node_unavailable_gib=222.56 available_gib=280.93 cached_gib=298.06 node_shmem_gib=41.56 dev_shm_used_gib=0.07 dirty_gib=46.99 writeback_gib=0.01) memory_after=(rss_gib=19.06 anon_gib=5.78 rss_shmem_gib=10.58 node_unavailable_gib=221.64 available_gib=281.85 cached_gib=298.08 node_shmem_gib=41.56 dev_shm_used_gib=0.07 dirty_gib=46.96 writeback_gib=0.04)
[36m(SpecoVLLMHttpServer pid=66274)[0m (Worker_TP1 pid=66954) WARNING:2026-09-19 11:38:42,827:[speco draft sleep] drafter state saved before level-2 sleep (66 tensors)
[36m(SpecoVLLMHttpServer pid=66274)[0m (Worker_TP0 pid=66953) WARNING:2026-09-19 11:38:42,943:[speco draft sleep] drafter state saved before level-2 sleep (66 tensors)
[36m(SpecoWorker pid=67347)[0m WARNING:2026-09-19 11:38:59,989:[drafter logits quality] valid_tokens=120 top1_acc=0.241667 top5_acc=0.408333 local_ploss_sum=174.719238 local_tokens=120 per_step=[{'step': 0, 'tokens': 8, 'top1': 0.875, 'top5': 1.0}, {'step': 1, 'tokens': 8, 'top1': 0.5, 'top5': 0.75}, {'step': 2, 'tokens': 8, 'top1': 0.625, 'top5': 0.75}, {'step': 3, 'tokens': 8, 'top1': 0.375, 'top5': 0.375}, {'step': 4, 'tokens': 8, 'top1': 0.25, 'top5': 0.25}, {'step': 5, 'tokens': 8, 'top1': 0.375, 'top5': 0.625}, {'step': 6, 'tokens': 8, 'top1': 0.125, 'top5': 0.375}, {'step': 7, 'tokens': 8, 'top1': 0.0, 'top5': 0.125}, {'step': 8, 'tokens': 8, 'top1': 0.125, 'top5': 0.25}, {'step': 9, 'tokens': 8, 'top1': 0.125, 'top5': 0.375}, {'step': 10, 'tokens': 8, 'top1': 0.0, 'top5': 0.375}, {'step': 11, 'tokens': 8, 'top1': 0.25, 'top5': 0.375}, {'step': 12, 'tokens': 8, 'top1': 0.0, 'top5': 0.375}, {'step': 13, 'tokens': 8, 'top1': 0.0, 'top5': 0.0}, {'step': 14, 'tokens': 8, 'top1': 0.0, 'top5': 0.125}]
[36m(SpecoWorker pid=67347)[0m INFO:2026-09-19 11:39:00,275:[drafter loss] step=1 optimizer_step_total=9 lr=1.000e-05 loss=3.9692 vloss=0.0000 ploss=3.9692
[36m(SpecoVLLMHttpServer pid=66274)[0m (Worker_TP1 pid=66954) WARNING:2026-09-19 11:39:05,972:[speco draft wake_up] drafter state restored after level-2 wake_up (66 tensors, revision=8)
[36m(SpecoVLLMHttpServer pid=66274)[0m (Worker_TP0 pid=66953) WARNING:2026-09-19 11:39:05,983:[speco draft wake_up] drafter state restored after level-2 wake_up (66 tensors, revision=8)
[36m(SpecoWorker pid=67348)[0m WARNING:2026-09-19 11:38:59,989:[drafter logits quality] valid_tokens=120 top1_acc=0.158333 top5_acc=0.275000 local_ploss_sum=246.375168 local_tokens=120 per_step=[{'step': 0, 'tokens': 8, 'top1': 0.5, 'top5': 0.625}, {'step': 1, 'tokens': 8, 'top1': 0.25, 'top5': 0.375}, {'step': 2, 'tokens': 8, 'top1': 0.375, 'top5': 0.375}, {'step': 3, 'tokens': 8, 'top1': 0.25, 'top5': 0.25}, {'step': 4, 'tokens': 8, 'top1': 0.25, 'top5': 0.25}, {'step': 5, 'tokens': 8, 'top1': 0.25, 'top5': 0.625}, {'step': 6, 'tokens': 8, 'top1': 0.125, 'top5': 0.25}, {'step': 7, 'tokens': 8, 'top1': 0.0, 'top5': 0.125}, {'step': 8, 'tokens': 8, 'top1': 0.125, 'top5': 0.25}, {'step': 9, 'tokens': 8, 'top1': 0.125, 'top5': 0.25}, {'step': 10, 'tokens': 8, 'top1': 0.0, 'top5': 0.125}, {'step': 11, 'tokens': 8, 'top1': 0.125, 'top5': 0.375}, {'step': 12, 'tokens': 8, 'top1': 0.0, 'top5': 0.25}, {'step': 13, 'tokens': 8, 'top1': 0.0, 'top5': 0.0}, {'step': 14, 'tokens': 8, 'top1': 0.0, 'top5': 0.0}]
[36m(SpecoTaskRunner pid=65789)[0m Training Progress:  45%|████▌     | 9/20 [19:53<10:58, 59.88s/it]

[36m(SpecoTaskRunner pid=65789)[0m step:9 - global_seqlen/min:176 - global_seqlen/max:178 - global_seqlen/minmax_diff:2 - global_seqlen/balanced_min:177 - global_seqlen/balanced_max:177 - global_seqlen/mean:177.0 - actor/entropy:0.0 - perf/mfu/actor_infer:0.010568570966757916 - training/rollout_probs_diff_valid:1 - training/rollout_probs_diff_max:0.08512917160987854 - training/rollout_probs_diff_mean:0.0040606120601296425 - training/rollout_probs_diff_std:0.011895992793142796 - training/rollout_actor_probs_pearson_corr:0.9983664751052856 - rollout_corr/training_ppl:1.1898884773254395 - rollout_corr/training_log_ppl:0.1729499101638794 - rollout_corr/kl:-0.0017441750969737768 - rollout_corr/k3_kl:0.0006792498752474785 - rollout_corr/rollout_ppl:1.1919505596160889 - rollout_corr/rollout_log_ppl:0.17469407618045807 - rollout_corr/log_ppl_diff:-0.0017441846430301666 - rollout_corr/log_ppl_abs_diff:0.003263760358095169 - rollout_corr/log_ppl_diff_max:0.003039151430130005 - rollout_corr/log_ppl_diff_min:-0.005021765828132629 - rollout_corr/ppl_ratio:0.9982619285583496 - rollout_corr/chi2_token:0.006245970726013184 - rollout_corr/chi2_seq:0.3378427028656006 - actor/pg_clipfrac:np.float64(0.0) - actor/ppo_kl:np.float64(0.0) - actor/pg_clipfrac_lower:np.float64(0.0) - actor/pg_loss:np.float64(0.0) - actor/loss:np.float64(0.0) - actor/grad_norm:np.float64(0.0) - actor/lr:np.float64(1e-06) - actor/perf/max_memory_allocated_gb:np.float64(28.541846752166748) - actor/perf/max_memory_reserved_gb:np.float64(37.9921875) - actor/perf/cpu_memory_used_gb:np.float64(224.6736602783203) - perf/mfu/actor:np.float64(0.0102989679255473) - drafter/raw_drafter_samples:np.float64(4.0) - drafter/collected_samples:np.float64(2.0) - drafter/collect_interval_matched:np.float64(1.0) - drafter/collection_plan_used:np.float64(1.0) - drafter/collection_plan_collect:np.float64(1.0) - drafter/collection_plan_reason:np.float64(7.0) - drafter/collection_plan_source:np.float64(2.0) - drafter/collection_plan_interval_matched:np.float64(1.0) - drafter/collection_plan_training_interval_matched:np.float64(1.0) - drafter/collection_attempted:np.float64(1.0) - drafter/collection_completed:np.float64(1.0) - drafter/collection_outcome_reason:np.float64(1.0) - drafter/collection_rejected_samples:np.float64(0.0) - drafter/collection_worker_results:np.float64(1.0) - drafter/collection_finalized:np.float64(1.0) - drafter/collection_expired_stages:np.float64(0.0) - timing_s/drafter_collection_rpc:np.float64(0.562575272997492) - drafter/scheduler_used:np.float64(1.0) - drafter/schedule_launch:np.float64(1.0) - drafter/schedule_interval_matched:np.float64(1.0) - drafter/schedule_strategy:np.float64(0.0) - drafter/schedule_reason:np.float64(10.0) - drafter/target_lm_head_apply_deferred:np.float64(1.0) - drafter/target_lm_head_selected_rows:np.float64(0.0) - drafter/target_lm_head_source_vocab_size:np.float64(0.0) - drafter/target_lm_head_direct_sparse_export:np.float64(0.0) - timing_s/drafter_sync_target_lm_head_fetch:np.float64(4.081463761998748) - timing_s/drafter_sync_target_lm_head_dispatch:np.float64(1.1621211569945444) - drafter/train_interval_matched:np.float64(1.0) - drafter/target_lm_head_synced:np.float64(1.0) - timing_s/drafter_sync_target_lm_head:np.float64(5.247857770998962) - timing_s/drafter_sync_target_lm_head_apply:np.float64(1.1627532489947043) - timing_s/drafter_sync_target_lm_head_wait:np.float64(0.0006320920001599006) - timing_s/drafter_sync_target_lm_head_overlap_window:np.float64(6.4996881050028605) - drafter/trained:np.float64(1.0) - drafter/train_successful_steps_max:np.int64(1) - drafter/train_no_trainable_batch:np.float64(0.0) - drafter/train_activation_failed:np.float64(0.0) - drafter/train_attempted_batches_max:np.int64(1) - drafter/train_buffer_size_before_min:np.int64(2) - drafter/train_buffer_size_after_min:np.int64(0) - drafter/train_optimizer_step_max:np.int64(9) - drafter/train_worker_results_consistent:np.float64(1.0) - drafter/train_worker_ids_consistent:np.float64(1.0) - drafter/train_worker_incarnations_consistent:np.float64(1.0) - drafter/train_plan_ids_consistent:np.float64(1.0) - drafter/train_source_steps_consistent:np.float64(1.0) - drafter/train_data_versions_consistent:np.float64(1.0) - drafter/train_target_versions_consistent:np.float64(1.0) - drafter/train_successful_steps_consistent:np.float64(1.0) - drafter/train_optimizer_steps_consistent:np.float64(1.0) - drafter/train_publish_leader_count:np.float64(1.0) - drafter/train_publish_leader_snapshot_ready:np.float64(1.0) - timing_s/drafter_prepare_batch:np.float64(0.003749370574951172) - timing_s/drafter_forward_loss:np.float64(0.16399717330932617) - timing_s/drafter_reduce_loss:np.float64(0.0011453628540039062) - timing_s/drafter_backward:np.float64(0.06053614616394043) - timing_s/drafter_optimizer:np.float64(0.20364093780517578) - timing_s/drafter_publish_snapshot:np.float64(2.3892111778259277) - timing_s/drafter_worker_training_loop:np.float64(0.4347972869873047) - timing_s/drafter_worker_cleanup:np.float64(4.39223051071167) - timing_s/drafter_worker_elapsed:np.float64(4.861695766448975) - timing_s/drafter_train_rpc:np.float64(6.05157376400166) - drafter/runtime_state:np.float64(3.0) - drafter/runtime_completed_batches:np.float64(1.0) - drafter/runtime_inflight:np.float64(0.0) - timing_s/drafter_runtime_batch_average:np.float64(6.05157376400166) - timing_s/drafter_outer_unaccounted:np.float64(0.009781850996660069) - drafter/publish_attempted:np.float64(1.0) - drafter/published:np.float64(1.0) - timing_s/drafter_publish_wait_pending:np.float64(1.2386000889819115e-05) - timing_s/drafter_publish_fetch_snapshot:np.float64(3.415889010000683) - timing_s/drafter_publish_update_weights:np.float64(0.0014707260052091442) - training/global_step:9 - training/epoch:1 - critic/score/mean:0.0 - critic/score/max:0.0 - critic/score/min:0.0 - critic/rewards/mean:0.0 - critic/rewards/max:0.0 - critic/rewards/min:0.0 - critic/advantages/mean:0.0 - critic/advantages/max:0.0 - critic/advantages/min:0.0 - critic/returns/mean:0.0 - critic/returns/max:0.0 - critic/returns/min:0.0 - response_length/mean:64.0 - response_length/max:64.0 - response_length/min:64.0 - response_length/clip_ratio:1.0 - response_length_non_aborted/mean:64.0 - response_length_non_aborted/max:64.0 - response_length_non_aborted/min:64.0 - response_length_non_aborted/clip_ratio:1.0 - response/aborted_ratio:0.0 - prompt_length/mean:24.5 - prompt_length/max:25.0 - prompt_length/min:24.0 - prompt_length/clip_ratio:0.0 - num_turns/min:np.int32(2) - num_turns/max:np.int32(2) - num_turns/mean:np.float64(2.0) - timing_s/start_profile:0.00012878199777333066 - timing_s/agent_loop/num_preempted/min:np.int64(-1) - timing_s/agent_loop/num_preempted/max:np.int64(-1) - timing_s/agent_loop/num_preempted/mean:np.float64(-1.0) - timing_s/agent_loop/generate_sequences/min:np.float64(0.8304816960007884) - timing_s/agent_loop/generate_sequences/max:np.float64(0.9548299660018529) - timing_s/agent_loop/generate_sequences/mean:np.float64(0.885812327000167) - timing_s/agent_loop/tool_calls/min:np.float64(0.0) - timing_s/agent_loop/tool_calls/max:np.float64(0.0) - timing_s/agent_loop/tool_calls/mean:np.float64(0.0) - timing_s/agent_loop/compute_score/min:np.float64(0.008269663994724397) - timing_s/agent_loop/compute_score/max:np.float64(0.012753598995914217) - timing_s/agent_loop/compute_score/mean:np.float64(0.010445764997712104) - timing_s/agent_loop/slowest/generate_sequences:np.float64(0.9548299660018529) - timing_s/agent_loop/slowest/tool_calls:np.float64(0.0) - timing_s/agent_loop/slowest/compute_score:np.float64(0.00884418799978448) - timing_s/agent_loop/slowest/num_preempted:np.int64(-1) - timing_s/agent_loop/slowest/prompt_length:25 - timing_s/agent_loop/slowest/response_length:64 - timing_s/gen:6.566509518997918 - timing_s/reward:3.8726997445337474e-05 - timing_s/old_log_prob:3.7988542530001723 - timing_s/adv:0.0036732840017066337 - timing_s/update_actor:6.499514049006393 - timing_s/drafter:11.309213385997282 - drafter/spec_decode/mean_acceptance_length:2.4571428571428573 - timing_s/update_weights:7.643046372002573 - timing_s/step:35.827843778002716 - timing_s/stop_profile:0.00016784699982963502 - timing_per_token_ms/adv:0.01037650847939727 - timing_per_token_ms/update_actor:18.360209177984164 - timing_per_token_ms/gen:25.65042780858562 - perf/total_num_tokens:354 - perf/time_per_step:35.827843778002716 - perf/throughput:4.940291721062851[36m(SpecoWorker pid=67347)[0m WARNING:2026-09-19 11:39:12,339:[speco publish reclaim] role=producer global_steps=9 num_weights=58 payload_cleared=1 allocator=glibc action=malloc_trim heap_trimmed=True elapsed_sec=0.264 memory_before=(rss_gib=10.98 anon_gib=5.67 rss_shmem_gib=2.80 node_unavailable_gib=224.94 available_gib=278.55 cached_gib=297.83 node_shmem_gib=41.56 dev_shm_used_gib=0.07 dirty_gib=46.99 writeback_gib=0.01) memory_after=(rss_gib=10.43 anon_gib=5.12 rss_shmem_gib=2.80 node_unavailable_gib=224.52 available_gib=278.96 cached_gib=297.84 node_shmem_gib=41.56 dev_shm_used_gib=0.07 dirty_gib=46.98 writeback_gib=0.01)
[36m(WorkerDict pid=65997)[0m WARNING:2026-09-19 11:39:15,064:[speco publish materialize] async=True global_steps=9 elapsed_sec=2.712 num_weights=58
[36m(SpecoVLLMHttpServer pid=66274)[0m (Worker_TP0 pid=66953) WARNING:2026-09-19 11:39:15,270:[speco draft ipc] streamed 58 translated weights in 1 buckets into DFlashQwen3Model (method=dflash), first 5 keys: ['fc.weight', 'hidden_norm.weight', 'layers.0.self_attn.q_proj.weight', 'layers.0.self_attn.k_proj.weight', 'layers.0.self_attn.v_proj.weight']
[36m(SpecoVLLMHttpServer pid=66274)[0m (Worker_TP0 pid=66953) WARNING:2026-09-19 11:39:15,275:SPECO committed online drafter revision=9 loaded_params=58
[36m(SpecoVLLMHttpServer pid=66274)[0m (Worker_TP1 pid=66954) WARNING:2026-09-19 11:39:15,431:[speco draft ipc] streamed 58 translated weights in 1 buckets into DFlashQwen3Model (method=dflash), first 5 keys: ['fc.weight', 'hidden_norm.weight', 'layers.0.self_attn.q_proj.weight', 'layers.0.self_attn.k_proj.weight', 'layers.0.self_attn.v_proj.weight']
[36m(SpecoVLLMHttpServer pid=66274)[0m (Worker_TP1 pid=66954) WARNING:2026-09-19 11:39:15,794:SPECO committed online drafter revision=9 loaded_params=58
[36m(WorkerDict pid=65997)[0m WARNING:2026-09-19 11:39:16,738:[speco publish reclaim] role=consumer async=True global_steps=9 num_weights=58 payload_cleared=1 allocator=glibc action=malloc_trim heap_trimmed=True elapsed_sec=0.442 memory_before=(rss_gib=19.93 anon_gib=6.65 rss_shmem_gib=10.58 node_unavailable_gib=225.41 available_gib=278.08 cached_gib=295.32 node_shmem_gib=41.56 dev_shm_used_gib=0.07 dirty_gib=47.00 writeback_gib=0.01) memory_after=(rss_gib=19.03 anon_gib=5.76 rss_shmem_gib=10.58 node_unavailable_gib=223.77 available_gib=279.72 cached_gib=295.34 node_shmem_gib=41.56 dev_shm_used_gib=0.07 dirty_gib=47.00 writeback_gib=0.02)
[36m(SpecoVLLMHttpServer pid=66274)[0m (Worker_TP1 pid=66954) WARNING:2026-09-19 11:39:18,472:[speco draft sleep] drafter state saved before level-2 sleep (66 tensors)
[36m(SpecoVLLMHttpServer pid=66274)[0m (Worker_TP0 pid=66953) WARNING:2026-09-19 11:39:18,586:[speco draft sleep] drafter state saved before level-2 sleep (66 tensors)
[36m(SpecoWorker pid=67347)[0m WARNING:2026-09-19 11:39:37,466:[drafter logits quality] valid_tokens=120 top1_acc=0.225000 top5_acc=0.450000 local_ploss_sum=161.512787 local_tokens=120 per_step=[{'step': 0, 'tokens': 8, 'top1': 0.75, 'top5': 0.875}, {'step': 1, 'tokens': 8, 'top1': 0.5, 'top5': 0.875}, {'step': 2, 'tokens': 8, 'top1': 0.375, 'top5': 0.75}, {'step': 3, 'tokens': 8, 'top1': 0.375, 'top5': 0.625}, {'step': 4, 'tokens': 8, 'top1': 0.125, 'top5': 0.5}, {'step': 5, 'tokens': 8, 'top1': 0.25, 'top5': 0.375}, {'step': 6, 'tokens': 8, 'top1': 0.125, 'top5': 0.375}, {'step': 7, 'tokens': 8, 'top1': 0.0, 'top5': 0.375}, {'step': 8, 'tokens': 8, 'top1': 0.125, 'top5': 0.375}, {'step': 9, 'tokens': 8, 'top1': 0.0, 'top5': 0.125}, {'step': 10, 'tokens': 8, 'top1': 0.125, 'top5': 0.375}, {'step': 11, 'tokens': 8, 'top1': 0.25, 'top5': 0.5}, {'step': 12, 'tokens': 8, 'top1': 0.25, 'top5': 0.25}, {'step': 13, 'tokens': 8, 'top1': 0.125, 'top5': 0.375}, {'step': 14, 'tokens': 8, 'top1': 0.0, 'top5': 0.0}]
[36m(SpecoWorker pid=67347)[0m INFO:2026-09-19 11:39:38,956:[drafter loss] step=1 optimizer_step_total=10 lr=1.000e-05 loss=3.5435 vloss=0.0000 ploss=3.5435
[36m(SpecoVLLMHttpServer pid=66274)[0m (Worker_TP1 pid=66954) WARNING:2026-09-19 11:39:45,326:[speco draft wake_up] drafter state restored after level-2 wake_up (66 tensors, revision=9)
[36m(SpecoVLLMHttpServer pid=66274)[0m (Worker_TP0 pid=66953) WARNING:2026-09-19 11:39:45,348:[speco draft wake_up] drafter state restored after level-2 wake_up (66 tensors, revision=9)
[36m(SpecoWorker pid=67348)[0m WARNING:2026-09-19 11:39:37,467:[drafter logits quality] valid_tokens=120 top1_acc=0.158333 top5_acc=0.341667 local_ploss_sum=214.411453 local_tokens=120 per_step=[{'step': 0, 'tokens': 8, 'top1': 0.625, 'top5': 0.625}, {'step': 1, 'tokens': 8, 'top1': 0.375, 'top5': 0.625}, {'step': 2, 'tokens': 8, 'top1': 0.25, 'top5': 0.625}, {'step': 3, 'tokens': 8, 'top1': 0.125, 'top5': 0.375}, {'step': 4, 'tokens': 8, 'top1': 0.0, 'top5': 0.375}, {'step': 5, 'tokens': 8, 'top1': 0.25, 'top5': 0.5}, {'step': 6, 'tokens': 8, 'top1': 0.125, 'top5': 0.25}, {'step': 7, 'tokens': 8, 'top1': 0.0, 'top5': 0.25}, {'step': 8, 'tokens': 8, 'top1': 0.125, 'top5': 0.375}, {'step': 9, 'tokens': 8, 'top1': 0.125, 'top5': 0.25}, {'step': 10, 'tokens': 8, 'top1': 0.0, 'top5': 0.125}, {'step': 11, 'tokens': 8, 'top1': 0.125, 'top5': 0.25}, {'step': 12, 'tokens': 8, 'top1': 0.125, 'top5': 0.125}, {'step': 13, 'tokens': 8, 'top1': 0.125, 'top5': 0.375}, {'step': 14, 'tokens': 8, 'top1': 0.0, 'top5': 0.0}]
[36m(SpecoTaskRunner pid=65789)[0m Training Progress:  50%|█████     | 10/20 [20:31<08:53, 53.36s/it]

[36m(SpecoTaskRunner pid=65789)[0m step:10 - global_seqlen/min:176 - global_seqlen/max:178 - global_seqlen/minmax_diff:2 - global_seqlen/balanced_min:177 - global_seqlen/balanced_max:177 - global_seqlen/mean:177.0 - actor/entropy:0.0 - perf/mfu/actor_infer:0.010311072396612306 - training/rollout_probs_diff_valid:1 - training/rollout_probs_diff_max:0.09778282046318054 - training/rollout_probs_diff_mean:0.005137725733220577 - training/rollout_probs_diff_std:0.014142688363790512 - training/rollout_actor_probs_pearson_corr:0.9983304142951965 - rollout_corr/training_ppl:1.278623342514038 - rollout_corr/training_log_ppl:0.2449018359184265 - rollout_corr/kl:0.0029441555961966515 - rollout_corr/k3_kl:0.0018284835387021303 - rollout_corr/rollout_ppl:1.2751134634017944 - rollout_corr/rollout_log_ppl:0.2419576793909073 - rollout_corr/log_ppl_diff:0.002944156527519226 - rollout_corr/log_ppl_abs_diff:0.004005730152130127 - rollout_corr/log_ppl_diff_max:0.010931804776191711 - rollout_corr/log_ppl_diff_min:-0.001151055097579956 - rollout_corr/ppl_ratio:1.0029605627059937 - rollout_corr/chi2_token:0.0015110969543457031 - rollout_corr/chi2_seq:-0.19451302289962769 - actor/pg_clipfrac:np.float64(0.0) - actor/ppo_kl:np.float64(0.0) - actor/pg_clipfrac_lower:np.float64(0.0) - actor/pg_loss:np.float64(0.0) - actor/loss:np.float64(0.0) - actor/grad_norm:np.float64(0.0) - actor/lr:np.float64(1e-06) - actor/perf/max_memory_allocated_gb:np.float64(28.541846752166748) - actor/perf/max_memory_reserved_gb:np.float64(37.9921875) - actor/perf/cpu_memory_used_gb:np.float64(225.75315475463867) - perf/mfu/actor:np.float64(0.010354759398643875) - drafter/raw_drafter_samples:np.float64(4.0) - drafter/collected_samples:np.float64(2.0) - drafter/collect_interval_matched:np.float64(1.0) - drafter/collection_plan_used:np.float64(1.0) - drafter/collection_plan_collect:np.float64(1.0) - drafter/collection_plan_reason:np.float64(7.0) - drafter/collection_plan_source:np.float64(2.0) - drafter/collection_plan_interval_matched:np.float64(1.0) - drafter/collection_plan_training_interval_matched:np.float64(1.0) - drafter/collection_attempted:np.float64(1.0) - drafter/collection_completed:np.float64(1.0) - drafter/collection_outcome_reason:np.float64(1.0) - drafter/collection_rejected_samples:np.float64(0.0) - drafter/collection_worker_results:np.float64(1.0) - drafter/collection_finalized:np.float64(1.0) - drafter/collection_expired_stages:np.float64(0.0) - timing_s/drafter_collection_rpc:np.float64(0.03391241200006334) - drafter/scheduler_used:np.float64(1.0) - drafter/schedule_launch:np.float64(1.0) - drafter/schedule_interval_matched:np.float64(1.0) - drafter/schedule_strategy:np.float64(0.0) - drafter/schedule_reason:np.float64(10.0) - drafter/target_lm_head_apply_deferred:np.float64(1.0) - drafter/target_lm_head_selected_rows:np.float64(0.0) - drafter/target_lm_head_source_vocab_size:np.float64(0.0) - drafter/target_lm_head_direct_sparse_export:np.float64(0.0) - timing_s/drafter_sync_target_lm_head_fetch:np.float64(3.8799570869960007) - timing_s/drafter_sync_target_lm_head_dispatch:np.float64(3.2065891289967112) - drafter/train_interval_matched:np.float64(1.0) - drafter/target_lm_head_synced:np.float64(1.0) - timing_s/drafter_sync_target_lm_head:np.float64(7.090455395009485) - timing_s/drafter_sync_target_lm_head_apply:np.float64(3.2070407240025816) - timing_s/drafter_sync_target_lm_head_wait:np.float64(0.0004515950058703311) - timing_s/drafter_sync_target_lm_head_overlap_window:np.float64(6.631687308996334) - drafter/trained:np.float64(1.0) - drafter/train_successful_steps_max:np.int64(1) - drafter/train_no_trainable_batch:np.float64(0.0) - drafter/train_activation_failed:np.float64(0.0) - drafter/train_attempted_batches_max:np.int64(1) - drafter/train_buffer_size_before_min:np.int64(2) - drafter/train_buffer_size_after_min:np.int64(0) - drafter/train_optimizer_step_max:np.int64(10) - drafter/train_worker_results_consistent:np.float64(1.0) - drafter/train_worker_ids_consistent:np.float64(1.0) - drafter/train_worker_incarnations_consistent:np.float64(1.0) - drafter/train_plan_ids_consistent:np.float64(1.0) - drafter/train_source_steps_consistent:np.float64(1.0) - drafter/train_data_versions_consistent:np.float64(1.0) - drafter/train_target_versions_consistent:np.float64(1.0) - drafter/train_successful_steps_consistent:np.float64(1.0) - drafter/train_optimizer_steps_consistent:np.float64(1.0) - drafter/train_publish_leader_count:np.float64(1.0) - drafter/train_publish_leader_snapshot_ready:np.float64(1.0) - timing_s/drafter_prepare_batch:np.float64(0.0025010108947753906) - timing_s/drafter_forward_loss:np.float64(1.4074900150299072) - timing_s/drafter_reduce_loss:np.float64(0.0011441707611083984) - timing_s/drafter_backward:np.float64(0.10023093223571777) - timing_s/drafter_optimizer:np.float64(0.1885066032409668) - timing_s/drafter_publish_snapshot:np.float64(2.4001126289367676) - timing_s/drafter_worker_training_loop:np.float64(2.276479721069336) - timing_s/drafter_worker_cleanup:np.float64(5.047743082046509) - timing_s/drafter_worker_elapsed:np.float64(6.736307382583618) - timing_s/drafter_train_rpc:np.float64(7.907194314997469) - drafter/runtime_state:np.float64(3.0) - drafter/runtime_completed_batches:np.float64(1.0) - drafter/runtime_inflight:np.float64(0.0) - timing_s/drafter_runtime_batch_average:np.float64(7.907194314997469) - timing_s/drafter_outer_unaccounted:np.float64(0.009303825994720683) - drafter/publish_attempted:np.float64(1.0) - drafter/published:np.float64(1.0) - timing_s/drafter_publish_wait_pending:np.float64(2.5900008040480316e-06) - timing_s/drafter_publish_fetch_snapshot:np.float64(3.625317385995004) - timing_s/drafter_publish_update_weights:np.float64(0.0014928449963917956) - training/global_step:10 - training/epoch:1 - critic/score/mean:0.0 - critic/score/max:0.0 - critic/score/min:0.0 - critic/rewards/mean:0.0 - critic/rewards/max:0.0 - critic/rewards/min:0.0 - critic/advantages/mean:0.0 - critic/advantages/max:0.0 - critic/advantages/min:0.0 - critic/returns/mean:0.0 - critic/returns/max:0.0 - critic/returns/min:0.0 - response_length/mean:64.0 - response_length/max:64.0 - response_length/min:64.0 - response_length/clip_ratio:1.0 - response_length_non_aborted/mean:64.0 - response_length_non_aborted/max:64.0 - response_length_non_aborted/min:64.0 - response_length_non_aborted/clip_ratio:1.0 - response/aborted_ratio:0.0 - prompt_length/mean:24.5 - prompt_length/max:25.0 - prompt_length/min:24.0 - prompt_length/clip_ratio:0.0 - num_turns/min:np.int32(2) - num_turns/max:np.int32(2) - num_turns/mean:np.float64(2.0) - timing_s/start_profile:0.0001306019985349849 - timing_s/agent_loop/num_preempted/min:np.int64(-1) - timing_s/agent_loop/num_preempted/max:np.int64(-1) - timing_s/agent_loop/num_preempted/mean:np.float64(-1.0) - timing_s/agent_loop/generate_sequences/min:np.float64(0.7851167900007567) - timing_s/agent_loop/generate_sequences/max:np.float64(0.8800396119986544) - timing_s/agent_loop/generate_sequences/mean:np.float64(0.8320131917498657) - timing_s/agent_loop/tool_calls/min:np.float64(0.0) - timing_s/agent_loop/tool_calls/max:np.float64(0.0) - timing_s/agent_loop/tool_calls/mean:np.float64(0.0) - timing_s/agent_loop/compute_score/min:np.float64(0.009330675995443016) - timing_s/agent_loop/compute_score/max:np.float64(0.09944856299989624) - timing_s/agent_loop/compute_score/mean:np.float64(0.03272152274985274) - timing_s/agent_loop/slowest/generate_sequences:np.float64(0.8800396119986544) - timing_s/agent_loop/slowest/tool_calls:np.float64(0.0) - timing_s/agent_loop/slowest/compute_score:np.float64(0.09944856299989624) - timing_s/agent_loop/slowest/num_preempted:np.int64(-1) - timing_s/agent_loop/slowest/prompt_length:24 - timing_s/agent_loop/slowest/response_length:64 - timing_s/gen:6.8017377110008965 - timing_s/reward:1.1373005690984428e-05 - timing_s/old_log_prob:3.2109198500038474 - timing_s/adv:0.003603273995395284 - timing_s/update_actor:6.631743503996404 - timing_s/drafter:15.006953536001674 - drafter/spec_decode/mean_acceptance_length:2.416666666666667 - timing_s/update_weights:7.082586235002964 - timing_s/step:38.741886240000895 - timing_s/stop_profile:0.00015138900198508054 - timing_per_token_ms/adv:0.010178740099986679 - timing_per_token_ms/update_actor:18.733738711854247 - timing_per_token_ms/gen:26.569287933597252 - perf/total_num_tokens:354 - perf/time_per_step:38.741886240000895 - perf/throughput:4.568698563190967[36m(SpecoWorker pid=67347)[0m WARNING:2026-09-19 11:39:51,099:[speco publish reclaim] role=producer global_steps=10 num_weights=58 payload_cleared=1 allocator=glibc action=malloc_trim heap_trimmed=True elapsed_sec=0.229 memory_before=(rss_gib=10.94 anon_gib=5.63 rss_shmem_gib=2.80 node_unavailable_gib=224.73 available_gib=278.76 cached_gib=296.57 node_shmem_gib=41.56 dev_shm_used_gib=0.07 dirty_gib=47.29 writeback_gib=0.01) memory_after=(rss_gib=10.43 anon_gib=5.12 rss_shmem_gib=2.80 node_unavailable_gib=224.23 available_gib=279.26 cached_gib=296.59 node_shmem_gib=41.56 dev_shm_used_gib=0.07 dirty_gib=47.31 writeback_gib=0.01)
[36m(WorkerDict pid=65997)[0m WARNING:2026-09-19 11:39:53,395:[speco publish materialize] async=True global_steps=10 elapsed_sec=2.289 num_weights=58
[36m(SpecoVLLMHttpServer pid=66274)[0m (Worker_TP0 pid=66953) WARNING:2026-09-19 11:39:53,744:[speco draft ipc] streamed 58 translated weights in 1 buckets into DFlashQwen3Model (method=dflash), first 5 keys: ['fc.weight', 'hidden_norm.weight', 'layers.0.self_attn.q_proj.weight', 'layers.0.self_attn.k_proj.weight', 'layers.0.self_attn.v_proj.weight']
[36m(SpecoVLLMHttpServer pid=66274)[0m (Worker_TP0 pid=66953) WARNING:2026-09-19 11:39:53,747:SPECO committed online drafter revision=10 loaded_params=58
[36m(SpecoVLLMHttpServer pid=66274)[0m (Worker_TP1 pid=66954) WARNING:2026-09-19 11:39:53,757:[speco draft ipc] streamed 58 translated weights in 1 buckets into DFlashQwen3Model (method=dflash), first 5 keys: ['fc.weight', 'hidden_norm.weight', 'layers.0.self_attn.q_proj.weight', 'layers.0.self_attn.k_proj.weight', 'layers.0.self_attn.v_proj.weight']
[36m(SpecoVLLMHttpServer pid=66274)[0m (Worker_TP1 pid=66954) WARNING:2026-09-19 11:39:53,760:SPECO committed online drafter revision=10 loaded_params=58
[36m(WorkerDict pid=65997)[0m WARNING:2026-09-19 11:39:54,716:[speco publish reclaim] role=consumer async=True global_steps=10 num_weights=58 payload_cleared=1 allocator=glibc action=malloc_trim heap_trimmed=True elapsed_sec=0.451 memory_before=(rss_gib=19.86 anon_gib=6.58 rss_shmem_gib=10.58 node_unavailable_gib=225.02 available_gib=278.47 cached_gib=296.68 node_shmem_gib=41.56 dev_shm_used_gib=0.07 dirty_gib=47.33 writeback_gib=0.01) memory_after=(rss_gib=19.03 anon_gib=5.76 rss_shmem_gib=10.58 node_unavailable_gib=223.30 available_gib=280.19 cached_gib=296.70 node_shmem_gib=41.56 dev_shm_used_gib=0.07 dirty_gib=47.34 writeback_gib=0.01)
[36m(SpecoVLLMHttpServer pid=66274)[0m (Worker_TP1 pid=66954) WARNING:2026-09-19 11:39:56,363:[speco draft sleep] drafter state saved before level-2 sleep (66 tensors)
[36m(SpecoVLLMHttpServer pid=66274)[0m (Worker_TP0 pid=66953) WARNING:2026-09-19 11:39:56,474:[speco draft sleep] drafter state saved before level-2 sleep (66 tensors)
[36m(SpecoWorker pid=67347)[0m WARNING:2026-09-19 11:40:16,083:[drafter logits quality] valid_tokens=120 top1_acc=0.183333 top5_acc=0.366667 local_ploss_sum=224.085159 local_tokens=120 per_step=[{'step': 0, 'tokens': 8, 'top1': 0.875, 'top5': 1.0}, {'step': 1, 'tokens': 8, 'top1': 0.625, 'top5': 0.875}, {'step': 2, 'tokens': 8, 'top1': 0.5, 'top5': 0.75}, {'step': 3, 'tokens': 8, 'top1': 0.125, 'top5': 0.375}, {'step': 4, 'tokens': 8, 'top1': 0.125, 'top5': 0.375}, {'step': 5, 'tokens': 8, 'top1': 0.125, 'top5': 0.125}, {'step': 6, 'tokens': 8, 'top1': 0.125, 'top5': 0.25}, {'step': 7, 'tokens': 8, 'top1': 0.0, 'top5': 0.125}, {'step': 8, 'tokens': 8, 'top1': 0.0, 'top5': 0.0}, {'step': 9, 'tokens': 8, 'top1': 0.0, 'top5': 0.125}, {'step': 10, 'tokens': 8, 'top1': 0.0, 'top5': 0.25}, {'step': 11, 'tokens': 8, 'top1': 0.125, 'top5': 0.375}, {'step': 12, 'tokens': 8, 'top1': 0.0, 'top5': 0.25}, {'step': 13, 'tokens': 8, 'top1': 0.0, 'top5': 0.25}, {'step': 14, 'tokens': 8, 'top1': 0.125, 'top5': 0.375}]
[36m(SpecoWorker pid=67347)[0m INFO:2026-09-19 11:40:16,382:[drafter loss] step=1 optimizer_step_total=11 lr=1.000e-05 loss=4.5216 vloss=0.0000 ploss=4.5216
[36m(SpecoVLLMHttpServer pid=66274)[0m (Worker_TP1 pid=66954) WARNING:2026-09-19 11:40:22,653:[speco draft wake_up] drafter state restored after level-2 wake_up (66 tensors, revision=10)
[36m(SpecoVLLMHttpServer pid=66274)[0m (Worker_TP0 pid=66953) WARNING:2026-09-19 11:40:22,672:[speco draft wake_up] drafter state restored after level-2 wake_up (66 tensors, revision=10)
[36m(SpecoWorker pid=67348)[0m WARNING:2026-09-19 11:40:16,084:[drafter logits quality] valid_tokens=120 top1_acc=0.125000 top5_acc=0.266667 local_ploss_sum=255.613724 local_tokens=120 per_step=[{'step': 0, 'tokens': 8, 'top1': 0.625, 'top5': 0.75}, {'step': 1, 'tokens': 8, 'top1': 0.375, 'top5': 0.5}, {'step': 2, 'tokens': 8, 'top1': 0.375, 'top5': 0.5}, {'step': 3, 'tokens': 8, 'top1': 0.0, 'top5': 0.375}, {'step': 4, 'tokens': 8, 'top1': 0.25, 'top5': 0.375}, {'step': 5, 'tokens': 8, 'top1': 0.125, 'top5': 0.125}, {'step': 6, 'tokens': 8, 'top1': 0.0, 'top5': 0.125}, {'step': 7, 'tokens': 8, 'top1': 0.0, 'top5': 0.0}, {'step': 8, 'tokens': 8, 'top1': 0.0, 'top5': 0.25}, {'step': 9, 'tokens': 8, 'top1': 0.0, 'top5': 0.125}, {'step': 10, 'tokens': 8, 'top1': 0.0, 'top5': 0.25}, {'step': 11, 'tokens': 8, 'top1': 0.0, 'top5': 0.0}, {'step': 12, 'tokens': 8, 'top1': 0.0, 'top5': 0.25}, {'step': 13, 'tokens': 8, 'top1': 0.0, 'top5': 0.0}, {'step': 14, 'tokens': 8, 'top1': 0.125, 'top5': 0.375}]
[36m(SpecoTaskRunner pid=65789)[0m Training Progress:  55%|█████▌    | 11/20 [21:11<07:21, 49.10s/it]

[36m(SpecoTaskRunner pid=65789)[0m step:11 - global_seqlen/min:176 - global_seqlen/max:178 - global_seqlen/minmax_diff:2 - global_seqlen/balanced_min:177 - global_seqlen/balanced_max:177 - global_seqlen/mean:177.0 - actor/entropy:0.0 - perf/mfu/actor_infer:0.007651642214945596 - training/rollout_probs_diff_valid:1 - training/rollout_probs_diff_max:0.10859888792037964 - training/rollout_probs_diff_mean:0.006438584998250008 - training/rollout_probs_diff_std:0.01666390709578991 - training/rollout_actor_probs_pearson_corr:0.997478723526001 - rollout_corr/training_ppl:1.2764226198196411 - rollout_corr/training_log_ppl:0.24131833016872406 - rollout_corr/kl:0.0072743650525808334 - rollout_corr/k3_kl:0.001260449644178152 - rollout_corr/rollout_ppl:1.266829252243042 - rollout_corr/rollout_log_ppl:0.23404397070407867 - rollout_corr/log_ppl_diff:0.007274370640516281 - rollout_corr/log_ppl_abs_diff:0.007274370640516281 - rollout_corr/log_ppl_diff_max:0.016497820615768433 - rollout_corr/log_ppl_diff_min:0.0016677528619766235 - rollout_corr/ppl_ratio:1.0073164701461792 - rollout_corr/chi2_token:-0.00978696346282959 - rollout_corr/chi2_seq:-0.5190786719322205 - actor/pg_clipfrac:np.float64(0.0) - actor/ppo_kl:np.float64(0.0) - actor/pg_clipfrac_lower:np.float64(0.0) - actor/pg_loss:np.float64(0.0) - actor/loss:np.float64(0.0) - actor/grad_norm:np.float64(0.0) - actor/lr:np.float64(1e-06) - actor/perf/max_memory_allocated_gb:np.float64(28.541846752166748) - actor/perf/max_memory_reserved_gb:np.float64(37.9921875) - actor/perf/cpu_memory_used_gb:np.float64(225.66551971435547) - perf/mfu/actor:np.float64(0.010035922021629815) - drafter/raw_drafter_samples:np.float64(4.0) - drafter/collected_samples:np.float64(2.0) - drafter/collect_interval_matched:np.float64(1.0) - drafter/collection_plan_used:np.float64(1.0) - drafter/collection_plan_collect:np.float64(1.0) - drafter/collection_plan_reason:np.float64(7.0) - drafter/collection_plan_source:np.float64(2.0) - drafter/collection_plan_interval_matched:np.float64(1.0) - drafter/collection_plan_training_interval_matched:np.float64(1.0) - drafter/collection_attempted:np.float64(1.0) - drafter/collection_completed:np.float64(1.0) - drafter/collection_outcome_reason:np.float64(1.0) - drafter/collection_rejected_samples:np.float64(0.0) - drafter/collection_worker_results:np.float64(1.0) - drafter/collection_finalized:np.float64(1.0) - drafter/collection_expired_stages:np.float64(0.0) - timing_s/drafter_collection_rpc:np.float64(0.028042260004440323) - drafter/scheduler_used:np.float64(1.0) - drafter/schedule_launch:np.float64(1.0) - drafter/schedule_interval_matched:np.float64(1.0) - drafter/schedule_strategy:np.float64(0.0) - drafter/schedule_reason:np.float64(10.0) - drafter/target_lm_head_apply_deferred:np.float64(1.0) - drafter/target_lm_head_selected_rows:np.float64(0.0) - drafter/target_lm_head_source_vocab_size:np.float64(0.0) - drafter/target_lm_head_direct_sparse_export:np.float64(0.0) - timing_s/drafter_sync_target_lm_head_fetch:np.float64(5.15963913500309) - timing_s/drafter_sync_target_lm_head_dispatch:np.float64(2.40758389000257) - drafter/train_interval_matched:np.float64(1.0) - drafter/target_lm_head_synced:np.float64(1.0) - timing_s/drafter_sync_target_lm_head:np.float64(7.57023487999686) - timing_s/drafter_sync_target_lm_head_apply:np.float64(2.4079220150015317) - timing_s/drafter_sync_target_lm_head_wait:np.float64(0.00033812499896157533) - timing_s/drafter_sync_target_lm_head_overlap_window:np.float64(6.776786641996296) - drafter/trained:np.float64(1.0) - drafter/train_successful_steps_max:np.int64(1) - drafter/train_no_trainable_batch:np.float64(0.0) - drafter/train_activation_failed:np.float64(0.0) - drafter/train_attempted_batches_max:np.int64(1) - drafter/train_buffer_size_before_min:np.int64(2) - drafter/train_buffer_size_after_min:np.int64(0) - drafter/train_optimizer_step_max:np.int64(11) - drafter/train_worker_results_consistent:np.float64(1.0) - drafter/train_worker_ids_consistent:np.float64(1.0) - drafter/train_worker_incarnations_consistent:np.float64(1.0) - drafter/train_plan_ids_consistent:np.float64(1.0) - drafter/train_source_steps_consistent:np.float64(1.0) - drafter/train_data_versions_consistent:np.float64(1.0) - drafter/train_target_versions_consistent:np.float64(1.0) - drafter/train_successful_steps_consistent:np.float64(1.0) - drafter/train_optimizer_steps_consistent:np.float64(1.0) - drafter/train_publish_leader_count:np.float64(1.0) - drafter/train_publish_leader_snapshot_ready:np.float64(1.0) - timing_s/drafter_prepare_batch:np.float64(0.002523660659790039) - timing_s/drafter_forward_loss:np.float64(0.17750263214111328) - timing_s/drafter_reduce_loss:np.float64(0.0010912418365478516) - timing_s/drafter_backward:np.float64(0.07116341590881348) - timing_s/drafter_optimizer:np.float64(0.21760821342468262) - timing_s/drafter_publish_snapshot:np.float64(2.5368547439575195) - timing_s/drafter_worker_training_loop:np.float64(0.44771909713745117) - timing_s/drafter_worker_cleanup:np.float64(4.60521388053894) - timing_s/drafter_worker_elapsed:np.float64(5.132244348526001) - timing_s/drafter_train_rpc:np.float64(6.3834821290001855) - drafter/runtime_state:np.float64(3.0) - drafter/runtime_completed_batches:np.float64(1.0) - drafter/runtime_inflight:np.float64(0.0) - timing_s/drafter_runtime_batch_average:np.float64(6.3834821290001855) - timing_s/drafter_outer_unaccounted:np.float64(0.006536967004649341) - drafter/publish_attempted:np.float64(1.0) - drafter/published:np.float64(1.0) - timing_s/drafter_publish_wait_pending:np.float64(3.2510070013813674e-06) - timing_s/drafter_publish_fetch_snapshot:np.float64(5.036468056998274) - timing_s/drafter_publish_update_weights:np.float64(0.00150578300235793) - training/global_step:11 - training/epoch:1 - critic/score/mean:0.0 - critic/score/max:0.0 - critic/score/min:0.0 - critic/rewards/mean:0.0 - critic/rewards/max:0.0 - critic/rewards/min:0.0 - critic/advantages/mean:0.0 - critic/advantages/max:0.0 - critic/advantages/min:0.0 - critic/returns/mean:0.0 - critic/returns/max:0.0 - critic/returns/min:0.0 - response_length/mean:64.0 - response_length/max:64.0 - response_length/min:64.0 - response_length/clip_ratio:1.0 - response_length_non_aborted/mean:64.0 - response_length_non_aborted/max:64.0 - response_length_non_aborted/min:64.0 - response_length_non_aborted/clip_ratio:1.0 - response/aborted_ratio:0.0 - prompt_length/mean:24.5 - prompt_length/max:25.0 - prompt_length/min:24.0 - prompt_length/clip_ratio:0.0 - num_turns/min:np.int32(2) - num_turns/max:np.int32(2) - num_turns/mean:np.float64(2.0) - timing_s/start_profile:0.00013519699859898537 - timing_s/agent_loop/num_preempted/min:np.int64(-1) - timing_s/agent_loop/num_preempted/max:np.int64(-1) - timing_s/agent_loop/num_preempted/mean:np.float64(-1.0) - timing_s/agent_loop/generate_sequences/min:np.float64(0.7560376429973985) - timing_s/agent_loop/generate_sequences/max:np.float64(0.8644086380008957) - timing_s/agent_loop/generate_sequences/mean:np.float64(0.8172273287491407) - timing_s/agent_loop/tool_calls/min:np.float64(0.0) - timing_s/agent_loop/tool_calls/max:np.float64(0.0) - timing_s/agent_loop/tool_calls/mean:np.float64(0.0) - timing_s/agent_loop/compute_score/min:np.float64(0.01005809100024635) - timing_s/agent_loop/compute_score/max:np.float64(0.013779689994407818) - timing_s/agent_loop/compute_score/mean:np.float64(0.01194258999748854) - timing_s/agent_loop/slowest/generate_sequences:np.float64(0.8644086380008957) - timing_s/agent_loop/slowest/tool_calls:np.float64(0.0) - timing_s/agent_loop/slowest/compute_score:np.float64(0.01005809100024635) - timing_s/agent_loop/slowest/num_preempted:np.int64(-1) - timing_s/agent_loop/slowest/prompt_length:24 - timing_s/agent_loop/slowest/response_length:64 - timing_s/gen:5.505439867003588 - timing_s/reward:2.6763002097140998e-05 - timing_s/old_log_prob:3.7057148439998855 - timing_s/adv:0.0013953550005680881 - timing_s/update_actor:6.776788745999511 - timing_s/drafter:13.960253976001695 - drafter/spec_decode/mean_acceptance_length:2.466019417475728 - timing_s/update_weights:9.471133478997217 - timing_s/step:39.42829556400102 - timing_s/stop_profile:0.00015266999980667606 - timing_per_token_ms/adv:0.00394168079256522 - timing_per_token_ms/update_actor:19.143471033896923 - timing_per_token_ms/gen:21.505624480482766 - perf/total_num_tokens:354 - perf/time_per_step:39.42829556400102 - perf/throughput:4.4891618434961025[36m(SpecoWorker pid=67347)[0m WARNING:2026-09-19 11:40:29,689:[speco publish reclaim] role=producer global_steps=11 num_weights=58 payload_cleared=1 allocator=glibc action=malloc_trim heap_trimmed=True elapsed_sec=0.224 memory_before=(rss_gib=10.95 anon_gib=5.64 rss_shmem_gib=2.80 node_unavailable_gib=224.63 available_gib=278.86 cached_gib=297.34 node_shmem_gib=41.57 dev_shm_used_gib=0.07 dirty_gib=47.39 writeback_gib=0.01) memory_after=(rss_gib=10.43 anon_gib=5.12 rss_shmem_gib=2.80 node_unavailable_gib=224.07 available_gib=279.41 cached_gib=297.34 node_shmem_gib=41.57 dev_shm_used_gib=0.07 dirty_gib=47.39 writeback_gib=0.01)
[36m(WorkerDict pid=65997)[0m WARNING:2026-09-19 11:40:32,845:[speco publish materialize] async=True global_steps=11 elapsed_sec=2.301 num_weights=58
[36m(SpecoVLLMHttpServer pid=66274)[0m (Worker_TP0 pid=66953) WARNING:2026-09-19 11:40:33,118:[speco draft ipc] streamed 58 translated weights in 1 buckets into DFlashQwen3Model (method=dflash), first 5 keys: ['fc.weight', 'hidden_norm.weight', 'layers.0.self_attn.q_proj.weight', 'layers.0.self_attn.k_proj.weight', 'layers.0.self_attn.v_proj.weight']
[36m(SpecoVLLMHttpServer pid=66274)[0m (Worker_TP1 pid=66954) WARNING:2026-09-19 11:40:33,149:[speco draft ipc] streamed 58 translated weights in 1 buckets into DFlashQwen3Model (method=dflash), first 5 keys: ['fc.weight', 'hidden_norm.weight', 'layers.0.self_attn.q_proj.weight', 'layers.0.self_attn.k_proj.weight', 'layers.0.self_attn.v_proj.weight']
[36m(SpecoVLLMHttpServer pid=66274)[0m (Worker_TP1 pid=66954) WARNING:2026-09-19 11:40:33,554:SPECO committed online drafter revision=11 loaded_params=58
[36m(SpecoVLLMHttpServer pid=66274)[0m (Worker_TP0 pid=66953) WARNING:2026-09-19 11:40:33,556:SPECO committed online drafter revision=11 loaded_params=58
[36m(WorkerDict pid=65997)[0m WARNING:2026-09-19 11:40:34,664:[speco publish reclaim] role=consumer async=True global_steps=11 num_weights=58 payload_cleared=1 allocator=glibc action=malloc_trim heap_trimmed=True elapsed_sec=0.497 memory_before=(rss_gib=19.89 anon_gib=6.61 rss_shmem_gib=10.58 node_unavailable_gib=225.53 available_gib=277.95 cached_gib=295.82 node_shmem_gib=41.57 dev_shm_used_gib=0.07 dirty_gib=47.46 writeback_gib=0.02) memory_after=(rss_gib=19.04 anon_gib=5.76 rss_shmem_gib=10.58 node_unavailable_gib=224.01 available_gib=279.48 cached_gib=295.89 node_shmem_gib=41.57 dev_shm_used_gib=0.07 dirty_gib=47.51 writeback_gib=0.03)
[36m(SpecoVLLMHttpServer pid=66274)[0m (Worker_TP1 pid=66954) WARNING:2026-09-19 11:40:36,425:[speco draft sleep] drafter state saved before level-2 sleep (66 tensors)
[36m(SpecoVLLMHttpServer pid=66274)[0m (Worker_TP0 pid=66953) WARNING:2026-09-19 11:40:36,547:[speco draft sleep] drafter state saved before level-2 sleep (66 tensors)
[36m(SpecoWorker pid=67347)[0m WARNING:2026-09-19 11:40:55,186:[drafter logits quality] valid_tokens=120 top1_acc=0.233333 top5_acc=0.483333 local_ploss_sum=164.209091 local_tokens=120 per_step=[{'step': 0, 'tokens': 8, 'top1': 0.875, 'top5': 1.0}, {'step': 1, 'tokens': 8, 'top1': 0.625, 'top5': 0.875}, {'step': 2, 'tokens': 8, 'top1': 0.75, 'top5': 0.875}, {'step': 3, 'tokens': 8, 'top1': 0.375, 'top5': 0.375}, {'step': 4, 'tokens': 8, 'top1': 0.25, 'top5': 0.375}, {'step': 5, 'tokens': 8, 'top1': 0.25, 'top5': 0.5}, {'step': 6, 'tokens': 8, 'top1': 0.125, 'top5': 0.375}, {'step': 7, 'tokens': 8, 'top1': 0.0, 'top5': 0.25}, {'step': 8, 'tokens': 8, 'top1': 0.0, 'top5': 0.25}, {'step': 9, 'tokens': 8, 'top1': 0.125, 'top5': 0.25}, {'step': 10, 'tokens': 8, 'top1': 0.0, 'top5': 0.5}, {'step': 11, 'tokens': 8, 'top1': 0.0, 'top5': 0.5}, {'step': 12, 'tokens': 8, 'top1': 0.125, 'top5': 0.5}, {'step': 13, 'tokens': 8, 'top1': 0.0, 'top5': 0.25}, {'step': 14, 'tokens': 8, 'top1': 0.0, 'top5': 0.375}]
[36m(SpecoWorker pid=67347)[0m INFO:2026-09-19 11:40:55,661:[drafter loss] step=1 optimizer_step_total=12 lr=1.000e-05 loss=3.6346 vloss=0.0000 ploss=3.6346
[36m(SpecoVLLMHttpServer pid=66274)[0m (Worker_TP1 pid=66954) WARNING:2026-09-19 11:41:02,209:[speco draft wake_up] drafter state restored after level-2 wake_up (66 tensors, revision=11)
[36m(SpecoVLLMHttpServer pid=66274)[0m (Worker_TP0 pid=66953) WARNING:2026-09-19 11:41:02,222:[speco draft wake_up] drafter state restored after level-2 wake_up (66 tensors, revision=11)
[36m(SpecoWorker pid=67348)[0m WARNING:2026-09-19 11:40:55,186:[drafter logits quality] valid_tokens=120 top1_acc=0.158333 top5_acc=0.366667 local_ploss_sum=221.390060 local_tokens=120 per_step=[{'step': 0, 'tokens': 8, 'top1': 0.5, 'top5': 0.75}, {'step': 1, 'tokens': 8, 'top1': 0.25, 'top5': 0.5}, {'step': 2, 'tokens': 8, 'top1': 0.375, 'top5': 0.5}, {'step': 3, 'tokens': 8, 'top1': 0.25, 'top5': 0.25}, {'step': 4, 'tokens': 8, 'top1': 0.25, 'top5': 0.375}, {'step': 5, 'tokens': 8, 'top1': 0.25, 'top5': 0.625}, {'step': 6, 'tokens': 8, 'top1': 0.125, 'top5': 0.375}, {'step': 7, 'tokens': 8, 'top1': 0.125, 'top5': 0.25}, {'step': 8, 'tokens': 8, 'top1': 0.125, 'top5': 0.25}, {'step': 9, 'tokens': 8, 'top1': 0.125, 'top5': 0.375}, {'step': 10, 'tokens': 8, 'top1': 0.0, 'top5': 0.125}, {'step': 11, 'tokens': 8, 'top1': 0.0, 'top5': 0.625}, {'step': 12, 'tokens': 8, 'top1': 0.0, 'top5': 0.25}, {'step': 13, 'tokens': 8, 'top1': 0.0, 'top5': 0.125}, {'step': 14, 'tokens': 8, 'top1': 0.0, 'top5': 0.125}]
[36m(SpecoTaskRunner pid=65789)[0m Training Progress:  60%|██████    | 12/20 [21:52<06:14, 46.80s/it]

[36m(SpecoTaskRunner pid=65789)[0m step:12 - global_seqlen/min:176 - global_seqlen/max:176 - global_seqlen/minmax_diff:0 - global_seqlen/balanced_min:176 - global_seqlen/balanced_max:176 - global_seqlen/mean:176.0 - actor/entropy:0.0 - perf/mfu/actor_infer:0.010156321021008729 - training/rollout_probs_diff_valid:1 - training/rollout_probs_diff_max:0.06329602003097534 - training/rollout_probs_diff_mean:0.005492327269166708 - training/rollout_probs_diff_std:0.013687368482351303 - training/rollout_actor_probs_pearson_corr:0.9974169135093689 - rollout_corr/training_ppl:1.1779117584228516 - rollout_corr/training_log_ppl:0.1633884757757187 - rollout_corr/kl:0.0012511489912867546 - rollout_corr/k3_kl:0.0005919933319091797 - rollout_corr/rollout_ppl:1.176332712173462 - rollout_corr/rollout_log_ppl:0.16213731467723846 - rollout_corr/log_ppl_diff:0.0012511461973190308 - rollout_corr/log_ppl_abs_diff:0.0040344372391700745 - rollout_corr/log_ppl_diff_max:0.006675839424133301 - rollout_corr/log_ppl_diff_min:-0.003356829285621643 - rollout_corr/ppl_ratio:1.0012606382369995 - rollout_corr/chi2_token:-0.00013142824172973633 - rollout_corr/chi2_seq:-0.02586764097213745 - actor/pg_clipfrac:np.float64(0.0) - actor/ppo_kl:np.float64(0.0) - actor/pg_clipfrac_lower:np.float64(0.0) - actor/pg_loss:np.float64(0.0) - actor/loss:np.float64(0.0) - actor/grad_norm:np.float64(0.0) - actor/lr:np.float64(1e-06) - actor/perf/max_memory_allocated_gb:np.float64(28.541846752166748) - actor/perf/max_memory_reserved_gb:np.float64(37.9921875) - actor/perf/cpu_memory_used_gb:np.float64(228.2844581604004) - perf/mfu/actor:np.float64(0.010184584466837418) - drafter/raw_drafter_samples:np.float64(4.0) - drafter/collected_samples:np.float64(2.0) - drafter/collect_interval_matched:np.float64(1.0) - drafter/collection_plan_used:np.float64(1.0) - drafter/collection_plan_collect:np.float64(1.0) - drafter/collection_plan_reason:np.float64(7.0) - drafter/collection_plan_source:np.float64(2.0) - drafter/collection_plan_interval_matched:np.float64(1.0) - drafter/collection_plan_training_interval_matched:np.float64(1.0) - drafter/collection_attempted:np.float64(1.0) - drafter/collection_completed:np.float64(1.0) - drafter/collection_outcome_reason:np.float64(1.0) - drafter/collection_rejected_samples:np.float64(0.0) - drafter/collection_worker_results:np.float64(1.0) - drafter/collection_finalized:np.float64(1.0) - drafter/collection_expired_stages:np.float64(0.0) - timing_s/drafter_collection_rpc:np.float64(0.03973598300217418) - drafter/scheduler_used:np.float64(1.0) - drafter/schedule_launch:np.float64(1.0) - drafter/schedule_interval_matched:np.float64(1.0) - drafter/schedule_strategy:np.float64(0.0) - drafter/schedule_reason:np.float64(10.0) - drafter/target_lm_head_apply_deferred:np.float64(1.0) - drafter/target_lm_head_selected_rows:np.float64(0.0) - drafter/target_lm_head_source_vocab_size:np.float64(0.0) - drafter/target_lm_head_direct_sparse_export:np.float64(0.0) - timing_s/drafter_sync_target_lm_head_fetch:np.float64(4.522708677002811) - timing_s/drafter_sync_target_lm_head_dispatch:np.float64(2.3842246209969744) - drafter/train_interval_matched:np.float64(1.0) - drafter/target_lm_head_synced:np.float64(1.0) - timing_s/drafter_sync_target_lm_head:np.float64(6.910885377998056) - timing_s/drafter_sync_target_lm_head_apply:np.float64(2.3846161359979305) - timing_s/drafter_sync_target_lm_head_wait:np.float64(0.000391515000956133) - timing_s/drafter_sync_target_lm_head_overlap_window:np.float64(6.556631010003912) - drafter/trained:np.float64(1.0) - drafter/train_successful_steps_max:np.int64(1) - drafter/train_no_trainable_batch:np.float64(0.0) - drafter/train_activation_failed:np.float64(0.0) - drafter/train_attempted_batches_max:np.int64(1) - drafter/train_buffer_size_before_min:np.int64(2) - drafter/train_buffer_size_after_min:np.int64(0) - drafter/train_optimizer_step_max:np.int64(12) - drafter/train_worker_results_consistent:np.float64(1.0) - drafter/train_worker_ids_consistent:np.float64(1.0) - drafter/train_worker_incarnations_consistent:np.float64(1.0) - drafter/train_plan_ids_consistent:np.float64(1.0) - drafter/train_source_steps_consistent:np.float64(1.0) - drafter/train_data_versions_consistent:np.float64(1.0) - drafter/train_target_versions_consistent:np.float64(1.0) - drafter/train_successful_steps_consistent:np.float64(1.0) - drafter/train_optimizer_steps_consistent:np.float64(1.0) - drafter/train_publish_leader_count:np.float64(1.0) - drafter/train_publish_leader_snapshot_ready:np.float64(1.0) - timing_s/drafter_prepare_batch:np.float64(0.005209684371948242) - timing_s/drafter_forward_loss:np.float64(0.37297821044921875) - timing_s/drafter_reduce_loss:np.float64(0.0014879703521728516) - timing_s/drafter_backward:np.float64(0.050176143646240234) - timing_s/drafter_optimizer:np.float64(0.1992967128753662) - timing_s/drafter_publish_snapshot:np.float64(2.7069458961486816) - timing_s/drafter_worker_training_loop:np.float64(0.919766902923584) - timing_s/drafter_worker_cleanup:np.float64(5.094405174255371) - timing_s/drafter_worker_elapsed:np.float64(5.904029369354248) - timing_s/drafter_train_rpc:np.float64(7.0922048180000274) - drafter/runtime_state:np.float64(3.0) - drafter/runtime_completed_batches:np.float64(1.0) - drafter/runtime_inflight:np.float64(0.0) - timing_s/drafter_runtime_batch_average:np.float64(7.0922048180000274) - timing_s/drafter_outer_unaccounted:np.float64(0.00931999600288691) - drafter/publish_attempted:np.float64(1.0) - drafter/published:np.float64(1.0) - timing_s/drafter_publish_wait_pending:np.float64(3.4049953683279455e-06) - timing_s/drafter_publish_fetch_snapshot:np.float64(6.382617161994858) - timing_s/drafter_publish_update_weights:np.float64(0.0019978429991169833) - training/global_step:12 - training/epoch:1 - critic/score/mean:0.0 - critic/score/max:0.0 - critic/score/min:0.0 - critic/rewards/mean:0.0 - critic/rewards/max:0.0 - critic/rewards/min:0.0 - critic/advantages/mean:0.0 - critic/advantages/max:0.0 - critic/advantages/min:0.0 - critic/returns/mean:0.0 - critic/returns/max:0.0 - critic/returns/min:0.0 - response_length/mean:64.0 - response_length/max:64.0 - response_length/min:64.0 - response_length/clip_ratio:1.0 - response_length_non_aborted/mean:64.0 - response_length_non_aborted/max:64.0 - response_length_non_aborted/min:64.0 - response_length_non_aborted/clip_ratio:1.0 - response/aborted_ratio:0.0 - prompt_length/mean:24.0 - prompt_length/max:24.0 - prompt_length/min:24.0 - prompt_length/clip_ratio:0.0 - num_turns/min:np.int32(2) - num_turns/max:np.int32(2) - num_turns/mean:np.float64(2.0) - timing_s/start_profile:0.0001326199999311939 - timing_s/agent_loop/num_preempted/min:np.int64(-1) - timing_s/agent_loop/num_preempted/max:np.int64(-1) - timing_s/agent_loop/num_preempted/mean:np.float64(-1.0) - timing_s/agent_loop/generate_sequences/min:np.float64(0.8905162320006639) - timing_s/agent_loop/generate_sequences/max:np.float64(1.027927481001825) - timing_s/agent_loop/generate_sequences/mean:np.float64(0.9729299455011642) - timing_s/agent_loop/tool_calls/min:np.float64(0.0) - timing_s/agent_loop/tool_calls/max:np.float64(0.0) - timing_s/agent_loop/tool_calls/mean:np.float64(0.0) - timing_s/agent_loop/compute_score/min:np.float64(0.009093994995055255) - timing_s/agent_loop/compute_score/max:np.float64(0.01575407900236314) - timing_s/agent_loop/compute_score/mean:np.float64(0.011686088999340427) - timing_s/agent_loop/slowest/generate_sequences:np.float64(1.027927481001825) - timing_s/agent_loop/slowest/tool_calls:np.float64(0.0) - timing_s/agent_loop/slowest/compute_score:np.float64(0.01093467800092185) - timing_s/agent_loop/slowest/num_preempted:np.int64(-1) - timing_s/agent_loop/slowest/prompt_length:24 - timing_s/agent_loop/slowest/response_length:64 - timing_s/gen:6.17075126599957 - timing_s/reward:1.2539996532723308e-05 - timing_s/old_log_prob:3.6263928190019215 - timing_s/adv:0.003489902999717742 - timing_s/update_actor:6.556643678995897 - timing_s/drafter:14.01241019200097 - drafter/spec_decode/mean_acceptance_length:2.098360655737705 - timing_s/update_weights:11.168367292993935 - timing_s/step:41.542876997998974 - timing_s/stop_profile:0.0001388829987263307 - timing_per_token_ms/adv:0.009914497158289041 - timing_per_token_ms/update_actor:18.626828633511074 - timing_per_token_ms/gen:24.10449713281082 - perf/total_num_tokens:352 - perf/time_per_step:41.542876997998974 - perf/throughput:4.23658669592088[36m(SpecoWorker pid=67347)[0m WARNING:2026-09-19 11:41:10,439:[speco publish reclaim] role=producer global_steps=12 num_weights=58 payload_cleared=1 allocator=glibc action=malloc_trim heap_trimmed=True elapsed_sec=0.230 memory_before=(rss_gib=10.94 anon_gib=5.64 rss_shmem_gib=2.80 node_unavailable_gib=219.16 available_gib=284.33 cached_gib=296.52 node_shmem_gib=41.59 dev_shm_used_gib=0.07 dirty_gib=47.40 writeback_gib=0.03) memory_after=(rss_gib=10.43 anon_gib=5.12 rss_shmem_gib=2.80 node_unavailable_gib=218.58 available_gib=284.91 cached_gib=296.55 node_shmem_gib=41.59 dev_shm_used_gib=0.07 dirty_gib=47.42 writeback_gib=0.03)
[36m(WorkerDict pid=65997)[0m WARNING:2026-09-19 11:41:14,738:[speco publish materialize] async=True global_steps=12 elapsed_sec=2.638 num_weights=58
[36m(SpecoVLLMHttpServer pid=66274)[0m (Worker_TP1 pid=66954) WARNING:2026-09-19 11:41:15,332:[speco draft ipc] streamed 58 translated weights in 1 buckets into DFlashQwen3Model (method=dflash), first 5 keys: ['fc.weight', 'hidden_norm.weight', 'layers.0.self_attn.q_proj.weight', 'layers.0.self_attn.k_proj.weight', 'layers.0.self_attn.v_proj.weight']
[36m(SpecoVLLMHttpServer pid=66274)[0m (Worker_TP1 pid=66954) WARNING:2026-09-19 11:41:15,335:SPECO committed online drafter revision=12 loaded_params=58
[36m(SpecoVLLMHttpServer pid=66274)[0m (Worker_TP0 pid=66953) WARNING:2026-09-19 11:41:15,337:[speco draft ipc] streamed 58 translated weights in 1 buckets into DFlashQwen3Model (method=dflash), first 5 keys: ['fc.weight', 'hidden_norm.weight', 'layers.0.self_attn.q_proj.weight', 'layers.0.self_attn.k_proj.weight', 'layers.0.self_attn.v_proj.weight']
[36m(SpecoVLLMHttpServer pid=66274)[0m (Worker_TP0 pid=66953) WARNING:2026-09-19 11:41:15,340:SPECO committed online drafter revision=12 loaded_params=58
[36m(WorkerDict pid=65997)[0m WARNING:2026-09-19 11:41:16,303:[speco publish reclaim] role=consumer async=True global_steps=12 num_weights=58 payload_cleared=1 allocator=glibc action=malloc_trim heap_trimmed=True elapsed_sec=0.452 memory_before=(rss_gib=20.05 anon_gib=6.77 rss_shmem_gib=10.58 node_unavailable_gib=220.55 available_gib=282.94 cached_gib=296.66 node_shmem_gib=41.59 dev_shm_used_gib=0.07 dirty_gib=47.44 writeback_gib=0.01) memory_after=(rss_gib=19.04 anon_gib=5.76 rss_shmem_gib=10.58 node_unavailable_gib=218.59 available_gib=284.90 cached_gib=296.67 node_shmem_gib=41.59 dev_shm_used_gib=0.07 dirty_gib=47.42 writeback_gib=0.03)
[36m(SpecoVLLMHttpServer pid=66274)[0m (Worker_TP1 pid=66954) WARNING:2026-09-19 11:41:17,963:[speco draft sleep] drafter state saved before level-2 sleep (66 tensors)
[36m(SpecoVLLMHttpServer pid=66274)[0m (Worker_TP0 pid=66953) WARNING:2026-09-19 11:41:18,050:[speco draft sleep] drafter state saved before level-2 sleep (66 tensors)
[36m(SpecoWorker pid=67347)[0m WARNING:2026-09-19 11:41:37,121:[drafter logits quality] valid_tokens=120 top1_acc=0.108333 top5_acc=0.275000 local_ploss_sum=301.687683 local_tokens=120 per_step=[{'step': 0, 'tokens': 8, 'top1': 0.625, 'top5': 1.0}, {'step': 1, 'tokens': 8, 'top1': 0.375, 'top5': 0.875}, {'step': 2, 'tokens': 8, 'top1': 0.125, 'top5': 0.5}, {'step': 3, 'tokens': 8, 'top1': 0.125, 'top5': 0.25}, {'step': 4, 'tokens': 8, 'top1': 0.0, 'top5': 0.375}, {'step': 5, 'tokens': 8, 'top1': 0.125, 'top5': 0.125}, {'step': 6, 'tokens': 8, 'top1': 0.0, 'top5': 0.25}, {'step': 7, 'tokens': 8, 'top1': 0.0, 'top5': 0.125}, {'step': 8, 'tokens': 8, 'top1': 0.0, 'top5': 0.125}, {'step': 9, 'tokens': 8, 'top1': 0.0, 'top5': 0.125}, {'step': 10, 'tokens': 8, 'top1': 0.0, 'top5': 0.125}, {'step': 11, 'tokens': 8, 'top1': 0.0, 'top5': 0.0}, {'step': 12, 'tokens': 8, 'top1': 0.0, 'top5': 0.0}, {'step': 13, 'tokens': 8, 'top1': 0.125, 'top5': 0.125}, {'step': 14, 'tokens': 8, 'top1': 0.125, 'top5': 0.125}]
[36m(SpecoWorker pid=67347)[0m INFO:2026-09-19 11:41:37,448:[drafter loss] step=1 optimizer_step_total=13 lr=1.000e-05 loss=5.4533 vloss=0.0000 ploss=5.4533
[36m(SpecoVLLMHttpServer pid=66274)[0m (Worker_TP0 pid=66953) WARNING:2026-09-19 11:41:43,807:[speco draft wake_up] drafter state restored after level-2 wake_up (66 tensors, revision=12)
[36m(SpecoVLLMHttpServer pid=66274)[0m (Worker_TP1 pid=66954) WARNING:2026-09-19 11:41:43,810:[speco draft wake_up] drafter state restored after level-2 wake_up (66 tensors, revision=12)
[36m(SpecoWorker pid=67348)[0m WARNING:2026-09-19 11:41:37,121:[drafter logits quality] valid_tokens=120 top1_acc=0.141667 top5_acc=0.266667 local_ploss_sum=276.848419 local_tokens=120 per_step=[{'step': 0, 'tokens': 8, 'top1': 0.75, 'top5': 0.875}, {'step': 1, 'tokens': 8, 'top1': 0.375, 'top5': 0.875}, {'step': 2, 'tokens': 8, 'top1': 0.375, 'top5': 0.625}, {'step': 3, 'tokens': 8, 'top1': 0.25, 'top5': 0.375}, {'step': 4, 'tokens': 8, 'top1': 0.0, 'top5': 0.25}, {'step': 5, 'tokens': 8, 'top1': 0.125, 'top5': 0.125}, {'step': 6, 'tokens': 8, 'top1': 0.0, 'top5': 0.375}, {'step': 7, 'tokens': 8, 'top1': 0.0, 'top5': 0.125}, {'step': 8, 'tokens': 8, 'top1': 0.0, 'top5': 0.0}, {'step': 9, 'tokens': 8, 'top1': 0.0, 'top5': 0.125}, {'step': 10, 'tokens': 8, 'top1': 0.0, 'top5': 0.0}, {'step': 11, 'tokens': 8, 'top1': 0.0, 'top5': 0.0}, {'step': 12, 'tokens': 8, 'top1': 0.0, 'top5': 0.0}, {'step': 13, 'tokens': 8, 'top1': 0.125, 'top5': 0.125}, {'step': 14, 'tokens': 8, 'top1': 0.125, 'top5': 0.125}]
[36m(SpecoTaskRunner pid=65789)[0m Training Progress:  65%|██████▌   | 13/20 [22:31<05:09, 44.24s/it]

[36m(SpecoTaskRunner pid=65789)[0m step:13 - global_seqlen/min:176 - global_seqlen/max:178 - global_seqlen/minmax_diff:2 - global_seqlen/balanced_min:177 - global_seqlen/balanced_max:177 - global_seqlen/mean:177.0 - actor/entropy:0.0 - perf/mfu/actor_infer:0.00843786412205407 - training/rollout_probs_diff_valid:1 - training/rollout_probs_diff_max:0.12334027886390686 - training/rollout_probs_diff_mean:0.007279433310031891 - training/rollout_probs_diff_std:0.01989676058292389 - training/rollout_actor_probs_pearson_corr:0.996300458908081 - rollout_corr/training_ppl:1.2781329154968262 - rollout_corr/training_log_ppl:0.2441023588180542 - rollout_corr/kl:0.008588460274040699 - rollout_corr/k3_kl:0.0019390834495425224 - rollout_corr/rollout_ppl:1.2669734954833984 - rollout_corr/rollout_log_ppl:0.23551388084888458 - rollout_corr/log_ppl_diff:0.008588466793298721 - rollout_corr/log_ppl_abs_diff:0.009360011667013168 - rollout_corr/log_ppl_diff_max:0.02257639169692993 - rollout_corr/log_ppl_diff_min:-0.001543089747428894 - rollout_corr/ppl_ratio:1.0086736679077148 - rollout_corr/chi2_token:-0.009840607643127441 - rollout_corr/chi2_seq:-0.398412823677063 - actor/pg_clipfrac:np.float64(0.0) - actor/ppo_kl:np.float64(0.0) - actor/pg_clipfrac_lower:np.float64(0.0) - actor/pg_loss:np.float64(0.0) - actor/loss:np.float64(0.0) - actor/grad_norm:np.float64(0.0) - actor/lr:np.float64(1e-06) - actor/perf/max_memory_allocated_gb:np.float64(28.541846752166748) - actor/perf/max_memory_reserved_gb:np.float64(37.9921875) - actor/perf/cpu_memory_used_gb:np.float64(222.52891159057617) - perf/mfu/actor:np.float64(0.010024625800370045) - drafter/raw_drafter_samples:np.float64(4.0) - drafter/collected_samples:np.float64(2.0) - drafter/collect_interval_matched:np.float64(1.0) - drafter/collection_plan_used:np.float64(1.0) - drafter/collection_plan_collect:np.float64(1.0) - drafter/collection_plan_reason:np.float64(7.0) - drafter/collection_plan_source:np.float64(2.0) - drafter/collection_plan_interval_matched:np.float64(1.0) - drafter/collection_plan_training_interval_matched:np.float64(1.0) - drafter/collection_attempted:np.float64(1.0) - drafter/collection_completed:np.float64(1.0) - drafter/collection_outcome_reason:np.float64(1.0) - drafter/collection_rejected_samples:np.float64(0.0) - drafter/collection_worker_results:np.float64(1.0) - drafter/collection_finalized:np.float64(1.0) - drafter/collection_expired_stages:np.float64(0.0) - timing_s/drafter_collection_rpc:np.float64(0.03605220000463305) - drafter/scheduler_used:np.float64(1.0) - drafter/schedule_launch:np.float64(1.0) - drafter/schedule_interval_matched:np.float64(1.0) - drafter/schedule_strategy:np.float64(0.0) - drafter/schedule_reason:np.float64(10.0) - drafter/target_lm_head_apply_deferred:np.float64(1.0) - drafter/target_lm_head_selected_rows:np.float64(0.0) - drafter/target_lm_head_source_vocab_size:np.float64(0.0) - drafter/target_lm_head_direct_sparse_export:np.float64(0.0) - timing_s/drafter_sync_target_lm_head_fetch:np.float64(3.7228462920029415) - timing_s/drafter_sync_target_lm_head_dispatch:np.float64(3.0321022100033588) - drafter/train_interval_matched:np.float64(1.0) - drafter/target_lm_head_synced:np.float64(1.0) - timing_s/drafter_sync_target_lm_head:np.float64(6.758939129002101) - timing_s/drafter_sync_target_lm_head_apply:np.float64(3.032257220002066) - timing_s/drafter_sync_target_lm_head_wait:np.float64(0.00015500999870710075) - timing_s/drafter_sync_target_lm_head_overlap_window:np.float64(6.769221501999709) - drafter/trained:np.float64(1.0) - drafter/train_successful_steps_max:np.int64(1) - drafter/train_no_trainable_batch:np.float64(0.0) - drafter/train_activation_failed:np.float64(0.0) - drafter/train_attempted_batches_max:np.int64(1) - drafter/train_buffer_size_before_min:np.int64(2) - drafter/train_buffer_size_after_min:np.int64(0) - drafter/train_optimizer_step_max:np.int64(13) - drafter/train_worker_results_consistent:np.float64(1.0) - drafter/train_worker_ids_consistent:np.float64(1.0) - drafter/train_worker_incarnations_consistent:np.float64(1.0) - drafter/train_plan_ids_consistent:np.float64(1.0) - drafter/train_source_steps_consistent:np.float64(1.0) - drafter/train_data_versions_consistent:np.float64(1.0) - drafter/train_target_versions_consistent:np.float64(1.0) - drafter/train_successful_steps_consistent:np.float64(1.0) - drafter/train_optimizer_steps_consistent:np.float64(1.0) - drafter/train_publish_leader_count:np.float64(1.0) - drafter/train_publish_leader_snapshot_ready:np.float64(1.0) - timing_s/drafter_prepare_batch:np.float64(0.0031082630157470703) - timing_s/drafter_forward_loss:np.float64(0.20350170135498047) - timing_s/drafter_reduce_loss:np.float64(0.0011112689971923828) - timing_s/drafter_backward:np.float64(0.039642333984375) - timing_s/drafter_optimizer:np.float64(0.2120962142944336) - timing_s/drafter_publish_snapshot:np.float64(2.5495431423187256) - timing_s/drafter_worker_training_loop:np.float64(0.8073034286499023) - timing_s/drafter_worker_cleanup:np.float64(4.979074954986572) - timing_s/drafter_worker_elapsed:np.float64(5.52957010269165) - timing_s/drafter_train_rpc:np.float64(6.809323779001716) - drafter/runtime_state:np.float64(3.0) - drafter/runtime_completed_batches:np.float64(1.0) - drafter/runtime_inflight:np.float64(0.0) - timing_s/drafter_runtime_batch_average:np.float64(6.809323779001716) - timing_s/drafter_outer_unaccounted:np.float64(0.01014615899475757) - drafter/publish_attempted:np.float64(1.0) - drafter/published:np.float64(1.0) - timing_s/drafter_publish_wait_pending:np.float64(3.4280019463039935e-06) - timing_s/drafter_publish_fetch_snapshot:np.float64(4.255242269005976) - timing_s/drafter_publish_update_weights:np.float64(0.001471128998673521) - training/global_step:13 - training/epoch:1 - critic/score/mean:0.0 - critic/score/max:0.0 - critic/score/min:0.0 - critic/rewards/mean:0.0 - critic/rewards/max:0.0 - critic/rewards/min:0.0 - critic/advantages/mean:0.0 - critic/advantages/max:0.0 - critic/advantages/min:0.0 - critic/returns/mean:0.0 - critic/returns/max:0.0 - critic/returns/min:0.0 - response_length/mean:64.0 - response_length/max:64.0 - response_length/min:64.0 - response_length/clip_ratio:1.0 - response_length_non_aborted/mean:64.0 - response_length_non_aborted/max:64.0 - response_length_non_aborted/min:64.0 - response_length_non_aborted/clip_ratio:1.0 - response/aborted_ratio:0.0 - prompt_length/mean:24.5 - prompt_length/max:25.0 - prompt_length/min:24.0 - prompt_length/clip_ratio:0.0 - num_turns/min:np.int32(2) - num_turns/max:np.int32(2) - num_turns/mean:np.float64(2.0) - timing_s/start_profile:0.0001279419957427308 - timing_s/agent_loop/num_preempted/min:np.int64(-1) - timing_s/agent_loop/num_preempted/max:np.int64(-1) - timing_s/agent_loop/num_preempted/mean:np.float64(-1.0) - timing_s/agent_loop/generate_sequences/min:np.float64(0.7521242900038487) - timing_s/agent_loop/generate_sequences/max:np.float64(1.0255473180004628) - timing_s/agent_loop/generate_sequences/mean:np.float64(0.881690768252156) - timing_s/agent_loop/tool_calls/min:np.float64(0.0) - timing_s/agent_loop/tool_calls/max:np.float64(0.0) - timing_s/agent_loop/tool_calls/mean:np.float64(0.0) - timing_s/agent_loop/compute_score/min:np.float64(0.00825318099668948) - timing_s/agent_loop/compute_score/max:np.float64(0.01099180600431282) - timing_s/agent_loop/compute_score/mean:np.float64(0.009862752500339411) - timing_s/agent_loop/slowest/generate_sequences:np.float64(1.0255473180004628) - timing_s/agent_loop/slowest/tool_calls:np.float64(0.0) - timing_s/agent_loop/slowest/compute_score:np.float64(0.01099180600431282) - timing_s/agent_loop/slowest/num_preempted:np.int64(-1) - timing_s/agent_loop/slowest/prompt_length:24 - timing_s/agent_loop/slowest/response_length:64 - timing_s/gen:6.1721283119986765 - timing_s/reward:9.862997103482485e-06 - timing_s/old_log_prob:3.8736009420026676 - timing_s/adv:0.0035695100013981573 - timing_s/update_actor:6.769192141000531 - timing_s/drafter:13.578409066998574 - drafter/spec_decode/mean_acceptance_length:2.36697247706422 - timing_s/update_weights:7.925172064002254 - timing_s/step:38.32612273399718 - timing_s/stop_profile:0.00019765200704568997 - timing_per_token_ms/adv:0.0100833615858705 - timing_per_token_ms/update_actor:19.122011697741613 - timing_per_token_ms/gen:24.10987621874483 - perf/total_num_tokens:354 - perf/time_per_step:38.32612273399718 - perf/throughput:4.6182600110235565[36m(SpecoWorker pid=67347)[0m WARNING:2026-09-19 11:41:49,216:[speco publish reclaim] role=producer global_steps=13 num_weights=58 payload_cleared=1 allocator=glibc action=malloc_trim heap_trimmed=True elapsed_sec=0.225 memory_before=(rss_gib=10.95 anon_gib=5.64 rss_shmem_gib=2.80 node_unavailable_gib=219.76 available_gib=283.73 cached_gib=297.37 node_shmem_gib=41.60 dev_shm_used_gib=0.07 dirty_gib=47.57 writeback_gib=0.02) memory_after=(rss_gib=10.43 anon_gib=5.12 rss_shmem_gib=2.80 node_unavailable_gib=219.21 available_gib=284.28 cached_gib=297.37 node_shmem_gib=41.60 dev_shm_used_gib=0.07 dirty_gib=47.57 writeback_gib=0.02)
[36m(WorkerDict pid=65997)[0m WARNING:2026-09-19 11:41:52,740:[speco publish materialize] async=True global_steps=13 elapsed_sec=2.308 num_weights=58
[36m(SpecoVLLMHttpServer pid=66274)[0m (Worker_TP1 pid=66954) WARNING:2026-09-19 11:41:53,908:[speco draft ipc] streamed 58 translated weights in 1 buckets into DFlashQwen3Model (method=dflash), first 5 keys: ['fc.weight', 'hidden_norm.weight', 'layers.0.self_attn.q_proj.weight', 'layers.0.self_attn.k_proj.weight', 'layers.0.self_attn.v_proj.weight']
[36m(SpecoVLLMHttpServer pid=66274)[0m (Worker_TP1 pid=66954) WARNING:2026-09-19 11:41:53,914:SPECO committed online drafter revision=13 loaded_params=58
[36m(SpecoVLLMHttpServer pid=66274)[0m (Worker_TP0 pid=66953) WARNING:2026-09-19 11:41:54,015:[speco draft ipc] streamed 58 translated weights in 1 buckets into DFlashQwen3Model (method=dflash), first 5 keys: ['fc.weight', 'hidden_norm.weight', 'layers.0.self_attn.q_proj.weight', 'layers.0.self_attn.k_proj.weight', 'layers.0.self_attn.v_proj.weight']
[36m(SpecoVLLMHttpServer pid=66274)[0m (Worker_TP0 pid=66953) WARNING:2026-09-19 11:41:54,020:SPECO committed online drafter revision=13 loaded_params=58
[36m(WorkerDict pid=65997)[0m WARNING:2026-09-19 11:41:54,874:[speco publish reclaim] role=consumer async=True global_steps=13 num_weights=58 payload_cleared=1 allocator=glibc action=malloc_trim heap_trimmed=True elapsed_sec=0.448 memory_before=(rss_gib=19.99 anon_gib=6.71 rss_shmem_gib=10.58 node_unavailable_gib=224.98 available_gib=278.50 cached_gib=297.19 node_shmem_gib=41.60 dev_shm_used_gib=0.07 dirty_gib=47.62 writeback_gib=0.02) memory_after=(rss_gib=19.04 anon_gib=5.76 rss_shmem_gib=10.58 node_unavailable_gib=222.33 available_gib=281.16 cached_gib=297.19 node_shmem_gib=41.60 dev_shm_used_gib=0.07 dirty_gib=47.62 writeback_gib=0.01)
[36m(SpecoVLLMHttpServer pid=66274)[0m (Worker_TP1 pid=66954) WARNING:2026-09-19 11:41:58,285:[speco draft sleep] drafter state saved before level-2 sleep (66 tensors)
[36m(SpecoVLLMHttpServer pid=66274)[0m (Worker_TP0 pid=66953) WARNING:2026-09-19 11:41:58,393:[speco draft sleep] drafter state saved before level-2 sleep (66 tensors)
[36m(SpecoWorker pid=67348)[0m WARNING:2026-09-19 11:42:14,898:[drafter logits quality] valid_tokens=120 top1_acc=0.150000 top5_acc=0.366667 local_ploss_sum=198.625488 local_tokens=120 per_step=[{'step': 0, 'tokens': 8, 'top1': 0.5, 'top5': 0.625}, {'step': 1, 'tokens': 8, 'top1': 0.375, 'top5': 0.75}, {'step': 2, 'tokens': 8, 'top1': 0.375, 'top5': 0.625}, {'step': 3, 'tokens': 8, 'top1': 0.125, 'top5': 0.375}, {'step': 4, 'tokens': 8, 'top1': 0.0, 'top5': 0.5}, {'step': 5, 'tokens': 8, 'top1': 0.25, 'top5': 0.625}, {'step': 6, 'tokens': 8, 'top1': 0.125, 'top5': 0.375}, {'step': 7, 'tokens': 8, 'top1': 0.0, 'top5': 0.125}, {'step': 8, 'tokens': 8, 'top1': 0.25, 'top5': 0.375}, {'step': 9, 'tokens': 8, 'top1': 0.125, 'top5': 0.25}, {'step': 10, 'tokens': 8, 'top1': 0.0, 'top5': 0.25}, {'step': 11, 'tokens': 8, 'top1': 0.125, 'top5': 0.25}, {'step': 12, 'tokens': 8, 'top1': 0.0, 'top5': 0.125}, {'step': 13, 'tokens': 8, 'top1': 0.0, 'top5': 0.25}, {'step': 14, 'tokens': 8, 'top1': 0.0, 'top5': 0.0}]
[36m(SpecoWorker pid=67347)[0m INFO:2026-09-19 11:42:15,517:[drafter loss] step=1 optimizer_step_total=14 lr=1.000e-05 loss=3.4487 vloss=0.0000 ploss=3.4487
[36m(SpecoVLLMHttpServer pid=66274)[0m (Worker_TP1 pid=66954) WARNING:2026-09-19 11:42:21,870:[speco draft wake_up] drafter state restored after level-2 wake_up (66 tensors, revision=13)
[36m(SpecoVLLMHttpServer pid=66274)[0m (Worker_TP0 pid=66953) WARNING:2026-09-19 11:42:21,884:[speco draft wake_up] drafter state restored after level-2 wake_up (66 tensors, revision=13)
[36m(SpecoWorker pid=67347)[0m WARNING:2026-09-19 11:42:14,898:[drafter logits quality] valid_tokens=120 top1_acc=0.208333 top5_acc=0.425000 local_ploss_sum=167.248688 local_tokens=120 per_step=[{'step': 0, 'tokens': 8, 'top1': 0.625, 'top5': 0.875}, {'step': 1, 'tokens': 8, 'top1': 0.625, 'top5': 1.0}, {'step': 2, 'tokens': 8, 'top1': 0.375, 'top5': 0.75}, {'step': 3, 'tokens': 8, 'top1': 0.375, 'top5': 0.625}, {'step': 4, 'tokens': 8, 'top1': 0.125, 'top5': 0.625}, {'step': 5, 'tokens': 8, 'top1': 0.25, 'top5': 0.5}, {'step': 6, 'tokens': 8, 'top1': 0.125, 'top5': 0.375}, {'step': 7, 'tokens': 8, 'top1': 0.0, 'top5': 0.25}, {'step': 8, 'tokens': 8, 'top1': 0.25, 'top5': 0.25}, {'step': 9, 'tokens': 8, 'top1': 0.0, 'top5': 0.125}, {'step': 10, 'tokens': 8, 'top1': 0.125, 'top5': 0.375}, {'step': 11, 'tokens': 8, 'top1': 0.25, 'top5': 0.25}, {'step': 12, 'tokens': 8, 'top1': 0.0, 'top5': 0.125}, {'step': 13, 'tokens': 8, 'top1': 0.0, 'top5': 0.25}, {'step': 14, 'tokens': 8, 'top1': 0.0, 'top5': 0.0}]
[36m(SpecoTaskRunner pid=65789)[0m Training Progress:  70%|███████   | 14/20 [23:08<04:12, 42.13s/it]

[36m(SpecoTaskRunner pid=65789)[0m step:14 - global_seqlen/min:176 - global_seqlen/max:178 - global_seqlen/minmax_diff:2 - global_seqlen/balanced_min:177 - global_seqlen/balanced_max:177 - global_seqlen/mean:177.0 - actor/entropy:0.0 - perf/mfu/actor_infer:0.010059963434848534 - training/rollout_probs_diff_valid:1 - training/rollout_probs_diff_max:0.07152512669563293 - training/rollout_probs_diff_mean:0.004992952104657888 - training/rollout_probs_diff_std:0.012993957847356796 - training/rollout_actor_probs_pearson_corr:0.9982069134712219 - rollout_corr/training_ppl:1.2150381803512573 - rollout_corr/training_log_ppl:0.19424493610858917 - rollout_corr/kl:0.0024233805015683174 - rollout_corr/k3_kl:0.0006998511962592602 - rollout_corr/rollout_ppl:1.2119661569595337 - rollout_corr/rollout_log_ppl:0.19182154536247253 - rollout_corr/log_ppl_diff:0.0024233832955360413 - rollout_corr/log_ppl_abs_diff:0.004367135465145111 - rollout_corr/log_ppl_diff_max:0.005339384078979492 - rollout_corr/log_ppl_diff_min:-0.0038875043392181396 - rollout_corr/ppl_ratio:1.002433180809021 - rollout_corr/chi2_token:-0.0020558834075927734 - rollout_corr/chi2_seq:-0.1660630702972412 - actor/pg_clipfrac:np.float64(0.0) - actor/ppo_kl:np.float64(0.0) - actor/pg_clipfrac_lower:np.float64(0.0) - actor/pg_loss:np.float64(0.0) - actor/loss:np.float64(0.0) - actor/grad_norm:np.float64(0.0) - actor/lr:np.float64(1e-06) - actor/perf/max_memory_allocated_gb:np.float64(28.541846752166748) - actor/perf/max_memory_reserved_gb:np.float64(37.9921875) - actor/perf/cpu_memory_used_gb:np.float64(225.56542205810547) - perf/mfu/actor:np.float64(0.010291596214007928) - drafter/raw_drafter_samples:np.float64(4.0) - drafter/collected_samples:np.float64(2.0) - drafter/collect_interval_matched:np.float64(1.0) - drafter/collection_plan_used:np.float64(1.0) - drafter/collection_plan_collect:np.float64(1.0) - drafter/collection_plan_reason:np.float64(7.0) - drafter/collection_plan_source:np.float64(2.0) - drafter/collection_plan_interval_matched:np.float64(1.0) - drafter/collection_plan_training_interval_matched:np.float64(1.0) - drafter/collection_attempted:np.float64(1.0) - drafter/collection_completed:np.float64(1.0) - drafter/collection_outcome_reason:np.float64(1.0) - drafter/collection_rejected_samples:np.float64(0.0) - drafter/collection_worker_results:np.float64(1.0) - drafter/collection_finalized:np.float64(1.0) - drafter/collection_expired_stages:np.float64(0.0) - timing_s/drafter_collection_rpc:np.float64(0.033261771000979934) - drafter/scheduler_used:np.float64(1.0) - drafter/schedule_launch:np.float64(1.0) - drafter/schedule_interval_matched:np.float64(1.0) - drafter/schedule_strategy:np.float64(0.0) - drafter/schedule_reason:np.float64(10.0) - drafter/target_lm_head_apply_deferred:np.float64(1.0) - drafter/target_lm_head_selected_rows:np.float64(0.0) - drafter/target_lm_head_source_vocab_size:np.float64(0.0) - drafter/target_lm_head_direct_sparse_export:np.float64(0.0) - timing_s/drafter_sync_target_lm_head_fetch:np.float64(3.5312746209965553) - timing_s/drafter_sync_target_lm_head_dispatch:np.float64(1.3178360240053735) - drafter/train_interval_matched:np.float64(1.0) - drafter/target_lm_head_synced:np.float64(1.0) - timing_s/drafter_sync_target_lm_head:np.float64(4.85241385599511) - timing_s/drafter_sync_target_lm_head_apply:np.float64(1.3182053429991356) - timing_s/drafter_sync_target_lm_head_wait:np.float64(0.0003693189937621355) - timing_s/drafter_sync_target_lm_head_overlap_window:np.float64(6.645717965999211) - drafter/trained:np.float64(1.0) - drafter/train_successful_steps_max:np.int64(1) - drafter/train_no_trainable_batch:np.float64(0.0) - drafter/train_activation_failed:np.float64(0.0) - drafter/train_attempted_batches_max:np.int64(1) - drafter/train_buffer_size_before_min:np.int64(2) - drafter/train_buffer_size_after_min:np.int64(0) - drafter/train_optimizer_step_max:np.int64(14) - drafter/train_worker_results_consistent:np.float64(1.0) - drafter/train_worker_ids_consistent:np.float64(1.0) - drafter/train_worker_incarnations_consistent:np.float64(1.0) - drafter/train_plan_ids_consistent:np.float64(1.0) - drafter/train_source_steps_consistent:np.float64(1.0) - drafter/train_data_versions_consistent:np.float64(1.0) - drafter/train_target_versions_consistent:np.float64(1.0) - drafter/train_successful_steps_consistent:np.float64(1.0) - drafter/train_optimizer_steps_consistent:np.float64(1.0) - drafter/train_publish_leader_count:np.float64(1.0) - drafter/train_publish_leader_snapshot_ready:np.float64(1.0) - timing_s/drafter_prepare_batch:np.float64(0.004342555999755859) - timing_s/drafter_forward_loss:np.float64(0.4985544681549072) - timing_s/drafter_reduce_loss:np.float64(0.0011000633239746094) - timing_s/drafter_backward:np.float64(0.04194164276123047) - timing_s/drafter_optimizer:np.float64(0.20990324020385742) - timing_s/drafter_publish_snapshot:np.float64(2.439568042755127) - timing_s/drafter_worker_training_loop:np.float64(1.3518712520599365) - timing_s/drafter_worker_cleanup:np.float64(4.8872973918914795) - timing_s/drafter_worker_elapsed:np.float64(5.840816974639893) - timing_s/drafter_train_rpc:np.float64(7.020606978003343) - drafter/runtime_state:np.float64(3.0) - drafter/runtime_completed_batches:np.float64(1.0) - drafter/runtime_inflight:np.float64(0.0) - timing_s/drafter_runtime_batch_average:np.float64(7.020606978003343) - timing_s/drafter_outer_unaccounted:np.float64(0.00787253300222801) - drafter/publish_attempted:np.float64(1.0) - drafter/published:np.float64(1.0) - timing_s/drafter_publish_wait_pending:np.float64(3.344997821841389e-06) - timing_s/drafter_publish_fetch_snapshot:np.float64(3.527781780998339) - timing_s/drafter_publish_update_weights:np.float64(0.0016614539999864064) - training/global_step:14 - training/epoch:1 - critic/score/mean:0.0 - critic/score/max:0.0 - critic/score/min:0.0 - critic/rewards/mean:0.0 - critic/rewards/max:0.0 - critic/rewards/min:0.0 - critic/advantages/mean:0.0 - critic/advantages/max:0.0 - critic/advantages/min:0.0 - critic/returns/mean:0.0 - critic/returns/max:0.0 - critic/returns/min:0.0 - response_length/mean:64.0 - response_length/max:64.0 - response_length/min:64.0 - response_length/clip_ratio:1.0 - response_length_non_aborted/mean:64.0 - response_length_non_aborted/max:64.0 - response_length_non_aborted/min:64.0 - response_length_non_aborted/clip_ratio:1.0 - response/aborted_ratio:0.0 - prompt_length/mean:24.5 - prompt_length/max:25.0 - prompt_length/min:24.0 - prompt_length/clip_ratio:0.0 - num_turns/min:np.int32(2) - num_turns/max:np.int32(2) - num_turns/mean:np.float64(2.0) - timing_s/start_profile:0.0001287989944103174 - timing_s/agent_loop/num_preempted/min:np.int64(-1) - timing_s/agent_loop/num_preempted/max:np.int64(-1) - timing_s/agent_loop/num_preempted/mean:np.float64(-1.0) - timing_s/agent_loop/generate_sequences/min:np.float64(0.7635564879965386) - timing_s/agent_loop/generate_sequences/max:np.float64(1.1208664570003748) - timing_s/agent_loop/generate_sequences/mean:np.float64(0.8995637987482041) - timing_s/agent_loop/tool_calls/min:np.float64(0.0) - timing_s/agent_loop/tool_calls/max:np.float64(0.0) - timing_s/agent_loop/tool_calls/mean:np.float64(0.0) - timing_s/agent_loop/compute_score/min:np.float64(0.006745246006175876) - timing_s/agent_loop/compute_score/max:np.float64(0.01259482699970249) - timing_s/agent_loop/compute_score/mean:np.float64(0.008629682752143708) - timing_s/agent_loop/slowest/generate_sequences:np.float64(1.1208664570003748) - timing_s/agent_loop/slowest/tool_calls:np.float64(0.0) - timing_s/agent_loop/slowest/compute_score:np.float64(0.01259482699970249) - timing_s/agent_loop/slowest/num_preempted:np.int64(-1) - timing_s/agent_loop/slowest/prompt_length:24 - timing_s/agent_loop/slowest/response_length:64 - timing_s/gen:8.359657590001007 - timing_s/reward:2.7052999939769506e-05 - timing_s/old_log_prob:3.256193686000188 - timing_s/adv:0.0022806699998909608 - timing_s/update_actor:6.645758316000865 - timing_s/drafter:11.88089336700068 - drafter/spec_decode/mean_acceptance_length:2.217391304347826 - timing_s/update_weights:7.104779738001525 - timing_s/step:37.25603721399966 - timing_s/stop_profile:0.0001605969955562614 - timing_per_token_ms/adv:0.0064425706211609065 - timing_per_token_ms/update_actor:18.77332857627363 - timing_per_token_ms/gen:32.65491246094143 - perf/total_num_tokens:354 - perf/time_per_step:37.25603721399966 - perf/throughput:4.750907859129175[36m(SpecoWorker pid=67347)[0m WARNING:2026-09-19 11:42:27,691:[speco publish reclaim] role=producer global_steps=14 num_weights=58 payload_cleared=1 allocator=glibc action=malloc_trim heap_trimmed=True elapsed_sec=0.231 memory_before=(rss_gib=10.91 anon_gib=5.60 rss_shmem_gib=2.80 node_unavailable_gib=222.76 available_gib=280.73 cached_gib=297.34 node_shmem_gib=41.60 dev_shm_used_gib=0.07 dirty_gib=47.98 writeback_gib=0.01) memory_after=(rss_gib=10.43 anon_gib=5.12 rss_shmem_gib=2.80 node_unavailable_gib=222.24 available_gib=281.25 cached_gib=297.35 node_shmem_gib=41.60 dev_shm_used_gib=0.07 dirty_gib=47.99 writeback_gib=0.01)
[36m(WorkerDict pid=65997)[0m WARNING:2026-09-19 11:42:30,097:[speco publish materialize] async=True global_steps=14 elapsed_sec=2.399 num_weights=58
[36m(SpecoVLLMHttpServer pid=66274)[0m (Worker_TP0 pid=66953) WARNING:2026-09-19 11:42:30,536:[speco draft ipc] streamed 58 translated weights in 1 buckets into DFlashQwen3Model (method=dflash), first 5 keys: ['fc.weight', 'hidden_norm.weight', 'layers.0.self_attn.q_proj.weight', 'layers.0.self_attn.k_proj.weight', 'layers.0.self_attn.v_proj.weight']
[36m(SpecoVLLMHttpServer pid=66274)[0m (Worker_TP0 pid=66953) WARNING:2026-09-19 11:42:30,539:SPECO committed online drafter revision=14 loaded_params=58
[36m(SpecoVLLMHttpServer pid=66274)[0m (Worker_TP1 pid=66954) WARNING:2026-09-19 11:42:30,620:[speco draft ipc] streamed 58 translated weights in 1 buckets into DFlashQwen3Model (method=dflash), first 5 keys: ['fc.weight', 'hidden_norm.weight', 'layers.0.self_attn.q_proj.weight', 'layers.0.self_attn.k_proj.weight', 'layers.0.self_attn.v_proj.weight']
[36m(SpecoVLLMHttpServer pid=66274)[0m (Worker_TP1 pid=66954) WARNING:2026-09-19 11:42:30,624:SPECO committed online drafter revision=14 loaded_params=58
[36m(WorkerDict pid=65997)[0m WARNING:2026-09-19 11:42:31,580:[speco publish reclaim] role=consumer async=True global_steps=14 num_weights=58 payload_cleared=1 allocator=glibc action=malloc_trim heap_trimmed=True elapsed_sec=0.435 memory_before=(rss_gib=19.79 anon_gib=6.51 rss_shmem_gib=10.58 node_unavailable_gib=223.81 available_gib=279.68 cached_gib=293.86 node_shmem_gib=41.60 dev_shm_used_gib=0.07 dirty_gib=48.04 writeback_gib=0.02) memory_after=(rss_gib=19.04 anon_gib=5.76 rss_shmem_gib=10.58 node_unavailable_gib=222.03 available_gib=281.46 cached_gib=293.86 node_shmem_gib=41.60 dev_shm_used_gib=0.07 dirty_gib=48.05 writeback_gib=0.01)
[36m(SpecoVLLMHttpServer pid=66274)[0m (Worker_TP1 pid=66954) WARNING:2026-09-19 11:42:34,230:[speco draft sleep] drafter state saved before level-2 sleep (66 tensors)
[36m(SpecoVLLMHttpServer pid=66274)[0m (Worker_TP0 pid=66953) WARNING:2026-09-19 11:42:34,362:[speco draft sleep] drafter state saved before level-2 sleep (66 tensors)
[36m(SpecoWorker pid=67347)[0m WARNING:2026-09-19 11:42:52,090:[drafter logits quality] valid_tokens=120 top1_acc=0.208333 top5_acc=0.475000 local_ploss_sum=178.941986 local_tokens=120 per_step=[{'step': 0, 'tokens': 8, 'top1': 0.625, 'top5': 0.875}, {'step': 1, 'tokens': 8, 'top1': 0.375, 'top5': 0.75}, {'step': 2, 'tokens': 8, 'top1': 0.375, 'top5': 0.875}, {'step': 3, 'tokens': 8, 'top1': 0.25, 'top5': 0.625}, {'step': 4, 'tokens': 8, 'top1': 0.25, 'top5': 0.625}, {'step': 5, 'tokens': 8, 'top1': 0.25, 'top5': 0.625}, {'step': 6, 'tokens': 8, 'top1': 0.125, 'top5': 0.375}, {'step': 7, 'tokens': 8, 'top1': 0.0, 'top5': 0.5}, {'step': 8, 'tokens': 8, 'top1': 0.25, 'top5': 0.375}, {'step': 9, 'tokens': 8, 'top1': 0.125, 'top5': 0.25}, {'step': 10, 'tokens': 8, 'top1': 0.0, 'top5': 0.125}, {'step': 11, 'tokens': 8, 'top1': 0.25, 'top5': 0.25}, {'step': 12, 'tokens': 8, 'top1': 0.0, 'top5': 0.25}, {'step': 13, 'tokens': 8, 'top1': 0.25, 'top5': 0.25}, {'step': 14, 'tokens': 8, 'top1': 0.0, 'top5': 0.375}]
[36m(SpecoWorker pid=67347)[0m INFO:2026-09-19 11:42:52,377:[drafter loss] step=1 optimizer_step_total=15 lr=1.000e-05 loss=3.6809 vloss=0.0000 ploss=3.6809
[36m(SpecoVLLMHttpServer pid=66274)[0m (Worker_TP1 pid=66954) WARNING:2026-09-19 11:42:58,129:[speco draft wake_up] drafter state restored after level-2 wake_up (66 tensors, revision=14)
[36m(SpecoVLLMHttpServer pid=66274)[0m (Worker_TP0 pid=66953) WARNING:2026-09-19 11:42:58,147:[speco draft wake_up] drafter state restored after level-2 wake_up (66 tensors, revision=14)
[36m(SpecoWorker pid=67348)[0m WARNING:2026-09-19 11:42:52,090:[drafter logits quality] valid_tokens=120 top1_acc=0.175000 top5_acc=0.383333 local_ploss_sum=211.565521 local_tokens=120 per_step=[{'step': 0, 'tokens': 8, 'top1': 0.5, 'top5': 1.0}, {'step': 1, 'tokens': 8, 'top1': 0.25, 'top5': 0.5}, {'step': 2, 'tokens': 8, 'top1': 0.375, 'top5': 0.75}, {'step': 3, 'tokens': 8, 'top1': 0.125, 'top5': 0.375}, {'step': 4, 'tokens': 8, 'top1': 0.125, 'top5': 0.5}, {'step': 5, 'tokens': 8, 'top1': 0.125, 'top5': 0.375}, {'step': 6, 'tokens': 8, 'top1': 0.25, 'top5': 0.5}, {'step': 7, 'tokens': 8, 'top1': 0.0, 'top5': 0.125}, {'step': 8, 'tokens': 8, 'top1': 0.375, 'top5': 0.375}, {'step': 9, 'tokens': 8, 'top1': 0.125, 'top5': 0.25}, {'step': 10, 'tokens': 8, 'top1': 0.125, 'top5': 0.375}, {'step': 11, 'tokens': 8, 'top1': 0.125, 'top5': 0.125}, {'step': 12, 'tokens': 8, 'top1': 0.0, 'top5': 0.125}, {'step': 13, 'tokens': 8, 'top1': 0.125, 'top5': 0.125}, {'step': 14, 'tokens': 8, 'top1': 0.0, 'top5': 0.25}]
[36m(SpecoTaskRunner pid=65789)[0m Training Progress:  75%|███████▌  | 15/20 [23:46<03:23, 40.79s/it]

[36m(SpecoTaskRunner pid=65789)[0m step:15 - global_seqlen/min:176 - global_seqlen/max:178 - global_seqlen/minmax_diff:2 - global_seqlen/balanced_min:177 - global_seqlen/balanced_max:177 - global_seqlen/mean:177.0 - actor/entropy:0.0 - perf/mfu/actor_infer:0.010226470720215932 - training/rollout_probs_diff_valid:1 - training/rollout_probs_diff_max:0.12245869636535645 - training/rollout_probs_diff_mean:0.00631156750023365 - training/rollout_probs_diff_std:0.0178667139261961 - training/rollout_actor_probs_pearson_corr:0.9954399466514587 - rollout_corr/training_ppl:1.1597391366958618 - rollout_corr/training_log_ppl:0.1470201015472412 - rollout_corr/kl:0.0048077767714858055 - rollout_corr/k3_kl:0.0005150353536009789 - rollout_corr/rollout_ppl:1.1542690992355347 - rollout_corr/rollout_log_ppl:0.14221231639385223 - rollout_corr/log_ppl_diff:0.0048077721148729324 - rollout_corr/log_ppl_abs_diff:0.0048077721148729324 - rollout_corr/log_ppl_diff_max:0.007343359291553497 - rollout_corr/log_ppl_diff_min:0.0027222037315368652 - rollout_corr/ppl_ratio:1.0048214197158813 - rollout_corr/chi2_token:-0.007631838321685791 - rollout_corr/chi2_seq:-0.4415266513824463 - actor/pg_clipfrac:np.float64(0.0) - actor/ppo_kl:np.float64(0.0) - actor/pg_clipfrac_lower:np.float64(0.0) - actor/pg_loss:np.float64(0.0) - actor/loss:np.float64(0.0) - actor/grad_norm:np.float64(0.0) - actor/lr:np.float64(1e-06) - actor/perf/max_memory_allocated_gb:np.float64(28.541846752166748) - actor/perf/max_memory_reserved_gb:np.float64(37.9921875) - actor/perf/cpu_memory_used_gb:np.float64(227.6553077697754) - perf/mfu/actor:np.float64(0.010146710872795462) - drafter/raw_drafter_samples:np.float64(4.0) - drafter/collected_samples:np.float64(2.0) - drafter/collect_interval_matched:np.float64(1.0) - drafter/collection_plan_used:np.float64(1.0) - drafter/collection_plan_collect:np.float64(1.0) - drafter/collection_plan_reason:np.float64(7.0) - drafter/collection_plan_source:np.float64(2.0) - drafter/collection_plan_interval_matched:np.float64(1.0) - drafter/collection_plan_training_interval_matched:np.float64(1.0) - drafter/collection_attempted:np.float64(1.0) - drafter/collection_completed:np.float64(1.0) - drafter/collection_outcome_reason:np.float64(1.0) - drafter/collection_rejected_samples:np.float64(0.0) - drafter/collection_worker_results:np.float64(1.0) - drafter/collection_finalized:np.float64(1.0) - drafter/collection_expired_stages:np.float64(0.0) - timing_s/drafter_collection_rpc:np.float64(0.6445416120041045) - drafter/scheduler_used:np.float64(1.0) - drafter/schedule_launch:np.float64(1.0) - drafter/schedule_interval_matched:np.float64(1.0) - drafter/schedule_strategy:np.float64(0.0) - drafter/schedule_reason:np.float64(10.0) - drafter/target_lm_head_apply_deferred:np.float64(1.0) - drafter/target_lm_head_selected_rows:np.float64(0.0) - drafter/target_lm_head_source_vocab_size:np.float64(0.0) - drafter/target_lm_head_direct_sparse_export:np.float64(0.0) - timing_s/drafter_sync_target_lm_head_fetch:np.float64(3.9179876549969777) - timing_s/drafter_sync_target_lm_head_dispatch:np.float64(1.3265944619997754) - drafter/train_interval_matched:np.float64(1.0) - drafter/target_lm_head_synced:np.float64(1.0) - timing_s/drafter_sync_target_lm_head:np.float64(5.248568996001268) - timing_s/drafter_sync_target_lm_head_apply:np.float64(1.3270026839963975) - timing_s/drafter_sync_target_lm_head_wait:np.float64(0.0004082219966221601) - timing_s/drafter_sync_target_lm_head_overlap_window:np.float64(6.74723155600077) - drafter/trained:np.float64(1.0) - drafter/train_successful_steps_max:np.int64(1) - drafter/train_no_trainable_batch:np.float64(0.0) - drafter/train_activation_failed:np.float64(0.0) - drafter/train_attempted_batches_max:np.int64(1) - drafter/train_buffer_size_before_min:np.int64(2) - drafter/train_buffer_size_after_min:np.int64(0) - drafter/train_optimizer_step_max:np.int64(15) - drafter/train_worker_results_consistent:np.float64(1.0) - drafter/train_worker_ids_consistent:np.float64(1.0) - drafter/train_worker_incarnations_consistent:np.float64(1.0) - drafter/train_plan_ids_consistent:np.float64(1.0) - drafter/train_source_steps_consistent:np.float64(1.0) - drafter/train_data_versions_consistent:np.float64(1.0) - drafter/train_target_versions_consistent:np.float64(1.0) - drafter/train_successful_steps_consistent:np.float64(1.0) - drafter/train_optimizer_steps_consistent:np.float64(1.0) - drafter/train_publish_leader_count:np.float64(1.0) - drafter/train_publish_leader_snapshot_ready:np.float64(1.0) - timing_s/drafter_prepare_batch:np.float64(0.002566814422607422) - timing_s/drafter_forward_loss:np.float64(0.1644275188446045) - timing_s/drafter_reduce_loss:np.float64(0.001127481460571289) - timing_s/drafter_backward:np.float64(0.061492919921875) - timing_s/drafter_optimizer:np.float64(0.21790790557861328) - timing_s/drafter_publish_snapshot:np.float64(2.415867805480957) - timing_s/drafter_worker_training_loop:np.float64(0.4365870952606201) - timing_s/drafter_worker_cleanup:np.float64(4.366855144500732) - timing_s/drafter_worker_elapsed:np.float64(4.877401351928711) - timing_s/drafter_train_rpc:np.float64(6.059786947000248) - drafter/runtime_state:np.float64(3.0) - drafter/runtime_completed_batches:np.float64(1.0) - drafter/runtime_inflight:np.float64(0.0) - timing_s/drafter_runtime_batch_average:np.float64(6.059786947000248) - timing_s/drafter_outer_unaccounted:np.float64(0.009034784998220857) - drafter/publish_attempted:np.float64(1.0) - drafter/published:np.float64(1.0) - timing_s/drafter_publish_wait_pending:np.float64(2.477005182299763e-06) - timing_s/drafter_publish_fetch_snapshot:np.float64(3.09440483799699) - timing_s/drafter_publish_update_weights:np.float64(0.0014402689994312823) - training/global_step:15 - training/epoch:1 - critic/score/mean:0.0 - critic/score/max:0.0 - critic/score/min:0.0 - critic/rewards/mean:0.0 - critic/rewards/max:0.0 - critic/rewards/min:0.0 - critic/advantages/mean:0.0 - critic/advantages/max:0.0 - critic/advantages/min:0.0 - critic/returns/mean:0.0 - critic/returns/max:0.0 - critic/returns/min:0.0 - response_length/mean:64.0 - response_length/max:64.0 - response_length/min:64.0 - response_length/clip_ratio:1.0 - response_length_non_aborted/mean:64.0 - response_length_non_aborted/max:64.0 - response_length_non_aborted/min:64.0 - response_length_non_aborted/clip_ratio:1.0 - response/aborted_ratio:0.0 - prompt_length/mean:24.5 - prompt_length/max:25.0 - prompt_length/min:24.0 - prompt_length/clip_ratio:0.0 - num_turns/min:np.int32(2) - num_turns/max:np.int32(2) - num_turns/mean:np.float64(2.0) - timing_s/start_profile:6.809699698351324e-05 - timing_s/agent_loop/num_preempted/min:np.int64(-1) - timing_s/agent_loop/num_preempted/max:np.int64(-1) - timing_s/agent_loop/num_preempted/mean:np.float64(-1.0) - timing_s/agent_loop/generate_sequences/min:np.float64(1.1473577180004213) - timing_s/agent_loop/generate_sequences/max:np.float64(1.340521591999277) - timing_s/agent_loop/generate_sequences/mean:np.float64(1.2587137337504828) - timing_s/agent_loop/tool_calls/min:np.float64(0.0) - timing_s/agent_loop/tool_calls/max:np.float64(0.0) - timing_s/agent_loop/tool_calls/mean:np.float64(0.0) - timing_s/agent_loop/compute_score/min:np.float64(0.008477351999317762) - timing_s/agent_loop/compute_score/max:np.float64(0.010859112997422926) - timing_s/agent_loop/compute_score/mean:np.float64(0.009661969997978304) - timing_s/agent_loop/slowest/generate_sequences:np.float64(1.340521591999277) - timing_s/agent_loop/slowest/tool_calls:np.float64(0.0) - timing_s/agent_loop/slowest/compute_score:np.float64(0.008477351999317762) - timing_s/agent_loop/slowest/num_preempted:np.int64(-1) - timing_s/agent_loop/slowest/prompt_length:24 - timing_s/agent_loop/slowest/response_length:64 - timing_s/gen:7.070843043002242 - timing_s/reward:2.698900061659515e-05 - timing_s/old_log_prob:3.9693278150007245 - timing_s/adv:0.003678310000395868 - timing_s/update_actor:6.747185542000807 - timing_s/drafter:11.317390727999737 - drafter/spec_decode/mean_acceptance_length:2.245614035087719 - timing_s/update_weights:8.556742872999166 - timing_s/step:37.672084331003134 - timing_s/stop_profile:0.0001512119997642003 - timing_per_token_ms/adv:0.010390706215807536 - timing_per_token_ms/update_actor:19.05984616384409 - timing_per_token_ms/gen:27.620480636727507 - perf/total_num_tokens:354 - perf/time_per_step:37.672084331003134 - perf/throughput:4.6984392592881745[36m(SpecoWorker pid=67347)[0m WARNING:2026-09-19 11:43:05,374:[speco publish reclaim] role=producer global_steps=15 num_weights=58 payload_cleared=1 allocator=glibc action=malloc_trim heap_trimmed=True elapsed_sec=0.218 memory_before=(rss_gib=10.87 anon_gib=5.56 rss_shmem_gib=2.80 node_unavailable_gib=225.85 available_gib=277.64 cached_gib=294.28 node_shmem_gib=41.60 dev_shm_used_gib=0.07 dirty_gib=48.09 writeback_gib=0.01) memory_after=(rss_gib=10.43 anon_gib=5.12 rss_shmem_gib=2.80 node_unavailable_gib=225.61 available_gib=277.88 cached_gib=294.42 node_shmem_gib=41.74 dev_shm_used_gib=0.07 dirty_gib=48.09 writeback_gib=0.01)
[36m(WorkerDict pid=65997)[0m WARNING:2026-09-19 11:43:07,833:[speco publish materialize] async=True global_steps=15 elapsed_sec=2.453 num_weights=58
[36m(SpecoVLLMHttpServer pid=66274)[0m (Worker_TP0 pid=66953) WARNING:2026-09-19 11:43:08,117:[speco draft ipc] streamed 58 translated weights in 1 buckets into DFlashQwen3Model (method=dflash), first 5 keys: ['fc.weight', 'hidden_norm.weight', 'layers.0.self_attn.q_proj.weight', 'layers.0.self_attn.k_proj.weight', 'layers.0.self_attn.v_proj.weight']
[36m(SpecoVLLMHttpServer pid=66274)[0m (Worker_TP0 pid=66953) WARNING:2026-09-19 11:43:08,120:SPECO committed online drafter revision=15 loaded_params=58
[36m(SpecoVLLMHttpServer pid=66274)[0m (Worker_TP1 pid=66954) WARNING:2026-09-19 11:43:08,133:[speco draft ipc] streamed 58 translated weights in 1 buckets into DFlashQwen3Model (method=dflash), first 5 keys: ['fc.weight', 'hidden_norm.weight', 'layers.0.self_attn.q_proj.weight', 'layers.0.self_attn.k_proj.weight', 'layers.0.self_attn.v_proj.weight']
[36m(SpecoVLLMHttpServer pid=66274)[0m (Worker_TP1 pid=66954) WARNING:2026-09-19 11:43:08,143:SPECO committed online drafter revision=15 loaded_params=58
[36m(WorkerDict pid=65997)[0m WARNING:2026-09-19 11:43:09,128:[speco publish reclaim] role=consumer async=True global_steps=15 num_weights=58 payload_cleared=1 allocator=glibc action=malloc_trim heap_trimmed=True elapsed_sec=0.441 memory_before=(rss_gib=19.75 anon_gib=6.48 rss_shmem_gib=10.58 node_unavailable_gib=227.95 available_gib=275.54 cached_gib=293.29 node_shmem_gib=41.62 dev_shm_used_gib=0.07 dirty_gib=48.05 writeback_gib=0.02) memory_after=(rss_gib=19.04 anon_gib=5.76 rss_shmem_gib=10.58 node_unavailable_gib=226.65 available_gib=276.84 cached_gib=293.32 node_shmem_gib=41.62 dev_shm_used_gib=0.07 dirty_gib=48.04 writeback_gib=0.02)
[36m(SpecoVLLMHttpServer pid=66274)[0m (Worker_TP1 pid=66954) WARNING:2026-09-19 11:43:10,822:[speco draft sleep] drafter state saved before level-2 sleep (66 tensors)
[36m(SpecoVLLMHttpServer pid=66274)[0m (Worker_TP0 pid=66953) WARNING:2026-09-19 11:43:10,937:[speco draft sleep] drafter state saved before level-2 sleep (66 tensors)
[36m(SpecoWorker pid=67348)[0m WARNING:2026-09-19 11:43:27,327:[drafter logits quality] valid_tokens=120 top1_acc=0.308333 top5_acc=0.583333 local_ploss_sum=139.476898 local_tokens=120 per_step=[{'step': 0, 'tokens': 8, 'top1': 0.75, 'top5': 1.0}, {'step': 1, 'tokens': 8, 'top1': 0.75, 'top5': 0.875}, {'step': 2, 'tokens': 8, 'top1': 0.625, 'top5': 0.875}, {'step': 3, 'tokens': 8, 'top1': 0.375, 'top5': 0.625}, {'step': 4, 'tokens': 8, 'top1': 0.5, 'top5': 0.75}, {'step': 5, 'tokens': 8, 'top1': 0.25, 'top5': 0.625}, {'step': 6, 'tokens': 8, 'top1': 0.25, 'top5': 0.5}, {'step': 7, 'tokens': 8, 'top1': 0.5, 'top5': 0.625}, {'step': 8, 'tokens': 8, 'top1': 0.0, 'top5': 0.5}, {'step': 9, 'tokens': 8, 'top1': 0.125, 'top5': 0.25}, {'step': 10, 'tokens': 8, 'top1': 0.25, 'top5': 0.625}, {'step': 11, 'tokens': 8, 'top1': 0.0, 'top5': 0.5}, {'step': 12, 'tokens': 8, 'top1': 0.125, 'top5': 0.375}, {'step': 13, 'tokens': 8, 'top1': 0.0, 'top5': 0.375}, {'step': 14, 'tokens': 8, 'top1': 0.125, 'top5': 0.25}]
[36m(SpecoWorker pid=67347)[0m INFO:2026-09-19 11:43:30,425:[drafter loss] step=1 optimizer_step_total=16 lr=1.000e-05 loss=2.3689 vloss=0.0000 ploss=2.3689
[36m(SpecoVLLMHttpServer pid=66274)[0m (Worker_TP0 pid=66953) WARNING:2026-09-19 11:43:39,065:[speco draft wake_up] drafter state restored after level-2 wake_up (66 tensors, revision=15)
[36m(SpecoVLLMHttpServer pid=66274)[0m (Worker_TP1 pid=66954) WARNING:2026-09-19 11:43:39,078:[speco draft wake_up] drafter state restored after level-2 wake_up (66 tensors, revision=15)
[36m(SpecoWorker pid=67347)[0m WARNING:2026-09-19 11:43:27,327:[drafter logits quality] valid_tokens=120 top1_acc=0.366667 top5_acc=0.616667 local_ploss_sum=111.834320 local_tokens=120 per_step=[{'step': 0, 'tokens': 8, 'top1': 0.875, 'top5': 1.0}, {'step': 1, 'tokens': 8, 'top1': 1.0, 'top5': 1.0}, {'step': 2, 'tokens': 8, 'top1': 0.5, 'top5': 0.875}, {'step': 3, 'tokens': 8, 'top1': 0.5, 'top5': 0.75}, {'step': 4, 'tokens': 8, 'top1': 0.625, 'top5': 0.75}, {'step': 5, 'tokens': 8, 'top1': 0.375, 'top5': 0.625}, {'step': 6, 'tokens': 8, 'top1': 0.375, 'top5': 0.625}, {'step': 7, 'tokens': 8, 'top1': 0.375, 'top5': 0.75}, {'step': 8, 'tokens': 8, 'top1': 0.0, 'top5': 0.375}, {'step': 9, 'tokens': 8, 'top1': 0.375, 'top5': 0.5}, {'step': 10, 'tokens': 8, 'top1': 0.25, 'top5': 0.625}, {'step': 11, 'tokens': 8, 'top1': 0.0, 'top5': 0.625}, {'step': 12, 'tokens': 8, 'top1': 0.125, 'top5': 0.375}, {'step': 13, 'tokens': 8, 'top1': 0.0, 'top5': 0.125}, {'step': 14, 'tokens': 8, 'top1': 0.125, 'top5': 0.25}]
[36m(SpecoTaskRunner pid=65789)[0m Training Progress:  80%|████████  | 16/20 [24:42<03:02, 45.55s/it]

[36m(SpecoTaskRunner pid=65789)[0m step:16 - global_seqlen/min:176 - global_seqlen/max:176 - global_seqlen/minmax_diff:0 - global_seqlen/balanced_min:176 - global_seqlen/balanced_max:176 - global_seqlen/mean:176.0 - actor/entropy:0.0 - perf/mfu/actor_infer:0.01041817521893249 - training/rollout_probs_diff_valid:1 - training/rollout_probs_diff_max:0.12119367718696594 - training/rollout_probs_diff_mean:0.00764636741951108 - training/rollout_probs_diff_std:0.017994510009884834 - training/rollout_actor_probs_pearson_corr:0.9961159229278564 - rollout_corr/training_ppl:1.2274141311645508 - rollout_corr/training_log_ppl:0.2010960876941681 - rollout_corr/kl:0.0012623146176338196 - rollout_corr/k3_kl:0.0014838234055787325 - rollout_corr/rollout_ppl:1.2251588106155396 - rollout_corr/rollout_log_ppl:0.19983378052711487 - rollout_corr/log_ppl_diff:0.0012623108923435211 - rollout_corr/log_ppl_abs_diff:0.005763586610555649 - rollout_corr/log_ppl_diff_max:0.01405179500579834 - rollout_corr/log_ppl_diff_min:-0.0056471675634384155 - rollout_corr/ppl_ratio:1.0012918710708618 - rollout_corr/chi2_token:0.0033080577850341797 - rollout_corr/chi2_seq:0.17769527435302734 - actor/pg_clipfrac:np.float64(0.0) - actor/ppo_kl:np.float64(0.0) - actor/pg_clipfrac_lower:np.float64(0.0) - actor/pg_loss:np.float64(0.0) - actor/loss:np.float64(0.0) - actor/grad_norm:np.float64(0.0) - actor/lr:np.float64(1e-06) - actor/perf/max_memory_allocated_gb:np.float64(28.541846752166748) - actor/perf/max_memory_reserved_gb:np.float64(37.9921875) - actor/perf/cpu_memory_used_gb:np.float64(231.9505500793457) - perf/mfu/actor:np.float64(0.009970318823161921) - drafter/raw_drafter_samples:np.float64(4.0) - drafter/collected_samples:np.float64(2.0) - drafter/collect_interval_matched:np.float64(1.0) - drafter/collection_plan_used:np.float64(1.0) - drafter/collection_plan_collect:np.float64(1.0) - drafter/collection_plan_reason:np.float64(7.0) - drafter/collection_plan_source:np.float64(2.0) - drafter/collection_plan_interval_matched:np.float64(1.0) - drafter/collection_plan_training_interval_matched:np.float64(1.0) - drafter/collection_attempted:np.float64(1.0) - drafter/collection_completed:np.float64(1.0) - drafter/collection_outcome_reason:np.float64(1.0) - drafter/collection_rejected_samples:np.float64(0.0) - drafter/collection_worker_results:np.float64(1.0) - drafter/collection_finalized:np.float64(1.0) - drafter/collection_expired_stages:np.float64(0.0) - timing_s/drafter_collection_rpc:np.float64(0.029939113999716938) - drafter/scheduler_used:np.float64(1.0) - drafter/schedule_launch:np.float64(1.0) - drafter/schedule_interval_matched:np.float64(1.0) - drafter/schedule_strategy:np.float64(0.0) - drafter/schedule_reason:np.float64(10.0) - drafter/target_lm_head_apply_deferred:np.float64(1.0) - drafter/target_lm_head_selected_rows:np.float64(0.0) - drafter/target_lm_head_source_vocab_size:np.float64(0.0) - drafter/target_lm_head_direct_sparse_export:np.float64(0.0) - timing_s/drafter_sync_target_lm_head_fetch:np.float64(3.595154097994964) - timing_s/drafter_sync_target_lm_head_dispatch:np.float64(1.2141229000044405) - drafter/train_interval_matched:np.float64(1.0) - drafter/target_lm_head_synced:np.float64(1.0) - timing_s/drafter_sync_target_lm_head:np.float64(4.8134001520011225) - timing_s/drafter_sync_target_lm_head_apply:np.float64(1.2144794460036792) - timing_s/drafter_sync_target_lm_head_wait:np.float64(0.0003565459992387332) - timing_s/drafter_sync_target_lm_head_overlap_window:np.float64(6.775297068998043) - drafter/trained:np.float64(1.0) - drafter/train_successful_steps_max:np.int64(1) - drafter/train_no_trainable_batch:np.float64(0.0) - drafter/train_activation_failed:np.float64(0.0) - drafter/train_attempted_batches_max:np.int64(1) - drafter/train_buffer_size_before_min:np.int64(2) - drafter/train_buffer_size_after_min:np.int64(0) - drafter/train_optimizer_step_max:np.int64(16) - drafter/train_worker_results_consistent:np.float64(1.0) - drafter/train_worker_ids_consistent:np.float64(1.0) - drafter/train_worker_incarnations_consistent:np.float64(1.0) - drafter/train_plan_ids_consistent:np.float64(1.0) - drafter/train_source_steps_consistent:np.float64(1.0) - drafter/train_data_versions_consistent:np.float64(1.0) - drafter/train_target_versions_consistent:np.float64(1.0) - drafter/train_successful_steps_consistent:np.float64(1.0) - drafter/train_optimizer_steps_consistent:np.float64(1.0) - drafter/train_publish_leader_count:np.float64(1.0) - drafter/train_publish_leader_snapshot_ready:np.float64(1.0) - timing_s/drafter_prepare_batch:np.float64(0.0026061534881591797) - timing_s/drafter_forward_loss:np.float64(2.9765381813049316) - timing_s/drafter_reduce_loss:np.float64(0.0013341903686523438) - timing_s/drafter_backward:np.float64(0.04175424575805664) - timing_s/drafter_optimizer:np.float64(0.2102372646331787) - timing_s/drafter_publish_snapshot:np.float64(2.3982443809509277) - timing_s/drafter_worker_training_loop:np.float64(6.09567666053772) - timing_s/drafter_worker_cleanup:np.float64(7.145178318023682) - timing_s/drafter_worker_elapsed:np.float64(10.564069747924805) - timing_s/drafter_train_rpc:np.float64(11.747810551001749) - drafter/runtime_state:np.float64(3.0) - drafter/runtime_completed_batches:np.float64(1.0) - drafter/runtime_inflight:np.float64(0.0) - timing_s/drafter_runtime_batch_average:np.float64(11.747810551001749) - timing_s/drafter_outer_unaccounted:np.float64(0.009465815994190052) - drafter/publish_attempted:np.float64(1.0) - drafter/published:np.float64(1.0) - timing_s/drafter_publish_wait_pending:np.float64(3.1480012694373727e-06) - timing_s/drafter_publish_fetch_snapshot:np.float64(20.47769497399713) - timing_s/drafter_publish_update_weights:np.float64(0.0014923539929441176) - training/global_step:16 - training/epoch:1 - critic/score/mean:0.0 - critic/score/max:0.0 - critic/score/min:0.0 - critic/rewards/mean:0.0 - critic/rewards/max:0.0 - critic/rewards/min:0.0 - critic/advantages/mean:0.0 - critic/advantages/max:0.0 - critic/advantages/min:0.0 - critic/returns/mean:0.0 - critic/returns/max:0.0 - critic/returns/min:0.0 - response_length/mean:64.0 - response_length/max:64.0 - response_length/min:64.0 - response_length/clip_ratio:1.0 - response_length_non_aborted/mean:64.0 - response_length_non_aborted/max:64.0 - response_length_non_aborted/min:64.0 - response_length_non_aborted/clip_ratio:1.0 - response/aborted_ratio:0.0 - prompt_length/mean:24.0 - prompt_length/max:24.0 - prompt_length/min:24.0 - prompt_length/clip_ratio:0.0 - num_turns/min:np.int32(2) - num_turns/max:np.int32(2) - num_turns/mean:np.float64(2.0) - timing_s/start_profile:0.00013301899889484048 - timing_s/agent_loop/num_preempted/min:np.int64(-1) - timing_s/agent_loop/num_preempted/max:np.int64(-1) - timing_s/agent_loop/num_preempted/mean:np.float64(-1.0) - timing_s/agent_loop/generate_sequences/min:np.float64(0.8371050360001391) - timing_s/agent_loop/generate_sequences/max:np.float64(0.9917866559990216) - timing_s/agent_loop/generate_sequences/mean:np.float64(0.9077447564995964) - timing_s/agent_loop/tool_calls/min:np.float64(0.0) - timing_s/agent_loop/tool_calls/max:np.float64(0.0) - timing_s/agent_loop/tool_calls/mean:np.float64(0.0) - timing_s/agent_loop/compute_score/min:np.float64(0.010063491994515061) - timing_s/agent_loop/compute_score/max:np.float64(0.01387709400296444) - timing_s/agent_loop/compute_score/mean:np.float64(0.011526297748787329) - timing_s/agent_loop/slowest/generate_sequences:np.float64(0.9917866559990216) - timing_s/agent_loop/slowest/tool_calls:np.float64(0.0) - timing_s/agent_loop/slowest/compute_score:np.float64(0.010063491994515061) - timing_s/agent_loop/slowest/num_preempted:np.int64(-1) - timing_s/agent_loop/slowest/prompt_length:24 - timing_s/agent_loop/slowest/response_length:64 - timing_s/gen:5.789634649001528 - timing_s/reward:3.5263001336716115e-05 - timing_s/old_log_prob:3.210332467999251 - timing_s/adv:0.003868377003527712 - timing_s/update_actor:6.775348721006594 - timing_s/drafter:16.57067651899706 - drafter/spec_decode/mean_acceptance_length:2.3185840707964602 - timing_s/update_weights:24.228153117997863 - timing_s/step:56.584675045996846 - timing_s/stop_profile:0.00015301100211218 - timing_per_token_ms/adv:0.010989707396385546 - timing_per_token_ms/update_actor:19.248149775586917 - timing_per_token_ms/gen:22.615760347662217 - perf/total_num_tokens:352 - perf/time_per_step:56.584675045996846 - perf/throughput:3.110382799882339[36m(SpecoWorker pid=67347)[0m WARNING:2026-09-19 11:44:00,996:[speco publish reclaim] role=producer global_steps=16 num_weights=58 payload_cleared=1 allocator=glibc action=malloc_trim heap_trimmed=True elapsed_sec=0.212 memory_before=(rss_gib=10.88 anon_gib=5.57 rss_shmem_gib=2.80 node_unavailable_gib=233.18 available_gib=270.31 cached_gib=289.18 node_shmem_gib=41.64 dev_shm_used_gib=0.07 dirty_gib=47.94 writeback_gib=0.01) memory_after=(rss_gib=10.43 anon_gib=5.12 rss_shmem_gib=2.80 node_unavailable_gib=232.74 available_gib=270.75 cached_gib=289.18 node_shmem_gib=41.64 dev_shm_used_gib=0.07 dirty_gib=47.94 writeback_gib=0.01)
[36m(WorkerDict pid=65997)[0m WARNING:2026-09-19 11:44:04,779:[speco publish materialize] async=True global_steps=16 elapsed_sec=2.803 num_weights=58
[36m(SpecoVLLMHttpServer pid=66274)[0m (Worker_TP0 pid=66953) WARNING:2026-09-19 11:44:05,248:[speco draft ipc] streamed 58 translated weights in 1 buckets into DFlashQwen3Model (method=dflash), first 5 keys: ['fc.weight', 'hidden_norm.weight', 'layers.0.self_attn.q_proj.weight', 'layers.0.self_attn.k_proj.weight', 'layers.0.self_attn.v_proj.weight']
[36m(SpecoVLLMHttpServer pid=66274)[0m (Worker_TP0 pid=66953) WARNING:2026-09-19 11:44:05,254:SPECO committed online drafter revision=16 loaded_params=58
[36m(SpecoVLLMHttpServer pid=66274)[0m (Worker_TP1 pid=66954) WARNING:2026-09-19 11:44:05,339:[speco draft ipc] streamed 58 translated weights in 1 buckets into DFlashQwen3Model (method=dflash), first 5 keys: ['fc.weight', 'hidden_norm.weight', 'layers.0.self_attn.q_proj.weight', 'layers.0.self_attn.k_proj.weight', 'layers.0.self_attn.v_proj.weight']
[36m(SpecoVLLMHttpServer pid=66274)[0m (Worker_TP1 pid=66954) WARNING:2026-09-19 11:44:05,343:SPECO committed online drafter revision=16 loaded_params=58
[36m(WorkerDict pid=65997)[0m WARNING:2026-09-19 11:44:06,567:[speco publish reclaim] role=consumer async=True global_steps=16 num_weights=58 payload_cleared=1 allocator=glibc action=malloc_trim heap_trimmed=True elapsed_sec=0.551 memory_before=(rss_gib=19.62 anon_gib=6.34 rss_shmem_gib=10.58 node_unavailable_gib=233.59 available_gib=269.90 cached_gib=286.01 node_shmem_gib=41.64 dev_shm_used_gib=0.07 dirty_gib=47.90 writeback_gib=0.00) memory_after=(rss_gib=19.04 anon_gib=5.76 rss_shmem_gib=10.58 node_unavailable_gib=232.13 available_gib=271.35 cached_gib=286.02 node_shmem_gib=41.64 dev_shm_used_gib=0.07 dirty_gib=47.89 writeback_gib=0.01)
[36m(SpecoVLLMHttpServer pid=66274)[0m (Worker_TP1 pid=66954) WARNING:2026-09-19 11:44:08,088:[speco draft sleep] drafter state saved before level-2 sleep (66 tensors)
[36m(SpecoVLLMHttpServer pid=66274)[0m (Worker_TP0 pid=66953) WARNING:2026-09-19 11:44:08,210:[speco draft sleep] drafter state saved before level-2 sleep (66 tensors)
[36m(SpecoWorker pid=67347)[0m WARNING:2026-09-19 11:44:26,111:[drafter logits quality] valid_tokens=120 top1_acc=0.450000 top5_acc=0.675000 local_ploss_sum=96.955475 local_tokens=120 per_step=[{'step': 0, 'tokens': 8, 'top1': 1.0, 'top5': 1.0}, {'step': 1, 'tokens': 8, 'top1': 1.0, 'top5': 1.0}, {'step': 2, 'tokens': 8, 'top1': 0.75, 'top5': 0.875}, {'step': 3, 'tokens': 8, 'top1': 0.375, 'top5': 0.625}, {'step': 4, 'tokens': 8, 'top1': 0.5, 'top5': 0.875}, {'step': 5, 'tokens': 8, 'top1': 0.5, 'top5': 0.625}, {'step': 6, 'tokens': 8, 'top1': 0.375, 'top5': 0.75}, {'step': 7, 'tokens': 8, 'top1': 0.375, 'top5': 0.625}, {'step': 8, 'tokens': 8, 'top1': 0.375, 'top5': 0.625}, {'step': 9, 'tokens': 8, 'top1': 0.25, 'top5': 0.5}, {'step': 10, 'tokens': 8, 'top1': 0.375, 'top5': 0.5}, {'step': 11, 'tokens': 8, 'top1': 0.5, 'top5': 0.5}, {'step': 12, 'tokens': 8, 'top1': 0.25, 'top5': 0.75}, {'step': 13, 'tokens': 8, 'top1': 0.0, 'top5': 0.375}, {'step': 14, 'tokens': 8, 'top1': 0.125, 'top5': 0.5}]
[36m(SpecoWorker pid=67347)[0m INFO:2026-09-19 11:44:26,398:[drafter loss] step=1 optimizer_step_total=17 lr=1.000e-05 loss=2.1308 vloss=0.0000 ploss=2.1308
[36m(SpecoVLLMHttpServer pid=66274)[0m (Worker_TP1 pid=66954) WARNING:2026-09-19 11:44:32,387:[speco draft wake_up] drafter state restored after level-2 wake_up (66 tensors, revision=16)
[36m(SpecoVLLMHttpServer pid=66274)[0m (Worker_TP0 pid=66953) WARNING:2026-09-19 11:44:32,410:[speco draft wake_up] drafter state restored after level-2 wake_up (66 tensors, revision=16)
[36m(SpecoWorker pid=67348)[0m WARNING:2026-09-19 11:44:26,111:[drafter logits quality] valid_tokens=120 top1_acc=0.391667 top5_acc=0.625000 local_ploss_sum=129.095459 local_tokens=120 per_step=[{'step': 0, 'tokens': 8, 'top1': 0.875, 'top5': 1.0}, {'step': 1, 'tokens': 8, 'top1': 0.75, 'top5': 0.875}, {'step': 2, 'tokens': 8, 'top1': 0.625, 'top5': 0.875}, {'step': 3, 'tokens': 8, 'top1': 0.5, 'top5': 0.5}, {'step': 4, 'tokens': 8, 'top1': 0.375, 'top5': 0.875}, {'step': 5, 'tokens': 8, 'top1': 0.375, 'top5': 0.5}, {'step': 6, 'tokens': 8, 'top1': 0.125, 'top5': 0.5}, {'step': 7, 'tokens': 8, 'top1': 0.375, 'top5': 0.5}, {'step': 8, 'tokens': 8, 'top1': 0.25, 'top5': 0.625}, {'step': 9, 'tokens': 8, 'top1': 0.375, 'top5': 0.625}, {'step': 10, 'tokens': 8, 'top1': 0.375, 'top5': 0.375}, {'step': 11, 'tokens': 8, 'top1': 0.375, 'top5': 0.5}, {'step': 12, 'tokens': 8, 'top1': 0.25, 'top5': 0.625}, {'step': 13, 'tokens': 8, 'top1': 0.0, 'top5': 0.375}, {'step': 14, 'tokens': 8, 'top1': 0.25, 'top5': 0.625}]
[36m(SpecoTaskRunner pid=65789)[0m Training Progress:  85%|████████▌ | 17/20 [25:24<02:13, 44.40s/it]

[36m(SpecoTaskRunner pid=65789)[0m step:17 - global_seqlen/min:178 - global_seqlen/max:178 - global_seqlen/minmax_diff:0 - global_seqlen/balanced_min:178 - global_seqlen/balanced_max:178 - global_seqlen/mean:178.0 - actor/entropy:0.0 - perf/mfu/actor_infer:0.009838006182661103 - training/rollout_probs_diff_valid:1 - training/rollout_probs_diff_max:0.1224597692489624 - training/rollout_probs_diff_mean:0.004542630631476641 - training/rollout_probs_diff_std:0.013504003174602985 - training/rollout_actor_probs_pearson_corr:0.9978125691413879 - rollout_corr/training_ppl:1.1804653406143188 - rollout_corr/training_log_ppl:0.1640816330909729 - rollout_corr/kl:0.004448857624083757 - rollout_corr/k3_kl:0.0008121384307742119 - rollout_corr/rollout_ppl:1.174962043762207 - rollout_corr/rollout_log_ppl:0.15963277220726013 - rollout_corr/log_ppl_diff:0.004448866471648216 - rollout_corr/log_ppl_abs_diff:0.004953449591994286 - rollout_corr/log_ppl_diff_max:0.01229715347290039 - rollout_corr/log_ppl_diff_min:-0.0010091662406921387 - rollout_corr/ppl_ratio:1.0044716596603394 - rollout_corr/chi2_token:-0.005747556686401367 - rollout_corr/chi2_seq:-0.3220757842063904 - actor/pg_clipfrac:np.float64(0.0) - actor/ppo_kl:np.float64(0.0) - actor/pg_clipfrac_lower:np.float64(0.0) - actor/pg_loss:np.float64(0.0) - actor/loss:np.float64(0.0) - actor/grad_norm:np.float64(0.0) - actor/lr:np.float64(1e-06) - actor/perf/max_memory_allocated_gb:np.float64(28.541846752166748) - actor/perf/max_memory_reserved_gb:np.float64(37.9921875) - actor/perf/cpu_memory_used_gb:np.float64(246.3243064880371) - perf/mfu/actor:np.float64(0.010346384923334909) - drafter/raw_drafter_samples:np.float64(4.0) - drafter/collected_samples:np.float64(2.0) - drafter/collect_interval_matched:np.float64(1.0) - drafter/collection_plan_used:np.float64(1.0) - drafter/collection_plan_collect:np.float64(1.0) - drafter/collection_plan_reason:np.float64(7.0) - drafter/collection_plan_source:np.float64(2.0) - drafter/collection_plan_interval_matched:np.float64(1.0) - drafter/collection_plan_training_interval_matched:np.float64(1.0) - drafter/collection_attempted:np.float64(1.0) - drafter/collection_completed:np.float64(1.0) - drafter/collection_outcome_reason:np.float64(1.0) - drafter/collection_rejected_samples:np.float64(0.0) - drafter/collection_worker_results:np.float64(1.0) - drafter/collection_finalized:np.float64(1.0) - drafter/collection_expired_stages:np.float64(0.0) - timing_s/drafter_collection_rpc:np.float64(0.034468846999516245) - drafter/scheduler_used:np.float64(1.0) - drafter/schedule_launch:np.float64(1.0) - drafter/schedule_interval_matched:np.float64(1.0) - drafter/schedule_strategy:np.float64(0.0) - drafter/schedule_reason:np.float64(10.0) - drafter/target_lm_head_apply_deferred:np.float64(1.0) - drafter/target_lm_head_selected_rows:np.float64(0.0) - drafter/target_lm_head_source_vocab_size:np.float64(0.0) - drafter/target_lm_head_direct_sparse_export:np.float64(0.0) - timing_s/drafter_sync_target_lm_head_fetch:np.float64(3.884794333993341) - timing_s/drafter_sync_target_lm_head_dispatch:np.float64(1.4771745059988461) - drafter/train_interval_matched:np.float64(1.0) - drafter/target_lm_head_synced:np.float64(1.0) - timing_s/drafter_sync_target_lm_head:np.float64(5.365740799999912) - timing_s/drafter_sync_target_lm_head_apply:np.float64(1.4773545880016172) - timing_s/drafter_sync_target_lm_head_wait:np.float64(0.000180082002771087) - timing_s/drafter_sync_target_lm_head_overlap_window:np.float64(6.958079807001923) - drafter/trained:np.float64(1.0) - drafter/train_successful_steps_max:np.int64(1) - drafter/train_no_trainable_batch:np.float64(0.0) - drafter/train_activation_failed:np.float64(0.0) - drafter/train_attempted_batches_max:np.int64(1) - drafter/train_buffer_size_before_min:np.int64(2) - drafter/train_buffer_size_after_min:np.int64(0) - drafter/train_optimizer_step_max:np.int64(17) - drafter/train_worker_results_consistent:np.float64(1.0) - drafter/train_worker_ids_consistent:np.float64(1.0) - drafter/train_worker_incarnations_consistent:np.float64(1.0) - drafter/train_plan_ids_consistent:np.float64(1.0) - drafter/train_source_steps_consistent:np.float64(1.0) - drafter/train_data_versions_consistent:np.float64(1.0) - drafter/train_target_versions_consistent:np.float64(1.0) - drafter/train_successful_steps_consistent:np.float64(1.0) - drafter/train_optimizer_steps_consistent:np.float64(1.0) - drafter/train_publish_leader_count:np.float64(1.0) - drafter/train_publish_leader_snapshot_ready:np.float64(1.0) - timing_s/drafter_prepare_batch:np.float64(0.0025730133056640625) - timing_s/drafter_forward_loss:np.float64(0.1622486114501953) - timing_s/drafter_reduce_loss:np.float64(0.0011131763458251953) - timing_s/drafter_backward:np.float64(0.04215240478515625) - timing_s/drafter_optimizer:np.float64(0.2118854522705078) - timing_s/drafter_publish_snapshot:np.float64(2.464078426361084) - timing_s/drafter_worker_training_loop:np.float64(0.43523716926574707) - timing_s/drafter_worker_cleanup:np.float64(4.444505929946899) - timing_s/drafter_worker_elapsed:np.float64(5.010203838348389) - timing_s/drafter_train_rpc:np.float64(6.186643482004001) - drafter/runtime_state:np.float64(3.0) - drafter/runtime_completed_batches:np.float64(1.0) - drafter/runtime_inflight:np.float64(0.0) - timing_s/drafter_runtime_batch_average:np.float64(6.186643482004001) - timing_s/drafter_outer_unaccounted:np.float64(0.009377020985994022) - drafter/publish_attempted:np.float64(1.0) - drafter/published:np.float64(1.0) - timing_s/drafter_publish_wait_pending:np.float64(3.0669980333186686e-06) - timing_s/drafter_publish_fetch_snapshot:np.float64(5.6052915129985195) - timing_s/drafter_publish_update_weights:np.float64(0.0009425890020793304) - training/global_step:17 - training/epoch:2 - critic/score/mean:0.0 - critic/score/max:0.0 - critic/score/min:0.0 - critic/rewards/mean:0.0 - critic/rewards/max:0.0 - critic/rewards/min:0.0 - critic/advantages/mean:0.0 - critic/advantages/max:0.0 - critic/advantages/min:0.0 - critic/returns/mean:0.0 - critic/returns/max:0.0 - critic/returns/min:0.0 - response_length/mean:64.0 - response_length/max:64.0 - response_length/min:64.0 - response_length/clip_ratio:1.0 - response_length_non_aborted/mean:64.0 - response_length_non_aborted/max:64.0 - response_length_non_aborted/min:64.0 - response_length_non_aborted/clip_ratio:1.0 - response/aborted_ratio:0.0 - prompt_length/mean:25.0 - prompt_length/max:25.0 - prompt_length/min:25.0 - prompt_length/clip_ratio:0.0 - num_turns/min:np.int32(2) - num_turns/max:np.int32(2) - num_turns/mean:np.float64(2.0) - timing_s/start_profile:0.00012985699868295342 - timing_s/agent_loop/num_preempted/min:np.int64(-1) - timing_s/agent_loop/num_preempted/max:np.int64(-1) - timing_s/agent_loop/num_preempted/mean:np.float64(-1.0) - timing_s/agent_loop/generate_sequences/min:np.float64(0.6962907839988475) - timing_s/agent_loop/generate_sequences/max:np.float64(0.8245139130012831) - timing_s/agent_loop/generate_sequences/mean:np.float64(0.7606036739998672) - timing_s/agent_loop/tool_calls/min:np.float64(0.0) - timing_s/agent_loop/tool_calls/max:np.float64(0.0) - timing_s/agent_loop/tool_calls/mean:np.float64(0.0) - timing_s/agent_loop/compute_score/min:np.float64(0.008386215005884878) - timing_s/agent_loop/compute_score/max:np.float64(0.01118195600429317) - timing_s/agent_loop/compute_score/mean:np.float64(0.009728304752570693) - timing_s/agent_loop/slowest/generate_sequences:np.float64(0.8245139130012831) - timing_s/agent_loop/slowest/tool_calls:np.float64(0.0) - timing_s/agent_loop/slowest/compute_score:np.float64(0.008386215005884878) - timing_s/agent_loop/slowest/num_preempted:np.int64(-1) - timing_s/agent_loop/slowest/prompt_length:25 - timing_s/agent_loop/slowest/response_length:64 - timing_s/gen:6.84732091800106 - timing_s/reward:3.9973994717001915e-05 - timing_s/old_log_prob:3.6145147700008238 - timing_s/adv:0.0037993130026734434 - timing_s/update_actor:6.958078289004334 - timing_s/drafter:11.561761302989908 - drafter/spec_decode/mean_acceptance_length:2.757894736842105 - timing_s/update_weights:12.742224027999328 - timing_s/step:41.73457395899459 - timing_s/stop_profile:0.00011699899914674461 - timing_per_token_ms/adv:0.01067222753559956 - timing_per_token_ms/update_actor:19.545163733158244 - timing_per_token_ms/gen:26.74734733594164 - perf/total_num_tokens:356 - perf/time_per_step:41.73457395899459 - perf/throughput:4.265048929812727[36m(SpecoWorker pid=67347)[0m WARNING:2026-09-19 11:44:43,716:[speco publish reclaim] role=producer global_steps=17 num_weights=58 payload_cleared=1 allocator=glibc action=malloc_trim heap_trimmed=True elapsed_sec=0.230 memory_before=(rss_gib=10.87 anon_gib=5.56 rss_shmem_gib=2.80 node_unavailable_gib=255.55 available_gib=247.93 cached_gib=266.13 node_shmem_gib=41.66 dev_shm_used_gib=0.07 dirty_gib=47.62 writeback_gib=0.02) memory_after=(rss_gib=10.43 anon_gib=5.12 rss_shmem_gib=2.80 node_unavailable_gib=255.26 available_gib=248.23 cached_gib=266.16 node_shmem_gib=41.66 dev_shm_used_gib=0.07 dirty_gib=47.62 writeback_gib=0.02)
[36m(SpecoVLLMHttpServer pid=66274)[0m (Worker_TP0 pid=66953) WARNING:2026-09-19 11:44:47,388:[speco draft ipc] streamed 58 translated weights in 1 buckets into DFlashQwen3Model (method=dflash), first 5 keys: ['fc.weight', 'hidden_norm.weight', 'layers.0.self_attn.q_proj.weight', 'layers.0.self_attn.k_proj.weight', 'layers.0.self_attn.v_proj.weight']
[36m(WorkerDict pid=65997)[0m WARNING:2026-09-19 11:44:47,019:[speco publish materialize] async=True global_steps=17 elapsed_sec=3.295 num_weights=58
[36m(SpecoVLLMHttpServer pid=66274)[0m (Worker_TP1 pid=66954) WARNING:2026-09-19 11:44:47,957:[speco draft ipc] streamed 58 translated weights in 1 buckets into DFlashQwen3Model (method=dflash), first 5 keys: ['fc.weight', 'hidden_norm.weight', 'layers.0.self_attn.q_proj.weight', 'layers.0.self_attn.k_proj.weight', 'layers.0.self_attn.v_proj.weight']
[36m(SpecoVLLMHttpServer pid=66274)[0m (Worker_TP0 pid=66953) WARNING:2026-09-19 11:44:48,856:SPECO committed online drafter revision=17 loaded_params=58
[36m(SpecoVLLMHttpServer pid=66274)[0m (Worker_TP1 pid=66954) WARNING:2026-09-19 11:44:49,149:SPECO committed online drafter revision=17 loaded_params=58
[36m(WorkerDict pid=65997)[0m WARNING:2026-09-19 11:44:49,460:[speco publish reclaim] role=consumer async=True global_steps=17 num_weights=58 payload_cleared=1 allocator=glibc action=malloc_trim heap_trimmed=True elapsed_sec=0.663 memory_before=(rss_gib=19.69 anon_gib=6.41 rss_shmem_gib=10.58 node_unavailable_gib=256.13 available_gib=247.36 cached_gib=264.58 node_shmem_gib=41.62 dev_shm_used_gib=0.07 dirty_gib=47.69 writeback_gib=0.01) memory_after=(rss_gib=19.04 anon_gib=5.76 rss_shmem_gib=10.58 node_unavailable_gib=255.67 available_gib=247.82 cached_gib=264.59 node_shmem_gib=41.62 dev_shm_used_gib=0.07 dirty_gib=47.69 writeback_gib=0.00)
[36m(SpecoVLLMHttpServer pid=66274)[0m (Worker_TP1 pid=66954) WARNING:2026-09-19 11:44:52,370:[speco draft sleep] drafter state saved before level-2 sleep (66 tensors)
[36m(SpecoVLLMHttpServer pid=66274)[0m (Worker_TP0 pid=66953) WARNING:2026-09-19 11:44:52,459:[speco draft sleep] drafter state saved before level-2 sleep (66 tensors)
[36m(SpecoWorker pid=67347)[0m WARNING:2026-09-19 11:45:12,323:[drafter logits quality] valid_tokens=120 top1_acc=0.333333 top5_acc=0.583333 local_ploss_sum=124.683472 local_tokens=120 per_step=[{'step': 0, 'tokens': 8, 'top1': 0.875, 'top5': 1.0}, {'step': 1, 'tokens': 8, 'top1': 0.875, 'top5': 1.0}, {'step': 2, 'tokens': 8, 'top1': 0.5, 'top5': 0.625}, {'step': 3, 'tokens': 8, 'top1': 0.375, 'top5': 0.5}, {'step': 4, 'tokens': 8, 'top1': 0.625, 'top5': 0.625}, {'step': 5, 'tokens': 8, 'top1': 0.25, 'top5': 0.625}, {'step': 6, 'tokens': 8, 'top1': 0.375, 'top5': 0.5}, {'step': 7, 'tokens': 8, 'top1': 0.375, 'top5': 0.625}, {'step': 8, 'tokens': 8, 'top1': 0.125, 'top5': 0.625}, {'step': 9, 'tokens': 8, 'top1': 0.125, 'top5': 0.625}, {'step': 10, 'tokens': 8, 'top1': 0.125, 'top5': 0.625}, {'step': 11, 'tokens': 8, 'top1': 0.125, 'top5': 0.5}, {'step': 12, 'tokens': 8, 'top1': 0.125, 'top5': 0.25}, {'step': 13, 'tokens': 8, 'top1': 0.0, 'top5': 0.125}, {'step': 14, 'tokens': 8, 'top1': 0.125, 'top5': 0.5}]
[36m(SpecoWorker pid=67347)[0m INFO:2026-09-19 11:45:12,607:[drafter loss] step=1 optimizer_step_total=18 lr=1.000e-05 loss=2.7009 vloss=0.0000 ploss=2.7009
[36m(SpecoVLLMHttpServer pid=66274)[0m (Worker_TP0 pid=66953) WARNING:2026-09-19 11:45:18,468:[speco draft wake_up] drafter state restored after level-2 wake_up (66 tensors, revision=17)
[36m(SpecoVLLMHttpServer pid=66274)[0m (Worker_TP1 pid=66954) WARNING:2026-09-19 11:45:18,523:[speco draft wake_up] drafter state restored after level-2 wake_up (66 tensors, revision=17)
[36m(SpecoWorker pid=67348)[0m WARNING:2026-09-19 11:45:12,323:[drafter logits quality] valid_tokens=120 top1_acc=0.283333 top5_acc=0.541667 local_ploss_sum=161.856873 local_tokens=120 per_step=[{'step': 0, 'tokens': 8, 'top1': 0.625, 'top5': 1.0}, {'step': 1, 'tokens': 8, 'top1': 0.625, 'top5': 0.75}, {'step': 2, 'tokens': 8, 'top1': 0.5, 'top5': 0.75}, {'step': 3, 'tokens': 8, 'top1': 0.375, 'top5': 0.5}, {'step': 4, 'tokens': 8, 'top1': 0.625, 'top5': 0.625}, {'step': 5, 'tokens': 8, 'top1': 0.25, 'top5': 0.5}, {'step': 6, 'tokens': 8, 'top1': 0.125, 'top5': 0.25}, {'step': 7, 'tokens': 8, 'top1': 0.25, 'top5': 0.5}, {'step': 8, 'tokens': 8, 'top1': 0.125, 'top5': 0.75}, {'step': 9, 'tokens': 8, 'top1': 0.0, 'top5': 0.375}, {'step': 10, 'tokens': 8, 'top1': 0.125, 'top5': 0.625}, {'step': 11, 'tokens': 8, 'top1': 0.25, 'top5': 0.625}, {'step': 12, 'tokens': 8, 'top1': 0.125, 'top5': 0.25}, {'step': 13, 'tokens': 8, 'top1': 0.125, 'top5': 0.125}, {'step': 14, 'tokens': 8, 'top1': 0.125, 'top5': 0.5}]
[36m(SpecoTaskRunner pid=65789)[0m Training Progress:  90%|█████████ | 18/20 [26:11<01:30, 45.17s/it]

[36m(SpecoTaskRunner pid=65789)[0m step:18 - global_seqlen/min:176 - global_seqlen/max:176 - global_seqlen/minmax_diff:0 - global_seqlen/balanced_min:176 - global_seqlen/balanced_max:176 - global_seqlen/mean:176.0 - actor/entropy:0.0 - perf/mfu/actor_infer:0.00712591812541382 - training/rollout_probs_diff_valid:1 - training/rollout_probs_diff_max:0.11110866069793701 - training/rollout_probs_diff_mean:0.007272809743881226 - training/rollout_probs_diff_std:0.01931912451982498 - training/rollout_actor_probs_pearson_corr:0.9952335953712463 - rollout_corr/training_ppl:1.1943764686584473 - rollout_corr/training_log_ppl:0.17674201726913452 - rollout_corr/kl:-0.0008118782425299287 - rollout_corr/k3_kl:0.0018566818907856941 - rollout_corr/rollout_ppl:1.1951780319213867 - rollout_corr/rollout_log_ppl:0.1775539070367813 - rollout_corr/log_ppl_diff:-0.0008118823170661926 - rollout_corr/log_ppl_abs_diff:0.007575042545795441 - rollout_corr/log_ppl_diff_max:0.010461434721946716 - rollout_corr/log_ppl_diff_min:-0.014436900615692139 - rollout_corr/ppl_ratio:0.9992296099662781 - rollout_corr/chi2_token:0.008875250816345215 - rollout_corr/chi2_seq:1.1582238674163818 - actor/pg_clipfrac:np.float64(0.0) - actor/ppo_kl:np.float64(0.0) - actor/pg_clipfrac_lower:np.float64(0.0) - actor/pg_loss:np.float64(0.0) - actor/loss:np.float64(0.0) - actor/grad_norm:np.float64(0.0) - actor/lr:np.float64(1e-06) - actor/perf/max_memory_allocated_gb:np.float64(28.541846752166748) - actor/perf/max_memory_reserved_gb:np.float64(37.9921875) - actor/perf/cpu_memory_used_gb:np.float64(257.5396537780762) - perf/mfu/actor:np.float64(0.009205769865855586) - drafter/raw_drafter_samples:np.float64(4.0) - drafter/collected_samples:np.float64(2.0) - drafter/collect_interval_matched:np.float64(1.0) - drafter/collection_plan_used:np.float64(1.0) - drafter/collection_plan_collect:np.float64(1.0) - drafter/collection_plan_reason:np.float64(7.0) - drafter/collection_plan_source:np.float64(2.0) - drafter/collection_plan_interval_matched:np.float64(1.0) - drafter/collection_plan_training_interval_matched:np.float64(1.0) - drafter/collection_attempted:np.float64(1.0) - drafter/collection_completed:np.float64(1.0) - drafter/collection_outcome_reason:np.float64(1.0) - drafter/collection_rejected_samples:np.float64(0.0) - drafter/collection_worker_results:np.float64(1.0) - drafter/collection_finalized:np.float64(1.0) - drafter/collection_expired_stages:np.float64(0.0) - timing_s/drafter_collection_rpc:np.float64(0.10332154200295918) - drafter/scheduler_used:np.float64(1.0) - drafter/schedule_launch:np.float64(1.0) - drafter/schedule_interval_matched:np.float64(1.0) - drafter/schedule_strategy:np.float64(0.0) - drafter/schedule_reason:np.float64(10.0) - drafter/target_lm_head_apply_deferred:np.float64(1.0) - drafter/target_lm_head_selected_rows:np.float64(0.0) - drafter/target_lm_head_source_vocab_size:np.float64(0.0) - drafter/target_lm_head_direct_sparse_export:np.float64(0.0) - timing_s/drafter_sync_target_lm_head_fetch:np.float64(4.539879422998638) - timing_s/drafter_sync_target_lm_head_dispatch:np.float64(1.3918576299984124) - drafter/train_interval_matched:np.float64(1.0) - drafter/target_lm_head_synced:np.float64(1.0) - timing_s/drafter_sync_target_lm_head:np.float64(5.93421978999686) - timing_s/drafter_sync_target_lm_head_apply:np.float64(1.3922453679988394) - timing_s/drafter_sync_target_lm_head_wait:np.float64(0.0003877380004269071) - timing_s/drafter_sync_target_lm_head_overlap_window:np.float64(7.296515294001438) - drafter/trained:np.float64(1.0) - drafter/train_successful_steps_max:np.int64(1) - drafter/train_no_trainable_batch:np.float64(0.0) - drafter/train_activation_failed:np.float64(0.0) - drafter/train_attempted_batches_max:np.int64(1) - drafter/train_buffer_size_before_min:np.int64(2) - drafter/train_buffer_size_after_min:np.int64(0) - drafter/train_optimizer_step_max:np.int64(18) - drafter/train_worker_results_consistent:np.float64(1.0) - drafter/train_worker_ids_consistent:np.float64(1.0) - drafter/train_worker_incarnations_consistent:np.float64(1.0) - drafter/train_plan_ids_consistent:np.float64(1.0) - drafter/train_source_steps_consistent:np.float64(1.0) - drafter/train_data_versions_consistent:np.float64(1.0) - drafter/train_target_versions_consistent:np.float64(1.0) - drafter/train_successful_steps_consistent:np.float64(1.0) - drafter/train_optimizer_steps_consistent:np.float64(1.0) - drafter/train_publish_leader_count:np.float64(1.0) - drafter/train_publish_leader_snapshot_ready:np.float64(1.0) - timing_s/drafter_prepare_batch:np.float64(0.0025436878204345703) - timing_s/drafter_forward_loss:np.float64(0.18250823020935059) - timing_s/drafter_reduce_loss:np.float64(0.001077413558959961) - timing_s/drafter_backward:np.float64(0.0482943058013916) - timing_s/drafter_optimizer:np.float64(0.21087884902954102) - timing_s/drafter_publish_snapshot:np.float64(2.426300048828125) - timing_s/drafter_worker_training_loop:np.float64(0.622661828994751) - timing_s/drafter_worker_cleanup:np.float64(4.275033950805664) - timing_s/drafter_worker_elapsed:np.float64(5.022709369659424) - timing_s/drafter_train_rpc:np.float64(6.207859439993626) - drafter/runtime_state:np.float64(3.0) - drafter/runtime_completed_batches:np.float64(1.0) - drafter/runtime_inflight:np.float64(0.0) - timing_s/drafter_runtime_batch_average:np.float64(6.207859439993626) - timing_s/drafter_outer_unaccounted:np.float64(0.005781738014775328) - drafter/publish_attempted:np.float64(1.0) - drafter/published:np.float64(1.0) - timing_s/drafter_publish_wait_pending:np.float64(2.6889974833466113e-06) - timing_s/drafter_publish_fetch_snapshot:np.float64(10.174823248999019) - timing_s/drafter_publish_update_weights:np.float64(0.0015505400006077252) - training/global_step:18 - training/epoch:2 - critic/score/mean:0.0 - critic/score/max:0.0 - critic/score/min:0.0 - critic/rewards/mean:0.0 - critic/rewards/max:0.0 - critic/rewards/min:0.0 - critic/advantages/mean:0.0 - critic/advantages/max:0.0 - critic/advantages/min:0.0 - critic/returns/mean:0.0 - critic/returns/max:0.0 - critic/returns/min:0.0 - response_length/mean:64.0 - response_length/max:64.0 - response_length/min:64.0 - response_length/clip_ratio:1.0 - response_length_non_aborted/mean:64.0 - response_length_non_aborted/max:64.0 - response_length_non_aborted/min:64.0 - response_length_non_aborted/clip_ratio:1.0 - response/aborted_ratio:0.0 - prompt_length/mean:24.0 - prompt_length/max:24.0 - prompt_length/min:24.0 - prompt_length/clip_ratio:0.0 - num_turns/min:np.int32(2) - num_turns/max:np.int32(2) - num_turns/mean:np.float64(2.0) - timing_s/start_profile:9.17349971132353e-05 - timing_s/agent_loop/num_preempted/min:np.int64(-1) - timing_s/agent_loop/num_preempted/max:np.int64(-1) - timing_s/agent_loop/num_preempted/mean:np.float64(-1.0) - timing_s/agent_loop/generate_sequences/min:np.float64(0.7804535049945116) - timing_s/agent_loop/generate_sequences/max:np.float64(0.9677437799982727) - timing_s/agent_loop/generate_sequences/mean:np.float64(0.8810094452492194) - timing_s/agent_loop/tool_calls/min:np.float64(0.0) - timing_s/agent_loop/tool_calls/max:np.float64(0.0) - timing_s/agent_loop/tool_calls/mean:np.float64(0.0) - timing_s/agent_loop/compute_score/min:np.float64(0.010224685000139289) - timing_s/agent_loop/compute_score/max:np.float64(0.011997509995126165) - timing_s/agent_loop/compute_score/mean:np.float64(0.010869831998206791) - timing_s/agent_loop/slowest/generate_sequences:np.float64(0.9677437799982727) - timing_s/agent_loop/slowest/tool_calls:np.float64(0.0) - timing_s/agent_loop/slowest/compute_score:np.float64(0.010224685000139289) - timing_s/agent_loop/slowest/num_preempted:np.int64(-1) - timing_s/agent_loop/slowest/prompt_length:24 - timing_s/agent_loop/slowest/response_length:64 - timing_s/gen:8.886195966995729 - timing_s/reward:1.1103998986072838e-05 - timing_s/old_log_prob:5.116884613998991 - timing_s/adv:0.0013305629981914535 - timing_s/update_actor:7.296382734995859 - timing_s/drafter:12.147860968005261 - drafter/spec_decode/mean_acceptance_length:2.327433628318584 - timing_s/update_weights:13.492516120997607 - timing_s/step:46.94548576100351 - timing_s/stop_profile:0.00015233600424835458 - timing_per_token_ms/adv:0.0037800085175893564 - timing_per_token_ms/update_actor:20.72836004260187 - timing_per_token_ms/gen:34.711702996077065 - perf/total_num_tokens:352 - perf/time_per_step:46.94548576100351 - perf/throughput:3.749029265476234[36m(SpecoWorker pid=67347)[0m WARNING:2026-09-19 11:45:30,138:[speco publish reclaim] role=producer global_steps=18 num_weights=58 payload_cleared=1 allocator=glibc action=malloc_trim heap_trimmed=True elapsed_sec=0.207 memory_before=(rss_gib=10.79 anon_gib=5.48 rss_shmem_gib=2.80 node_unavailable_gib=254.38 available_gib=249.11 cached_gib=262.00 node_shmem_gib=41.62 dev_shm_used_gib=0.07 dirty_gib=47.41 writeback_gib=0.05) memory_after=(rss_gib=10.43 anon_gib=5.12 rss_shmem_gib=2.80 node_unavailable_gib=254.04 available_gib=249.45 cached_gib=262.00 node_shmem_gib=41.62 dev_shm_used_gib=0.07 dirty_gib=47.40 writeback_gib=0.06)
[36m(WorkerDict pid=65997)[0m WARNING:2026-09-19 11:45:33,042:[speco publish materialize] async=True global_steps=18 elapsed_sec=2.367 num_weights=58
[36m(SpecoVLLMHttpServer pid=66274)[0m (Worker_TP1 pid=66954) WARNING:2026-09-19 11:45:34,425:[speco draft ipc] streamed 58 translated weights in 1 buckets into DFlashQwen3Model (method=dflash), first 5 keys: ['fc.weight', 'hidden_norm.weight', 'layers.0.self_attn.q_proj.weight', 'layers.0.self_attn.k_proj.weight', 'layers.0.self_attn.v_proj.weight']
[36m(SpecoVLLMHttpServer pid=66274)[0m (Worker_TP1 pid=66954) WARNING:2026-09-19 11:45:34,429:SPECO committed online drafter revision=18 loaded_params=58
[36m(SpecoVLLMHttpServer pid=66274)[0m (Worker_TP0 pid=66953) WARNING:2026-09-19 11:45:34,460:[speco draft ipc] streamed 58 translated weights in 1 buckets into DFlashQwen3Model (method=dflash), first 5 keys: ['fc.weight', 'hidden_norm.weight', 'layers.0.self_attn.q_proj.weight', 'layers.0.self_attn.k_proj.weight', 'layers.0.self_attn.v_proj.weight']
[36m(SpecoVLLMHttpServer pid=66274)[0m (Worker_TP0 pid=66953) WARNING:2026-09-19 11:45:34,465:SPECO committed online drafter revision=18 loaded_params=58
[36m(WorkerDict pid=65997)[0m WARNING:2026-09-19 11:45:35,532:[speco publish reclaim] role=consumer async=True global_steps=18 num_weights=58 payload_cleared=1 allocator=glibc action=malloc_trim heap_trimmed=True elapsed_sec=0.511 memory_before=(rss_gib=19.74 anon_gib=6.46 rss_shmem_gib=10.58 node_unavailable_gib=256.63 available_gib=246.85 cached_gib=261.09 node_shmem_gib=41.62 dev_shm_used_gib=0.07 dirty_gib=47.42 writeback_gib=0.00) memory_after=(rss_gib=19.04 anon_gib=5.76 rss_shmem_gib=10.58 node_unavailable_gib=255.12 available_gib=248.36 cached_gib=261.06 node_shmem_gib=41.62 dev_shm_used_gib=0.07 dirty_gib=47.44 writeback_gib=0.00)
[36m(SpecoVLLMHttpServer pid=66274)[0m (Worker_TP1 pid=66954) WARNING:2026-09-19 11:45:37,356:[speco draft sleep] drafter state saved before level-2 sleep (66 tensors)
[36m(SpecoVLLMHttpServer pid=66274)[0m (Worker_TP0 pid=66953) WARNING:2026-09-19 11:45:37,429:[speco draft sleep] drafter state saved before level-2 sleep (66 tensors)
[36m(SpecoWorker pid=67347)[0m WARNING:2026-09-19 11:46:02,275:[drafter logits quality] valid_tokens=120 top1_acc=0.150000 top5_acc=0.275000 local_ploss_sum=270.158051 local_tokens=120 per_step=[{'step': 0, 'tokens': 8, 'top1': 0.75, 'top5': 1.0}, {'step': 1, 'tokens': 8, 'top1': 0.5, 'top5': 0.625}, {'step': 2, 'tokens': 8, 'top1': 0.25, 'top5': 0.25}, {'step': 3, 'tokens': 8, 'top1': 0.125, 'top5': 0.375}, {'step': 4, 'tokens': 8, 'top1': 0.125, 'top5': 0.25}, {'step': 5, 'tokens': 8, 'top1': 0.125, 'top5': 0.125}, {'step': 6, 'tokens': 8, 'top1': 0.25, 'top5': 0.375}, {'step': 7, 'tokens': 8, 'top1': 0.0, 'top5': 0.25}, {'step': 8, 'tokens': 8, 'top1': 0.0, 'top5': 0.125}, {'step': 9, 'tokens': 8, 'top1': 0.125, 'top5': 0.25}, {'step': 10, 'tokens': 8, 'top1': 0.0, 'top5': 0.25}, {'step': 11, 'tokens': 8, 'top1': 0.0, 'top5': 0.125}, {'step': 12, 'tokens': 8, 'top1': 0.0, 'top5': 0.0}, {'step': 13, 'tokens': 8, 'top1': 0.0, 'top5': 0.125}, {'step': 14, 'tokens': 8, 'top1': 0.0, 'top5': 0.0}]
[36m(SpecoWorker pid=67347)[0m INFO:2026-09-19 11:46:02,560:[drafter loss] step=1 optimizer_step_total=19 lr=1.000e-05 loss=4.7750 vloss=0.0000 ploss=4.7750
[36m(SpecoVLLMHttpServer pid=66274)[0m (Worker_TP1 pid=66954) WARNING:2026-09-19 11:46:08,161:[speco draft wake_up] drafter state restored after level-2 wake_up (66 tensors, revision=18)
[36m(SpecoVLLMHttpServer pid=66274)[0m (Worker_TP0 pid=66953) WARNING:2026-09-19 11:46:08,166:[speco draft wake_up] drafter state restored after level-2 wake_up (66 tensors, revision=18)
[36m(SpecoWorker pid=67348)[0m WARNING:2026-09-19 11:46:02,275:[drafter logits quality] valid_tokens=120 top1_acc=0.191667 top5_acc=0.316667 local_ploss_sum=236.422852 local_tokens=120 per_step=[{'step': 0, 'tokens': 8, 'top1': 0.875, 'top5': 1.0}, {'step': 1, 'tokens': 8, 'top1': 0.625, 'top5': 0.75}, {'step': 2, 'tokens': 8, 'top1': 0.5, 'top5': 0.5}, {'step': 3, 'tokens': 8, 'top1': 0.25, 'top5': 0.5}, {'step': 4, 'tokens': 8, 'top1': 0.125, 'top5': 0.25}, {'step': 5, 'tokens': 8, 'top1': 0.0, 'top5': 0.125}, {'step': 6, 'tokens': 8, 'top1': 0.375, 'top5': 0.5}, {'step': 7, 'tokens': 8, 'top1': 0.0, 'top5': 0.375}, {'step': 8, 'tokens': 8, 'top1': 0.0, 'top5': 0.0}, {'step': 9, 'tokens': 8, 'top1': 0.125, 'top5': 0.125}, {'step': 10, 'tokens': 8, 'top1': 0.0, 'top5': 0.25}, {'step': 11, 'tokens': 8, 'top1': 0.0, 'top5': 0.125}, {'step': 12, 'tokens': 8, 'top1': 0.0, 'top5': 0.0}, {'step': 13, 'tokens': 8, 'top1': 0.0, 'top5': 0.25}, {'step': 14, 'tokens': 8, 'top1': 0.0, 'top5': 0.0}]
[36m(SpecoTaskRunner pid=65789)[0m Training Progress:  95%|█████████▌| 19/20 [26:55<00:44, 44.86s/it]

[36m(SpecoTaskRunner pid=65789)[0m step:19 - global_seqlen/min:176 - global_seqlen/max:176 - global_seqlen/minmax_diff:0 - global_seqlen/balanced_min:176 - global_seqlen/balanced_max:176 - global_seqlen/mean:176.0 - actor/entropy:0.0 - perf/mfu/actor_infer:0.009392944042548377 - training/rollout_probs_diff_valid:1 - training/rollout_probs_diff_max:0.11696857213973999 - training/rollout_probs_diff_mean:0.007253315765410662 - training/rollout_probs_diff_std:0.01923253946006298 - training/rollout_actor_probs_pearson_corr:0.9956364035606384 - rollout_corr/training_ppl:1.2168874740600586 - rollout_corr/training_log_ppl:0.19203174114227295 - rollout_corr/kl:0.00570646720007062 - rollout_corr/k3_kl:0.0016529564745724201 - rollout_corr/rollout_ppl:1.2094264030456543 - rollout_corr/rollout_log_ppl:0.1863252818584442 - rollout_corr/log_ppl_diff:0.005706459283828735 - rollout_corr/log_ppl_abs_diff:0.008344076573848724 - rollout_corr/log_ppl_diff_max:0.013658583164215088 - rollout_corr/log_ppl_diff_min:-0.005275234580039978 - rollout_corr/ppl_ratio:1.0057523250579834 - rollout_corr/chi2_token:-0.004758775234222412 - rollout_corr/chi2_seq:-0.22768932580947876 - actor/pg_clipfrac:np.float64(0.0) - actor/ppo_kl:np.float64(0.0) - actor/pg_clipfrac_lower:np.float64(0.0) - actor/pg_loss:np.float64(0.0) - actor/loss:np.float64(0.0) - actor/grad_norm:np.float64(0.0) - actor/lr:np.float64(1e-06) - actor/perf/max_memory_allocated_gb:np.float64(28.541846752166748) - actor/perf/max_memory_reserved_gb:np.float64(37.9921875) - actor/perf/cpu_memory_used_gb:np.float64(254.75772857666016) - perf/mfu/actor:np.float64(0.010132526563806523) - drafter/raw_drafter_samples:np.float64(4.0) - drafter/collected_samples:np.float64(2.0) - drafter/collect_interval_matched:np.float64(1.0) - drafter/collection_plan_used:np.float64(1.0) - drafter/collection_plan_collect:np.float64(1.0) - drafter/collection_plan_reason:np.float64(7.0) - drafter/collection_plan_source:np.float64(2.0) - drafter/collection_plan_interval_matched:np.float64(1.0) - drafter/collection_plan_training_interval_matched:np.float64(1.0) - drafter/collection_attempted:np.float64(1.0) - drafter/collection_completed:np.float64(1.0) - drafter/collection_outcome_reason:np.float64(1.0) - drafter/collection_rejected_samples:np.float64(0.0) - drafter/collection_worker_results:np.float64(1.0) - drafter/collection_finalized:np.float64(1.0) - drafter/collection_expired_stages:np.float64(0.0) - timing_s/drafter_collection_rpc:np.float64(0.034084275997884106) - drafter/scheduler_used:np.float64(1.0) - drafter/schedule_launch:np.float64(1.0) - drafter/schedule_interval_matched:np.float64(1.0) - drafter/schedule_strategy:np.float64(0.0) - drafter/schedule_reason:np.float64(10.0) - drafter/target_lm_head_apply_deferred:np.float64(1.0) - drafter/target_lm_head_selected_rows:np.float64(0.0) - drafter/target_lm_head_source_vocab_size:np.float64(0.0) - drafter/target_lm_head_direct_sparse_export:np.float64(0.0) - timing_s/drafter_sync_target_lm_head_fetch:np.float64(7.716504106996581) - timing_s/drafter_sync_target_lm_head_dispatch:np.float64(3.5757086209996487) - drafter/train_interval_matched:np.float64(1.0) - drafter/target_lm_head_synced:np.float64(1.0) - timing_s/drafter_sync_target_lm_head:np.float64(11.29586492299859) - timing_s/drafter_sync_target_lm_head_apply:np.float64(3.576069709000876) - timing_s/drafter_sync_target_lm_head_wait:np.float64(0.000361088001227472) - timing_s/drafter_sync_target_lm_head_overlap_window:np.float64(7.539837103002355) - drafter/trained:np.float64(1.0) - drafter/train_successful_steps_max:np.int64(1) - drafter/train_no_trainable_batch:np.float64(0.0) - drafter/train_activation_failed:np.float64(0.0) - drafter/train_attempted_batches_max:np.int64(1) - drafter/train_buffer_size_before_min:np.int64(2) - drafter/train_buffer_size_after_min:np.int64(0) - drafter/train_optimizer_step_max:np.int64(19) - drafter/train_worker_results_consistent:np.float64(1.0) - drafter/train_worker_ids_consistent:np.float64(1.0) - drafter/train_worker_incarnations_consistent:np.float64(1.0) - drafter/train_plan_ids_consistent:np.float64(1.0) - drafter/train_source_steps_consistent:np.float64(1.0) - drafter/train_data_versions_consistent:np.float64(1.0) - drafter/train_target_versions_consistent:np.float64(1.0) - drafter/train_successful_steps_consistent:np.float64(1.0) - drafter/train_optimizer_steps_consistent:np.float64(1.0) - drafter/train_publish_leader_count:np.float64(1.0) - drafter/train_publish_leader_snapshot_ready:np.float64(1.0) - timing_s/drafter_prepare_batch:np.float64(0.0025839805603027344) - timing_s/drafter_forward_loss:np.float64(0.1626887321472168) - timing_s/drafter_reduce_loss:np.float64(0.0010764598846435547) - timing_s/drafter_backward:np.float64(0.057401418685913086) - timing_s/drafter_optimizer:np.float64(0.20694351196289062) - timing_s/drafter_publish_snapshot:np.float64(2.370983839035034) - timing_s/drafter_worker_training_loop:np.float64(0.4339931011199951) - timing_s/drafter_worker_cleanup:np.float64(4.0320799350738525) - timing_s/drafter_worker_elapsed:np.float64(4.76750373840332) - timing_s/drafter_train_rpc:np.float64(5.955331085999205) - drafter/runtime_state:np.float64(3.0) - drafter/runtime_completed_batches:np.float64(1.0) - drafter/runtime_inflight:np.float64(0.0) - timing_s/drafter_runtime_batch_average:np.float64(5.955331085999205) - timing_s/drafter_outer_unaccounted:np.float64(0.008304745009809267) - drafter/publish_attempted:np.float64(1.0) - drafter/published:np.float64(1.0) - timing_s/drafter_publish_wait_pending:np.float64(2.6959969545714557e-06) - timing_s/drafter_publish_fetch_snapshot:np.float64(3.993237851995218) - timing_s/drafter_publish_update_weights:np.float64(0.00142638900433667) - training/global_step:19 - training/epoch:2 - critic/score/mean:0.0 - critic/score/max:0.0 - critic/score/min:0.0 - critic/rewards/mean:0.0 - critic/rewards/max:0.0 - critic/rewards/min:0.0 - critic/advantages/mean:0.0 - critic/advantages/max:0.0 - critic/advantages/min:0.0 - critic/returns/mean:0.0 - critic/returns/max:0.0 - critic/returns/min:0.0 - response_length/mean:64.0 - response_length/max:64.0 - response_length/min:64.0 - response_length/clip_ratio:1.0 - response_length_non_aborted/mean:64.0 - response_length_non_aborted/max:64.0 - response_length_non_aborted/min:64.0 - response_length_non_aborted/clip_ratio:1.0 - response/aborted_ratio:0.0 - prompt_length/mean:24.0 - prompt_length/max:24.0 - prompt_length/min:24.0 - prompt_length/clip_ratio:0.0 - num_turns/min:np.int32(2) - num_turns/max:np.int32(2) - num_turns/mean:np.float64(2.0) - timing_s/start_profile:0.00015831199561944231 - timing_s/agent_loop/num_preempted/min:np.int64(-1) - timing_s/agent_loop/num_preempted/max:np.int64(-1) - timing_s/agent_loop/num_preempted/mean:np.float64(-1.0) - timing_s/agent_loop/generate_sequences/min:np.float64(0.9273832969993236) - timing_s/agent_loop/generate_sequences/max:np.float64(1.1722563069997705) - timing_s/agent_loop/generate_sequences/mean:np.float64(0.9953045282491075) - timing_s/agent_loop/tool_calls/min:np.float64(0.0) - timing_s/agent_loop/tool_calls/max:np.float64(0.0) - timing_s/agent_loop/tool_calls/mean:np.float64(0.0) - timing_s/agent_loop/compute_score/min:np.float64(0.010150854999665171) - timing_s/agent_loop/compute_score/max:np.float64(0.012502853001933545) - timing_s/agent_loop/compute_score/mean:np.float64(0.011071714250647346) - timing_s/agent_loop/slowest/generate_sequences:np.float64(1.1722563069997705) - timing_s/agent_loop/slowest/tool_calls:np.float64(0.0) - timing_s/agent_loop/slowest/compute_score:np.float64(0.010756925003079232) - timing_s/agent_loop/slowest/num_preempted:np.int64(-1) - timing_s/agent_loop/slowest/prompt_length:24 - timing_s/agent_loop/slowest/response_length:64 - timing_s/gen:7.758917769002437 - timing_s/reward:5.0224000005982816e-05 - timing_s/old_log_prob:3.6423786640007165 - timing_s/adv:0.0037815569958183914 - timing_s/update_actor:7.539892323991808 - timing_s/drafter:17.259500754007604 - drafter/spec_decode/mean_acceptance_length:2.5098039215686274 - timing_s/update_weights:7.911415329996089 - timing_s/step:44.1248997129951 - timing_s/stop_profile:0.00016675300139468163 - timing_per_token_ms/adv:0.01074305964721134 - timing_per_token_ms/update_actor:21.420148647704 - timing_per_token_ms/gen:30.30827253516577 - perf/total_num_tokens:352 - perf/time_per_step:44.1248997129951 - perf/throughput:3.9886776206806136[36m(SpecoWorker pid=67347)[0m WARNING:2026-09-19 11:46:14,393:[speco publish reclaim] role=producer global_steps=19 num_weights=58 payload_cleared=1 allocator=glibc action=malloc_trim heap_trimmed=True elapsed_sec=0.219 memory_before=(rss_gib=10.83 anon_gib=5.52 rss_shmem_gib=2.80 node_unavailable_gib=253.28 available_gib=250.21 cached_gib=260.77 node_shmem_gib=41.57 dev_shm_used_gib=0.07 dirty_gib=46.97 writeback_gib=0.01) memory_after=(rss_gib=10.43 anon_gib=5.12 rss_shmem_gib=2.80 node_unavailable_gib=253.10 available_gib=250.39 cached_gib=260.77 node_shmem_gib=41.57 dev_shm_used_gib=0.07 dirty_gib=46.97 writeback_gib=0.01)
[36m(WorkerDict pid=65997)[0m WARNING:2026-09-19 11:46:17,392:[speco publish materialize] async=True global_steps=19 elapsed_sec=2.581 num_weights=58
[36m(SpecoVLLMHttpServer pid=66274)[0m (Worker_TP0 pid=66953) WARNING:2026-09-19 11:46:18,814:[speco draft ipc] streamed 58 translated weights in 1 buckets into DFlashQwen3Model (method=dflash), first 5 keys: ['fc.weight', 'hidden_norm.weight', 'layers.0.self_attn.q_proj.weight', 'layers.0.self_attn.k_proj.weight', 'layers.0.self_attn.v_proj.weight']
[36m(SpecoVLLMHttpServer pid=66274)[0m (Worker_TP0 pid=66953) WARNING:2026-09-19 11:46:18,818:SPECO committed online drafter revision=19 loaded_params=58
[36m(SpecoVLLMHttpServer pid=66274)[0m (Worker_TP1 pid=66954) WARNING:2026-09-19 11:46:18,887:[speco draft ipc] streamed 58 translated weights in 1 buckets into DFlashQwen3Model (method=dflash), first 5 keys: ['fc.weight', 'hidden_norm.weight', 'layers.0.self_attn.q_proj.weight', 'layers.0.self_attn.k_proj.weight', 'layers.0.self_attn.v_proj.weight']
[36m(SpecoVLLMHttpServer pid=66274)[0m (Worker_TP1 pid=66954) WARNING:2026-09-19 11:46:18,892:SPECO committed online drafter revision=19 loaded_params=58
[36m(WorkerDict pid=65997)[0m WARNING:2026-09-19 11:46:20,026:[speco publish reclaim] role=consumer async=True global_steps=19 num_weights=58 payload_cleared=1 allocator=glibc action=malloc_trim heap_trimmed=True elapsed_sec=0.531 memory_before=(rss_gib=19.86 anon_gib=6.58 rss_shmem_gib=10.58 node_unavailable_gib=255.35 available_gib=248.13 cached_gib=259.69 node_shmem_gib=41.57 dev_shm_used_gib=0.07 dirty_gib=46.87 writeback_gib=0.01) memory_after=(rss_gib=19.04 anon_gib=5.76 rss_shmem_gib=10.58 node_unavailable_gib=252.77 available_gib=250.71 cached_gib=259.69 node_shmem_gib=41.57 dev_shm_used_gib=0.07 dirty_gib=46.87 writeback_gib=0.01)
[36m(SpecoVLLMHttpServer pid=66274)[0m (Worker_TP1 pid=66954) WARNING:2026-09-19 11:46:21,427:[speco draft sleep] drafter state saved before level-2 sleep (66 tensors)
[36m(SpecoVLLMHttpServer pid=66274)[0m (Worker_TP0 pid=66953) WARNING:2026-09-19 11:46:21,518:[speco draft sleep] drafter state saved before level-2 sleep (66 tensors)
[36m(SpecoWorker pid=67348)[0m WARNING:2026-09-19 11:46:40,199:[drafter logits quality] valid_tokens=120 top1_acc=0.333333 top5_acc=0.583333 local_ploss_sum=129.640518 local_tokens=120 per_step=[{'step': 0, 'tokens': 8, 'top1': 0.875, 'top5': 1.0}, {'step': 1, 'tokens': 8, 'top1': 0.625, 'top5': 0.875}, {'step': 2, 'tokens': 8, 'top1': 0.625, 'top5': 0.875}, {'step': 3, 'tokens': 8, 'top1': 0.5, 'top5': 0.625}, {'step': 4, 'tokens': 8, 'top1': 0.5, 'top5': 0.875}, {'step': 5, 'tokens': 8, 'top1': 0.5, 'top5': 0.625}, {'step': 6, 'tokens': 8, 'top1': 0.25, 'top5': 0.5}, {'step': 7, 'tokens': 8, 'top1': 0.5, 'top5': 0.625}, {'step': 8, 'tokens': 8, 'top1': 0.125, 'top5': 0.625}, {'step': 9, 'tokens': 8, 'top1': 0.25, 'top5': 0.625}, {'step': 10, 'tokens': 8, 'top1': 0.125, 'top5': 0.25}, {'step': 11, 'tokens': 8, 'top1': 0.125, 'top5': 0.375}, {'step': 12, 'tokens': 8, 'top1': 0.0, 'top5': 0.375}, {'step': 13, 'tokens': 8, 'top1': 0.0, 'top5': 0.25}, {'step': 14, 'tokens': 8, 'top1': 0.0, 'top5': 0.25}]
[36m(SpecoWorker pid=67347)[0m INFO:2026-09-19 11:46:40,554:[drafter loss] step=1 optimizer_step_total=20 lr=1.000e-05 loss=2.2015 vloss=0.0000 ploss=2.2015
[36m(SpecoVLLMHttpServer pid=66274)[0m (Worker_TP1 pid=66954) WARNING:2026-09-19 11:46:46,225:[speco draft wake_up] drafter state restored after level-2 wake_up (66 tensors, revision=19)
[36m(SpecoVLLMHttpServer pid=66274)[0m (Worker_TP0 pid=66953) WARNING:2026-09-19 11:46:46,236:[speco draft wake_up] drafter state restored after level-2 wake_up (66 tensors, revision=19)
[36m(SpecoWorker pid=67347)[0m WARNING:2026-09-19 11:46:40,198:[drafter logits quality] valid_tokens=120 top1_acc=0.391667 top5_acc=0.600000 local_ploss_sum=103.911972 local_tokens=120 per_step=[{'step': 0, 'tokens': 8, 'top1': 1.0, 'top5': 1.0}, {'step': 1, 'tokens': 8, 'top1': 0.875, 'top5': 1.0}, {'step': 2, 'tokens': 8, 'top1': 0.75, 'top5': 0.875}, {'step': 3, 'tokens': 8, 'top1': 0.5, 'top5': 0.75}, {'step': 4, 'tokens': 8, 'top1': 0.75, 'top5': 0.875}, {'step': 5, 'tokens': 8, 'top1': 0.5, 'top5': 0.75}, {'step': 6, 'tokens': 8, 'top1': 0.5, 'top5': 0.875}, {'step': 7, 'tokens': 8, 'top1': 0.375, 'top5': 0.625}, {'step': 8, 'tokens': 8, 'top1': 0.125, 'top5': 0.5}, {'step': 9, 'tokens': 8, 'top1': 0.125, 'top5': 0.375}, {'step': 10, 'tokens': 8, 'top1': 0.25, 'top5': 0.25}, {'step': 11, 'tokens': 8, 'top1': 0.125, 'top5': 0.375}, {'step': 12, 'tokens': 8, 'top1': 0.0, 'top5': 0.375}, {'step': 13, 'tokens': 8, 'top1': 0.0, 'top5': 0.125}, {'step': 14, 'tokens': 8, 'top1': 0.0, 'top5': 0.25}]
[36m(SpecoTaskRunner pid=65789)[0m Training Progress: 100%|██████████| 20/20 [27:44<00:00, 46.07s/it]Training Progress: 100%|██████████| 20/20 [27:44<00:00, 83.22s/it]

[36m(SpecoTaskRunner pid=65789)[0m step:20 - global_seqlen/min:176 - global_seqlen/max:178 - global_seqlen/minmax_diff:2 - global_seqlen/balanced_min:177 - global_seqlen/balanced_max:177 - global_seqlen/mean:177.0 - actor/entropy:0.0 - perf/mfu/actor_infer:0.010437477081887027 - training/rollout_probs_diff_valid:1 - training/rollout_probs_diff_max:0.11653393507003784 - training/rollout_probs_diff_mean:0.005959022790193558 - training/rollout_probs_diff_std:0.016026172786951065 - training/rollout_actor_probs_pearson_corr:0.9956681132316589 - rollout_corr/training_ppl:1.121341347694397 - rollout_corr/training_log_ppl:0.11425985395908356 - rollout_corr/kl:0.003460068954154849 - rollout_corr/k3_kl:0.0006848301272839308 - rollout_corr/rollout_ppl:1.1175737380981445 - rollout_corr/rollout_log_ppl:0.11079978197813034 - rollout_corr/log_ppl_diff:0.0034600719809532166 - rollout_corr/log_ppl_abs_diff:0.00495486706495285 - rollout_corr/log_ppl_diff_max:0.006614163517951965 - rollout_corr/log_ppl_diff_min:-0.0029895901679992676 - rollout_corr/ppl_ratio:1.003473162651062 - rollout_corr/chi2_token:-0.004261493682861328 - rollout_corr/chi2_seq:-0.2662044167518616 - actor/pg_clipfrac:np.float64(0.0) - actor/ppo_kl:np.float64(0.0) - actor/pg_clipfrac_lower:np.float64(0.0) - actor/pg_loss:np.float64(0.0) - actor/loss:np.float64(0.0) - actor/grad_norm:np.float64(0.0) - actor/lr:np.float64(1e-06) - actor/perf/max_memory_allocated_gb:np.float64(28.541846752166748) - actor/perf/max_memory_reserved_gb:np.float64(37.9921875) - actor/perf/cpu_memory_used_gb:np.float64(256.1674270629883) - perf/mfu/actor:np.float64(0.010054373364550251) - drafter/raw_drafter_samples:np.float64(4.0) - drafter/collected_samples:np.float64(2.0) - drafter/collect_interval_matched:np.float64(1.0) - drafter/collection_plan_used:np.float64(1.0) - drafter/collection_plan_collect:np.float64(1.0) - drafter/collection_plan_reason:np.float64(7.0) - drafter/collection_plan_source:np.float64(2.0) - drafter/collection_plan_interval_matched:np.float64(1.0) - drafter/collection_plan_training_interval_matched:np.float64(1.0) - drafter/collection_attempted:np.float64(1.0) - drafter/collection_completed:np.float64(1.0) - drafter/collection_outcome_reason:np.float64(1.0) - drafter/collection_rejected_samples:np.float64(0.0) - drafter/collection_worker_results:np.float64(1.0) - drafter/collection_finalized:np.float64(1.0) - drafter/collection_expired_stages:np.float64(0.0) - timing_s/drafter_collection_rpc:np.float64(0.03608185699704336) - drafter/scheduler_used:np.float64(1.0) - drafter/schedule_launch:np.float64(1.0) - drafter/schedule_interval_matched:np.float64(1.0) - drafter/schedule_strategy:np.float64(0.0) - drafter/schedule_reason:np.float64(10.0) - drafter/target_lm_head_apply_deferred:np.float64(1.0) - drafter/target_lm_head_selected_rows:np.float64(0.0) - drafter/target_lm_head_source_vocab_size:np.float64(0.0) - drafter/target_lm_head_direct_sparse_export:np.float64(0.0) - timing_s/drafter_sync_target_lm_head_fetch:np.float64(4.261463922004623) - timing_s/drafter_sync_target_lm_head_dispatch:np.float64(1.0290724150036112) - drafter/train_interval_matched:np.float64(1.0) - drafter/target_lm_head_synced:np.float64(1.0) - timing_s/drafter_sync_target_lm_head:np.float64(5.295003367005847) - timing_s/drafter_sync_target_lm_head_apply:np.float64(1.0292935130055412) - timing_s/drafter_sync_target_lm_head_wait:np.float64(0.00022109800192993134) - timing_s/drafter_sync_target_lm_head_overlap_window:np.float64(7.261853168995003) - drafter/trained:np.float64(1.0) - drafter/train_successful_steps_max:np.int64(1) - drafter/train_no_trainable_batch:np.float64(0.0) - drafter/train_activation_failed:np.float64(0.0) - drafter/train_attempted_batches_max:np.int64(1) - drafter/train_buffer_size_before_min:np.int64(2) - drafter/train_buffer_size_after_min:np.int64(0) - drafter/train_optimizer_step_max:np.int64(20) - drafter/train_worker_results_consistent:np.float64(1.0) - drafter/train_worker_ids_consistent:np.float64(1.0) - drafter/train_worker_incarnations_consistent:np.float64(1.0) - drafter/train_plan_ids_consistent:np.float64(1.0) - drafter/train_source_steps_consistent:np.float64(1.0) - drafter/train_data_versions_consistent:np.float64(1.0) - drafter/train_target_versions_consistent:np.float64(1.0) - drafter/train_successful_steps_consistent:np.float64(1.0) - drafter/train_optimizer_steps_consistent:np.float64(1.0) - drafter/train_publish_leader_count:np.float64(1.0) - drafter/train_publish_leader_snapshot_ready:np.float64(1.0) - timing_s/drafter_prepare_batch:np.float64(0.0026597976684570312) - timing_s/drafter_forward_loss:np.float64(0.23422551155090332) - timing_s/drafter_reduce_loss:np.float64(0.0011866092681884766) - timing_s/drafter_backward:np.float64(0.06445932388305664) - timing_s/drafter_optimizer:np.float64(0.21596002578735352) - timing_s/drafter_publish_snapshot:np.float64(2.4688682556152344) - timing_s/drafter_worker_training_loop:np.float64(0.5049688816070557) - timing_s/drafter_worker_cleanup:np.float64(4.323424816131592) - timing_s/drafter_worker_elapsed:np.float64(4.917574644088745) - timing_s/drafter_train_rpc:np.float64(6.155294461997983) - drafter/runtime_state:np.float64(3.0) - drafter/runtime_completed_batches:np.float64(1.0) - drafter/runtime_inflight:np.float64(0.0) - timing_s/drafter_runtime_batch_average:np.float64(6.155294461997983) - timing_s/drafter_outer_unaccounted:np.float64(0.010167955995711964) - drafter/publish_attempted:np.float64(1.0) - drafter/published:np.float64(1.0) - timing_s/drafter_publish_wait_pending:np.float64(1.4450051821768284e-06) - timing_s/drafter_publish_fetch_snapshot:np.float64(11.734972745005507) - timing_s/drafter_publish_update_weights:np.float64(0.0008449610031675547) - training/global_step:20 - training/epoch:2 - critic/score/mean:0.0 - critic/score/max:0.0 - critic/score/min:0.0 - critic/rewards/mean:0.0 - critic/rewards/max:0.0 - critic/rewards/min:0.0 - critic/advantages/mean:0.0 - critic/advantages/max:0.0 - critic/advantages/min:0.0 - critic/returns/mean:0.0 - critic/returns/max:0.0 - critic/returns/min:0.0 - response_length/mean:64.0 - response_length/max:64.0 - response_length/min:64.0 - response_length/clip_ratio:1.0 - response_length_non_aborted/mean:64.0 - response_length_non_aborted/max:64.0 - response_length_non_aborted/min:64.0 - response_length_non_aborted/clip_ratio:1.0 - response/aborted_ratio:0.0 - prompt_length/mean:24.5 - prompt_length/max:25.0 - prompt_length/min:24.0 - prompt_length/clip_ratio:0.0 - num_turns/min:np.int32(2) - num_turns/max:np.int32(2) - num_turns/mean:np.float64(2.0) - timing_s/start_profile:0.00012796500232070684 - timing_s/agent_loop/num_preempted/min:np.int64(-1) - timing_s/agent_loop/num_preempted/max:np.int64(-1) - timing_s/agent_loop/num_preempted/mean:np.float64(-1.0) - timing_s/agent_loop/generate_sequences/min:np.float64(0.8236140230001183) - timing_s/agent_loop/generate_sequences/max:np.float64(0.8785829779953929) - timing_s/agent_loop/generate_sequences/mean:np.float64(0.8521519322475797) - timing_s/agent_loop/tool_calls/min:np.float64(0.0) - timing_s/agent_loop/tool_calls/max:np.float64(0.0) - timing_s/agent_loop/tool_calls/mean:np.float64(0.0) - timing_s/agent_loop/compute_score/min:np.float64(0.0086160770006245) - timing_s/agent_loop/compute_score/max:np.float64(0.010947865004709456) - timing_s/agent_loop/compute_score/mean:np.float64(0.010073997251311084) - timing_s/agent_loop/slowest/generate_sequences:np.float64(0.8785829779953929) - timing_s/agent_loop/slowest/tool_calls:np.float64(0.0) - timing_s/agent_loop/slowest/compute_score:np.float64(0.009930382999300491) - timing_s/agent_loop/slowest/num_preempted:np.int64(-1) - timing_s/agent_loop/slowest/prompt_length:25 - timing_s/agent_loop/slowest/response_length:64 - timing_s/gen:7.925520912998763 - timing_s/reward:2.858399966498837e-05 - timing_s/old_log_prob:3.4939020769961644 - timing_s/adv:0.003606613005104009 - timing_s/update_actor:7.261826576999738 - timing_s/drafter:11.460465784999542 - drafter/spec_decode/mean_acceptance_length:2.3962264150943398 - timing_s/update_weights:18.736135315004503 - timing_s/step:48.886646598999505 - timing_s/stop_profile:6.344799476210028e-05 - timing_per_token_ms/adv:0.010188172330802285 - timing_per_token_ms/update_actor:20.513634398304344 - timing_per_token_ms/gen:30.95906606640142 - perf/total_num_tokens:354 - perf/time_per_step:48.886646598999505 - perf/throughput:3.620620605292702[36m(SpecoWorker pid=67347)[0m WARNING:2026-09-19 11:47:03,355:[speco publish reclaim] role=producer global_steps=20 num_weights=58 payload_cleared=1 allocator=glibc action=malloc_trim heap_trimmed=True elapsed_sec=0.207 memory_before=(rss_gib=10.79 anon_gib=5.49 rss_shmem_gib=2.80 node_unavailable_gib=250.44 available_gib=253.05 cached_gib=261.48 node_shmem_gib=42.06 dev_shm_used_gib=0.07 dirty_gib=46.49 writeback_gib=0.03) memory_after=(rss_gib=10.43 anon_gib=5.12 rss_shmem_gib=2.80 node_unavailable_gib=250.08 available_gib=253.41 cached_gib=261.48 node_shmem_gib=42.06 dev_shm_used_gib=0.07 dirty_gib=46.48 writeback_gib=0.02)
[36m(WorkerDict pid=65997)[0m WARNING:2026-09-19 11:47:06,065:[speco publish materialize] async=True global_steps=20 elapsed_sec=2.356 num_weights=58
[36m(SpecoVLLMHttpServer pid=66274)[0m (Worker_TP0 pid=66953) WARNING:2026-09-19 11:47:06,361:[speco draft ipc] streamed 58 translated weights in 1 buckets into DFlashQwen3Model (method=dflash), first 5 keys: ['fc.weight', 'hidden_norm.weight', 'layers.0.self_attn.q_proj.weight', 'layers.0.self_attn.k_proj.weight', 'layers.0.self_attn.v_proj.weight']
[36m(SpecoVLLMHttpServer pid=66274)[0m (Worker_TP0 pid=66953) WARNING:2026-09-19 11:47:06,367:SPECO committed online drafter revision=20 loaded_params=58
[36m(SpecoVLLMHttpServer pid=66274)[0m (Worker_TP1 pid=66954) WARNING:2026-09-19 11:47:06,530:[speco draft ipc] streamed 58 translated weights in 1 buckets into DFlashQwen3Model (method=dflash), first 5 keys: ['fc.weight', 'hidden_norm.weight', 'layers.0.self_attn.q_proj.weight', 'layers.0.self_attn.k_proj.weight', 'layers.0.self_attn.v_proj.weight']
[36m(SpecoVLLMHttpServer pid=66274)[0m (Worker_TP1 pid=66954) WARNING:2026-09-19 11:47:06,533:SPECO committed online drafter revision=20 loaded_params=58

[36m(SpecoTaskRunner pid=65789)[0m 'Final validation metrics: None'
[36m(WorkerDict pid=65997)[0m WARNING:2026-09-19 11:47:07,651:[speco publish reclaim] role=consumer async=True global_steps=20 num_weights=58 payload_cleared=1 allocator=glibc action=malloc_trim heap_trimmed=True elapsed_sec=0.528 memory_before=(rss_gib=19.93 anon_gib=6.65 rss_shmem_gib=10.58 node_unavailable_gib=252.01 available_gib=251.48 cached_gib=261.21 node_shmem_gib=42.13 dev_shm_used_gib=0.07 dirty_gib=46.42 writeback_gib=0.01) memory_after=(rss_gib=19.04 anon_gib=5.76 rss_shmem_gib=10.58 node_unavailable_gib=249.37 available_gib=254.11 cached_gib=261.24 node_shmem_gib=42.14 dev_shm_used_gib=0.07 dirty_gib=46.41 writeback_gib=0.01)
