/home/kxqandccx/0z5a/speco-l20-20260919/c5-native-latest/padding-overlay/verl/workers/engine/mindspeed/transformer_impl.py:24: UserWarning: NPU not support router replay for now.
  from verl.utils.megatron.router_replay_patch import RouterReplay
[2026-09-20 13:49:51,434][/home/kxqandccx/0z5a/speco-l20-20260919/c5-native-latest/pr10-retention-overlay-v2/verl_speco/integration/vllm_runtime.py][WARNING] - [pr10 audit] runtime_source=/home/kxqandccx/0z5a/speco-l20-20260919/c5-native-latest/pr10-retention-overlay-v2/verl_speco/integration/vllm_runtime.py pid=4023763
2026-09-20 13:50:02,737	INFO worker.py:2004 -- Started a local Ray instance. View the dashboard at [1m[32mhttp://127.0.0.1:8265 [39m[22m
/home/kxqandccx/0z5a/speco-l20-20260919/c5-native-latest/.venv/lib/python3.13/site-packages/ray/_private/worker.py:2052: FutureWarning: Tip: In future versions of Ray, Ray will no longer override accelerator visible devices env var if num_gpus=0 or num_gpus=None (default). To enable this behavior and turn off this error message, set RAY_ACCEL_ENV_VAR_OVERRIDE_ON_ZERO=0
  warnings.warn(
[36m(pid=4031793)[0m /home/kxqandccx/0z5a/speco-l20-20260919/c5-native-latest/padding-overlay/verl/workers/engine/mindspeed/transformer_impl.py:24: UserWarning: NPU not support router replay for now.
[36m(pid=4031793)[0m   from verl.utils.megatron.router_replay_patch import RouterReplay
[36m(pid=4031793)[0m W0920 13:50:11.806000 4031793 torch/utils/cpp_extension.py:178] No CUDA runtime is found, using CUDA_HOME='/usr/local/cuda'
ray init kwargs: {'num_cpus': 16, 'runtime_env': {'env_vars': {'NCCL_DEBUG': 'WARN', 'VLLM_LOGGING_LEVEL': 'WARN', 'VLLM_ALLOW_RUNTIME_LORA_UPDATING': 'true', 'CUDA_DEVICE_MAX_CONNECTIONS': '1', 'VLLM_DISABLE_COMPILE_CACHE': '1', 'HCCL_HOST_SOCKET_PORT_RANGE': 'auto', 'HCCL_NPU_SOCKET_PORT_RANGE': 'auto', 'HSA_NO_SCRATCH_RECLAIM': '1'}, 'working_dir': None}}
[36m(SpecoTaskRunner pid=4031793)[0m SpecoTaskRunner hostname: jk01, PID: 4031793
[36m(SpecoTaskRunner pid=4031793)[0m {'actor_rollout_ref': {'actor': {'_target_': 'verl.workers.config.FSDPActorConfig',
[36m(SpecoTaskRunner pid=4031793)[0m                                  'calculate_entropy': False,
[36m(SpecoTaskRunner pid=4031793)[0m                                  'calculate_sum_pi_squared': False,
[36m(SpecoTaskRunner pid=4031793)[0m                                  'checkpoint': {'_target_': 'verl.trainer.config.CheckpointConfig',
[36m(SpecoTaskRunner pid=4031793)[0m                                                 'async_save': False,
[36m(SpecoTaskRunner pid=4031793)[0m                                                 'load_contents': ['model',
[36m(SpecoTaskRunner pid=4031793)[0m                                                                   'optimizer',
[36m(SpecoTaskRunner pid=4031793)[0m                                                                   'extra'],
[36m(SpecoTaskRunner pid=4031793)[0m                                                 'mbridge_config': {},
[36m(SpecoTaskRunner pid=4031793)[0m                                                 'save_contents': ['model',
[36m(SpecoTaskRunner pid=4031793)[0m                                                                   'optimizer',
[36m(SpecoTaskRunner pid=4031793)[0m                                                                   'extra'],
[36m(SpecoTaskRunner pid=4031793)[0m                                                 'strict': True},
[36m(SpecoTaskRunner pid=4031793)[0m                                  'clip_ratio': 0.2,
[36m(SpecoTaskRunner pid=4031793)[0m                                  'clip_ratio_c': 3.0,
[36m(SpecoTaskRunner pid=4031793)[0m                                  'clip_ratio_high': 0.2,
[36m(SpecoTaskRunner pid=4031793)[0m                                  'clip_ratio_low': 0.2,
[36m(SpecoTaskRunner pid=4031793)[0m                                  'data_loader_seed': 42,
[36m(SpecoTaskRunner pid=4031793)[0m                                  'entropy_checkpointing': False,
[36m(SpecoTaskRunner pid=4031793)[0m                                  'entropy_coeff': 0,
[36m(SpecoTaskRunner pid=4031793)[0m                                  'entropy_from_logits_with_chunking': False,
[36m(SpecoTaskRunner pid=4031793)[0m                                  'freeze_vision_tower': False,
[36m(SpecoTaskRunner pid=4031793)[0m                                  'fsdp_config': {'_target_': 'verl.workers.config.FSDPEngineConfig',
[36m(SpecoTaskRunner pid=4031793)[0m                                                  'dtype': 'bfloat16',
[36m(SpecoTaskRunner pid=4031793)[0m                                                  'entropy_checkpointing': False,
[36m(SpecoTaskRunner pid=4031793)[0m                                                  'entropy_from_logits_with_chunking': False,
[36m(SpecoTaskRunner pid=4031793)[0m                                                  'forward_only': False,
[36m(SpecoTaskRunner pid=4031793)[0m                                                  'forward_prefetch': False,
[36m(SpecoTaskRunner pid=4031793)[0m                                                  'fsdp_size': -1,
[36m(SpecoTaskRunner pid=4031793)[0m                                                  'full_determinism': False,
[36m(SpecoTaskRunner pid=4031793)[0m                                                  'model_dtype': 'bf16',
[36m(SpecoTaskRunner pid=4031793)[0m                                                  'offload_policy': False,
[36m(SpecoTaskRunner pid=4031793)[0m                                                  'optimizer_offload': True,
[36m(SpecoTaskRunner pid=4031793)[0m                                                  'param_offload': True,
[36m(SpecoTaskRunner pid=4031793)[0m                                                  'qat': {'_target_': 'verl.workers.config.QATEngineConfig',
[36m(SpecoTaskRunner pid=4031793)[0m                                                          'activation_observer': 'static_minmax',
[36m(SpecoTaskRunner pid=4031793)[0m                                                          'enable': False,
[36m(SpecoTaskRunner pid=4031793)[0m                                                          'group_size': 16,
[36m(SpecoTaskRunner pid=4031793)[0m                                                          'ignore_patterns': ['lm_head',
[36m(SpecoTaskRunner pid=4031793)[0m                                                                              'embed_tokens',
[36m(SpecoTaskRunner pid=4031793)[0m                                                                              're:.*mlp.gate$'],
[36m(SpecoTaskRunner pid=4031793)[0m                                                          'mode': 'w4a16',
[36m(SpecoTaskRunner pid=4031793)[0m                                                          'quantization_config_path': None},
[36m(SpecoTaskRunner pid=4031793)[0m                                                  'reshard_after_forward': True,
[36m(SpecoTaskRunner pid=4031793)[0m                                                  'seed': 42,
[36m(SpecoTaskRunner pid=4031793)[0m                                                  'strategy': 'fsdp',
[36m(SpecoTaskRunner pid=4031793)[0m                                                  'ulysses_sequence_parallel_size': 1,
[36m(SpecoTaskRunner pid=4031793)[0m                                                  'use_orig_params': False,
[36m(SpecoTaskRunner pid=4031793)[0m                                                  'use_torch_compile': False,
[36m(SpecoTaskRunner pid=4031793)[0m                                                  'wrap_policy': {'min_num_params': 0}},
[36m(SpecoTaskRunner pid=4031793)[0m                                  'grad_clip': 1.0,
[36m(SpecoTaskRunner pid=4031793)[0m                                  'kl_loss_coef': 0.001,
[36m(SpecoTaskRunner pid=4031793)[0m                                  'kl_loss_type': 'low_var_kl',
[36m(SpecoTaskRunner pid=4031793)[0m                                  'loss_agg_mode': 'token-mean',
[36m(SpecoTaskRunner pid=4031793)[0m                                  'loss_scale_factor': None,
[36m(SpecoTaskRunner pid=4031793)[0m                                  'optim': {'_target_': 'verl.workers.config.FSDPOptimizerConfig',
[36m(SpecoTaskRunner pid=4031793)[0m                                            'betas': [0.9, 0.999],
[36m(SpecoTaskRunner pid=4031793)[0m                                            'clip_grad': 1.0,
[36m(SpecoTaskRunner pid=4031793)[0m                                            'lr': 1e-06,
[36m(SpecoTaskRunner pid=4031793)[0m                                            'lr_scheduler_type': 'constant',
[36m(SpecoTaskRunner pid=4031793)[0m                                            'lr_warmup_steps': -1,
[36m(SpecoTaskRunner pid=4031793)[0m                                            'lr_warmup_steps_ratio': 0.0,
[36m(SpecoTaskRunner pid=4031793)[0m                                            'min_lr_ratio': 0.0,
[36m(SpecoTaskRunner pid=4031793)[0m                                            'num_cycles': 0.5,
[36m(SpecoTaskRunner pid=4031793)[0m                                            'optimizer': 'AdamW',
[36m(SpecoTaskRunner pid=4031793)[0m                                            'optimizer_impl': 'torch.optim',
[36m(SpecoTaskRunner pid=4031793)[0m                                            'override_optimizer_config': None,
[36m(SpecoTaskRunner pid=4031793)[0m                                            'total_training_steps': -1,
[36m(SpecoTaskRunner pid=4031793)[0m                                            'warmup_style': None,
[36m(SpecoTaskRunner pid=4031793)[0m                                            'weight_decay': 0.01,
[36m(SpecoTaskRunner pid=4031793)[0m                                            'zero_indexed_step': True},
[36m(SpecoTaskRunner pid=4031793)[0m                                  'policy_loss': {'_target_': 'verl.workers.config.PolicyLossConfig',
[36m(SpecoTaskRunner pid=4031793)[0m                                                  'clip_cov_lb': 1.0,
[36m(SpecoTaskRunner pid=4031793)[0m                                                  'clip_cov_ratio': 0.0002,
[36m(SpecoTaskRunner pid=4031793)[0m                                                  'clip_cov_ub': 5.0,
[36m(SpecoTaskRunner pid=4031793)[0m                                                  'kl_cov_ratio': 0.0002,
[36m(SpecoTaskRunner pid=4031793)[0m                                                  'loss_mode': 'vanilla',
[36m(SpecoTaskRunner pid=4031793)[0m                                                  'ppo_kl_coef': 0.1},
[36m(SpecoTaskRunner pid=4031793)[0m                                  'ppo_epochs': 1,
[36m(SpecoTaskRunner pid=4031793)[0m                                  'ppo_max_token_len_per_gpu': 16384,
[36m(SpecoTaskRunner pid=4031793)[0m                                  'ppo_micro_batch_size': None,
[36m(SpecoTaskRunner pid=4031793)[0m                                  'ppo_micro_batch_size_per_gpu': 1,
[36m(SpecoTaskRunner pid=4031793)[0m                                  'ppo_mini_batch_size': 2,
[36m(SpecoTaskRunner pid=4031793)[0m                                  'profiler': {'_target_': 'verl.utils.profiler.ProfilerConfig',
[36m(SpecoTaskRunner pid=4031793)[0m                                               'all_ranks': False,
[36m(SpecoTaskRunner pid=4031793)[0m                                               'enable': False,
[36m(SpecoTaskRunner pid=4031793)[0m                                               'ranks': [],
[36m(SpecoTaskRunner pid=4031793)[0m                                               'save_path': 'outputs/profile',
[36m(SpecoTaskRunner pid=4031793)[0m                                               'tool': None,
[36m(SpecoTaskRunner pid=4031793)[0m                                               'tool_config': {'npu': {'_target_': 'verl.utils.profiler.config.NPUToolConfig',
[36m(SpecoTaskRunner pid=4031793)[0m                                                                       'analysis': True,
[36m(SpecoTaskRunner pid=4031793)[0m                                                                       'contents': [],
[36m(SpecoTaskRunner pid=4031793)[0m                                                                       'discrete': False,
[36m(SpecoTaskRunner pid=4031793)[0m                                                                       'level': 'level0'},
[36m(SpecoTaskRunner pid=4031793)[0m                                                               'nsys': {'_target_': 'verl.utils.profiler.config.NsightToolConfig',
[36m(SpecoTaskRunner pid=4031793)[0m                                                                        'discrete': False},
[36m(SpecoTaskRunner pid=4031793)[0m                                                               'precision_debugger': {'_target_': 'verl.utils.profiler.config.PrecisionDebuggerToolConfig',
[36m(SpecoTaskRunner pid=4031793)[0m                                                                                      'config_path': None,
[36m(SpecoTaskRunner pid=4031793)[0m                                                                                      'stages': None,
[36m(SpecoTaskRunner pid=4031793)[0m                                                                                      'steps': None,
[36m(SpecoTaskRunner pid=4031793)[0m                                                                                      'strict': False},
[36m(SpecoTaskRunner pid=4031793)[0m                                                               'torch': {'_target_': 'verl.utils.profiler.config.TorchProfilerToolConfig',
[36m(SpecoTaskRunner pid=4031793)[0m                                                                         'contents': [],
[36m(SpecoTaskRunner pid=4031793)[0m                                                                         'discrete': False},
[36m(SpecoTaskRunner pid=4031793)[0m                                                               'torch_memory': {'_target_': 'verl.utils.profiler.config.TorchMemoryToolConfig',
[36m(SpecoTaskRunner pid=4031793)[0m                                                                                'stack_depth': 32,
[36m(SpecoTaskRunner pid=4031793)[0m                                                                                'trace_alloc_max_entries': 100000}}},
[36m(SpecoTaskRunner pid=4031793)[0m                                  'qat': {'activation_observer': 'static_minmax',
[36m(SpecoTaskRunner pid=4031793)[0m                                          'enable': False,
[36m(SpecoTaskRunner pid=4031793)[0m                                          'group_size': 16,
[36m(SpecoTaskRunner pid=4031793)[0m                                          'ignore_patterns': ['lm_head',
[36m(SpecoTaskRunner pid=4031793)[0m                                                              'embed_tokens',
[36m(SpecoTaskRunner pid=4031793)[0m                                                              're:.*mlp.gate$'],
[36m(SpecoTaskRunner pid=4031793)[0m                                          'mode': 'w4a16',
[36m(SpecoTaskRunner pid=4031793)[0m                                          'quantization_config_path': None},
[36m(SpecoTaskRunner pid=4031793)[0m                                  'rollout_n': 2,
[36m(SpecoTaskRunner pid=4031793)[0m                                  'router_replay': {'_target_': 'verl.workers.config.RouterReplayConfig',
[36m(SpecoTaskRunner pid=4031793)[0m                                                    'mode': 'disabled',
[36m(SpecoTaskRunner pid=4031793)[0m                                                    'record_file': None,
[36m(SpecoTaskRunner pid=4031793)[0m                                                    'replay_file': None},
[36m(SpecoTaskRunner pid=4031793)[0m                                  'shuffle': False,
[36m(SpecoTaskRunner pid=4031793)[0m                                  'strategy': 'fsdp2',
[36m(SpecoTaskRunner pid=4031793)[0m                                  'tau_neg': 1.05,
[36m(SpecoTaskRunner pid=4031793)[0m                                  'tau_pos': 1.0,
[36m(SpecoTaskRunner pid=4031793)[0m                                  'ulysses_sequence_parallel_size': 1,
[36m(SpecoTaskRunner pid=4031793)[0m                                  'use_dynamic_bsz': False,
[36m(SpecoTaskRunner pid=4031793)[0m                                  'use_fused_kernels': False,
[36m(SpecoTaskRunner pid=4031793)[0m                                  'use_kl_loss': False,
[36m(SpecoTaskRunner pid=4031793)[0m                                  'use_prefix_grouper': False,
[36m(SpecoTaskRunner pid=4031793)[0m                                  'use_remove_padding': True,
[36m(SpecoTaskRunner pid=4031793)[0m                                  'use_torch_compile': True},
[36m(SpecoTaskRunner pid=4031793)[0m                        'hybrid_engine': True,
[36m(SpecoTaskRunner pid=4031793)[0m                        'model': {'_target_': 'verl.workers.config.HFModelConfig',
[36m(SpecoTaskRunner pid=4031793)[0m                                  'custom_chat_template': None,
[36m(SpecoTaskRunner pid=4031793)[0m                                  'enable_activation_offload': False,
[36m(SpecoTaskRunner pid=4031793)[0m                                  'enable_gradient_checkpointing': True,
[36m(SpecoTaskRunner pid=4031793)[0m                                  'exclude_modules': None,
[36m(SpecoTaskRunner pid=4031793)[0m                                  'external_lib': None,
[36m(SpecoTaskRunner pid=4031793)[0m                                  'fused_kernel_options': {'impl_backend': 'torch'},
[36m(SpecoTaskRunner pid=4031793)[0m                                  'hf_config_path': None,
[36m(SpecoTaskRunner pid=4031793)[0m                                  'lora': {'a2a_experimental': False,
[36m(SpecoTaskRunner pid=4031793)[0m                                           'adapter_path': None,
[36m(SpecoTaskRunner pid=4031793)[0m                                           'alpha': 32,
[36m(SpecoTaskRunner pid=4031793)[0m                                           'dropout': 0.0,
[36m(SpecoTaskRunner pid=4031793)[0m                                           'dropout_position': 'pre',
[36m(SpecoTaskRunner pid=4031793)[0m                                           'dtype': None,
[36m(SpecoTaskRunner pid=4031793)[0m                                           'exclude_modules': [],
[36m(SpecoTaskRunner pid=4031793)[0m                                           'freeze_language_model': True,
[36m(SpecoTaskRunner pid=4031793)[0m                                           'freeze_vision_model': True,
[36m(SpecoTaskRunner pid=4031793)[0m                                           'freeze_vision_projection': True,
[36m(SpecoTaskRunner pid=4031793)[0m                                           'lora_A_init_method': 'xavier',
[36m(SpecoTaskRunner pid=4031793)[0m                                           'lora_B_init_method': 'zero',
[36m(SpecoTaskRunner pid=4031793)[0m                                           'merge': False,
[36m(SpecoTaskRunner pid=4031793)[0m                                           'rank': 0,
[36m(SpecoTaskRunner pid=4031793)[0m                                           'target_modules': ['linear_qkv',
[36m(SpecoTaskRunner pid=4031793)[0m                                                              'linear_proj',
[36m(SpecoTaskRunner pid=4031793)[0m                                                              'linear_fc1',
[36m(SpecoTaskRunner pid=4031793)[0m                                                              'linear_fc2'],
[36m(SpecoTaskRunner pid=4031793)[0m                                           'type': 'lora'},
[36m(SpecoTaskRunner pid=4031793)[0m                                  'lora_adapter_path': None,
[36m(SpecoTaskRunner pid=4031793)[0m                                  'lora_alpha': 16,
[36m(SpecoTaskRunner pid=4031793)[0m                                  'lora_rank': 0,
[36m(SpecoTaskRunner pid=4031793)[0m                                  'mtp': {'_target_': 'verl.workers.config.MtpConfig',
[36m(SpecoTaskRunner pid=4031793)[0m                                          'detach_encoder': False,
[36m(SpecoTaskRunner pid=4031793)[0m                                          'enable': False,
[36m(SpecoTaskRunner pid=4031793)[0m                                          'enable_rollout': False,
[36m(SpecoTaskRunner pid=4031793)[0m                                          'enable_train': False,
[36m(SpecoTaskRunner pid=4031793)[0m                                          'method': 'mtp',
[36m(SpecoTaskRunner pid=4031793)[0m                                          'mtp_loss_scaling_factor': 0.1,
[36m(SpecoTaskRunner pid=4031793)[0m                                          'num_speculative_tokens': 1,
[36m(SpecoTaskRunner pid=4031793)[0m                                          'speculative_algorithm': 'EAGLE',
[36m(SpecoTaskRunner pid=4031793)[0m                                          'speculative_eagle_topk': 1,
[36m(SpecoTaskRunner pid=4031793)[0m                                          'speculative_num_draft_tokens': 4,
[36m(SpecoTaskRunner pid=4031793)[0m                                          'speculative_num_steps': 3},
[36m(SpecoTaskRunner pid=4031793)[0m                                  'override_config': {'attn_implementation': 'sdpa'},
[36m(SpecoTaskRunner pid=4031793)[0m                                  'path': '/home/kxqandccx/0z5a/speco-l20-20260919/models/target',
[36m(SpecoTaskRunner pid=4031793)[0m                                  'target_modules': 'all-linear',
[36m(SpecoTaskRunner pid=4031793)[0m                                  'tiled_mlp': {'enabled': False,
[36m(SpecoTaskRunner pid=4031793)[0m                                                'num_shards': 4},
[36m(SpecoTaskRunner pid=4031793)[0m                                  'tokenizer_path': None,
[36m(SpecoTaskRunner pid=4031793)[0m                                  'trust_remote_code': False,
[36m(SpecoTaskRunner pid=4031793)[0m                                  'use_fused_kernels': False,
[36m(SpecoTaskRunner pid=4031793)[0m                                  'use_liger': False,
[36m(SpecoTaskRunner pid=4031793)[0m                                  'use_remove_padding': True,
[36m(SpecoTaskRunner pid=4031793)[0m                                  'use_shm': False},
[36m(SpecoTaskRunner pid=4031793)[0m                        'nccl_timeout': 600,
[36m(SpecoTaskRunner pid=4031793)[0m                        'ref': {'_target_': 'verl.workers.config.FSDPActorConfig',
[36m(SpecoTaskRunner pid=4031793)[0m                                'entropy_checkpointing': False,
[36m(SpecoTaskRunner pid=4031793)[0m                                'entropy_from_logits_with_chunking': False,
[36m(SpecoTaskRunner pid=4031793)[0m                                'fsdp_config': {'_target_': 'verl.workers.config.FSDPEngineConfig',
[36m(SpecoTaskRunner pid=4031793)[0m                                                'dtype': 'bfloat16',
[36m(SpecoTaskRunner pid=4031793)[0m                                                'entropy_checkpointing': False,
[36m(SpecoTaskRunner pid=4031793)[0m                                                'entropy_from_logits_with_chunking': False,
[36m(SpecoTaskRunner pid=4031793)[0m                                                'forward_only': True,
[36m(SpecoTaskRunner pid=4031793)[0m                                                'forward_prefetch': False,
[36m(SpecoTaskRunner pid=4031793)[0m                                                'fsdp_size': -1,
[36m(SpecoTaskRunner pid=4031793)[0m                                                'full_determinism': False,
[36m(SpecoTaskRunner pid=4031793)[0m                                                'model_dtype': 'fp32',
[36m(SpecoTaskRunner pid=4031793)[0m                                                'offload_policy': False,
[36m(SpecoTaskRunner pid=4031793)[0m                                                'optimizer_offload': False,
[36m(SpecoTaskRunner pid=4031793)[0m                                                'param_offload': False,
[36m(SpecoTaskRunner pid=4031793)[0m                                                'qat': {'_target_': 'verl.workers.config.QATEngineConfig',
[36m(SpecoTaskRunner pid=4031793)[0m                                                        'activation_observer': 'static_minmax',
[36m(SpecoTaskRunner pid=4031793)[0m                                                        'enable': False,
[36m(SpecoTaskRunner pid=4031793)[0m                                                        'group_size': 16,
[36m(SpecoTaskRunner pid=4031793)[0m                                                        'ignore_patterns': ['lm_head',
[36m(SpecoTaskRunner pid=4031793)[0m                                                                            'embed_tokens',
[36m(SpecoTaskRunner pid=4031793)[0m                                                                            're:.*mlp.gate$'],
[36m(SpecoTaskRunner pid=4031793)[0m                                                        'mode': 'w4a16',
[36m(SpecoTaskRunner pid=4031793)[0m                                                        'quantization_config_path': None},
[36m(SpecoTaskRunner pid=4031793)[0m                                                'reshard_after_forward': True,
[36m(SpecoTaskRunner pid=4031793)[0m                                                'seed': 42,
[36m(SpecoTaskRunner pid=4031793)[0m                                                'strategy': 'fsdp',
[36m(SpecoTaskRunner pid=4031793)[0m                                                'ulysses_sequence_parallel_size': 1,
[36m(SpecoTaskRunner pid=4031793)[0m                                                'use_orig_params': False,
[36m(SpecoTaskRunner pid=4031793)[0m                                                'use_torch_compile': True,
[36m(SpecoTaskRunner pid=4031793)[0m                                                'wrap_policy': {'min_num_params': 0}},
[36m(SpecoTaskRunner pid=4031793)[0m                                'log_prob_max_token_len_per_gpu': 16384,
[36m(SpecoTaskRunner pid=4031793)[0m                                'log_prob_micro_batch_size': None,
[36m(SpecoTaskRunner pid=4031793)[0m                                'log_prob_micro_batch_size_per_gpu': None,
[36m(SpecoTaskRunner pid=4031793)[0m                                'log_prob_use_dynamic_bsz': False,
[36m(SpecoTaskRunner pid=4031793)[0m                                'profiler': {'_target_': 'verl.utils.profiler.ProfilerConfig',
[36m(SpecoTaskRunner pid=4031793)[0m                                             'all_ranks': False,
[36m(SpecoTaskRunner pid=4031793)[0m                                             'enable': False,
[36m(SpecoTaskRunner pid=4031793)[0m                                             'ranks': [],
[36m(SpecoTaskRunner pid=4031793)[0m                                             'save_path': 'outputs/profile',
[36m(SpecoTaskRunner pid=4031793)[0m                                             'tool': None,
[36m(SpecoTaskRunner pid=4031793)[0m                                             'tool_config': {'npu': {'_target_': 'verl.utils.profiler.config.NPUToolConfig',
[36m(SpecoTaskRunner pid=4031793)[0m                                                                     'analysis': True,
[36m(SpecoTaskRunner pid=4031793)[0m                                                                     'contents': [],
[36m(SpecoTaskRunner pid=4031793)[0m                                                                     'discrete': False,
[36m(SpecoTaskRunner pid=4031793)[0m                                                                     'level': 'level0'},
[36m(SpecoTaskRunner pid=4031793)[0m                                                             'nsys': {'_target_': 'verl.utils.profiler.config.NsightToolConfig',
[36m(SpecoTaskRunner pid=4031793)[0m                                                                      'discrete': False},
[36m(SpecoTaskRunner pid=4031793)[0m                                                             'precision_debugger': {'_target_': 'verl.utils.profiler.config.PrecisionDebuggerToolConfig',
[36m(SpecoTaskRunner pid=4031793)[0m                                                                                    'config_path': None,
[36m(SpecoTaskRunner pid=4031793)[0m                                                                                    'stages': None,
[36m(SpecoTaskRunner pid=4031793)[0m                                                                                    'steps': None,
[36m(SpecoTaskRunner pid=4031793)[0m                                                                                    'strict': False},
[36m(SpecoTaskRunner pid=4031793)[0m                                                             'torch': {'_target_': 'verl.utils.profiler.config.TorchProfilerToolConfig',
[36m(SpecoTaskRunner pid=4031793)[0m                                                                       'contents': [],
[36m(SpecoTaskRunner pid=4031793)[0m                                                                       'discrete': False},
[36m(SpecoTaskRunner pid=4031793)[0m                                                             'torch_memory': {'_target_': 'verl.utils.profiler.config.TorchMemoryToolConfig',
[36m(SpecoTaskRunner pid=4031793)[0m                                                                              'stack_depth': 32,
[36m(SpecoTaskRunner pid=4031793)[0m                                                                              'trace_alloc_max_entries': 100000}}},
[36m(SpecoTaskRunner pid=4031793)[0m                                'rollout_n': 2,
[36m(SpecoTaskRunner pid=4031793)[0m                                'router_replay': {'_target_': 'verl.workers.config.RouterReplayConfig',
[36m(SpecoTaskRunner pid=4031793)[0m                                                  'mode': 'disabled',
[36m(SpecoTaskRunner pid=4031793)[0m                                                  'record_file': None,
[36m(SpecoTaskRunner pid=4031793)[0m                                                  'replay_file': None},
[36m(SpecoTaskRunner pid=4031793)[0m                                'strategy': 'fsdp2',
[36m(SpecoTaskRunner pid=4031793)[0m                                'ulysses_sequence_parallel_size': 1,
[36m(SpecoTaskRunner pid=4031793)[0m                                'use_torch_compile': True},
[36m(SpecoTaskRunner pid=4031793)[0m                        'rollout': {'_target_': 'verl.workers.config.RolloutConfig',
[36m(SpecoTaskRunner pid=4031793)[0m                                    'agent': {'_target_': 'verl.workers.config.AgentLoopConfig',
[36m(SpecoTaskRunner pid=4031793)[0m                                              'agent_loop_config_path': None,
[36m(SpecoTaskRunner pid=4031793)[0m                                              'custom_async_server': {'_target_': 'verl.workers.config.CustomAsyncServerConfig',
[36m(SpecoTaskRunner pid=4031793)[0m                                                                      'name': None,
[36m(SpecoTaskRunner pid=4031793)[0m                                                                      'path': None},
[36m(SpecoTaskRunner pid=4031793)[0m                                              'default_agent_loop': 'single_turn_agent',
[36m(SpecoTaskRunner pid=4031793)[0m                                              'num_workers': 2},
[36m(SpecoTaskRunner pid=4031793)[0m                                    'calculate_log_probs': False,
[36m(SpecoTaskRunner pid=4031793)[0m                                    'checkpoint_engine': {'_target_': 'verl.workers.config.CheckpointEngineConfig',
[36m(SpecoTaskRunner pid=4031793)[0m                                                          'backend': 'naive',
[36m(SpecoTaskRunner pid=4031793)[0m                                                          'custom_backend_module': None,
[36m(SpecoTaskRunner pid=4031793)[0m                                                          'engine_kwargs': {},
[36m(SpecoTaskRunner pid=4031793)[0m                                                          'update_weights_bucket_megabytes': 9216},
[36m(SpecoTaskRunner pid=4031793)[0m                                    'cudagraph_capture_sizes': None,
[36m(SpecoTaskRunner pid=4031793)[0m                                    'data_parallel_size': 1,
[36m(SpecoTaskRunner pid=4031793)[0m                                    'disable_log_stats': True,
[36m(SpecoTaskRunner pid=4031793)[0m                                    'disaggregation': {'bootstrap_port': None,
[36m(SpecoTaskRunner pid=4031793)[0m                                                       'decode_replicas': 1,
[36m(SpecoTaskRunner pid=4031793)[0m                                                       'decode_tensor_model_parallel_size': None,
[36m(SpecoTaskRunner pid=4031793)[0m                                                       'enabled': False,
[36m(SpecoTaskRunner pid=4031793)[0m                                                       'ib_device': None,
[36m(SpecoTaskRunner pid=4031793)[0m                                                       'prefill_replicas': 1,
[36m(SpecoTaskRunner pid=4031793)[0m                                                       'transfer_backend': 'nixl'},
[36m(SpecoTaskRunner pid=4031793)[0m                                    'do_sample': True,
[36m(SpecoTaskRunner pid=4031793)[0m                                    'drafter': {'checkpoint_path': None,
[36m(SpecoTaskRunner pid=4031793)[0m                                                'enable': True,
[36m(SpecoTaskRunner pid=4031793)[0m                                                'enable_drafter_training': True,
[36m(SpecoTaskRunner pid=4031793)[0m                                                'model_path': '/home/kxqandccx/0z5a/speco-l20-20260919/c5-native-latest/eagle-training-alias',
[36m(SpecoTaskRunner pid=4031793)[0m                                                'rollout': {'cuda_graph_max_bs': None,
[36m(SpecoTaskRunner pid=4031793)[0m                                                            'spec_steps': 3,
[36m(SpecoTaskRunner pid=4031793)[0m                                                            'spec_topk': 1,
[36m(SpecoTaskRunner pid=4031793)[0m                                                            'spec_verify_tokens': 3},
[36m(SpecoTaskRunner pid=4031793)[0m                                                'speculative_algorithm': 'EAGLE3',
[36m(SpecoTaskRunner pid=4031793)[0m                                                'training': {'batch_size_per_gpu': 1,
[36m(SpecoTaskRunner pid=4031793)[0m                                                             'collect_hidden_states_from_old_logprob': True,
[36m(SpecoTaskRunner pid=4031793)[0m                                                             'collect_hidden_states_from_sgl': False,
[36m(SpecoTaskRunner pid=4031793)[0m                                                             'collect_interval_steps': 1,
[36m(SpecoTaskRunner pid=4031793)[0m                                                             'collection_sample_rate': 1.0,
[36m(SpecoTaskRunner pid=4031793)[0m                                                             'current_max_samples': 2048,
[36m(SpecoTaskRunner pid=4031793)[0m                                                             'data_buffer_max_size': 1024,
[36m(SpecoTaskRunner pid=4031793)[0m                                                             'dflash_block_size': 16,
[36m(SpecoTaskRunner pid=4031793)[0m                                                             'dflash_front_position_count': 0,
[36m(SpecoTaskRunner pid=4031793)[0m                                                             'dflash_front_position_weight': 1.0,
[36m(SpecoTaskRunner pid=4031793)[0m                                                             'dflash_hard_sample_ratio': 0.0,
[36m(SpecoTaskRunner pid=4031793)[0m                                                             'dflash_hidden_size': None,
[36m(SpecoTaskRunner pid=4031793)[0m                                                             'dflash_loss_decay_gamma': 7.0,
[36m(SpecoTaskRunner pid=4031793)[0m                                                             'dflash_loss_mode': 'full_vocab',
[36m(SpecoTaskRunner pid=4031793)[0m                                                             'dflash_mask_token_id': None,
[36m(SpecoTaskRunner pid=4031793)[0m                                                             'dflash_max_window': 512,
[36m(SpecoTaskRunner pid=4031793)[0m                                                             'dflash_num_anchors': 512,
[36m(SpecoTaskRunner pid=4031793)[0m                                                             'dflash_num_hidden_layers': 1,
[36m(SpecoTaskRunner pid=4031793)[0m                                                             'dflash_num_target_layers': 5,
[36m(SpecoTaskRunner pid=4031793)[0m                                                             'dflash_sampled_ce_negatives': 0,
[36m(SpecoTaskRunner pid=4031793)[0m                                                             'dflash_target_layer_ids': None,
[36m(SpecoTaskRunner pid=4031793)[0m                                                             'draft_update_flush_after': True,
[36m(SpecoTaskRunner pid=4031793)[0m                                                             'draft_update_flush_before': True,
[36m(SpecoTaskRunner pid=4031793)[0m                                                             'draft_update_pause_generation': True,
[36m(SpecoTaskRunner pid=4031793)[0m                                                             'draft_update_use_shm': None,
[36m(SpecoTaskRunner pid=4031793)[0m                                                             'draft_update_weights_bucket_megabytes': 128,
[36m(SpecoTaskRunner pid=4031793)[0m                                                             'hidden_state_clip_value': 10000.0,
[36m(SpecoTaskRunner pid=4031793)[0m                                                             'hidden_state_max_tokens_per_sample': None,
[36m(SpecoTaskRunner pid=4031793)[0m                                                             'hidden_state_random_max_offset': None,
[36m(SpecoTaskRunner pid=4031793)[0m                                                             'hidden_state_random_seed_by_step': True,
[36m(SpecoTaskRunner pid=4031793)[0m                                                             'hidden_state_window_min_rows': 2,
[36m(SpecoTaskRunner pid=4031793)[0m                                                             'hidden_state_window_mode': 'front',
[36m(SpecoTaskRunner pid=4031793)[0m                                                             'hidden_state_window_tokens_per_sample': 32,
[36m(SpecoTaskRunner pid=4031793)[0m                                                             'logits_coverage_mask_min_ratio': 0.1,
[36m(SpecoTaskRunner pid=4031793)[0m                                                             'logits_coverage_mask_require_top1': False,
[36m(SpecoTaskRunner pid=4031793)[0m                                                             'logits_sparse_min_intersection': 1,
[36m(SpecoTaskRunner pid=4031793)[0m                                                             'logits_sparse_min_mass': None,
[36m(SpecoTaskRunner pid=4031793)[0m                                                             'logits_topk': 128,
[36m(SpecoTaskRunner pid=4031793)[0m                                                             'lr': 1e-06,
[36m(SpecoTaskRunner pid=4031793)[0m                                                             'lr_warmup_steps': 0,
[36m(SpecoTaskRunner pid=4031793)[0m                                                             'max_collect_samples_per_step_per_replica': 16,
[36m(SpecoTaskRunner pid=4031793)[0m                                                             'max_collect_tokens_per_step_per_replica': 2048,
[36m(SpecoTaskRunner pid=4031793)[0m                                                             'max_seq_len': 8192,
[36m(SpecoTaskRunner pid=4031793)[0m                                                             'min_lr_ratio': None,
[36m(SpecoTaskRunner pid=4031793)[0m                                                             'old_logprob_hidden_capture_impl': 'forward_hook',
[36m(SpecoTaskRunner pid=4031793)[0m                                                             'publish_async': True,
[36m(SpecoTaskRunner pid=4031793)[0m                                                             'publish_dtype': None,
[36m(SpecoTaskRunner pid=4031793)[0m                                                             'publish_interval_steps': 1,
[36m(SpecoTaskRunner pid=4031793)[0m                                                             'publish_param_name_patterns': None,
[36m(SpecoTaskRunner pid=4031793)[0m                                                             'sample_last_n_steps': 20,
[36m(SpecoTaskRunner pid=4031793)[0m                                                             'save_full_drafter_checkpoint': True,
[36m(SpecoTaskRunner pid=4031793)[0m                                                             'skip_heavy_cleanup_after_drafter_training': False,
[36m(SpecoTaskRunner pid=4031793)[0m                                                             'step': 1,
[36m(SpecoTaskRunner pid=4031793)[0m                                                             'target_lm_head_row_restricted_sync': True,
[36m(SpecoTaskRunner pid=4031793)[0m                                                             'train_batches_per_cycle': 4,
[36m(SpecoTaskRunner pid=4031793)[0m                                                             'training_interval_steps': 1,
[36m(SpecoTaskRunner pid=4031793)[0m                                                             'ttt_length': 1,
[36m(SpecoTaskRunner pid=4031793)[0m                                                             'use_data_buffer': False,
[36m(SpecoTaskRunner pid=4031793)[0m                                                             'use_logits': False,
[36m(SpecoTaskRunner pid=4031793)[0m                                                             'vocab_mapping_path': None,
[36m(SpecoTaskRunner pid=4031793)[0m                                                             'warmup_style': 'constant'},
[36m(SpecoTaskRunner pid=4031793)[0m                                                'vllm': {'draft_tensor_parallel_size': None,
[36m(SpecoTaskRunner pid=4031793)[0m                                                         'enforce_eager': None,
[36m(SpecoTaskRunner pid=4031793)[0m                                                         'max_model_len': None,
[36m(SpecoTaskRunner pid=4031793)[0m                                                         'speculative_config_overrides': {'model': '/home/kxqandccx/0z5a/speco-l20-20260919/models/eagle'}},
[36m(SpecoTaskRunner pid=4031793)[0m                                                'world_size': 16},
[36m(SpecoTaskRunner pid=4031793)[0m                                    'dtype': 'bfloat16',
[36m(SpecoTaskRunner pid=4031793)[0m                                    'enable_chunked_prefill': True,
[36m(SpecoTaskRunner pid=4031793)[0m                                    'enable_prefix_caching': True,
[36m(SpecoTaskRunner pid=4031793)[0m                                    'enable_rollout_routing_replay': False,
[36m(SpecoTaskRunner pid=4031793)[0m                                    'enforce_eager': True,
[36m(SpecoTaskRunner pid=4031793)[0m                                    'engine_kwargs': {'sglang': {},
[36m(SpecoTaskRunner pid=4031793)[0m                                                      'trtllm': {},
[36m(SpecoTaskRunner pid=4031793)[0m                                                      'vllm': {'kv_cache_memory_bytes': 134217728}},
[36m(SpecoTaskRunner pid=4031793)[0m                                    'expert_parallel_size': 1,
[36m(SpecoTaskRunner pid=4031793)[0m                                    'free_cache_engine': True,
[36m(SpecoTaskRunner pid=4031793)[0m                                    'gpu_memory_utilization': 0.1,
[36m(SpecoTaskRunner pid=4031793)[0m                                    'ignore_eos': False,
[36m(SpecoTaskRunner pid=4031793)[0m                                    'layered_summon': False,
[36m(SpecoTaskRunner pid=4031793)[0m                                    'load_format': 'auto',
[36m(SpecoTaskRunner pid=4031793)[0m                                    'log_prob_max_token_len_per_gpu': 16384,
[36m(SpecoTaskRunner pid=4031793)[0m                                    'log_prob_micro_batch_size': None,
[36m(SpecoTaskRunner pid=4031793)[0m                                    'log_prob_micro_batch_size_per_gpu': 1,
[36m(SpecoTaskRunner pid=4031793)[0m                                    'log_prob_use_dynamic_bsz': False,
[36m(SpecoTaskRunner pid=4031793)[0m                                    'logprobs_mode': 'processed_logprobs',
[36m(SpecoTaskRunner pid=4031793)[0m                                    'max_model_len': 256,
[36m(SpecoTaskRunner pid=4031793)[0m                                    'max_num_batched_tokens': 256,
[36m(SpecoTaskRunner pid=4031793)[0m                                    'max_num_seqs': 4,
[36m(SpecoTaskRunner pid=4031793)[0m                                    'mode': 'async',
[36m(SpecoTaskRunner pid=4031793)[0m                                    'mtp': {'_target_': 'verl.workers.config.MtpConfig',
[36m(SpecoTaskRunner pid=4031793)[0m                                            'detach_encoder': False,
[36m(SpecoTaskRunner pid=4031793)[0m                                            'enable': False,
[36m(SpecoTaskRunner pid=4031793)[0m                                            'enable_rollout': False,
[36m(SpecoTaskRunner pid=4031793)[0m                                            'enable_train': False,
[36m(SpecoTaskRunner pid=4031793)[0m                                            'method': 'mtp',
[36m(SpecoTaskRunner pid=4031793)[0m                                            'mtp_loss_scaling_factor': 0.1,
[36m(SpecoTaskRunner pid=4031793)[0m                                            'num_speculative_tokens': 1,
[36m(SpecoTaskRunner pid=4031793)[0m                                            'speculative_algorithm': 'EAGLE',
[36m(SpecoTaskRunner pid=4031793)[0m                                            'speculative_eagle_topk': 1,
[36m(SpecoTaskRunner pid=4031793)[0m                                            'speculative_num_draft_tokens': 4,
[36m(SpecoTaskRunner pid=4031793)[0m                                            'speculative_num_steps': 3},
[36m(SpecoTaskRunner pid=4031793)[0m                                    'multi_stage_wake_up': False,
[36m(SpecoTaskRunner pid=4031793)[0m                                    'multi_turn': {'_target_': 'verl.workers.config.MultiTurnConfig',
[36m(SpecoTaskRunner pid=4031793)[0m                                                   'enable': False,
[36m(SpecoTaskRunner pid=4031793)[0m                                                   'format': 'hermes',
[36m(SpecoTaskRunner pid=4031793)[0m                                                   'function_tool_path': None,
[36m(SpecoTaskRunner pid=4031793)[0m                                                   'max_assistant_turns': None,
[36m(SpecoTaskRunner pid=4031793)[0m                                                   'max_parallel_calls': 1,
[36m(SpecoTaskRunner pid=4031793)[0m                                                   'max_tool_response_length': 256,
[36m(SpecoTaskRunner pid=4031793)[0m                                                   'max_user_turns': None,
[36m(SpecoTaskRunner pid=4031793)[0m                                                   'num_repeat_rollouts': None,
[36m(SpecoTaskRunner pid=4031793)[0m                                                   'tokenization_sanity_check_mode': 'strict',
[36m(SpecoTaskRunner pid=4031793)[0m                                                   'tool_config_path': None,
[36m(SpecoTaskRunner pid=4031793)[0m                                                   'tool_response_truncate_side': 'middle',
[36m(SpecoTaskRunner pid=4031793)[0m                                                   'use_inference_chat_template': False},
[36m(SpecoTaskRunner pid=4031793)[0m                                    'n': 2,
[36m(SpecoTaskRunner pid=4031793)[0m                                    'n_gpus_per_node': 2,
[36m(SpecoTaskRunner pid=4031793)[0m                                    'name': 'vllm',
[36m(SpecoTaskRunner pid=4031793)[0m                                    'nnodes': 0,
[36m(SpecoTaskRunner pid=4031793)[0m                                    'over_sample_rate': 0,
[36m(SpecoTaskRunner pid=4031793)[0m                                    'pipeline_model_parallel_size': 1,
[36m(SpecoTaskRunner pid=4031793)[0m                                    'profiler': {'_target_': 'verl.utils.profiler.ProfilerConfig',
[36m(SpecoTaskRunner pid=4031793)[0m                                                 'all_ranks': False,
[36m(SpecoTaskRunner pid=4031793)[0m                                                 'enable': False,
[36m(SpecoTaskRunner pid=4031793)[0m                                                 'ranks': [],
[36m(SpecoTaskRunner pid=4031793)[0m                                                 'save_path': 'outputs/profile',
[36m(SpecoTaskRunner pid=4031793)[0m                                                 'tool': None,
[36m(SpecoTaskRunner pid=4031793)[0m                                                 'tool_config': {'npu': {'_target_': 'verl.utils.profiler.config.NPUToolConfig',
[36m(SpecoTaskRunner pid=4031793)[0m                                                                         'analysis': True,
[36m(SpecoTaskRunner pid=4031793)[0m                                                                         'contents': [],
[36m(SpecoTaskRunner pid=4031793)[0m                                                                         'discrete': False,
[36m(SpecoTaskRunner pid=4031793)[0m                                                                         'level': 'level0'},
[36m(SpecoTaskRunner pid=4031793)[0m                                                                 'precision_debugger': {'_target_': 'verl.utils.profiler.config.PrecisionDebuggerToolConfig',
[36m(SpecoTaskRunner pid=4031793)[0m                                                                                        'config_path': None,
[36m(SpecoTaskRunner pid=4031793)[0m                                                                                        'stages': None,
[36m(SpecoTaskRunner pid=4031793)[0m                                                                                        'steps': None,
[36m(SpecoTaskRunner pid=4031793)[0m                                                                                        'strict': False},
[36m(SpecoTaskRunner pid=4031793)[0m                                                                 'torch': {'_target_': 'verl.utils.profiler.config.TorchProfilerToolConfig',
[36m(SpecoTaskRunner pid=4031793)[0m                                                                           'contents': [],
[36m(SpecoTaskRunner pid=4031793)[0m                                                                           'discrete': False}}},
[36m(SpecoTaskRunner pid=4031793)[0m                                    'prometheus': {'_target_': 'verl.workers.config.PrometheusConfig',
[36m(SpecoTaskRunner pid=4031793)[0m                                                   'enable': False,
[36m(SpecoTaskRunner pid=4031793)[0m                                                   'file': '/tmp/ray/session_latest/metrics/prometheus/prometheus.yml',
[36m(SpecoTaskRunner pid=4031793)[0m                                                   'port': 9090,
[36m(SpecoTaskRunner pid=4031793)[0m                                                   'served_model_name': '/home/kxqandccx/0z5a/speco-l20-20260919/models/target'},
[36m(SpecoTaskRunner pid=4031793)[0m                                    'prompt_length': 128,
[36m(SpecoTaskRunner pid=4031793)[0m                                    'qat': {'_target_': 'verl.workers.config.QATEngineConfig',
[36m(SpecoTaskRunner pid=4031793)[0m                                            'activation_observer': 'static_minmax',
[36m(SpecoTaskRunner pid=4031793)[0m                                            'enable': False,
[36m(SpecoTaskRunner pid=4031793)[0m                                            'group_size': 16,
[36m(SpecoTaskRunner pid=4031793)[0m                                            'ignore_patterns': ['lm_head',
[36m(SpecoTaskRunner pid=4031793)[0m                                                                'embed_tokens',
[36m(SpecoTaskRunner pid=4031793)[0m                                                                're:.*mlp.gate$'],
[36m(SpecoTaskRunner pid=4031793)[0m                                            'mode': 'w4a16',
[36m(SpecoTaskRunner pid=4031793)[0m                                            'quantization_config_path': None},
[36m(SpecoTaskRunner pid=4031793)[0m                                    'quantization': None,
[36m(SpecoTaskRunner pid=4031793)[0m                                    'quantization_config_file': None,
[36m(SpecoTaskRunner pid=4031793)[0m                                    'response_length': 64,
[36m(SpecoTaskRunner pid=4031793)[0m                                    'scheduling_policy': 'fcfs',
[36m(SpecoTaskRunner pid=4031793)[0m                                    'skip': {'_target_': 'verl.workers.config.SkipConfig',
[36m(SpecoTaskRunner pid=4031793)[0m                                             'action': 'cache',
[36m(SpecoTaskRunner pid=4031793)[0m                                             'dump_dir': '~/.verl/rollout_dump',
[36m(SpecoTaskRunner pid=4031793)[0m                                             'enable': False,
[36m(SpecoTaskRunner pid=4031793)[0m                                             'max_dump_step': 1},
[36m(SpecoTaskRunner pid=4031793)[0m                                    'skip_tokenizer_init': True,
[36m(SpecoTaskRunner pid=4031793)[0m                                    'temperature': 1.0,
[36m(SpecoTaskRunner pid=4031793)[0m                                    'tensor_model_parallel_size': 2,
[36m(SpecoTaskRunner pid=4031793)[0m                                    'top_k': -1,
[36m(SpecoTaskRunner pid=4031793)[0m                                    'top_p': 1,
[36m(SpecoTaskRunner pid=4031793)[0m                                    'trace': {'_target_': 'verl.workers.config.TraceConfig',
[36m(SpecoTaskRunner pid=4031793)[0m                                              'backend': None,
[36m(SpecoTaskRunner pid=4031793)[0m                                              'experiment_name': 'eagle3-compat',
[36m(SpecoTaskRunner pid=4031793)[0m                                              'max_samples_per_step_per_worker': None,
[36m(SpecoTaskRunner pid=4031793)[0m                                              'project_name': 'speco-l20',
[36m(SpecoTaskRunner pid=4031793)[0m                                              'token2text': False},
[36m(SpecoTaskRunner pid=4031793)[0m                                    'val_kwargs': {'_target_': 'verl.workers.config.SamplingConfig',
[36m(SpecoTaskRunner pid=4031793)[0m                                                   'do_sample': False,
[36m(SpecoTaskRunner pid=4031793)[0m                                                   'n': 1,
[36m(SpecoTaskRunner pid=4031793)[0m                                                   'temperature': 0,
[36m(SpecoTaskRunner pid=4031793)[0m                                                   'top_k': -1,
[36m(SpecoTaskRunner pid=4031793)[0m                                                   'top_p': 1.0}}},
[36m(SpecoTaskRunner pid=4031793)[0m  'algorithm': {'_target_': 'verl.trainer.config.AlgoConfig',
[36m(SpecoTaskRunner pid=4031793)[0m                'adv_estimator': 'grpo',
[36m(SpecoTaskRunner pid=4031793)[0m                'gamma': 1.0,
[36m(SpecoTaskRunner pid=4031793)[0m                'kl_ctrl': {'_target_': 'verl.trainer.config.KLControlConfig',
[36m(SpecoTaskRunner pid=4031793)[0m                            'horizon': 10000,
[36m(SpecoTaskRunner pid=4031793)[0m                            'kl_coef': 0.001,
[36m(SpecoTaskRunner pid=4031793)[0m                            'target_kl': 0.1,
[36m(SpecoTaskRunner pid=4031793)[0m                            'type': 'fixed'},
[36m(SpecoTaskRunner pid=4031793)[0m                'kl_penalty': 'kl',
[36m(SpecoTaskRunner pid=4031793)[0m                'lam': 1.0,
[36m(SpecoTaskRunner pid=4031793)[0m                'norm_adv_by_std_in_grpo': True,
[36m(SpecoTaskRunner pid=4031793)[0m                'pf_ppo': {'reweight_method': 'pow', 'weight_pow': 2.0},
[36m(SpecoTaskRunner pid=4031793)[0m                'rollout_correction': {'bypass_mode': False,
[36m(SpecoTaskRunner pid=4031793)[0m                                       'loss_type': 'ppo_clip',
[36m(SpecoTaskRunner pid=4031793)[0m                                       'rollout_is': None,
[36m(SpecoTaskRunner pid=4031793)[0m                                       'rollout_is_batch_normalize': False,
[36m(SpecoTaskRunner pid=4031793)[0m                                       'rollout_is_threshold': 2.0,
[36m(SpecoTaskRunner pid=4031793)[0m                                       'rollout_rs': None,
[36m(SpecoTaskRunner pid=4031793)[0m                                       'rollout_rs_threshold': None},
[36m(SpecoTaskRunner pid=4031793)[0m                'use_kl_in_reward': False,
[36m(SpecoTaskRunner pid=4031793)[0m                'use_pf_ppo': False},
[36m(SpecoTaskRunner pid=4031793)[0m  'critic': {'_target_': 'verl.workers.config.FSDPCriticConfig',
[36m(SpecoTaskRunner pid=4031793)[0m             'checkpoint': {'_target_': 'verl.trainer.config.CheckpointConfig',
[36m(SpecoTaskRunner pid=4031793)[0m                            'async_save': False,
[36m(SpecoTaskRunner pid=4031793)[0m                            'load_contents': ['model', 'optimizer', 'extra'],
[36m(SpecoTaskRunner pid=4031793)[0m                            'mbridge_config': {},
[36m(SpecoTaskRunner pid=4031793)[0m                            'save_contents': ['model', 'optimizer', 'extra']},
[36m(SpecoTaskRunner pid=4031793)[0m             'cliprange_value': 0.5,
[36m(SpecoTaskRunner pid=4031793)[0m             'data_loader_seed': 42,
[36m(SpecoTaskRunner pid=4031793)[0m             'enable': None,
[36m(SpecoTaskRunner pid=4031793)[0m             'forward_max_token_len_per_gpu': 32768,
[36m(SpecoTaskRunner pid=4031793)[0m             'forward_micro_batch_size': None,
[36m(SpecoTaskRunner pid=4031793)[0m             'forward_micro_batch_size_per_gpu': None,
[36m(SpecoTaskRunner pid=4031793)[0m             'fsdp': {'_target_': 'verl.workers.config.FSDPEngineConfig',
[36m(SpecoTaskRunner pid=4031793)[0m                      'dtype': 'bfloat16',
[36m(SpecoTaskRunner pid=4031793)[0m                      'entropy_checkpointing': False,
[36m(SpecoTaskRunner pid=4031793)[0m                      'entropy_from_logits_with_chunking': False,
[36m(SpecoTaskRunner pid=4031793)[0m                      'forward_only': False,
[36m(SpecoTaskRunner pid=4031793)[0m                      'forward_prefetch': False,
[36m(SpecoTaskRunner pid=4031793)[0m                      'fsdp_size': -1,
[36m(SpecoTaskRunner pid=4031793)[0m                      'full_determinism': False,
[36m(SpecoTaskRunner pid=4031793)[0m                      'model_dtype': 'fp32',
[36m(SpecoTaskRunner pid=4031793)[0m                      'offload_policy': False,
[36m(SpecoTaskRunner pid=4031793)[0m                      'optimizer_offload': False,
[36m(SpecoTaskRunner pid=4031793)[0m                      'param_offload': False,
[36m(SpecoTaskRunner pid=4031793)[0m                      'qat': {'_target_': 'verl.workers.config.QATEngineConfig',
[36m(SpecoTaskRunner pid=4031793)[0m                              'activation_observer': 'static_minmax',
[36m(SpecoTaskRunner pid=4031793)[0m                              'enable': False,
[36m(SpecoTaskRunner pid=4031793)[0m                              'group_size': 16,
[36m(SpecoTaskRunner pid=4031793)[0m                              'ignore_patterns': ['lm_head',
[36m(SpecoTaskRunner pid=4031793)[0m                                                  'embed_tokens',
[36m(SpecoTaskRunner pid=4031793)[0m                                                  're:.*mlp.gate$'],
[36m(SpecoTaskRunner pid=4031793)[0m                              'mode': 'w4a16',
[36m(SpecoTaskRunner pid=4031793)[0m                              'quantization_config_path': None},
[36m(SpecoTaskRunner pid=4031793)[0m                      'reshard_after_forward': True,
[36m(SpecoTaskRunner pid=4031793)[0m                      'seed': 42,
[36m(SpecoTaskRunner pid=4031793)[0m                      'strategy': 'fsdp',
[36m(SpecoTaskRunner pid=4031793)[0m                      'ulysses_sequence_parallel_size': 1,
[36m(SpecoTaskRunner pid=4031793)[0m                      'use_orig_params': False,
[36m(SpecoTaskRunner pid=4031793)[0m                      'use_torch_compile': True,
[36m(SpecoTaskRunner pid=4031793)[0m                      'wrap_policy': {'min_num_params': 0}},
[36m(SpecoTaskRunner pid=4031793)[0m             'grad_clip': 1.0,
[36m(SpecoTaskRunner pid=4031793)[0m             'loss_agg_mode': 'token-mean',
[36m(SpecoTaskRunner pid=4031793)[0m             'model': {'_target_': 'verl.workers.config.HFModelConfig',
[36m(SpecoTaskRunner pid=4031793)[0m                       'custom_chat_template': None,
[36m(SpecoTaskRunner pid=4031793)[0m                       'enable_activation_offload': False,
[36m(SpecoTaskRunner pid=4031793)[0m                       'enable_gradient_checkpointing': True,
[36m(SpecoTaskRunner pid=4031793)[0m                       'exclude_modules': None,
[36m(SpecoTaskRunner pid=4031793)[0m                       'external_lib': None,
[36m(SpecoTaskRunner pid=4031793)[0m                       'fused_kernel_options': {'impl_backend': 'torch'},
[36m(SpecoTaskRunner pid=4031793)[0m                       'hf_config_path': None,
[36m(SpecoTaskRunner pid=4031793)[0m                       'lora': {'a2a_experimental': False,
[36m(SpecoTaskRunner pid=4031793)[0m                                'adapter_path': None,
[36m(SpecoTaskRunner pid=4031793)[0m                                'alpha': 32,
[36m(SpecoTaskRunner pid=4031793)[0m                                'dropout': 0.0,
[36m(SpecoTaskRunner pid=4031793)[0m                                'dropout_position': 'pre',
[36m(SpecoTaskRunner pid=4031793)[0m                                'dtype': None,
[36m(SpecoTaskRunner pid=4031793)[0m                                'exclude_modules': [],
[36m(SpecoTaskRunner pid=4031793)[0m                                'freeze_language_model': True,
[36m(SpecoTaskRunner pid=4031793)[0m                                'freeze_vision_model': True,
[36m(SpecoTaskRunner pid=4031793)[0m                                'freeze_vision_projection': True,
[36m(SpecoTaskRunner pid=4031793)[0m                                'lora_A_init_method': 'xavier',
[36m(SpecoTaskRunner pid=4031793)[0m                                'lora_B_init_method': 'zero',
[36m(SpecoTaskRunner pid=4031793)[0m                                'merge': False,
[36m(SpecoTaskRunner pid=4031793)[0m                                'rank': 0,
[36m(SpecoTaskRunner pid=4031793)[0m                                'target_modules': ['linear_qkv',
[36m(SpecoTaskRunner pid=4031793)[0m                                                   'linear_proj',
[36m(SpecoTaskRunner pid=4031793)[0m                                                   'linear_fc1',
[36m(SpecoTaskRunner pid=4031793)[0m                                                   'linear_fc2'],
[36m(SpecoTaskRunner pid=4031793)[0m                                'type': 'lora'},
[36m(SpecoTaskRunner pid=4031793)[0m                       'lora_adapter_path': None,
[36m(SpecoTaskRunner pid=4031793)[0m                       'lora_alpha': 16,
[36m(SpecoTaskRunner pid=4031793)[0m                       'lora_rank': 0,
[36m(SpecoTaskRunner pid=4031793)[0m                       'mtp': {'_target_': 'verl.workers.config.MtpConfig',
[36m(SpecoTaskRunner pid=4031793)[0m                               'detach_encoder': False,
[36m(SpecoTaskRunner pid=4031793)[0m                               'enable': False,
[36m(SpecoTaskRunner pid=4031793)[0m                               'enable_rollout': False,
[36m(SpecoTaskRunner pid=4031793)[0m                               'enable_train': False,
[36m(SpecoTaskRunner pid=4031793)[0m                               'method': 'mtp',
[36m(SpecoTaskRunner pid=4031793)[0m                               'mtp_loss_scaling_factor': 0.1,
[36m(SpecoTaskRunner pid=4031793)[0m                               'num_speculative_tokens': 1,
[36m(SpecoTaskRunner pid=4031793)[0m                               'speculative_algorithm': 'EAGLE',
[36m(SpecoTaskRunner pid=4031793)[0m                               'speculative_eagle_topk': 1,
[36m(SpecoTaskRunner pid=4031793)[0m                               'speculative_num_draft_tokens': 4,
[36m(SpecoTaskRunner pid=4031793)[0m                               'speculative_num_steps': 3},
[36m(SpecoTaskRunner pid=4031793)[0m                       'override_config': {},
[36m(SpecoTaskRunner pid=4031793)[0m                       'path': '~/models/deepseek-llm-7b-chat',
[36m(SpecoTaskRunner pid=4031793)[0m                       'target_modules': 'all-linear',
[36m(SpecoTaskRunner pid=4031793)[0m                       'tiled_mlp': {'enabled': False, 'num_shards': 4},
[36m(SpecoTaskRunner pid=4031793)[0m                       'tokenizer_path': None,
[36m(SpecoTaskRunner pid=4031793)[0m                       'trust_remote_code': False,
[36m(SpecoTaskRunner pid=4031793)[0m                       'use_fused_kernels': False,
[36m(SpecoTaskRunner pid=4031793)[0m                       'use_liger': False,
[36m(SpecoTaskRunner pid=4031793)[0m                       'use_remove_padding': True,
[36m(SpecoTaskRunner pid=4031793)[0m                       'use_shm': False},
[36m(SpecoTaskRunner pid=4031793)[0m             'optim': {'_target_': 'verl.workers.config.FSDPOptimizerConfig',
[36m(SpecoTaskRunner pid=4031793)[0m                       'betas': [0.9, 0.999],
[36m(SpecoTaskRunner pid=4031793)[0m                       'clip_grad': 1.0,
[36m(SpecoTaskRunner pid=4031793)[0m                       'lr': 1e-05,
[36m(SpecoTaskRunner pid=4031793)[0m                       'lr_scheduler_type': 'constant',
[36m(SpecoTaskRunner pid=4031793)[0m                       'lr_warmup_steps': -1,
[36m(SpecoTaskRunner pid=4031793)[0m                       'lr_warmup_steps_ratio': 0.0,
[36m(SpecoTaskRunner pid=4031793)[0m                       'min_lr_ratio': 0.0,
[36m(SpecoTaskRunner pid=4031793)[0m                       'num_cycles': 0.5,
[36m(SpecoTaskRunner pid=4031793)[0m                       'optimizer': 'AdamW',
[36m(SpecoTaskRunner pid=4031793)[0m                       'optimizer_impl': 'torch.optim',
[36m(SpecoTaskRunner pid=4031793)[0m                       'override_optimizer_config': None,
[36m(SpecoTaskRunner pid=4031793)[0m                       'total_training_steps': -1,
[36m(SpecoTaskRunner pid=4031793)[0m                       'warmup_style': None,
[36m(SpecoTaskRunner pid=4031793)[0m                       'weight_decay': 0.01,
[36m(SpecoTaskRunner pid=4031793)[0m                       'zero_indexed_step': True},
[36m(SpecoTaskRunner pid=4031793)[0m             'ppo_epochs': 1,
[36m(SpecoTaskRunner pid=4031793)[0m             'ppo_max_token_len_per_gpu': 32768,
[36m(SpecoTaskRunner pid=4031793)[0m             'ppo_micro_batch_size': None,
[36m(SpecoTaskRunner pid=4031793)[0m             'ppo_micro_batch_size_per_gpu': None,
[36m(SpecoTaskRunner pid=4031793)[0m             'ppo_mini_batch_size': 2,
[36m(SpecoTaskRunner pid=4031793)[0m             'profiler': {'_target_': 'verl.utils.profiler.ProfilerConfig',
[36m(SpecoTaskRunner pid=4031793)[0m                          'all_ranks': False,
[36m(SpecoTaskRunner pid=4031793)[0m                          'enable': False,
[36m(SpecoTaskRunner pid=4031793)[0m                          'ranks': [],
[36m(SpecoTaskRunner pid=4031793)[0m                          'save_path': 'outputs/profile',
[36m(SpecoTaskRunner pid=4031793)[0m                          'tool': None,
[36m(SpecoTaskRunner pid=4031793)[0m                          'tool_config': {'npu': {'_target_': 'verl.utils.profiler.config.NPUToolConfig',
[36m(SpecoTaskRunner pid=4031793)[0m                                                  'analysis': True,
[36m(SpecoTaskRunner pid=4031793)[0m                                                  'contents': [],
[36m(SpecoTaskRunner pid=4031793)[0m                                                  'discrete': False,
[36m(SpecoTaskRunner pid=4031793)[0m                                                  'level': 'level0'},
[36m(SpecoTaskRunner pid=4031793)[0m                                          'nsys': {'_target_': 'verl.utils.profiler.config.NsightToolConfig',
[36m(SpecoTaskRunner pid=4031793)[0m                                                   'discrete': False},
[36m(SpecoTaskRunner pid=4031793)[0m                                          'precision_debugger': {'_target_': 'verl.utils.profiler.config.PrecisionDebuggerToolConfig',
[36m(SpecoTaskRunner pid=4031793)[0m                                                                 'config_path': None,
[36m(SpecoTaskRunner pid=4031793)[0m                                                                 'stages': None,
[36m(SpecoTaskRunner pid=4031793)[0m                                                                 'steps': None,
[36m(SpecoTaskRunner pid=4031793)[0m                                                                 'strict': False},
[36m(SpecoTaskRunner pid=4031793)[0m                                          'torch': {'_target_': 'verl.utils.profiler.config.TorchProfilerToolConfig',
[36m(SpecoTaskRunner pid=4031793)[0m                                                    'contents': [],
[36m(SpecoTaskRunner pid=4031793)[0m                                                    'discrete': False},
[36m(SpecoTaskRunner pid=4031793)[0m                                          'torch_memory': {'_target_': 'verl.utils.profiler.config.TorchMemoryToolConfig',
[36m(SpecoTaskRunner pid=4031793)[0m                                                           'stack_depth': 32,
[36m(SpecoTaskRunner pid=4031793)[0m                                                           'trace_alloc_max_entries': 100000}}},
[36m(SpecoTaskRunner pid=4031793)[0m             'rollout_n': 2,
[36m(SpecoTaskRunner pid=4031793)[0m             'shuffle': False,
[36m(SpecoTaskRunner pid=4031793)[0m             'strategy': 'fsdp',
[36m(SpecoTaskRunner pid=4031793)[0m             'ulysses_sequence_parallel_size': 1,
[36m(SpecoTaskRunner pid=4031793)[0m             'use_dynamic_bsz': False},
[36m(SpecoTaskRunner pid=4031793)[0m  'data': {'apply_chat_template_kwargs': {'enable_thinking': False},
[36m(SpecoTaskRunner pid=4031793)[0m           'audio_key': 'audios',
[36m(SpecoTaskRunner pid=4031793)[0m           'custom_cls': {'name': None, 'path': None},
[36m(SpecoTaskRunner pid=4031793)[0m           'dataloader_num_workers': 8,
[36m(SpecoTaskRunner pid=4031793)[0m           'filter_overlong_prompts': False,
[36m(SpecoTaskRunner pid=4031793)[0m           'filter_overlong_prompts_workers': 1,
[36m(SpecoTaskRunner pid=4031793)[0m           'function_tool_path': None,
[36m(SpecoTaskRunner pid=4031793)[0m           'image_key': 'images',
[36m(SpecoTaskRunner pid=4031793)[0m           'image_patch_size': 14,
[36m(SpecoTaskRunner pid=4031793)[0m           'max_prompt_length': 128,
[36m(SpecoTaskRunner pid=4031793)[0m           'max_response_length': 64,
[36m(SpecoTaskRunner pid=4031793)[0m           'mm_processor_kwargs': {},
[36m(SpecoTaskRunner pid=4031793)[0m           'prompt_key': 'prompt',
[36m(SpecoTaskRunner pid=4031793)[0m           'return_full_prompt': False,
[36m(SpecoTaskRunner pid=4031793)[0m           'return_multi_modal_inputs': True,
[36m(SpecoTaskRunner pid=4031793)[0m           'return_raw_chat': True,
[36m(SpecoTaskRunner pid=4031793)[0m           'return_raw_input_ids': False,
[36m(SpecoTaskRunner pid=4031793)[0m           'reward_fn_key': 'data_source',
[36m(SpecoTaskRunner pid=4031793)[0m           'seed': None,
[36m(SpecoTaskRunner pid=4031793)[0m           'shuffle': True,
[36m(SpecoTaskRunner pid=4031793)[0m           'tokenizer': None,
[36m(SpecoTaskRunner pid=4031793)[0m           'tool_config_path': None,
[36m(SpecoTaskRunner pid=4031793)[0m           'train_batch_size': 2,
[36m(SpecoTaskRunner pid=4031793)[0m           'train_files': '/home/kxqandccx/0z5a/speco-l20-20260919/c5-native-latest/evidence/full-e2e/train.parquet',
[36m(SpecoTaskRunner pid=4031793)[0m           'train_max_samples': -1,
[36m(SpecoTaskRunner pid=4031793)[0m           'truncation': 'error',
[36m(SpecoTaskRunner pid=4031793)[0m           'trust_remote_code': False,
[36m(SpecoTaskRunner pid=4031793)[0m           'use_shm': False,
[36m(SpecoTaskRunner pid=4031793)[0m           'val_batch_size': None,
[36m(SpecoTaskRunner pid=4031793)[0m           'val_files': '/home/kxqandccx/0z5a/speco-l20-20260919/c5-native-latest/evidence/full-e2e/val.parquet',
[36m(SpecoTaskRunner pid=4031793)[0m           'val_max_samples': -1,
[36m(SpecoTaskRunner pid=4031793)[0m           'validation_shuffle': False,
[36m(SpecoTaskRunner pid=4031793)[0m           'video_key': 'videos'},
[36m(SpecoTaskRunner pid=4031793)[0m  'distillation': {'_target_': 'verl.workers.config.DistillationConfig',
[36m(SpecoTaskRunner pid=4031793)[0m                   'distillation_loss': {'_target_': 'verl.workers.config.DistillationLossConfig',
[36m(SpecoTaskRunner pid=4031793)[0m                                         'clip_ratio': 0.2,
[36m(SpecoTaskRunner pid=4031793)[0m                                         'clip_ratio_high': 0.2,
[36m(SpecoTaskRunner pid=4031793)[0m                                         'clip_ratio_low': 0.2,
[36m(SpecoTaskRunner pid=4031793)[0m                                         'distillation_loss_coef': 1.0,
[36m(SpecoTaskRunner pid=4031793)[0m                                         'log_prob_min_clamp': None,
[36m(SpecoTaskRunner pid=4031793)[0m                                         'loss_max_clamp': None,
[36m(SpecoTaskRunner pid=4031793)[0m                                         'loss_mode': 'k3',
[36m(SpecoTaskRunner pid=4031793)[0m                                         'policy_loss_mode': 'vanilla',
[36m(SpecoTaskRunner pid=4031793)[0m                                         'topk': 32,
[36m(SpecoTaskRunner pid=4031793)[0m                                         'use_policy_gradient': False,
[36m(SpecoTaskRunner pid=4031793)[0m                                         'use_task_rewards': True},
[36m(SpecoTaskRunner pid=4031793)[0m                   'enabled': False,
[36m(SpecoTaskRunner pid=4031793)[0m                   'n_gpus_per_node': 8,
[36m(SpecoTaskRunner pid=4031793)[0m                   'nnodes': 0,
[36m(SpecoTaskRunner pid=4031793)[0m                   'teacher_key': 'data_source',
[36m(SpecoTaskRunner pid=4031793)[0m                   'teacher_models': {'teacher_model': {'_target_': 'verl.workers.config.DistillationTeacherModelConfig',
[36m(SpecoTaskRunner pid=4031793)[0m                                                        'inference': {'_target_': 'verl.workers.config.RolloutConfig',
[36m(SpecoTaskRunner pid=4031793)[0m                                                                      'cudagraph_capture_sizes': None,
[36m(SpecoTaskRunner pid=4031793)[0m                                                                      'data_parallel_size': 1,
[36m(SpecoTaskRunner pid=4031793)[0m                                                                      'disable_log_stats': True,
[36m(SpecoTaskRunner pid=4031793)[0m                                                                      'dtype': 'bfloat16',
[36m(SpecoTaskRunner pid=4031793)[0m                                                                      'enable_chunked_prefill': True,
[36m(SpecoTaskRunner pid=4031793)[0m                                                                      'enable_prefix_caching': True,
[36m(SpecoTaskRunner pid=4031793)[0m                                                                      'enforce_eager': True,
[36m(SpecoTaskRunner pid=4031793)[0m                                                                      'engine_kwargs': {},
[36m(SpecoTaskRunner pid=4031793)[0m                                                                      'expert_parallel_size': 1,
[36m(SpecoTaskRunner pid=4031793)[0m                                                                      'free_cache_engine': True,
[36m(SpecoTaskRunner pid=4031793)[0m                                                                      'gpu_memory_utilization': 0.5,
[36m(SpecoTaskRunner pid=4031793)[0m                                                                      'limit_images': None,
[36m(SpecoTaskRunner pid=4031793)[0m                                                                      'load_format': 'auto',
[36m(SpecoTaskRunner pid=4031793)[0m                                                                      'max_model_len': None,
[36m(SpecoTaskRunner pid=4031793)[0m                                                                      'max_num_batched_tokens': 8192,
[36m(SpecoTaskRunner pid=4031793)[0m                                                                      'max_num_seqs': 1024,
[36m(SpecoTaskRunner pid=4031793)[0m                                                                      'name': 'vllm',
[36m(SpecoTaskRunner pid=4031793)[0m                                                                      'prompt_length': 128,
[36m(SpecoTaskRunner pid=4031793)[0m                                                                      'response_length': 64,
[36m(SpecoTaskRunner pid=4031793)[0m                                                                      'skip_tokenizer_init': True,
[36m(SpecoTaskRunner pid=4031793)[0m                                                                      'temperature': 1.0,
[36m(SpecoTaskRunner pid=4031793)[0m                                                                      'tensor_model_parallel_size': 2},
[36m(SpecoTaskRunner pid=4031793)[0m                                                        'key': None,
[36m(SpecoTaskRunner pid=4031793)[0m                                                        'model_path': None,
[36m(SpecoTaskRunner pid=4031793)[0m                                                        'num_replicas': 0}}},
[36m(SpecoTaskRunner pid=4031793)[0m  'global_profiler': {'_target_': 'verl.utils.profiler.ProfilerConfig',
[36m(SpecoTaskRunner pid=4031793)[0m                      'global_tool_config': {'nsys': {'_target_': 'verl.utils.profiler.config.NsightToolConfig',
[36m(SpecoTaskRunner pid=4031793)[0m                                                      'controller_nsight_options': {'cuda-graph-trace': 'graph',
[36m(SpecoTaskRunner pid=4031793)[0m                                                                                    'cuda-memory-usage': 'true',
[36m(SpecoTaskRunner pid=4031793)[0m                                                                                    'trace': 'cuda,nvtx,cublas,ucx'},
[36m(SpecoTaskRunner pid=4031793)[0m                                                      'discrete': False,
[36m(SpecoTaskRunner pid=4031793)[0m                                                      'worker_nsight_options': {'capture-range': 'cudaProfilerApi',
[36m(SpecoTaskRunner pid=4031793)[0m                                                                                'capture-range-end': None,
[36m(SpecoTaskRunner pid=4031793)[0m                                                                                'cuda-graph-trace': 'graph',
[36m(SpecoTaskRunner pid=4031793)[0m                                                                                'cuda-memory-usage': 'true',
[36m(SpecoTaskRunner pid=4031793)[0m                                                                                'kill': 'none',
[36m(SpecoTaskRunner pid=4031793)[0m                                                                                'trace': 'cuda,nvtx,cublas,ucx'}},
[36m(SpecoTaskRunner pid=4031793)[0m                                             'precision_debugger': {'_target_': 'verl.utils.profiler.config.PrecisionDebuggerToolConfig',
[36m(SpecoTaskRunner pid=4031793)[0m                                                                    'config_path': None,
[36m(SpecoTaskRunner pid=4031793)[0m                                                                    'stages': None,
[36m(SpecoTaskRunner pid=4031793)[0m                                                                    'steps': None,
[36m(SpecoTaskRunner pid=4031793)[0m                                                                    'strict': False},
[36m(SpecoTaskRunner pid=4031793)[0m                                             'torch_memory': {'context': 'all',
[36m(SpecoTaskRunner pid=4031793)[0m                                                              'kw_args': {},
[36m(SpecoTaskRunner pid=4031793)[0m                                                              'stack_depth': 32,
[36m(SpecoTaskRunner pid=4031793)[0m                                                              'stacks': 'all',
[36m(SpecoTaskRunner pid=4031793)[0m                                                              'trace_alloc_max_entries': 100000}},
[36m(SpecoTaskRunner pid=4031793)[0m                      'profile_continuous_steps': False,
[36m(SpecoTaskRunner pid=4031793)[0m                      'save_path': 'outputs/profile',
[36m(SpecoTaskRunner pid=4031793)[0m                      'steps': None,
[36m(SpecoTaskRunner pid=4031793)[0m                      'tool': None},
[36m(SpecoTaskRunner pid=4031793)[0m  'model_engine': 'dp',
[36m(SpecoTaskRunner pid=4031793)[0m  'ray_kwargs': {'ray_init': {'num_cpus': 16}, 'timeline_json_file': None},
[36m(SpecoTaskRunner pid=4031793)[0m  'reward': {'_target_': 'verl.workers.config.RewardConfig',
[36m(SpecoTaskRunner pid=4031793)[0m             'custom_reward_function': {'name': 'compute_score',
[36m(SpecoTaskRunner pid=4031793)[0m                                        'path': '/home/kxqandccx/0z5a/speco-l20-20260919/variants/pr10-native/experiment/l20/integration_reward.py'},
[36m(SpecoTaskRunner pid=4031793)[0m             'num_workers': 8,
[36m(SpecoTaskRunner pid=4031793)[0m             'reward_manager': {'_target_': 'verl.workers.config.reward.RewardManagerConfig',
[36m(SpecoTaskRunner pid=4031793)[0m                                'module': {'_target_': 'verl.trainer.config.config.ModuleConfig',
[36m(SpecoTaskRunner pid=4031793)[0m                                           'name': 'custom_reward_manager',
[36m(SpecoTaskRunner pid=4031793)[0m                                           'path': None},
[36m(SpecoTaskRunner pid=4031793)[0m                                'name': 'naive',
[36m(SpecoTaskRunner pid=4031793)[0m                                'source': 'register'},
[36m(SpecoTaskRunner pid=4031793)[0m             'reward_model': {'_target_': 'verl.workers.config.RewardModelConfig',
[36m(SpecoTaskRunner pid=4031793)[0m                              'enable': False,
[36m(SpecoTaskRunner pid=4031793)[0m                              'enable_resource_pool': False,
[36m(SpecoTaskRunner pid=4031793)[0m                              'model_path': None,
[36m(SpecoTaskRunner pid=4031793)[0m                              'n_gpus_per_node': 8,
[36m(SpecoTaskRunner pid=4031793)[0m                              'nnodes': 0,
[36m(SpecoTaskRunner pid=4031793)[0m                              'rollout': {'_target_': 'verl.workers.config.RolloutConfig',
[36m(SpecoTaskRunner pid=4031793)[0m                                          'cudagraph_capture_sizes': None,
[36m(SpecoTaskRunner pid=4031793)[0m                                          'data_parallel_size': 1,
[36m(SpecoTaskRunner pid=4031793)[0m                                          'disable_log_stats': True,
[36m(SpecoTaskRunner pid=4031793)[0m                                          'disaggregation': {'bootstrap_port': None,
[36m(SpecoTaskRunner pid=4031793)[0m                                                             'decode_replicas': 1,
[36m(SpecoTaskRunner pid=4031793)[0m                                                             'decode_tensor_model_parallel_size': None,
[36m(SpecoTaskRunner pid=4031793)[0m                                                             'enabled': False,
[36m(SpecoTaskRunner pid=4031793)[0m                                                             'ib_device': None,
[36m(SpecoTaskRunner pid=4031793)[0m                                                             'prefill_replicas': 1,
[36m(SpecoTaskRunner pid=4031793)[0m                                                             'transfer_backend': 'nixl'},
[36m(SpecoTaskRunner pid=4031793)[0m                                          'do_sample': True,
[36m(SpecoTaskRunner pid=4031793)[0m                                          'dtype': 'bfloat16',
[36m(SpecoTaskRunner pid=4031793)[0m                                          'enable_chunked_prefill': True,
[36m(SpecoTaskRunner pid=4031793)[0m                                          'enable_prefix_caching': True,
[36m(SpecoTaskRunner pid=4031793)[0m                                          'enforce_eager': True,
[36m(SpecoTaskRunner pid=4031793)[0m                                          'engine_kwargs': {},
[36m(SpecoTaskRunner pid=4031793)[0m                                          'expert_parallel_size': 1,
[36m(SpecoTaskRunner pid=4031793)[0m                                          'free_cache_engine': True,
[36m(SpecoTaskRunner pid=4031793)[0m                                          'gpu_memory_utilization': 0.5,
[36m(SpecoTaskRunner pid=4031793)[0m                                          'ignore_eos': False,
[36m(SpecoTaskRunner pid=4031793)[0m                                          'layered_summon': False,
[36m(SpecoTaskRunner pid=4031793)[0m                                          'limit_images': None,
[36m(SpecoTaskRunner pid=4031793)[0m                                          'load_format': 'auto',
[36m(SpecoTaskRunner pid=4031793)[0m                                          'max_model_len': None,
[36m(SpecoTaskRunner pid=4031793)[0m                                          'max_num_batched_tokens': 8192,
[36m(SpecoTaskRunner pid=4031793)[0m                                          'max_num_seqs': 1024,
[36m(SpecoTaskRunner pid=4031793)[0m                                          'mtp': None,
[36m(SpecoTaskRunner pid=4031793)[0m                                          'multi_stage_wake_up': False,
[36m(SpecoTaskRunner pid=4031793)[0m                                          'n': 1,
[36m(SpecoTaskRunner pid=4031793)[0m                                          'name': '???',
[36m(SpecoTaskRunner pid=4031793)[0m                                          'pipeline_model_parallel_size': 1,
[36m(SpecoTaskRunner pid=4031793)[0m                                          'prompt_length': 2048,
[36m(SpecoTaskRunner pid=4031793)[0m                                          'quantization': None,
[36m(SpecoTaskRunner pid=4031793)[0m                                          'quantization_config_file': None,
[36m(SpecoTaskRunner pid=4031793)[0m                                          'response_length': 2048,
[36m(SpecoTaskRunner pid=4031793)[0m                                          'scheduling_policy': 'fcfs',
[36m(SpecoTaskRunner pid=4031793)[0m                                          'skip_tokenizer_init': False,
[36m(SpecoTaskRunner pid=4031793)[0m                                          'temperature': 1.0,
[36m(SpecoTaskRunner pid=4031793)[0m                                          'tensor_model_parallel_size': 2,
[36m(SpecoTaskRunner pid=4031793)[0m                                          'top_k': -1,
[36m(SpecoTaskRunner pid=4031793)[0m                                          'top_p': 1}},
[36m(SpecoTaskRunner pid=4031793)[0m             'sandbox_fusion': {'_target_': 'verl.workers.config.SandboxFusionConfig',
[36m(SpecoTaskRunner pid=4031793)[0m                                'max_concurrent': 64,
[36m(SpecoTaskRunner pid=4031793)[0m                                'memory_limit_mb': 1024,
[36m(SpecoTaskRunner pid=4031793)[0m                                'url': None}},
[36m(SpecoTaskRunner pid=4031793)[0m  'speco': {'compatibility': {'policy': 'warn',
[36m(SpecoTaskRunner pid=4031793)[0m                              'require_verl_base_commit': '7aed6b230776f963fa09509c10d9c3a767d1102c',
[36m(SpecoTaskRunner pid=4031793)[0m                              'require_verl_base_tag': 'v0.8.0',
[36m(SpecoTaskRunner pid=4031793)[0m                              'strict_env': 'VERL_SPECO_STRICT_VERL'},
[36m(SpecoTaskRunner pid=4031793)[0m            'enable': True,
[36m(SpecoTaskRunner pid=4031793)[0m            'trainer': {'ray_trainer': 'verl_speco.trainer.speco_ray_trainer.SpecoRayPPOTrainer',
[36m(SpecoTaskRunner pid=4031793)[0m                        'task_runner': 'verl_speco.integration.task_runner.SpecoTaskRunner'},
[36m(SpecoTaskRunner pid=4031793)[0m            'verl_base': {'commit': '7aed6b230776f963fa09509c10d9c3a767d1102c',
[36m(SpecoTaskRunner pid=4031793)[0m                          'source_modifications_allowed': False,
[36m(SpecoTaskRunner pid=4031793)[0m                          'version': '0.8.0'}},
[36m(SpecoTaskRunner pid=4031793)[0m  'trainer': {'balance_batch': True,
[36m(SpecoTaskRunner pid=4031793)[0m              'critic_warmup': 0,
[36m(SpecoTaskRunner pid=4031793)[0m              'default_hdfs_dir': None,
[36m(SpecoTaskRunner pid=4031793)[0m              'default_local_dir': '/home/kxqandccx/0z5a/speco-l20-20260919/c5-native-latest/evidence/full-e2e/checkpoints-eagle-pr10',
[36m(SpecoTaskRunner pid=4031793)[0m              'del_local_ckpt_after_load': False,[36m(pid=4031793)[0m WARNING:2026-09-20 13:50:14,570:[pr10 audit] runtime_source=/home/kxqandccx/0z5a/speco-l20-20260919/c5-native-latest/pr10-retention-overlay-v2/verl_speco/integration/vllm_runtime.py pid=4031793
[36m(SpecoTaskRunner pid=4031793)[0m /home/kxqandccx/0z5a/speco-l20-20260919/c5-native-latest/pr10-retention-overlay-v2/verl_speco/integration/task_runner.py:96: UserWarning: Disabled critic as algorithm.adv_estimator != gae. If it is not intended, please set critic.enable=True
[36m(SpecoTaskRunner pid=4031793)[0m   use_critic=need_critic(config),
[36m(SpecoTaskRunner pid=4031793)[0m Generating train split: 0 examples [00:00, ? examples/s]Generating train split: 16 examples [00:00, 4120.39 examples/s]
[36m(SpecoTaskRunner pid=4031793)[0m Generating train split: 0 examples [00:00, ? examples/s]
[36m(SpecoTaskRunner pid=4031793)[0m Generating train split: 4 examples [00:00, 849.05 examples/s]
[36m(SpecoTaskRunner pid=4031793)[0m /home/kxqandccx/0z5a/speco-l20-20260919/c5-native-latest/pr10-retention-overlay-v2/verl_speco/trainer/speco_ray_trainer.py:302: FutureWarning: Warning: Class 'verl.trainer.ppo.ray_trainer.RayPPOTrainer' is deprecated. Please use 'main_ppo.py is deprecated, and wil be replaced by main_ppo_sync.py in v0.8.0, please use main_ppo_sync.py instead.' instead.
[36m(SpecoTaskRunner pid=4031793)[0m   super().__init__(*args, **kwargs)
[36m(SpecoTaskRunner pid=4031793)[0m /home/kxqandccx/0z5a/speco-l20-20260919/c5-native-latest/padding-overlay/verl/trainer/ppo/ray_trainer.py:348: UserWarning: Disabled critic as algorithm.adv_estimator != gae. If it is not intended, please set critic.enable=True
[36m(SpecoTaskRunner pid=4031793)[0m   self.use_critic = need_critic(self.config)
[36m(SpecoTaskRunner pid=4031793)[0m /home/kxqandccx/0z5a/speco-l20-20260919/c5-native-latest/.venv/lib/python3.13/site-packages/torchdata/stateful_dataloader/stateful_dataloader.py:379: UserWarning: 'set_vital' is deprecated, please do not call
[36m(SpecoTaskRunner pid=4031793)[0m   torch.set_vital("Dataloader", "enabled", "True")  # type: ignore[attr-defined]
[36m(WorkerDict pid=4034934)[0m WARNING:2026-09-20 13:50:31,662:[pr10 audit] runtime_source=/home/kxqandccx/0z5a/speco-l20-20260919/c5-native-latest/pr10-retention-overlay-v2/verl_speco/integration/vllm_runtime.py pid=4034934
[36m(WorkerDict pid=4034933)[0m WARNING:2026-09-20 13:50:31,548:[pr10 audit] runtime_source=/home/kxqandccx/0z5a/speco-l20-20260919/c5-native-latest/pr10-retention-overlay-v2/verl_speco/integration/vllm_runtime.py pid=4034933
[36m(WorkerDict pid=4034934)[0m /home/kxqandccx/0z5a/speco-l20-20260919/c5-native-latest/padding-overlay/verl/workers/engine/mindspeed/transformer_impl.py:24: UserWarning: NPU not support router replay for now.
[36m(WorkerDict pid=4034934)[0m   from verl.utils.megatron.router_replay_patch import RouterReplay
[36m(WorkerDict pid=4034934)[0m WARNING:2026-09-20 13:50:32,184:SPECO old-logprob hidden ObjectRef batch postprocess patch active
[36m(WorkerDict pid=4034934)[0m WARNING:2026-09-20 13:50:32,184:SPECO old-logprob hidden ObjectRef postprocess patch active
[36m(WorkerDict pid=4034934)[0m WARNING:2026-09-20 13:50:32,184:SPECO old-logprob hidden runtime patch active for upstream FSDP LM-head engine
[36m(WorkerDict pid=4034933)[0m /home/kxqandccx/0z5a/speco-l20-20260919/c5-native-latest/padding-overlay/verl/workers/engine/mindspeed/transformer_impl.py:24: UserWarning: NPU not support router replay for now.
[36m(WorkerDict pid=4034933)[0m   from verl.utils.megatron.router_replay_patch import RouterReplay
[36m(WorkerDict pid=4034933)[0m WARNING:2026-09-20 13:50:32,176:SPECO old-logprob hidden ObjectRef batch postprocess patch active
[36m(WorkerDict pid=4034933)[0m WARNING:2026-09-20 13:50:32,176:SPECO old-logprob hidden ObjectRef postprocess patch active
[36m(WorkerDict pid=4034933)[0m WARNING:2026-09-20 13:50:32,176:SPECO old-logprob hidden runtime patch active for upstream FSDP LM-head engine
[36m(WorkerDict pid=4034933)[0m [W920 13:50:43.123060771 socket.cpp:207] [c10d] The hostname of the client socket cannot be retrieved. err=-3
[36m(WorkerDict pid=4034934)[0m [W920 13:50:43.252155184 socket.cpp:207] [c10d] The hostname of the client socket cannot be retrieved. err=-3
[36m(WorkerDict pid=4034934)[0m Loading weights:   0%|          | 0/398 [00:00<?, ?it/s]
[36m(WorkerDict pid=4034933)[0m Loading weights:   0%|          | 0/398 [00:00<?, ?it/s]
[36m(WorkerDict pid=4034934)[0m Loading weights: 100%|██████████| 398/398 [00:00<00:00, 5030.22it/s]
[36m(WorkerDict pid=4034933)[0m Loading weights: 100%|██████████| 398/398 [00:00<00:00, 5693.71it/s]
[36m(pid=4041845)[0m WARNING:2026-09-20 13:51:05,974:[pr10 audit] runtime_source=/home/kxqandccx/0z5a/speco-l20-20260919/c5-native-latest/pr10-retention-overlay-v2/verl_speco/integration/vllm_runtime.py pid=4041845

[36m(SpecoTaskRunner pid=4031793)[0m              'device': 'cuda',
[36m(SpecoTaskRunner pid=4031793)[0m              'esi_redundant_time': 0,
[36m(SpecoTaskRunner pid=4031793)[0m              'experiment_name': 'eagle3-compat',
[36m(SpecoTaskRunner pid=4031793)[0m              'log_val_generations': 0,
[36m(SpecoTaskRunner pid=4031793)[0m              'logger': ['console'],
[36m(SpecoTaskRunner pid=4031793)[0m              'max_actor_ckpt_to_keep': None,
[36m(SpecoTaskRunner pid=4031793)[0m              'max_critic_ckpt_to_keep': None,
[36m(SpecoTaskRunner pid=4031793)[0m              'n_gpus_per_node': 2,
[36m(SpecoTaskRunner pid=4031793)[0m              'nnodes': 1,
[36m(SpecoTaskRunner pid=4031793)[0m              'project_name': 'speco-l20',
[36m(SpecoTaskRunner pid=4031793)[0m              'ray_wait_register_center_timeout': 300,
[36m(SpecoTaskRunner pid=4031793)[0m              'resume_from_path': None,
[36m(SpecoTaskRunner pid=4031793)[0m              'resume_mode': 'auto',
[36m(SpecoTaskRunner pid=4031793)[0m              'rollout_data_dir': None,
[36m(SpecoTaskRunner pid=4031793)[0m              'save_freq': 10,
[36m(SpecoTaskRunner pid=4031793)[0m              'test_freq': -1,
[36m(SpecoTaskRunner pid=4031793)[0m              'total_epochs': 3,
[36m(SpecoTaskRunner pid=4031793)[0m              'total_training_steps': 20,
[36m(SpecoTaskRunner pid=4031793)[0m              'val_before_train': False,
[36m(SpecoTaskRunner pid=4031793)[0m              'val_only': False,
[36m(SpecoTaskRunner pid=4031793)[0m              'validation_data_dir': None},
[36m(SpecoTaskRunner pid=4031793)[0m  'transfer_queue': {'backend': {'MooncakeStore': {'auto_init': False,
[36m(SpecoTaskRunner pid=4031793)[0m                                                   'device_name': '',
[36m(SpecoTaskRunner pid=4031793)[0m                                                   'global_segment_size': 4294967296,
[36m(SpecoTaskRunner pid=4031793)[0m                                                   'local_buffer_size': 1073741824,
[36m(SpecoTaskRunner pid=4031793)[0m                                                   'local_hostname': 'localhost',
[36m(SpecoTaskRunner pid=4031793)[0m                                                   'master_server_address': 'localhost:50124',
[36m(SpecoTaskRunner pid=4031793)[0m                                                   'metadata_server': 'localhost:50123',
[36m(SpecoTaskRunner pid=4031793)[0m                                                   'protocol': 'tcp'},
[36m(SpecoTaskRunner pid=4031793)[0m                                 'SimpleStorage': {'num_data_storage_units': 8,
[36m(SpecoTaskRunner pid=4031793)[0m                                                   'total_storage_size': 100000},
[36m(SpecoTaskRunner pid=4031793)[0m                                 'storage_backend': 'SimpleStorage'},
[36m(SpecoTaskRunner pid=4031793)[0m                     'enable': False,
[36m(SpecoTaskRunner pid=4031793)[0m                     'metrics': {'enabled': False, 'port': 0}}}
[36m(SpecoTaskRunner pid=4031793)[0m [validate_config] All configuration checks passed successfully!
[36m(SpecoTaskRunner pid=4031793)[0m Using dataset class: RLHFDataset
[36m(SpecoTaskRunner pid=4031793)[0m dataset len: 16
[36m(SpecoTaskRunner pid=4031793)[0m Using dataset class: RLHFDataset
[36m(SpecoTaskRunner pid=4031793)[0m dataset len: 4
[36m(SpecoTaskRunner pid=4031793)[0m Size of train dataloader: 8, Size of val dataloader: 1
[36m(SpecoTaskRunner pid=4031793)[0m Total training steps: 20
[36m(SpecoTaskRunner pid=4031793)[0m colocated worker base class <class 'verl.single_controller.base.worker.Worker'>
[36m(WorkerDict pid=4034934)[0m Monkey patch _flash_attention_forward in transformers.integrations.flash_attention
[36m(WorkerDict pid=4034934)[0m Skipping monkey patch for Qwen3ForCausalLM as use_fused_kernels is False or fused_kernels_backend is torch
[36m(WorkerDict pid=4034933)[0m Monkey patch _flash_attention_forward in transformers.integrations.flash_attention
[36m(WorkerDict pid=4034933)[0m Skipping monkey patch for Qwen3ForCausalLM as use_fused_kernels is False or fused_kernels_backend is torch
[36m(WorkerDict pid=4034933)[0m Qwen3ForCausalLM contains 4.02B parameters
[36m(WorkerDict pid=4034933)[0m Before FSDP, memory allocated (GB): 0.00, memory reserved (GB): 0.00, device memory used/total (GB): 0.87/44.39
[36m(WorkerDict pid=4034933)[0m After FSDP, memory allocated (GB): 3.77, memory reserved (GB): 4.69, device memory used/total (GB): 5.78/44.39
[36m(WorkerDict pid=4034933)[0m Total steps: 20, num_warmup_steps: 0
[36m(SpecoVLLMHttpServer pid=4041845)[0m ['serve',
[36m(SpecoVLLMHttpServer pid=4041845)[0m  '/home/kxqandccx/0z5a/speco-l20-20260919/models/target',
[36m(SpecoVLLMHttpServer pid=4041845)[0m  '--dtype',
[36m(SpecoVLLMHttpServer pid=4041845)[0m  'bfloat16',
[36m(SpecoVLLMHttpServer pid=4041845)[0m  '--load_format',
[36m(SpecoVLLMHttpServer pid=4041845)[0m  'auto',
[36m(SpecoVLLMHttpServer pid=4041845)[0m  '--distributed_executor_backend',
[36m(SpecoVLLMHttpServer pid=4041845)[0m  'mp',
[36m(SpecoVLLMHttpServer pid=4041845)[0m  '--worker_extension_cls',
[36m(SpecoVLLMHttpServer pid=4041845)[0m  'verl_speco.integration.vllm_runtime.SpecoVLLMColocateWorkerExtension',
[36m(SpecoVLLMHttpServer pid=4041845)[0m  '--max_model_len',
[36m(SpecoVLLMHttpServer pid=4041845)[0m  '256',
[36m(SpecoVLLMHttpServer pid=4041845)[0m  '--max_num_seqs',
[36m(SpecoVLLMHttpServer pid=4041845)[0m  '4',
[36m(SpecoVLLMHttpServer pid=4041845)[0m  '--enable_chunked_prefill',
[36m(SpecoVLLMHttpServer pid=4041845)[0m  '--max_num_batched_tokens',
[36m(SpecoVLLMHttpServer pid=4041845)[0m  '256',
[36m(SpecoVLLMHttpServer pid=4041845)[0m  '--enable_prefix_caching',
[36m(SpecoVLLMHttpServer pid=4041845)[0m  '--enable_sleep_mode',
[36m(SpecoVLLMHttpServer pid=4041845)[0m  '--logprobs_mode',
[36m(SpecoVLLMHttpServer pid=4041845)[0m  'processed_logprobs',
[36m(SpecoVLLMHttpServer pid=4041845)[0m  '--enforce_eager',
[36m(SpecoVLLMHttpServer pid=4041845)[0m  '--gpu_memory_utilization',
[36m(SpecoVLLMHttpServer pid=4041845)[0m  '0.1',
[36m(SpecoVLLMHttpServer pid=4041845)[0m  '--disable_log_stats',
[36m(SpecoVLLMHttpServer pid=4041845)[0m  '--tensor_parallel_size',
[36m(SpecoVLLMHttpServer pid=4041845)[0m  '2',
[36m(SpecoVLLMHttpServer pid=4041845)[0m  '--seed',
[36m(SpecoVLLMHttpServer pid=4041845)[0m  '0',
[36m(SpecoVLLMHttpServer pid=4041845)[0m  '--override_generation_config',
[36m(SpecoVLLMHttpServer pid=4041845)[0m  '{"temperature": 1.0, "top_k": -1, "top_p": 1, "repetition_penalty": 1.0, '
[36m(SpecoVLLMHttpServer pid=4041845)[0m  '"max_new_tokens": 64}',
[36m(SpecoVLLMHttpServer pid=4041845)[0m  '--hf_overrides',
[36m(SpecoVLLMHttpServer pid=4041845)[0m  '{}',
[36m(SpecoVLLMHttpServer pid=4041845)[0m  '--scheduling_policy',
[36m(SpecoVLLMHttpServer pid=4041845)[0m  'fcfs',
[36m(SpecoVLLMHttpServer pid=4041845)[0m  '--compilation_config',
[36m(SpecoVLLMHttpServer pid=4041845)[0m  '{"cudagraph_mode": "FULL_AND_PIECEWISE"}',
[36m(SpecoVLLMHttpServer pid=4041845)[0m  '--kv_cache_memory_bytes',
[36m(SpecoVLLMHttpServer pid=4041845)[0m  '134217728',
[36m(SpecoVLLMHttpServer pid=4041845)[0m  '--speculative_config',
[36m(SpecoVLLMHttpServer pid=4041845)[0m  '{"method": "eagle3", "num_speculative_tokens": 3, "model": '
[36m(SpecoVLLMHttpServer pid=4041845)[0m  '"/home/kxqandccx/0z5a/speco-l20-20260919/models/eagle"}']
[36m(SpecoVLLMHttpServer pid=4041845)[0m WARNING 09-20 13:51:08 [vllm.py:1371] Enforce eager set, disabling torch.compile and CUDAGraphs. This is equivalent to setting -cc.mode=none -cc.cudagraph_mode=none
[36m(SpecoVLLMHttpServer pid=4041845)[0m WARNING 09-20 13:51:08 [vllm.py:1406] Inductor compilation was disabled by user settings, optimizations settings that are only active during inductor compilation will be ignored.
[36m(SpecoVLLMHttpServer pid=4041845)[0m WARNING 09-20 13:51:08 [vllm.py:1924] max_num_scheduled_tokens is set to 256 based on the speculative decoding settings. This may lead to suboptimal performance. Consider increasing max_num_batched_tokens to accommodate the additional draft token slots, or decrease num_speculative_tokens.[36m(SpecoVLLMHttpServer pid=4041845)[0m WARNING:2026-09-20 13:51:20,604:[pr10 audit] runtime_source=/home/kxqandccx/0z5a/speco-l20-20260919/c5-native-latest/pr10-retention-overlay-v2/verl_speco/integration/vllm_runtime.py pid=4046087
[36m(SpecoVLLMHttpServer pid=4041845)[0m WARNING:2026-09-20 13:51:32,304:[pr10 audit] runtime_source=/home/kxqandccx/0z5a/speco-l20-20260919/c5-native-latest/pr10-retention-overlay-v2/verl_speco/integration/vllm_runtime.py pid=4047780
[36m(SpecoVLLMHttpServer pid=4041845)[0m WARNING:2026-09-20 13:51:32,309:[pr10 audit] runtime_source=/home/kxqandccx/0z5a/speco-l20-20260919/c5-native-latest/pr10-retention-overlay-v2/verl_speco/integration/vllm_runtime.py pid=4047781
[36m(SpecoVLLMHttpServer pid=4041845)[0m (Worker_TP0 pid=4047780) Loading safetensors checkpoint shards:   0% Completed | 0/3 [00:00<?, ?it/s]
[36m(SpecoVLLMHttpServer pid=4041845)[0m (Worker_TP0 pid=4047780) Loading safetensors checkpoint shards:  33% Completed | 1/3 [00:00<00:01,  1.59it/s]
[36m(SpecoVLLMHttpServer pid=4041845)[0m (Worker_TP0 pid=4047780) Loading safetensors checkpoint shards:  67% Completed | 2/3 [00:01<00:00,  1.19it/s]
[36m(SpecoVLLMHttpServer pid=4041845)[0m (Worker_TP0 pid=4047780) Loading safetensors checkpoint shards: 100% Completed | 3/3 [00:01<00:00,  1.98it/s]
[36m(SpecoVLLMHttpServer pid=4041845)[0m (Worker_TP0 pid=4047780) Loading safetensors checkpoint shards: 100% Completed | 3/3 [00:02<00:00,  1.48it/s]
[36m(SpecoVLLMHttpServer pid=4041845)[0m (Worker_TP0 pid=4047780) 
[36m(SpecoVLLMHttpServer pid=4041845)[0m (Worker_TP0 pid=4047780) Loading safetensors checkpoint shards:   0% Completed | 0/1 [00:00<?, ?it/s]
[36m(SpecoVLLMHttpServer pid=4041845)[0m (Worker_TP0 pid=4047780) Loading safetensors checkpoint shards: 100% Completed | 1/1 [00:00<00:00, 1382.89it/s]
[36m(SpecoVLLMHttpServer pid=4041845)[0m (Worker_TP0 pid=4047780) 
[36m(SpecoVLLMHttpServer pid=4041845)[0m (Worker_TP0 pid=4047780) JIT kernel warmup (1 compile keys):   0%|          | 0/1 [00:00<?, ?kernel/s]JIT kernel warmup (1 compile keys): 100%|██████████| 1/1 [00:00<00:00, 264.66kernel/s, ComputeSlotMappingKernel (1 keys)]
[36m(GlobalRequestLoadBalancer pid=4051597)[0m W0920 13:51:57.119000 4051597 torch/utils/cpp_extension.py:178] No CUDA runtime is found, using CUDA_HOME='/usr/local/cuda'
[36m(GlobalRequestLoadBalancer pid=4051597)[0m WARNING:2026-09-20 13:52:00,965:[pr10 audit] runtime_source=/home/kxqandccx/0z5a/speco-l20-20260919/c5-native-latest/pr10-retention-overlay-v2/verl_speco/integration/vllm_runtime.py pid=4051597
[36m(SpecoWorker pid=4051708)[0m [W920 13:52:05.824072856 socket.cpp:207] [c10d] The hostname of the client socket cannot be retrieved. err=-3
[36m(SpecoWorker pid=4051707)[0m [W920 13:52:05.823434792 socket.cpp:207] [c10d] The hostname of the client socket cannot be retrieved. err=-3
[36m(SpecoWorker pid=4051708)[0m /home/kxqandccx/0z5a/speco-l20-20260919/c5-native-latest/padding-overlay/verl/workers/engine/mindspeed/transformer_impl.py:24: UserWarning: NPU not support router replay for now.
[36m(SpecoWorker pid=4051708)[0m   from verl.utils.megatron.router_replay_patch import RouterReplay
[36m(SpecoWorker pid=4051707)[0m /home/kxqandccx/0z5a/speco-l20-20260919/c5-native-latest/padding-overlay/verl/workers/engine/mindspeed/transformer_impl.py:24: UserWarning: NPU not support router replay for now.
[36m(SpecoWorker pid=4051707)[0m   from verl.utils.megatron.router_replay_patch import RouterReplay
[36m(SpecoWorker pid=4051708)[0m WARNING:2026-09-20 13:52:13,262:[pr10 audit] runtime_source=/home/kxqandccx/0z5a/speco-l20-20260919/c5-native-latest/pr10-retention-overlay-v2/verl_speco/integration/vllm_runtime.py pid=4051708
[36m(SpecoWorker pid=4051708)[0m /home/kxqandccx/0z5a/speco-l20-20260919/c5-native-latest/pr10-retention-overlay-v2/verl_speco/models/eagle/llama_eagle.py:27: UserWarning: flash_attn is not found, falling back to flex_attention. Please install flash_attn if you want to use the flash attention backend.
[36m(SpecoWorker pid=4051708)[0m   warnings.warn(
[36m(SpecoWorker pid=4051707)[0m WARNING:2026-09-20 13:52:13,774:[pr10 audit] runtime_source=/home/kxqandccx/0z5a/speco-l20-20260919/c5-native-latest/pr10-retention-overlay-v2/verl_speco/integration/vllm_runtime.py pid=4051707
[36m(SpecoWorker pid=4051707)[0m /home/kxqandccx/0z5a/speco-l20-20260919/c5-native-latest/pr10-retention-overlay-v2/verl_speco/models/eagle/llama_eagle.py:27: UserWarning: flash_attn is not found, falling back to flex_attention. Please install flash_attn if you want to use the flash attention backend.
[36m(SpecoWorker pid=4051707)[0m   warnings.warn(
[36m(SpecoWorker pid=4051708)[0m INFO:2026-09-20 13:52:19,764:Loading EAGLE3 drafter weights from /home/kxqandccx/0z5a/speco-l20-20260919/c5-native-latest/eagle-training-alias (drafter_step=unknown)
[36m(SpecoWorker pid=4051708)[0m Loading weights:   0%|          | 0/15 [00:00<?, ?it/s]Loading weights: 100%|██████████| 15/15 [00:00<00:00, 14433.26it/s]
[36m(SpecoWorker pid=4051707)[0m INFO:2026-09-20 13:52:19,664:Loading EAGLE3 drafter weights from /home/kxqandccx/0z5a/speco-l20-20260919/c5-native-latest/eagle-training-alias (drafter_step=unknown)
[36m(SpecoWorker pid=4051707)[0m Loading weights:   0%|          | 0/15 [00:00<?, ?it/s]Loading weights: 100%|██████████| 15/15 [00:00<00:00, 18836.69it/s]
[36m(WorkerDict pid=4034934)[0m /home/kxqandccx/0z5a/speco-l20-20260919/c5-native-latest/padding-overlay/verl/utils/device.py:146: FutureWarning: torch.cuda._set_allocator_settings is deprecated. Use torch._C._accelerator_setAllocatorSettings instead.
[36m(WorkerDict pid=4034934)[0m   torch.cuda.memory._set_allocator_settings(f"expandable_segments:{enable}")
[36m(WorkerDict pid=4034933)[0m /home/kxqandccx/0z5a/speco-l20-20260919/c5-native-latest/padding-overlay/verl/utils/device.py:146: FutureWarning: torch.cuda._set_allocator_settings is deprecated. Use torch._C._accelerator_setAllocatorSettings instead.
[36m(WorkerDict pid=4034933)[0m   torch.cuda.memory._set_allocator_settings(f"expandable_segments:{enable}")
[36m(SpecoTaskRunner pid=4031793)[0m Training Progress:   0%|          | 0/20 [00:00<?, ?it/s]
[36m(AgentLoopWorker pid=4051691)[0m W0920 13:52:38.161000 4051691 torch/utils/cpp_extension.py:178] No CUDA runtime is found, using CUDA_HOME='/usr/local/cuda'
[36m(AgentLoopWorker pid=4051693)[0m W0920 13:52:38.187000 4051693 torch/utils/cpp_extension.py:178] No CUDA runtime is found, using CUDA_HOME='/usr/local/cuda'
[36m(AgentLoopWorker pid=4051693)[0m WARNING:2026-09-20 13:52:41,166:[pr10 audit] runtime_source=/home/kxqandccx/0z5a/speco-l20-20260919/c5-native-latest/pr10-retention-overlay-v2/verl_speco/integration/vllm_runtime.py pid=4051693
[36m(AgentLoopWorker pid=4051691)[0m WARNING:2026-09-20 13:52:41,244:[pr10 audit] runtime_source=/home/kxqandccx/0z5a/speco-l20-20260919/c5-native-latest/pr10-retention-overlay-v2/verl_speco/integration/vllm_runtime.py pid=4051691
[36m(SpecoTaskRunner pid=4031793)[0m W0920 13:52:45.223000 4031793 torch/fx/_symbolic_trace.py:56] is_fx_tracing will return true for both fx.symbolic_trace and torch.export. Please use is_fx_tracing_symbolic_tracing() for specifically fx.symbolic_trace or torch.compiler.is_compiling() for specifically torch.export/compile.
[36m(WorkerDict pid=4034934)[0m [rank1]:W0920 13:52:47.285000 4034934 torch/fx/_symbolic_trace.py:56] is_fx_tracing will return true for both fx.symbolic_trace and torch.export. Please use is_fx_tracing_symbolic_tracing() for specifically fx.symbolic_trace or torch.compiler.is_compiling() for specifically torch.export/compile.
[36m(WorkerDict pid=4034933)[0m [rank0]:W0920 13:52:47.285000 4034933 torch/fx/_symbolic_trace.py:56] is_fx_tracing will return true for both fx.symbolic_trace and torch.export. Please use is_fx_tracing_symbolic_tracing() for specifically fx.symbolic_trace or torch.compiler.is_compiling() for specifically torch.export/compile.
[36m(SpecoWorker pid=4051707)[0m Using blocking ray.get inside async actor. This blocks the event loop. Please use `await` on object ref with asyncio.gather if you want to yield execution to the event loop instead.
[36m(SpecoWorker pid=4051708)[0m Using blocking ray.get inside async actor. This blocks the event loop. Please use `await` on object ref with asyncio.gather if you want to yield execution to the event loop instead.
[36m(SpecoWorker pid=4051707)[0m INFO:2026-09-20 13:54:04,357:using ttt_length 1, no need to cache hidden states
[36m(SpecoWorker pid=4051708)[0m INFO:2026-09-20 13:54:04,357:using ttt_length 1, no need to cache hidden states
[36m(SpecoWorker pid=4051707)[0m /home/kxqandccx/0z5a/speco-l20-20260919/c5-native-latest/.venv/lib/python3.13/site-packages/torch/distributed/c10d_logger.py:83: FutureWarning: `torch.distributed.all_gather_into_tensor` is deprecated. Please use `torch.distributed.all_gather_single` instead.
[36m(SpecoWorker pid=4051707)[0m   return func(*args, **kwargs)
[36m(SpecoWorker pid=4051708)[0m /home/kxqandccx/0z5a/speco-l20-20260919/c5-native-latest/.venv/lib/python3.13/site-packages/torch/distributed/c10d_logger.py:83: FutureWarning: `torch.distributed.all_gather_into_tensor` is deprecated. Please use `torch.distributed.all_gather_single` instead.
[36m(SpecoWorker pid=4051708)[0m   return func(*args, **kwargs)
[36m(SpecoWorker pid=4051707)[0m WARNING:2026-09-20 13:54:31,246:[drafter logits quality] valid_tokens=32 top1_acc=0.218750 top5_acc=0.625000 local_ploss_sum=120.824760 local_tokens=32 per_step=[{'step': 0, 'tokens': 32, 'top1': 0.21875, 'top5': 0.625}]
[36m(SpecoWorker pid=4051708)[0m WARNING:2026-09-20 13:54:31,246:[drafter logits quality] valid_tokens=32 top1_acc=0.218750 top5_acc=0.625000 local_ploss_sum=120.824760 local_tokens=32 per_step=[{'step': 0, 'tokens': 32, 'top1': 0.21875, 'top5': 0.625}]
[36m(SpecoWorker pid=4051707)[0m /home/kxqandccx/0z5a/speco-l20-20260919/c5-native-latest/.venv/lib/python3.13/site-packages/torch/autograd/graph.py:979: UserWarning: c10d::allreduce_: an autograd kernel was not registered to the Autograd key(s) but we are trying to backprop through it. This may lead to silently incorrect behavior. This behavior is deprecated and will be removed in a future version of PyTorch. If your operator is differentiable, please ensure you have registered an autograd kernel to the correct Autograd key (e.g. DispatchKey::Autograd, DispatchKey::CompositeImplicitAutograd). If your operator is not differentiable, or to squash this warning and use the previous behavior, please register torch::CppFunction::makeFallthrough() to DispatchKey::Autograd. (Triggered internally at /__w/pytorch/pytorch/torch/csrc/autograd/autograd_not_implemented_fallback.cpp:76.)
[36m(SpecoWorker pid=4051707)[0m   return Variable._execution_engine.run_backward(  # Calls into the C++ engine to run the backward pass
[36m(SpecoWorker pid=4051708)[0m /home/kxqandccx/0z5a/speco-l20-20260919/c5-native-latest/.venv/lib/python3.13/site-packages/torch/autograd/graph.py:979: UserWarning: c10d::allreduce_: an autograd kernel was not registered to the Autograd key(s) but we are trying to backprop through it. This may lead to silently incorrect behavior. This behavior is deprecated and will be removed in a future version of PyTorch. If your operator is differentiable, please ensure you have registered an autograd kernel to the correct Autograd key (e.g. DispatchKey::Autograd, DispatchKey::CompositeImplicitAutograd). If your operator is not differentiable, or to squash this warning and use the previous behavior, please register torch::CppFunction::makeFallthrough() to DispatchKey::Autograd. (Triggered internally at /__w/pytorch/pytorch/torch/csrc/autograd/autograd_not_implemented_fallback.cpp:76.)
[36m(SpecoWorker pid=4051708)[0m   return Variable._execution_engine.run_backward(  # Calls into the C++ engine to run the backward pass
[36m(SpecoWorker pid=4051708)[0m WARNING:2026-09-20 13:54:35,171:[drafter loss] step=1 loss=3.7758 vloss=0.0000 ploss=3.7758
[36m(SpecoWorker pid=4051707)[0m WARNING:2026-09-20 13:54:35,148:[drafter loss] step=1 loss=3.7758 vloss=0.0000 ploss=3.7758
[36m(WorkerDict pid=4034934)[0m Using blocking ray.get inside async actor. This blocks the event loop. Please use `await` on object ref with asyncio.gather if you want to yield execution to the event loop instead.
[36m(WorkerDict pid=4034933)[0m Using blocking ray.get inside async actor. This blocks the event loop. Please use `await` on object ref with asyncio.gather if you want to yield execution to the event loop instead.

[36m(SpecoVLLMHttpServer pid=4041845)[0m (Worker pid=4047781) WARNING 09-20 13:51:35 [symm_mem.py:67] SymmMemCommunicator: Device capability 8.9 not supported, communicator is not available.
[36m(SpecoVLLMHttpServer pid=4041845)[0m (Worker pid=4047780) WARNING 09-20 13:51:35 [symm_mem.py:67] SymmMemCommunicator: Device capability 8.9 not supported, communicator is not available.
[36m(SpecoVLLMHttpServer pid=4041845)[0m (Worker pid=4047780) WARNING 09-20 13:51:35 [flashinfer_all_reduce.py:383] FlashInfer All Reduce is disabled because it is not supported for world_size=2.
[36m(SpecoVLLMHttpServer pid=4041845)[0m (Worker pid=4047781) WARNING 09-20 13:51:35 [flashinfer_all_reduce.py:383] FlashInfer All Reduce is disabled because it is not supported for world_size=2.
[36m(SpecoVLLMHttpServer pid=4041845)[0m (Worker pid=4047780) WARNING 09-20 13:51:37 [__init__.py:205] min_p and logit_bias parameters won't work with speculative decoding.
[36m(SpecoVLLMHttpServer pid=4041845)[0m (Worker pid=4047781) WARNING 09-20 13:51:37 [__init__.py:205] min_p and logit_bias parameters won't work with speculative decoding.
[36m(SpecoVLLMHttpServer pid=4041845)[0m (Worker_TP0 pid=4047780) WARNING 09-20 13:51:40 [vllm.py:1371] Enforce eager set, disabling torch.compile and CUDAGraphs. This is equivalent to setting -cc.mode=none -cc.cudagraph_mode=none
[36m(SpecoVLLMHttpServer pid=4041845)[0m (Worker_TP0 pid=4047780) WARNING 09-20 13:51:40 [vllm.py:1406] Inductor compilation was disabled by user settings, optimizations settings that are only active during inductor compilation will be ignored.
[36m(SpecoVLLMHttpServer pid=4041845)[0m (Worker_TP0 pid=4047780) WARNING 09-20 13:51:40 [vllm.py:1924] max_num_scheduled_tokens is set to 256 based on the speculative decoding settings. This may lead to suboptimal performance. Consider increasing max_num_batched_tokens to accommodate the additional draft token slots, or decrease num_speculative_tokens.
[36m(SpecoVLLMHttpServer pid=4041845)[0m (EngineCore pid=4046087) WARNING 09-20 13:51:41 [torch_utils.py:265] OMP_NUM_THREADS=4 is set; leaving Torch threads at 4 for serving. Multi-threaded torch CPU ops during serving can degrade performance through spin-wait contention and cgroup CPU-quota throttling.
[36m(SpecoVLLMHttpServer pid=4041845)[0m (Worker_TP0 pid=4047780) WARNING 09-20 13:51:46 [torch_utils.py:265] OMP_NUM_THREADS=4 is set; leaving Torch threads at 4 for serving. Multi-threaded torch CPU ops during serving can degrade performance through spin-wait contention and cgroup CPU-quota throttling.
[36m(SpecoVLLMHttpServer pid=4041845)[0m (EngineCore pid=4046087) WARNING 09-20 13:51:47 [vllm.py:1371] Enforce eager set, disabling torch.compile and CUDAGraphs. This is equivalent to setting -cc.mode=none -cc.cudagraph_mode=none
[36m(SpecoVLLMHttpServer pid=4041845)[0m (EngineCore pid=4046087) WARNING 09-20 13:51:48 [vllm.py:1406] Inductor compilation was disabled by user settings, optimizations settings that are only active during inductor compilation will be ignored.
[36m(SpecoVLLMHttpServer pid=4041845)[0m (EngineCore pid=4046087) WARNING 09-20 13:51:48 [vllm.py:1924] max_num_scheduled_tokens is set to 256 based on the speculative decoding settings. This may lead to suboptimal performance. Consider increasing max_num_batched_tokens to accommodate the additional draft token slots, or decrease num_speculative_tokens.
[36m(SpecoVLLMHttpServer pid=4041845)[0m WARNING 09-20 13:51:48 [api_router.py:28] LoRA dynamic loading & unloading is enabled in the API server. This should ONLY be used for local development!
[36m(SpecoVLLMHttpServer pid=4041845)[0m WARNING 09-20 13:51:49 [model.py:1759] Default vLLM sampling parameters have been overridden by the model's `generation_config.json`: `{'repetition_penalty': 1.0, 'temperature': 1.0, 'top_k': -1, 'top_p': 1, 'max_tokens': 64}`. If this is not intended, please relaunch vLLM instance with `--generation-config vllm`.
[36m(SpecoTaskRunner pid=4031793)[0m LLMServerManager: ['172.23.255.114:39679']
[36m(AgentLoopWorker pid=4051693)[0m Using dataset class: RLHFDataset
[36m(AgentLoopWorker pid=4051691)[0m Using dataset class: RLHFDataset
[36m(SpecoWorker pid=4051708)[0m Set draft model tie_word_embeddings to False
[36m(SpecoWorker pid=4051707)[0m Set draft model tie_word_embeddings to False
[36m(SpecoTaskRunner pid=4031793)[0m Checkpoint tracker file does not exist: /home/kxqandccx/0z5a/speco-l20-20260919/c5-native-latest/evidence/full-e2e/checkpoints-eagle-pr10/latest_checkpointed_iteration.txt
[36m(SpecoTaskRunner pid=4031793)[0m Training from scratch
[36m(SpecoVLLMHttpServer pid=4041845)[0m WARNING 09-20 13:52:41 [input_processor.py:315] Passing raw prompts to InputProcessor is deprecated and will be removed in the future. You should instead pass the outputs of Renderer.render_cmpl() or Renderer.render_chat().
[36m(SpecoVLLMHttpServer pid=4041845)[0m (Worker_TP0 pid=4047780) WARNING 09-20 13:52:41 [jit_monitor.py:141] Triton kernel JIT compilation during inference: eagle_prepare_next_token_padded_kernel. This causes a latency spike; consider extending warmup to cover this shape/config.
[36m(SpecoVLLMHttpServer pid=4041845)[0m (Worker_TP0 pid=4047780) WARNING 09-20 13:52:41 [jit_monitor.py:141] Triton kernel JIT compilation during inference: eagle_step_slot_mapping_metadata_kernel. This causes a latency spike; consider extending warmup to cover this shape/config.
[36m(SpecoVLLMHttpServer pid=4041845)[0m (Worker_TP0 pid=4047780) WARNING 09-20 13:52:42 [jit_monitor.py:141] Triton kernel JIT compilation during inference: eagle_prepare_inputs_padded_kernel. This causes a latency spike; consider extending warmup to cover this shape/config.
[36m(SpecoTaskRunner pid=4031793)[0m step:1 - global_seqlen/min:182 - global_seqlen/max:204 - global_seqlen/minmax_diff:22 - global_seqlen/balanced_min:193 - global_seqlen/balanced_max:193 - global_seqlen/mean:193.0 - actor/entropy:0.0 - perf/mfu/actor_infer:0.00032103258804218527 - actor/pg_clipfrac:np.float64(0.0) - actor/ppo_kl:np.float64(0.0) - actor/pg_clipfrac_lower:np.float64(0.0) - actor/pg_loss:np.float64(0.0) - actor/loss:np.float64(0.0) - actor/grad_norm:np.float64(19.875) - actor/lr:np.float64(1e-06) - actor/perf/max_memory_allocated_gb:np.float64(18.74706220626831) - actor/perf/max_memory_reserved_gb:np.float64(21.056640625) - actor/perf/cpu_memory_used_gb:np.float64(207.9171257019043) - perf/mfu/actor:np.float64(0.00323027416993944) - drafter/raw_drafter_samples:np.float64(4.0) - drafter/collected_samples:np.float64(2.0) - drafter/collect_interval_matched:np.float64(1.0) - drafter/train_interval_matched:np.float64(1.0) - drafter/target_lm_head_synced:np.float64(1.0) - drafter/target_lm_head_selected_rows:np.float64(32000.0) - drafter/target_lm_head_source_vocab_size:np.float64(151936.0) - drafter/target_lm_head_direct_sparse_export:np.float64(0.0) - timing_s/drafter_sync_target_lm_head:np.float64(6.215132485987851) - timing_s/drafter_sync_target_lm_head_fetch:np.float64(5.52855305900448) - timing_s/drafter_sync_target_lm_head_apply:np.float64(0.6641164109896636) - drafter/trained:np.float64(1.0) - drafter/train_successful_steps_max:np.int64(1) - drafter/train_no_trainable_batch:np.float64(0.0) - drafter/train_activation_failed:np.float64(0.0) - timing_s/drafter_prepare_batch:np.float64(0.1275174617767334) - timing_s/drafter_forward_loss:np.float64(27.089718103408813) - timing_s/drafter_reduce_loss:np.float64(0.004690408706665039) - timing_s/drafter_backward:np.float64(3.3820383548736572) - timing_s/drafter_optimizer:np.float64(2.465552806854248) - timing_s/drafter_publish_snapshot:np.float64(0.8499321937561035) - timing_s/drafter_worker_activation:np.float64(0.8156907558441162) - timing_s/drafter_worker_training_loop:np.float64(30.978148698806763) - timing_s/drafter_worker_cleanup:np.float64(2.6054325103759766) - timing_s/drafter_worker_elapsed:np.float64(34.43147087097168) - timing_s/drafter_train_rpc:np.float64(34.43635360299959) - timing_s/drafter_outer_unaccounted:np.float64(0.024819308004225604) - drafter/publish_attempted:np.float64(1.0) - timing_s/drafter_publish_wait_pending:np.float64(5.194000550545752e-06) - timing_s/drafter_publish_fetch_snapshot:np.float64(0.6383006819960428) - drafter/published:np.float64(1.0) - timing_s/drafter_publish_update_weights:np.float64(0.0015027020126581192) - training/global_step:1 - training/epoch:0 - critic/score/mean:0.750090479850769 - critic/score/max:1.0000962018966675 - critic/score/min:8.928571332944557e-05 - critic/rewards/mean:0.750090479850769 - critic/rewards/max:1.0000962018966675 - critic/rewards/min:8.928571332944557e-05 - critic/advantages/mean:0.0 - critic/advantages/max:0.7071057558059692 - critic/advantages/min:-0.7071057558059692 - critic/returns/mean:0.0 - critic/returns/max:0.7071057558059692 - critic/returns/min:-0.7071057558059692 - response_length/mean:58.5 - response_length/max:64.0 - response_length/min:53.0 - response_length/clip_ratio:0.5 - response_length_non_aborted/mean:58.5 - response_length_non_aborted/max:64.0 - response_length_non_aborted/min:53.0 - response_length_non_aborted/clip_ratio:0.5 - response/aborted_ratio:0.0 - prompt_length/mean:38.0 - prompt_length/max:38.0 - prompt_length/min:38.0 - prompt_length/clip_ratio:0.0 - num_turns/min:np.int32(2) - num_turns/max:np.int32(2) - num_turns/mean:np.float64(2.0) - timing_s/start_profile:0.0004933520103804767 - timing_s/agent_loop/num_preempted/min:np.int64(-1) - timing_s/agent_loop/num_preempted/max:np.int64(-1) - timing_s/agent_loop/num_preempted/mean:np.float64(-1.0) - timing_s/agent_loop/generate_sequences/min:np.float64(8.951653095995425) - timing_s/agent_loop/generate_sequences/max:np.float64(9.733784552998259) - timing_s/agent_loop/generate_sequences/mean:np.float64(9.231506750995322) - timing_s/agent_loop/tool_calls/min:np.float64(0.0) - timing_s/agent_loop/tool_calls/max:np.float64(0.0) - timing_s/agent_loop/tool_calls/mean:np.float64(0.0) - timing_s/agent_loop/compute_score/min:np.float64(0.010466365987667814) - timing_s/agent_loop/compute_score/max:np.float64(0.7797959780000383) - timing_s/agent_loop/compute_score/mean:np.float64(0.5066074667447538) - timing_s/agent_loop/slowest/generate_sequences:np.float64(9.733784552998259) - timing_s/agent_loop/slowest/tool_calls:np.float64(0.0) - timing_s/agent_loop/slowest/compute_score:np.float64(0.010466365987667814) - timing_s/agent_loop/slowest/num_preempted:np.int64(-1) - timing_s/agent_loop/slowest/prompt_length:38 - timing_s/agent_loop/slowest/response_length:64 - timing_s/gen:9.944261205004295 - timing_s/reward:5.430598685052246e-05 - timing_s/old_log_prob:49.14894303098845 - timing_s/adv:0.002549526994698681 - timing_s/update_actor:22.785821322017 - timing_s/drafter:40.676305396991665 - drafter/spec_decode/mean_acceptance_length:1.0 - timing_s/update_weights:7.372879371003364 - timing_s/step:129.94407664099708 - timing_s/stop_profile:0.00011697100126184523 - timing_per_token_ms/gen:42.49684275642861 - timing_per_token_ms/update_actor:59.03062518657254 - timing_per_token_ms/adv:0.006604992214245288 - perf/total_num_tokens:386 - perf/time_per_step:129.94407664099708 - perf/throughput:1.4852543108464316[36m(SpecoTaskRunner pid=4031793)[0m Training Progress:   5%|▌         | 1/20 [02:10<41:15, 130.27s/it]
[36m(WorkerDict pid=4034934)[0m WARNING:2026-09-20 13:54:45,594:[speco publish materialize] async=True global_steps=1 elapsed_sec=0.393 num_weights=13

[36m(SpecoVLLMHttpServer pid=4041845)[0m (Worker_TP0 pid=4047780) ERROR 09-20 13:54:45 [multiproc_executor.py:1055] WorkerProc hit an exception.
[36m(SpecoVLLMHttpServer pid=4041845)[0m (Worker_TP0 pid=4047780) ERROR 09-20 13:54:45 [multiproc_executor.py:1055] Traceback (most recent call last):
[36m(SpecoVLLMHttpServer pid=4041845)[0m (Worker_TP0 pid=4047780) ERROR 09-20 13:54:45 [multiproc_executor.py:1055]   File "/home/kxqandccx/0z5a/speco-l20-20260919/c5-native-latest/public-loader-overlay/vllm/v1/executor/multiproc_executor.py", line 1047, in _execute_worker_rpc
[36m(SpecoVLLMHttpServer pid=4041845)[0m (Worker_TP0 pid=4047780) ERROR 09-20 13:54:45 [multiproc_executor.py:1055]     output = func(*args, **kwargs)
[36m(SpecoVLLMHttpServer pid=4041845)[0m (Worker_TP0 pid=4047780) ERROR 09-20 13:54:45 [multiproc_executor.py:1055]   File "/home/kxqandccx/0z5a/speco-l20-20260919/c5-native-latest/pr10-retention-overlay-v2/verl_speco/integration/vllm_runtime.py", line 1177, in update_draft_weights_from_ipc
[36m(SpecoVLLMHttpServer pid=4041845)[0m (Worker_TP0 pid=4047780) ERROR 09-20 13:54:45 [multiproc_executor.py:1055]     receiver.receive_weights(on_bucket_received=on_bucket_received)
[36m(SpecoVLLMHttpServer pid=4041845)[0m (Worker_TP0 pid=4047780) ERROR 09-20 13:54:45 [multiproc_executor.py:1055]     ~~~~~~~~~~~~~~~~~~~~~~~~^^^^^^^^^^^^^^^^^^^^^^^^^^^^^^^^^^^^^^^
[36m(SpecoVLLMHttpServer pid=4041845)[0m (Worker_TP0 pid=4047780) ERROR 09-20 13:54:45 [multiproc_executor.py:1055]   File "/home/kxqandccx/0z5a/speco-l20-20260919/c5-native-latest/padding-overlay/verl/workers/rollout/vllm_rollout/bucketed_weight_transfer.py", line 270, in receive_weights
[36m(SpecoVLLMHttpServer pid=4041845)[0m (Worker_TP0 pid=4047780) ERROR 09-20 13:54:45 [multiproc_executor.py:1055]     self._init_buffer()
[36m(SpecoVLLMHttpServer pid=4041845)[0m (Worker_TP0 pid=4047780) ERROR 09-20 13:54:45 [multiproc_executor.py:1055]     ~~~~~~~~~~~~~~~~~^^
[36m(SpecoVLLMHttpServer pid=4041845)[0m (Worker_TP0 pid=4047780) ERROR 09-20 13:54:45 [multiproc_executor.py:1055]   File "/home/kxqandccx/0z5a/speco-l20-20260919/c5-native-latest/padding-overlay/verl/workers/rollout/vllm_rollout/bucketed_weight_transfer.py", line 307, in _init_buffer
[36m(SpecoVLLMHttpServer pid=4041845)[0m (Worker_TP0 pid=4047780) ERROR 09-20 13:54:45 [multiproc_executor.py:1055]     buffer = rebuild_ipc(handle, self.device.index)
[36m(SpecoVLLMHttpServer pid=4041845)[0m (Worker_TP0 pid=4047780) ERROR 09-20 13:54:45 [multiproc_executor.py:1055]   File "/home/kxqandccx/0z5a/speco-l20-20260919/c5-native-latest/pr10-retention-overlay-v2/verl_speco/integration/vllm_runtime.py", line 153, in _speco_rebuild_ipc_compat
[36m(SpecoVLLMHttpServer pid=4041845)[0m (Worker_TP0 pid=4047780) ERROR 09-20 13:54:45 [multiproc_executor.py:1055]     return _resolve_torch_rebuild_func(func)(*list_args)
[36m(SpecoVLLMHttpServer pid=4041845)[0m (Worker_TP0 pid=4047780) ERROR 09-20 13:54:45 [multiproc_executor.py:1055]            ~~~~~~~~~~~~~~~~~~~~~~~~~~~~~~~~~^^^^^^^^^^^^
[36m(SpecoVLLMHttpServer pid=4041845)[0m (Worker_TP0 pid=4047780) ERROR 09-20 13:54:45 [multiproc_executor.py:1055]   File "/home/kxqandccx/0z5a/speco-l20-20260919/c5-native-latest/.venv/lib/python3.13/site-packages/torch/multiprocessing/reductions.py", line 179, in rebuild_cuda_tensor
[36m(SpecoVLLMHttpServer pid=4041845)[0m (Worker_TP0 pid=4047780) ERROR 09-20 13:54:45 [multiproc_executor.py:1055]     storage = storage_cls._new_shared_cuda(
[36m(SpecoVLLMHttpServer pid=4041845)[0m (Worker_TP0 pid=4047780) ERROR 09-20 13:54:45 [multiproc_executor.py:1055]         storage_device,
[36m(SpecoVLLMHttpServer pid=4041845)[0m (Worker_TP0 pid=4047780) ERROR 09-20 13:54:45 [multiproc_executor.py:1055]     ...<6 lines>...
[36m(SpecoVLLMHttpServer pid=4041845)[0m (Worker_TP0 pid=4047780) ERROR 09-20 13:54:45 [multiproc_executor.py:1055]         event_sync_required,
[36m(SpecoVLLMHttpServer pid=4041845)[0m (Worker_TP0 pid=4047780) ERROR 09-20 13:54:45 [multiproc_executor.py:1055]     )
[36m(SpecoVLLMHttpServer pid=4041845)[0m (Worker_TP0 pid=4047780) ERROR 09-20 13:54:45 [multiproc_executor.py:1055]   File "/home/kxqandccx/0z5a/speco-l20-20260919/c5-native-latest/.venv/lib/python3.13/site-packages/torch/storage.py", line 1464, in _new_shared_cuda
[36m(SpecoVLLMHttpServer pid=4041845)[0m (Worker_TP0 pid=4047780) ERROR 09-20 13:54:45 [multiproc_executor.py:1055]     return torch.UntypedStorage._new_shared_cuda(*args, **kwargs)
[36m(SpecoVLLMHttpServer pid=4041845)[0m (Worker_TP0 pid=4047780) ERROR 09-20 13:54:45 [multiproc_executor.py:1055]            ~~~~~~~~~~~~~~~~~~~~~~~~~~~~~~~~~~~~~^^^^^^^^^^^^^^^^^
[36m(SpecoVLLMHttpServer pid=4041845)[0m (Worker_TP0 pid=4047780) ERROR 09-20 13:54:45 [multiproc_executor.py:1055] RuntimeError: pidfd_getfd: Operation not permitted
[36m(SpecoVLLMHttpServer pid=4041845)[0m (Worker_TP0 pid=4047780) ERROR 09-20 13:54:45 [multiproc_executor.py:1055] Traceback (most recent call last):
[36m(SpecoVLLMHttpServer pid=4041845)[0m (Worker_TP0 pid=4047780) ERROR 09-20 13:54:45 [multiproc_executor.py:1055]   File "/home/kxqandccx/0z5a/speco-l20-20260919/c5-native-latest/public-loader-overlay/vllm/v1/executor/multiproc_executor.py", line 1047, in _execute_worker_rpc
[36m(SpecoVLLMHttpServer pid=4041845)[0m (Worker_TP0 pid=4047780) ERROR 09-20 13:54:45 [multiproc_executor.py:1055]     output = func(*args, **kwargs)
[36m(SpecoVLLMHttpServer pid=4041845)[0m (Worker_TP0 pid=4047780) ERROR 09-20 13:54:45 [multiproc_executor.py:1055]   File "/home/kxqandccx/0z5a/speco-l20-20260919/c5-native-latest/pr10-retention-overlay-v2/verl_speco/integration/vllm_runtime.py", line 1177, in update_draft_weights_from_ipc
[36m(SpecoVLLMHttpServer pid=4041845)[0m (Worker_TP0 pid=4047780) ERROR 09-20 13:54:45 [multiproc_executor.py:1055]     receiver.receive_weights(on_bucket_received=on_bucket_received)
[36m(SpecoVLLMHttpServer pid=4041845)[0m (Worker_TP0 pid=4047780) ERROR 09-20 13:54:45 [multiproc_executor.py:1055]     ~~~~~~~~~~~~~~~~~~~~~~~~^^^^^^^^^^^^^^^^^^^^^^^^^^^^^^^^^^^^^^^
[36m(SpecoVLLMHttpServer pid=4041845)[0m (Worker_TP0 pid=4047780) ERROR 09-20 13:54:45 [multiproc_executor.py:1055]   File "/home/kxqandccx/0z5a/speco-l20-20260919/c5-native-latest/padding-overlay/verl/workers/rollout/vllm_rollout/bucketed_weight_transfer.py", line 270, in receive_weights
[36m(SpecoVLLMHttpServer pid=4041845)[0m (Worker_TP0 pid=4047780) ERROR 09-20 13:54:45 [multiproc_executor.py:1055]     self._init_buffer()
[36m(SpecoVLLMHttpServer pid=4041845)[0m (Worker_TP0 pid=4047780) ERROR 09-20 13:54:45 [multiproc_executor.py:1055]     ~~~~~~~~~~~~~~~~~^^
[36m(SpecoVLLMHttpServer pid=4041845)[0m (Worker_TP0 pid=4047780) ERROR 09-20 13:54:45 [multiproc_executor.py:1055]   File "/home/kxqandccx/0z5a/speco-l20-20260919/c5-native-latest/padding-overlay/verl/workers/rollout/vllm_rollout/bucketed_weight_transfer.py", line 307, in _init_buffer
[36m(SpecoVLLMHttpServer pid=4041845)[0m (Worker_TP0 pid=4047780) ERROR 09-20 13:54:45 [multiproc_executor.py:1055]     buffer = rebuild_ipc(handle, self.device.index)
[36m(SpecoVLLMHttpServer pid=4041845)[0m (Worker_TP0 pid=4047780) ERROR 09-20 13:54:45 [multiproc_executor.py:1055]   File "/home/kxqandccx/0z5a/speco-l20-20260919/c5-native-latest/pr10-retention-overlay-v2/verl_speco/integration/vllm_runtime.py", line 153, in _speco_rebuild_ipc_compat
[36m(SpecoVLLMHttpServer pid=4041845)[0m (Worker_TP0 pid=4047780) ERROR 09-20 13:54:45 [multiproc_executor.py:1055]     return _resolve_torch_rebuild_func(func)(*list_args)
[36m(SpecoVLLMHttpServer pid=4041845)[0m (Worker_TP0 pid=4047780) ERROR 09-20 13:54:45 [multiproc_executor.py:1055]            ~~~~~~~~~~~~~~~~~~~~~~~~~~~~~~~~~^^^^^^^^^^^^
[36m(SpecoVLLMHttpServer pid=4041845)[0m (Worker_TP0 pid=4047780) ERROR 09-20 13:54:45 [multiproc_executor.py:1055]   File "/home/kxqandccx/0z5a/speco-l20-20260919/c5-native-latest/.venv/lib/python3.13/site-packages/torch/multiprocessing/reductions.py", line 179, in rebuild_cuda_tensor
[36m(SpecoVLLMHttpServer pid=4041845)[0m (Worker_TP0 pid=4047780) ERROR 09-20 13:54:45 [multiproc_executor.py:1055]     storage = storage_cls._new_shared_cuda(
[36m(SpecoVLLMHttpServer pid=4041845)[0m (Worker_TP0 pid=4047780) ERROR 09-20 13:54:45 [multiproc_executor.py:1055]         storage_device,
[36m(SpecoVLLMHttpServer pid=4041845)[0m (Worker_TP0 pid=4047780) ERROR 09-20 13:54:45 [multiproc_executor.py:1055]     ...<6 lines>...
[36m(SpecoVLLMHttpServer pid=4041845)[0m (Worker_TP0 pid=4047780) ERROR 09-20 13:54:45 [multiproc_executor.py:1055]         event_sync_required,
[36m(SpecoVLLMHttpServer pid=4041845)[0m (Worker_TP0 pid=4047780) ERROR 09-20 13:54:45 [multiproc_executor.py:1055]     )
[36m(SpecoVLLMHttpServer pid=4041845)[0m (Worker_TP0 pid=4047780) ERROR 09-20 13:54:45 [multiproc_executor.py:1055]   File "/home/kxqandccx/0z5a/speco-l20-20260919/c5-native-latest/.venv/lib/python3.13/site-packages/torch/storage.py", line 1464, in _new_shared_cuda
[36m(SpecoVLLMHttpServer pid=4041845)[0m (Worker_TP0 pid=4047780) ERROR 09-20 13:54:45 [multiproc_executor.py:1055]     return torch.UntypedStorage._new_shared_cuda(*args, **kwargs)
[36m(SpecoVLLMHttpServer pid=4041845)[0m (Worker_TP0 pid=4047780) ERROR 09-20 13:54:45 [multiproc_executor.py:1055]            ~~~~~~~~~~~~~~~~~~~~~~~~~~~~~~~~~~~~~^^^^^^^^^^^^^^^^^
[36m(SpecoVLLMHttpServer pid=4041845)[0m (Worker_TP0 pid=4047780) ERROR 09-20 13:54:45 [multiproc_executor.py:1055] RuntimeError: pidfd_getfd: Operation not permitted
[36m(SpecoVLLMHttpServer pid=4041845)[0m (Worker_TP0 pid=4047780) ERROR 09-20 13:54:45 [multiproc_executor.py:1055] 
[36m(SpecoVLLMHttpServer pid=4041845)[0m (Worker_TP1 pid=4047781) ERROR 09-20 13:54:45 [multiproc_executor.py:1055] WorkerProc hit an exception.
[36m(SpecoVLLMHttpServer pid=4041845)[0m (Worker_TP1 pid=4047781) ERROR 09-20 13:54:45 [multiproc_executor.py:1055] Traceback (most recent call last):
[36m(SpecoVLLMHttpServer pid=4041845)[0m (Worker_TP1 pid=4047781) ERROR 09-20 13:54:45 [multiproc_executor.py:1055]   File "/home/kxqandccx/0z5a/speco-l20-20260919/c5-native-latest/public-loader-overlay/vllm/v1/executor/multiproc_executor.py", line 1047, in _execute_worker_rpc
[36m(SpecoVLLMHttpServer pid=4041845)[0m (Worker_TP1 pid=4047781) ERROR 09-20 13:54:45 [multiproc_executor.py:1055]     output = func(*args, **kwargs)
[36m(SpecoVLLMHttpServer pid=4041845)[0m (Worker_TP1 pid=4047781) ERROR 09-20 13:54:45 [multiproc_executor.py:1055]   File "/home/kxqandccx/0z5a/speco-l20-20260919/c5-native-latest/pr10-retention-overlay-v2/verl_speco/integration/vllm_runtime.py", line 1177, in update_draft_weights_from_ipc
[36m(SpecoVLLMHttpServer pid=4041845)[0m (Worker_TP1 pid=4047781) ERROR 09-20 13:54:45 [multiproc_executor.py:1055]     receiver.receive_weights(on_bucket_received=on_bucket_received)
[36m(SpecoVLLMHttpServer pid=4041845)[0m (Worker_TP1 pid=4047781) ERROR 09-20 13:54:45 [multiproc_executor.py:1055]     ~~~~~~~~~~~~~~~~~~~~~~~~^^^^^^^^^^^^^^^^^^^^^^^^^^^^^^^^^^^^^^^
[36m(SpecoVLLMHttpServer pid=4041845)[0m (Worker_TP1 pid=4047781) ERROR 09-20 13:54:45 [multiproc_executor.py:1055]   File "/home/kxqandccx/0z5a/speco-l20-20260919/c5-native-latest/padding-overlay/verl/workers/rollout/vllm_rollout/bucketed_weight_transfer.py", line 270, in receive_weights
[36m(SpecoVLLMHttpServer pid=4041845)[0m (Worker_TP1 pid=4047781) ERROR 09-20 13:54:45 [multiproc_executor.py:1055]     self._init_buffer()
[36m(SpecoVLLMHttpServer pid=4041845)[0m (Worker_TP1 pid=4047781) ERROR 09-20 13:54:45 [multiproc_executor.py:1055]     ~~~~~~~~~~~~~~~~~^^
[36m(SpecoVLLMHttpServer pid=4041845)[0m (Worker_TP1 pid=4047781) ERROR 09-20 13:54:45 [multiproc_executor.py:1055]   File "/home/kxqandccx/0z5a/speco-l20-20260919/c5-native-latest/padding-overlay/verl/workers/rollout/vllm_rollout/bucketed_weight_transfer.py", line 307, in _init_buffer
[36m(SpecoVLLMHttpServer pid=4041845)[0m (Worker_TP1 pid=4047781) ERROR 09-20 13:54:45 [multiproc_executor.py:1055]     buffer = rebuild_ipc(handle, self.device.index)
[36m(SpecoVLLMHttpServer pid=4041845)[0m (Worker_TP1 pid=4047781) ERROR 09-20 13:54:45 [multiproc_executor.py:1055]   File "/home/kxqandccx/0z5a/speco-l20-20260919/c5-native-latest/pr10-retention-overlay-v2/verl_speco/integration/vllm_runtime.py", line 153, in _speco_rebuild_ipc_compat
[36m(SpecoVLLMHttpServer pid=4041845)[0m (Worker_TP1 pid=4047781) ERROR 09-20 13:54:45 [multiproc_executor.py:1055]     return _resolve_torch_rebuild_func(func)(*list_args)
[36m(SpecoVLLMHttpServer pid=4041845)[0m (Worker_TP1 pid=4047781) ERROR 09-20 13:54:45 [multiproc_executor.py:1055]            ~~~~~~~~~~~~~~~~~~~~~~~~~~~~~~~~~^^^^^^^^^^^^
[36m(SpecoVLLMHttpServer pid=4041845)[0m (Worker_TP1 pid=4047781) ERROR 09-20 13:54:45 [multiproc_executor.py:1055]   File "/home/kxqandccx/0z5a/speco-l20-20260919/c5-native-latest/.venv/lib/python3.13/site-packages/torch/multiprocessing/reductions.py", line 179, in rebuild_cuda_tensor
[36m(SpecoVLLMHttpServer pid=4041845)[0m (Worker_TP1 pid=4047781) ERROR 09-20 13:54:45 [multiproc_executor.py:1055]     storage = storage_cls._new_shared_cuda(
[36m(SpecoVLLMHttpServer pid=4041845)[0m (Worker_TP1 pid=4047781) ERROR 09-20 13:54:45 [multiproc_executor.py:1055]         storage_device,
[36m(SpecoVLLMHttpServer pid=4041845)[0m (Worker_TP1 pid=4047781) ERROR 09-20 13:54:45 [multiproc_executor.py:1055]     ...<6 lines>...
[36m(SpecoVLLMHttpServer pid=4041845)[0m (Worker_TP1 pid=4047781) ERROR 09-20 13:54:45 [multiproc_executor.py:1055]         event_sync_required,
[36m(SpecoVLLMHttpServer pid=4041845)[0m (Worker_TP1 pid=4047781) ERROR 09-20 13:54:45 [multiproc_executor.py:1055]     )
[36m(SpecoVLLMHttpServer pid=4041845)[0m (Worker_TP1 pid=4047781) ERROR 09-20 13:54:45 [multiproc_executor.py:1055]   File "/home/kxqandccx/0z5a/speco-l20-20260919/c5-native-latest/.venv/lib/python3.13/site-packages/torch/storage.py", line 1464, in _new_shared_cuda
[36m(SpecoVLLMHttpServer pid=4041845)[0m (Worker_TP1 pid=4047781) ERROR 09-20 13:54:45 [multiproc_executor.py:1055]     return torch.UntypedStorage._new_shared_cuda(*args, **kwargs)
[36m(SpecoVLLMHttpServer pid=4041845)[0m (Worker_TP1 pid=4047781) ERROR 09-20 13:54:45 [multiproc_executor.py:1055]            ~~~~~~~~~~~~~~~~~~~~~~~~~~~~~~~~~~~~~^^^^^^^^^^^^^^^^^
[36m(SpecoVLLMHttpServer pid=4041845)[0m (Worker_TP1 pid=4047781) ERROR 09-20 13:54:45 [multiproc_executor.py:1055] RuntimeError: pidfd_getfd: Operation not permitted
[36m(SpecoVLLMHttpServer pid=4041845)[0m (Worker_TP1 pid=4047781) ERROR 09-20 13:54:45 [multiproc_executor.py:1055] Traceback (most recent call last):
[36m(SpecoVLLMHttpServer pid=4041845)[0m (Worker_TP1 pid=4047781) ERROR 09-20 13:54:45 [multiproc_executor.py:1055]   File "/home/kxqandccx/0z5a/speco-l20-20260919/c5-native-latest/public-loader-overlay/vllm/v1/executor/multiproc_executor.py", line 1047, in _execute_worker_rpc
[36m(SpecoVLLMHttpServer pid=4041845)[0m (Worker_TP1 pid=4047781) ERROR 09-20 13:54:45 [multiproc_executor.py:1055]     output = func(*args, **kwargs)
[36m(SpecoVLLMHttpServer pid=4041845)[0m (Worker_TP1 pid=4047781) ERROR 09-20 13:54:45 [multiproc_executor.py:1055]   File "/home/kxqandccx/0z5a/speco-l20-20260919/c5-native-latest/pr10-retention-overlay-v2/verl_speco/integration/vllm_runtime.py", line 1177, in update_draft_weights_from_ipc
[36m(SpecoVLLMHttpServer pid=4041845)[0m (Worker_TP1 pid=4047781) ERROR 09-20 13:54:45 [multiproc_executor.py:1055]     receiver.receive_weights(on_bucket_received=on_bucket_received)
[36m(SpecoVLLMHttpServer pid=4041845)[0m (Worker_TP1 pid=4047781) ERROR 09-20 13:54:45 [multiproc_executor.py:1055]     ~~~~~~~~~~~~~~~~~~~~~~~~^^^^^^^^^^^^^^^^^^^^^^^^^^^^^^^^^^^^^^^
[36m(SpecoVLLMHttpServer pid=4041845)[0m (Worker_TP1 pid=4047781) ERROR 09-20 13:54:45 [multiproc_executor.py:1055]   File "/home/kxqandccx/0z5a/speco-l20-20260919/c5-native-latest/padding-overlay/verl/workers/rollout/vllm_rollout/bucketed_weight_transfer.py", line 270, in receive_weights
[36m(SpecoVLLMHttpServer pid=4041845)[0m (Worker_TP1 pid=4047781) ERROR 09-20 13:54:45 [multiproc_executor.py:1055]     self._init_buffer()
[36m(SpecoVLLMHttpServer pid=4041845)[0m (Worker_TP1 pid=4047781) ERROR 09-20 13:54:45 [multiproc_executor.py:1055]     ~~~~~~~~~~~~~~~~~^^
[36m(SpecoVLLMHttpServer pid=4041845)[0m (Worker_TP1 pid=4047781) ERROR 09-20 13:54:45 [multiproc_executor.py:1055]   File "/home/kxqandccx/0z5a/speco-l20-20260919/c5-native-latest/padding-overlay/verl/workers/rollout/vllm_rollout/bucketed_weight_transfer.py", line 307, in _init_buffer*** SIGTERM received at time=1789883760 on cpu 70 ***
[failure_signal_handler.cc : 345] RAW: Signal 15 raised at PC=0x77156131496c while already in AbslFailureSignalHandler()
*** SIGTERM received at time=1789883760 on cpu 70 ***
PC: @     0x77156131496c  (unknown)  __read
    @     0x771561242520       3424  (unknown)
    @     0x771552b25c59        208  absl::lts_20230802::debugging_internal::ReadAddrMap()
    @     0x771552b25ec1         80  absl::lts_20230802::debugging_internal::(anonymous namespace)::Symbolizer::FindObjFile()
    @     0x771552b25f0e       1296  absl::lts_20230802::debugging_internal::(anonymous namespace)::Symbolizer::GetUncachedSymbol()
    @     0x771552b2697b         80  absl::lts_20230802::Symbolize()
    @     0x771552b1087d       2144  absl::lts_20230802::debugging_internal::(anonymous namespace)::DumpPCAndFrameSizeAndSymbol()
    @     0x771552b109b1        192  absl::lts_20230802::debugging_internal::DumpPCAndFrameSizesAndStackTrace()
    @     0x771552b10336        496  absl::lts_20230802::WriteStackTrace()
    @     0x771552b10541         80  absl::lts_20230802::AbslFailureSignalHandler()
    @     0x771561242520  (unknown)  (unknown)
    @ ... and at least 1 more frames
[2026-09-20 13:56:01,035 E 4023763 4023763] logging.cc:474: *** SIGTERM received at time=1789883761 on cpu 70 ***
[2026-09-20 13:56:01,035 E 4023763 4023763] logging.cc:474: PC: @     0x77156131496c  (unknown)  __read
[2026-09-20 13:56:01,035 E 4023763 4023763] logging.cc:474:     @     0x771561242520       3424  (unknown)
[2026-09-20 13:56:01,035 E 4023763 4023763] logging.cc:474:     @     0x771552b25c59        208  absl::lts_20230802::debugging_internal::ReadAddrMap()
[2026-09-20 13:56:01,035 E 4023763 4023763] logging.cc:474:     @     0x771552b25ec1         80  absl::lts_20230802::debugging_internal::(anonymous namespace)::Symbolizer::FindObjFile()
[2026-09-20 13:56:01,035 E 4023763 4023763] logging.cc:474:     @     0x771552b25f0e       1296  absl::lts_20230802::debugging_internal::(anonymous namespace)::Symbolizer::GetUncachedSymbol()
[2026-09-20 13:56:01,035 E 4023763 4023763] logging.cc:474:     @     0x771552b2697b         80  absl::lts_20230802::Symbolize()
[2026-09-20 13:56:01,035 E 4023763 4023763] logging.cc:474:     @     0x771552b1087d       2144  absl::lts_20230802::debugging_internal::(anonymous namespace)::DumpPCAndFrameSizeAndSymbol()
[2026-09-20 13:56:01,035 E 4023763 4023763] logging.cc:474:     @     0x771552b109b1        192  absl::lts_20230802::debugging_internal::DumpPCAndFrameSizesAndStackTrace()
[2026-09-20 13:56:01,035 E 4023763 4023763] logging.cc:474:     @     0x771552b10336        496  absl::lts_20230802::WriteStackTrace()
[2026-09-20 13:56:01,035 E 4023763 4023763] logging.cc:474:     @     0x771552b10541         80  absl::lts_20230802::AbslFailureSignalHandler()
[2026-09-20 13:56:01,035 E 4023763 4023763] logging.cc:474:     @     0x771561242520  (unknown)  (unknown)
[2026-09-20 13:56:01,035 E 4023763 4023763] logging.cc:474:     @ ... and at least 1 more frames
PC: @     0x7715612910d7  (unknown)  (unknown)
    @     0x771561242520  (unknown)  (unknown)
    @ ... and at least 1 more frames
[2026-09-20 13:56:01,043 E 4023763 4023763] logging.cc:474: *** SIGTERM received at time=1789883761 on cpu 70 ***
[2026-09-20 13:56:01,043 E 4023763 4023763] logging.cc:474: PC: @     0x7715612910d7  (unknown)  (unknown)
[2026-09-20 13:56:01,043 E 4023763 4023763] logging.cc:474:     @     0x771561242520  (unknown)  (unknown)
[2026-09-20 13:56:01,043 E 4023763 4023763] logging.cc:474:     @ ... and at least 1 more frames
